Listing,Date,Keyword,State,City,Category,Sub Category,Listing URL,Potential,Numbered Date,Country, Date Searched
Auto shop factory manuals, Nov 21, &excats=134-40&min_price=5000001, Arizona, Phoenix, For Sale-Wanted, Tools, https://phoenix.craigslist.org/evl/tls/d/tempe-auto-shop-factory-manuals/7024469639.html,,2019-11-21,US,2019-11-21
Military boxes & Cases & Containers & more - always changing, Nov 21, &excats=134-40&min_price=5000001, Arizona, Tucson, For Sale-Wanted, General, https://tucson.craigslist.org/for/d/tucson-military-boxes-cases-containers/7020659556.html,,2019-11-21,US,2019-11-21
WTB:I Buy DPF diesel exhaust Scrap Catalytic Converters (beloit (beloi, Nov 21, &excats=134-40&min_price=5000001, Wisconsin, Madison, For Sale-Wanted, Wanted, https://madison.craigslist.org/wan/d/rockford-wtbi-buy-dpf-diesel-exhaust/7005791617.html,,2019-11-21,US,2019-11-21
Hobby farm Buying  Sheep Chickens ducks geese and other farm animal s, Nov 21, &excats=134-40&min_price=5000001, Wisconsin, Sheboygan, For Sale-Wanted, Farm and Garden, https://sheboygan.craigslist.org/grd/d/wausau-hobby-farm-buying-sheep-chickens/7021429701.html,,2019-11-21,US,2019-11-21
Hobby farm Buying  Sheep Chickens ducks geese and other farm animal s, Nov 21, &excats=134-40&min_price=5000001, Wisconsin, Wausau, For Sale-Wanted, Farm and Garden, https://sheboygan.craigslist.org/grd/d/wausau-hobby-farm-buying-sheep-chickens/7021429701.html,,2019-11-21,US,2019-11-21
Sir T&#39;s Trailorium LLC., Nov 21, &excats=134-40&min_price=5000001, Colorado, Denver, For Sale-Wanted, Health And Beauty, https://denver.craigslist.org/hab/d/colorado-springs-sir-ts-trailorium-llc/7024471417.html,,2019-11-21,US,2019-11-21
Pictures and painting, Nov 21, &excats=134-40&min_price=5000001, Colorado, Denver, For Sale-Wanted, Furniture, https://denver.craigslist.org/fuo/d/morrison-pictures-and-painting/7019658033.html,,2019-11-21,US,2019-11-21
Sir T&#39;s Trailorium LLC., Nov 21, &excats=134-40&min_price=5000001, Colorado, Pueblo, For Sale-Wanted, Health And Beauty, https://pueblo.craigslist.org/hab/d/colorado-springs-sir-ts-trailorium-llc/7024485968.html,,2019-11-21,US,2019-11-21
Notre Dame/Boston College tickets and/or parking wanted, Nov 21, &excats=134-40&min_price=5000001, Illinois, Chicago, For Sale-Wanted, Tickets, https://chicago.craigslist.org/chc/tix/d/chicago-notre-dame-boston-college/7024281151.html,Want,2019-11-21,US,2019-11-21
3 goats, Nov 21, &excats=134-40&min_price=5000001, Illinois, Chicago, For Sale-Wanted, Farm and Garden, https://chicago.craigslist.org/wcl/grd/d/braidwood-3-goats/7024290047.html,,2019-11-21,US,2019-11-21
1968 Chevelle Parts, Nov 21, &excats=134-40&min_price=5000001, Illinois, Chicago, For Sale-Wanted, Auto Parts by Owner, https://chicago.craigslist.org/sox/pts/d/oak-forest-1968-chevelle-parts/7024282214.html,,2019-11-21,US,2019-11-21
BuyTrade Sell Accordion, Nov 21, &excats=134-40&min_price=5000001, Illinois, Chicago, For Sale-Wanted, Musical Instruments, https://chicago.craigslist.org/chc/msg/d/cicero-buytrade-sell-accordion/7024259176.html,,2019-11-21,US,2019-11-21
WTB:I Buy DPF diesel exhaust Scrap Catalytic Converters (beloit (beloi, Nov 21, &excats=134-40&min_price=5000001, Illinois, Rockford, For Sale-Wanted, Wanted, https://madison.craigslist.org/wan/d/rockford-wtbi-buy-dpf-diesel-exhaust/7005791617.html,,2019-11-21,US,2019-11-21
Wanted OLD motors in the barn, Nov 21, &excats=134-40&min_price=5000001, Ohio, Ashtabula, For Sale-Wanted, Wanted, https://ashtabula.craigslist.org/wan/d/ashtabula-wanted-old-motors-in-the-barn/7022612177.html,Want,2019-11-21,US,2019-11-21
WANTED 9&quot;FORD REAR END(CENTER SECTION ONLY), Nov 21, &excats=134-40&min_price=5000001, Ohio, Ashtabula, For Sale-Wanted, Wanted, https://ashtabula.craigslist.org/wan/d/ashtabula-wanted-9ford-rear-endcenter/7020321934.html,Want,2019-11-21,US,2019-11-21
Honda Restoration, Nov 21, &excats=134-40&min_price=5000001, Ohio, Cincinnati, For Sale-Wanted, Motorcycles, https://cincinnati.craigslist.org/mcd/d/cincinnati-honda-restoration/7024424111.html,,2019-11-21,US,2019-11-21
2003 Chevy astro, Nov 21, &excats=134-40&min_price=5000001, Ohio, Columbus, For Sale-Wanted, Auto Parts by Owner, https://columbus.craigslist.org/pts/d/centerburg-2003-chevy-astro/7024429739.html,,2019-11-21,US,2019-11-21
Nat. Gas Portable Heating Fireplace, Nov 21, &excats=134-40&min_price=5000001, New York, Albany, For Sale-Wanted, General, https://albany.craigslist.org/for/d/schenectady-nat-gas-portable-heating/7024463601.html,,2019-11-21,US,2019-11-21
Seasoned firewood, Nov 21, &excats=134-40&min_price=5000001, New York, Albany, For Sale-Wanted, Farm and Garden, https://albany.craigslist.org/grd/d/victory-mills-seasoned-firewood/7024288552.html,,2019-11-21,US,2019-11-21
PICTUE OF GRANDMA MOSES 100 TH BIRTHDAY CELEBRATION, Nov 21, &excats=134-40&min_price=5000001, New York, Albany, For Sale-Wanted, Antique By Owner, https://albany.craigslist.org/atq/d/bonne-terre-pictue-of-grandma-moses-100/7017683190.html,,2019-11-21,US,2019-11-21
Car cover, Nov 21, &excats=134-40&min_price=5000001, Pennsylvania, Philadelphia, For Sale-Wanted, Auto Parts by Owner, https://philadelphia.craigslist.org/pts/d/philadelphia-car-cover/7014852928.html,,2019-11-21,US,2019-11-21
WANTED to buy Trisha Yearwood Tickets 11/24 Keswick Theatre, Nov 21, &excats=134-40&min_price=5000001, Pennsylvania, Philadelphia, For Sale-Wanted, Wanted, https://philadelphia.craigslist.org/wan/d/glenside-wanted-to-buy-trisha-yearwood/7024204218.html,Want,2019-11-21,US,2019-11-21
Buying Baseball/Football/Basketball cards! Pre 1970 Cash Today!!, Nov 21, &excats=134-40&min_price=5000001, Pennsylvania, Pittsburgh, For Sale-Wanted, Collectibles, https://pittsburgh.craigslist.org/clt/d/buying-baseball-football-basketball/7012644838.html,,2019-11-21,US,2019-11-21
Wood lots, Nov 21, &excats=134-40&min_price=5000001, Maine, Maine, For Sale-Wanted, Wanted, https://maine.craigslist.org/wan/d/jay-wood-lots/7024182540.html,,2019-11-21,US,2019-11-21
Wanted Broken arcades / jukeboxes /pinballs/ skee ball, Nov 21, &excats=134-40&min_price=5000001, Missouri, St Louis, For Sale-Wanted, Wanted, https://stlouis.craigslist.org/wan/d/cedar-hill-wanted-broken-arcades/7016539004.html,Want,2019-11-21,US,2019-11-21
Taylor Martin Fender Gibson Guitars, Nov 21, &excats=134-40&min_price=5000001, Oklahoma, Oklahoma City, For Sale-Wanted, Musical Instruments, https://oklahomacity.craigslist.org/msg/d/piedmont-taylor-martin-fender-gibson/7024482330.html,,2019-11-21,US,2019-11-21
Want to buy some old farm gas pumps, Nov 21, &excats=134-40&min_price=5000001, Oklahoma, Texoma, For Sale-Wanted, Wanted, https://texoma.craigslist.org/wan/d/oklahoma-city-want-to-buy-some-old-farm/7017607226.html,Want,2019-11-21,US,2019-11-21
Buying Antiques Estates and Quality Furniture, Nov 21, &excats=134-40&min_price=5000001, Maryland, Annapolis, For Sale-Wanted, Wanted, https://annapolis.craigslist.org/wan/d/severn-buying-antiques-estates-and/7022228796.html,,2019-11-21,US,2019-11-21
WE PAY CASH 4 Antiques and Collectibles      SEEEEEE, Nov 21, &excats=134-40&min_price=5000001, Maryland, Baltimore, For Sale-Wanted, Wanted, https://baltimore.craigslist.org/wan/d/we-pay-cash-4-antiques-and-collectibles/7022925003.html,,2019-11-21,US,2019-11-21
Buying Antiques Estates and Quality Furniture, Nov 21, &excats=134-40&min_price=5000001, Maryland, Baltimore, For Sale-Wanted, Wanted, https://baltimore.craigslist.org/wan/d/severn-buying-antiques-estates-and/7022228854.html,,2019-11-21,US,2019-11-21
Metal working equipment, Nov 21, &excats=134-40&min_price=5000001, Indiana, Indianapolis, For Sale-Wanted, Heavy Equipment, https://indianapolis.craigslist.org/hvo/d/tippecanoe-metal-working-equipment/7019912303.html,,2019-11-21,US,2019-11-21
Tires for sale and some free, Nov 21, &excats=134-40&min_price=5000001, Vermont, Vermont, For Sale-Wanted, General, https://vermont.craigslist.org/for/d/northfield-tires-for-sale-and-some-free/7012632665.html,,2019-11-21,US,2019-11-21
jeep wrangler parts 97 to 2006, Nov 21, &excats=134-40&min_price=5000001, Florida, Gainesville, For Sale-Wanted, Auto Parts by Owner, https://gainesville.craigslist.org/pts/d/deltona-jeep-wrangler-parts-97-to-2006/7015066567.html,,2019-11-21,US,2019-11-21
jeep wrangler parting out, Nov 21, &excats=134-40&min_price=5000001, Florida, Orlando, For Sale-Wanted, Auto Parts by Owner, https://orlando.craigslist.org/pts/d/deltona-jeep-wrangler-parting-out/7010356260.html,,2019-11-21,US,2019-11-21
Iphone 7 7 plus 8 X XR 11 pro max, Nov 21, &excats=134-40&min_price=5000001, Florida, Orlando, For Sale-Wanted, Cell Phones by Dealer, https://orlando.craigslist.org/mod/d/dearing-iphone-7-7-plus-8-xr-11-pro-max/7024271737.html,,2019-11-21,US,2019-11-21
PARTOUT/ FOR PARTS 2014 Audi s4 3.0T supercharged, Nov 21, &excats=134-40&min_price=5000001, Florida, Orlando, For Sale-Wanted, Auto Parts by Owner, https://orlando.craigslist.org/pts/d/orlando-partout-for-parts-2014-audi-s4/7008500891.html,,2019-11-21,US,2019-11-21
Your Small Business Needs Cash?!, Nov 21, &excats=134-40&min_price=5000001, Texas, Austin, For Sale-Wanted, Wanted, https://austin.craigslist.org/wan/d/liberty-hill-your-small-business-needs/7024466929.html,Want,2019-11-21,US,2019-11-21
$$ WE BUY ALL IPHONE 11 11 PRO MAX BRAND NEW --WILL PAY TOP CASH $$$, Nov 21, &excats=134-40&min_price=5000001, Texas, Austin, For Sale-Wanted, Wanted, https://austin.craigslist.org/wad/d/austin-we-buy-all-iphone-pro-max-brand/7024270410.html,,2019-11-21,US,2019-11-21
carpas mesas sillas jumping ballons party rentals, Nov 21, &excats=134-40&min_price=5000001, Texas, El Paso, For Sale-Wanted, General, https://elpaso.craigslist.org/for/d/el-paso-carpas-mesas-sillas-jumping/7024544092.html,,2019-11-21,US,2019-11-21
carpas mesas sillas jumping ballons party rentals, Nov 21, &excats=134-40&min_price=5000001, Texas, El Paso, For Sale-Wanted, General, https://elpaso.craigslist.org/for/d/el-paso-carpas-mesas-sillas-jumping/7007633609.html,,2019-11-21,US,2019-11-21
VENDO TERRENOS PARA RANCHO RESIDENCIAL Y COMERCIAL A CREDITO Y CASH!, Nov 21, &excats=134-40&min_price=5000001, Texas, Houston, For Sale-Wanted, Farm and Garden, https://houston.craigslist.org/grd/d/liberty-vendo-terrenos-para-rancho/7024503795.html,,2019-11-21,US,2019-11-21
2003 chevy 2500 4x4, Nov 21, &excats=134-40&min_price=5000001, Texas, Houston, For Sale-Wanted, Auto Parts by Owner, https://houston.craigslist.org/pts/d/channelview-2003-chevy-x4/7024252580.html,,2019-11-21,US,2019-11-21
Want to buy some old farm gas pumps, Nov 21, &excats=134-40&min_price=5000001, Texas, Texoma, For Sale-Wanted, Wanted, https://texoma.craigslist.org/wan/d/oklahoma-city-want-to-buy-some-old-farm/7017607226.html,Want,2019-11-21,US,2019-11-21
Kitchen Table, Nov 21, &excats=134-40&min_price=5000001, Texas, Waco, For Sale-Wanted, General, https://waco.craigslist.org/for/d/belton-kitchen-table/7013757783.html,,2019-11-21,US,2019-11-21
Electric guitar signed by Slash from Guns and Roses., Nov 21, &excats=134-40&min_price=5000001, Nevada, Las Vegas, For Sale-Wanted, Musical Instruments, https://lasvegas.craigslist.org/msg/d/henderson-electric-guitar-signed-by/7024313927.html,,2019-11-21,US,2019-11-21
4 silk plants up for sale they look real & beautiful, Nov 21, &excats=134-40&min_price=5000001, Massachusetts, Boston, For Sale-Wanted, Household, https://boston.craigslist.org/sob/hsh/d/kingston-4-silk-plants-up-for-sale-they/7004960070.html,,2019-11-21,US,2019-11-21
Religious Vintage statues some real gems, Nov 21, &excats=134-40&min_price=5000001, Massachusetts, Boston, For Sale-Wanted, Household, https://boston.craigslist.org/sob/hsh/d/kingston-religious-vintage-statues-some/7011532195.html,,2019-11-21,US,2019-11-21
looking for transmission, Nov 21, &excats=134-40&min_price=5000001, Tennessee, Clarksville, For Sale-Wanted, Wanted, https://nashville.craigslist.org/wan/d/clarksville-looking-for-transmission/7024515530.html,Want,2019-11-21,US,2019-11-21
Galaxy s9 s8 I phone 8 i mac buyer, Nov 21, &excats=134-40&min_price=5000001, Tennessee, Knoxville, For Sale-Wanted, Cell Phones, https://knoxville.craigslist.org/mob/d/knoxville-galaxy-s9-s8-phone-8-mac-buyer/7016106570.html,,2019-11-21,US,2019-11-21
looking for transmission, Nov 21, &excats=134-40&min_price=5000001, Tennessee, Nashville, For Sale-Wanted, Wanted, https://nashville.craigslist.org/wan/d/clarksville-looking-for-transmission/7024515530.html,Want,2019-11-21,US,2019-11-21
TERRENOS PARA RANCHO A 45 MIN DEL AERPUERTO DE HOUSTON TX!  A CREDITO, Nov 21, &excats=134-40&min_price=5000001, California, Los Angeles, For Sale-Wanted, Farm and Garden, https://losangeles.craigslist.org/lac/grd/d/liberty-terrenos-para-rancho-45-min-del/7024492003.html,,2019-11-21,US,2019-11-21
BUY MEDICAL EQUIPMENT ULTRASOUNDAUTOCLAVEENDOSCOPEOTOSCOPEOXIMETER, Nov 21, &excats=134-40&min_price=5000001, California, Los Angeles, For Sale-Wanted, Wanted, https://losangeles.craigslist.org/sfv/wan/d/riverside-buy-medical-equipment/7014544169.html,,2019-11-21,US,2019-11-21
BUY MEDICAL EQUIPMENT ULTRASOUNDAUTOCLAVEENDOSCOPEOTOSCOPEOXIMETER, Nov 21, &excats=134-40&min_price=5000001, California, Los Angeles, For Sale-Wanted, Wanted, https://losangeles.craigslist.org/sfv/wan/d/riverside-buy-medical-equipment/7014541111.html,,2019-11-21,US,2019-11-21
BUY MEDICAL EQUIPMENT ULTRASOUNDAUTOCLAVEENDOSCOPEOTOSCOPEOXIMETER, Nov 21, &excats=134-40&min_price=5000001, California, Los Angeles, For Sale-Wanted, Wanted, https://losangeles.craigslist.org/sfv/wan/d/riverside-buy-medical-equipment/7013066975.html,,2019-11-21,US,2019-11-21
BUY MEDICAL EQUIPMENT ULTRASOUNDAUTOCLAVEENDOSCOPEOTOSCOPEOXIMETER, Nov 21, &excats=134-40&min_price=5000001, California, Los Angeles, For Sale-Wanted, Wanted, https://losangeles.craigslist.org/sfv/wan/d/riverside-buy-medical-equipment/7008495552.html,,2019-11-21,US,2019-11-21
4 MULTI FAMILY DEALS, Nov 21, &excats=134-40&min_price=5000001, California, Los Angeles, For Sale-Wanted, General, https://losangeles.craigslist.org/lac/for/d/los-angeles-4-multi-family-deals/7024411998.html,,2019-11-21,US,2019-11-21
Pontiac Firebird TA Parts 1970-81, Nov 21, &excats=134-40&min_price=5000001, California, Los Angeles, For Sale-Wanted, Auto Parts by Owner, https://losangeles.craigslist.org/lac/pts/d/citrus-heights-pontiac-firebird-ta/7024386586.html,,2019-11-21,US,2019-11-21
1965 PONTIAC GRAND PRIX FOR SALE, Nov 21, &excats=134-40&min_price=5000001, California, Los Angeles, For Sale-Wanted, Auto Parts by Owner, https://losangeles.craigslist.org/lac/pts/d/el-paso-1965-pontiac-grand-prix-for-sale/7024320186.html,,2019-11-21,US,2019-11-21
Golf Serigraph - Myrtle Beach Dunes Golf - Golf Series III, Nov 21, &excats=134-40&min_price=5000001, California, Los Angeles, For Sale-Wanted, Sporting Goods, https://losangeles.craigslist.org/sfv/spo/d/san-dimas-golf-serigraph-myrtle-beach/7016576727.html,,2019-11-21,US,2019-11-21
SLASH signed Electric Guitar, Nov 21, &excats=134-40&min_price=5000001, California, Los Angeles, For Sale-Wanted, Musical Instruments, https://losangeles.craigslist.org/sfv/msg/d/san-dimas-slash-signed-electric-guitar/7024212531.html,,2019-11-21,US,2019-11-21
WANTED  arri Alexa red epic blackmagic ursa red raven FS7 SONY FS5, Nov 21, &excats=134-40&min_price=5000001, California, Los Angeles, For Sale-Wanted, Photo And Video, https://losangeles.craigslist.org/wst/pho/d/wanted-arri-alexa-red-epic-blackmagic/7024210772.html,Want,2019-11-21,US,2019-11-21
All Male lambs for sale, Nov 21, &excats=134-40&min_price=5000001, California, Merced, For Sale-Wanted, Farm and Garden, https://merced.craigslist.org/grd/d/merced-all-male-lambs-for-sale/7024554870.html,,2019-11-21,US,2019-11-21
Multiple good & great  Bike sale, Nov 21, &excats=134-40&min_price=5000001, California, Sacramento, For Sale-Wanted, Bikes, https://sacramento.craigslist.org/bik/d/winters-multiple-good-great-bike-sale/7024446285.html,,2019-11-21,US,2019-11-21
$$ Buying Baseball Basketball Football cards Comics Coins & Knives, Nov 21, &excats=134-40&min_price=5000001, California, Sacramento, For Sale-Wanted, Antique By Owner, https://sacramento.craigslist.org/atq/d/rio-linda-buying-baseball-basketball/7009392001.html,,2019-11-21,US,2019-11-21
BUY TEST SURVEY&CONSTRUCTION EQUIPMENT GASPOWERENERGYAUTOMATIC TOOL, Nov 21, &excats=134-40&min_price=5000001, California, San Diego, For Sale-Wanted, Wanted, https://sandiego.craigslist.org/csd/wan/d/san-diego-buy-test-surveyconstruction/7014549880.html,,2019-11-21,US,2019-11-21
BUY TEST SURVEY&CONSTRUCTION EQUIPMENT GASPOWERENERGYAUTOMATIC TOOL, Nov 21, &excats=134-40&min_price=5000001, California, San Diego, For Sale-Wanted, Wanted, https://sandiego.craigslist.org/csd/wan/d/san-diego-buy-test-surveyconstruction/7014547904.html,,2019-11-21,US,2019-11-21
Oak $270eucalyptus $230pine$210 best price, Nov 21, &excats=134-40&min_price=5000001, California, San Diego, For Sale-Wanted, General, https://sandiego.craigslist.org/esd/for/d/ramona-oak-270eucalyptus-230pine210/7024410964.html,,2019-11-21,US,2019-11-21
I Buy Vintage Art Clothing  Furniture Sculptures Paintings, Nov 21, &excats=134-40&min_price=5000001, California, San Diego, For Sale-Wanted, Wanted, https://sandiego.craigslist.org/csd/wan/d/san-diego-buy-vintage-art-clothing/7024375350.html,,2019-11-21,US,2019-11-21
BUY MEDICAL EQUIPMENT ULTRASOUNDAUTOCLAVEENDOSCOPEOTOSCOPEOXIMETER, Nov 21, &excats=134-40&min_price=5000001, California, San Diego, For Sale-Wanted, Wanted, https://sandiego.craigslist.org/ssd/wan/d/san-diego-buy-medical-equipment/7024286147.html,,2019-11-21,US,2019-11-21
BUY MEDICAL EQUIPMENT ULTRASOUNDAUTOCLAVEENDOSCOPEOTOSCOPEOXIMETER, Nov 21, &excats=134-40&min_price=5000001, California, San Diego, For Sale-Wanted, Wanted, https://sandiego.craigslist.org/ssd/wan/d/san-diego-buy-medical-equipment/7024286489.html,,2019-11-21,US,2019-11-21
Forklift For sale 2013 Toyota 5K 6K 8K, Nov 21, &excats=134-40&min_price=5000001, California, San Diego, For Sale-Wanted, General, https://sandiego.craigslist.org/csd/for/d/forklift-for-sale-2013-toyota-5k-6k-8k/7024337436.html,,2019-11-21,US,2019-11-21
Forklift For sale 2013 Toyota 5K 6K 8K, Nov 21, &excats=134-40&min_price=5000001, California, San Diego, For Sale-Wanted, General, https://sandiego.craigslist.org/csd/for/d/forklift-for-sale-2013-toyota-5k-6k-8k/7014117506.html,,2019-11-21,US,2019-11-21
Forklift For sale 2013 Toyota 5K 6K 8K, Nov 21, &excats=134-40&min_price=5000001, California, San Diego, For Sale-Wanted, General, https://sandiego.craigslist.org/csd/for/d/forklift-for-sale-2013-toyota-5k-6k-8k/7018766318.html,,2019-11-21,US,2019-11-21
Forklift For sale 2013 Toyota 5K 6K 8K, Nov 21, &excats=134-40&min_price=5000001, California, San Diego, For Sale-Wanted, General, https://sandiego.craigslist.org/csd/for/d/forklift-for-sale-2013-toyota-5k-6k-8k/7018620889.html,,2019-11-21,US,2019-11-21
BUY MEDICAL EQUIPMENT ULTRASOUNDAUTOCLAVEENDOSCOPEOTOSCOPEOXIMETER, Nov 21, &excats=134-40&min_price=5000001, California, San Diego, For Sale-Wanted, Wanted, https://sandiego.craigslist.org/ssd/wan/d/san-diego-buy-medical-equipment/7024285904.html,,2019-11-21,US,2019-11-21
$ Buying Baseball Basketball Football cards Comics Coins & Knives, Nov 21, &excats=134-40&min_price=5000001, California, Stockton, For Sale-Wanted, Toys And Games, https://stockton.craigslist.org/tag/d/rio-linda-buying-baseball-basketball/7014779363.html,,2019-11-21,US,2019-11-21
$ Buying Baseball Football Basketball cards Comics Coins & Knives, Nov 21, &excats=134-40&min_price=5000001, California, Stockton, For Sale-Wanted, Antique By Owner, https://stockton.craigslist.org/atq/d/rio-linda-buying-baseball-football/7014781810.html,,2019-11-21,US,2019-11-21
$ Buying Baseball Basketball Football cards Comics Coins & Knives, Nov 21, &excats=134-40&min_price=5000001, California, Stockton, For Sale-Wanted, General, https://stockton.craigslist.org/for/d/rio-linda-buying-baseball-basketball/7014757457.html,,2019-11-21,US,2019-11-21
$ Buying Baseball Football Basketball cards Comics Coins & Knives, Nov 21, &excats=134-40&min_price=5000001, California, Stockton, For Sale-Wanted, Collectibles, https://stockton.craigslist.org/clt/d/rio-linda-buying-baseball-football/7014753967.html,,2019-11-21,US,2019-11-21
$ Buying Baseball Basketball Football cards Comics Coins Knives, Nov 21, &excats=134-40&min_price=5000001, California, Stockton, For Sale-Wanted, Wanted, https://stockton.craigslist.org/wan/d/rio-linda-buying-baseball-basketball/7014751932.html,,2019-11-21,US,2019-11-21
Go kart and 110cc quad, Nov 21, &excats=134-40&min_price=5000001, Kansas, Wichita, For Sale-Wanted, ATVs UTVs by Owner, https://wichita.craigslist.org/snw/d/wichita-go-kart-and-110cc-quad/7010404652.html,,2019-11-21,US,2019-11-21
1967 FORD MUSTANG, Nov 21, &excats=134-40&min_price=5000001, Virginia, Richmond, For Sale-Wanted, Cars And Trucks, https://richmond.craigslist.org/cto/d/richmond-1967-ford-mustang/7024486271.html,,2019-11-21,US,2019-11-21
We built Deckscut trees and much more, Nov 21, &excats=134-40&min_price=5000001, Georgia, Atlanta, For Sale-Wanted, Farm and Garden, https://atlanta.craigslist.org/wat/grd/d/dallas-we-built-deckscut-trees-and-much/7011274450.html,,2019-11-21,US,2019-11-21
cbr 600rr 1000rr parts, Nov 21, &excats=134-40&min_price=5000001, Georgia, Atlanta, For Sale-Wanted, Motorcycle Parts, https://atlanta.craigslist.org/nat/mpo/d/woodstock-cbr-600rr-1000rr-parts/7024293125.html,,2019-11-21,US,2019-11-21
DRZ 400, Nov 21, &excats=134-40&min_price=5000001, Georgia, Atlanta, For Sale-Wanted, Wanted, https://atlanta.craigslist.org/nat/wan/d/gainesville-drz-400/7024292294.html,,2019-11-21,US,2019-11-21
Firewood seasoned oak .(delivered in atlanta ), Nov 21, &excats=134-40&min_price=5000001, Georgia, Atlanta, For Sale-Wanted, Farm and Garden, https://atlanta.craigslist.org/nat/grd/d/lawrenceville-firewood-seasoned-oak/7020224974.html,,2019-11-21,US,2019-11-21
Mid Century Ash Trays, Nov 21, &excats=134-40&min_price=5000001, Georgia, Atlanta, For Sale-Wanted, Furniture, https://atlanta.craigslist.org/wat/fuo/d/douglasville-mid-century-ash-trays/7013908048.html,,2019-11-21,US,2019-11-21
02 KW W900, Nov 21, &excats=134-40&min_price=5000001, Georgia, Atlanta, For Sale-Wanted, Heavy Equipment, https://atlanta.craigslist.org/atl/hvo/d/wilkesboro-02-kw-w900/7018234763.html,,2019-11-21,US,2019-11-21
Christmas is here, Nov 21, &excats=134-40&min_price=5000001, Montana, Great Falls, For Sale-Wanted, Household, https://greatfalls.craigslist.org/hsh/d/sand-coulee-christmas-is-here/7019530645.html,,2019-11-21,US,2019-11-21
ISO - Old/Vintage/Antique Bicycles, Nov 21, &excats=134-40&min_price=5000001, New Mexico, Albuquerque, For Sale-Wanted, Wanted, https://albuquerque.craigslist.org/wan/d/albuquerque-iso-old-vintage-antique/7024407550.html,,2019-11-21,US,2019-11-21
ISO - Old/Vintage/Antique Bicycles, Nov 21, &excats=134-40&min_price=5000001, New Mexico, Albuquerque, For Sale-Wanted, Bikes, https://albuquerque.craigslist.org/bik/d/albuquerque-iso-old-vintage-antique/7024407166.html,,2019-11-21,US,2019-11-21
Oluwale was raised by traditional, Nov 21, &excats=134-40&min_price=5000001, District of Columbia, Washington, For Sale-Wanted, Cell Phones, https://washingtondc.craigslist.org/nva/mob/d/springfield-oluwale-was-raised-by/7007676923.html,,2019-11-21,US,2019-11-21
Ternesio Terys is the captain of the Titan&#39;s Daughter, Nov 21, &excats=134-40&min_price=5000001, District of Columbia, Washington, For Sale-Wanted, Cell Phones, https://washingtondc.craigslist.org/mld/mob/d/oxon-hill-ternesio-terys-is-the-captain/7006024658.html,,2019-11-21,US,2019-11-21
&quot;Valar Dohaeris&quot; and promises her a cabin.[1], Nov 21, &excats=134-40&min_price=5000001, District of Columbia, Washington, For Sale-Wanted, Cell Phones, https://washingtondc.craigslist.org/mld/mob/d/oxon-hill-valar-dohaeris-and-promises/7006011364.html,,2019-11-21,US,2019-11-21
The mysterious diary records the voice, Nov 21, &excats=134-40&min_price=5000001, District of Columbia, Washington, For Sale-Wanted, Cell Phones, https://washingtondc.craigslist.org/doc/mob/d/washington-the-mysterious-diary-records/7007599484.html,,2019-11-21,US,2019-11-21
The mysterious diary records the voice. Sometimes all you need to do, Nov 21, &excats=134-40&min_price=5000001, District of Columbia, Washington, For Sale-Wanted, Cell Phones, https://washingtondc.craigslist.org/doc/mob/d/washington-the-mysterious-diary-records/7007722679.html,Want,2019-11-21,US,2019-11-21
Shay Patrick Cormac (fl. 1731 - 1800&#39;s) was a member of the Colonial, Nov 21, &excats=134-40&min_price=5000001, District of Columbia, Washington, For Sale-Wanted, Cell Phones, https://washingtondc.craigslist.org/doc/mob/d/washington-shay-patrick-cormac-fl-s-was/7005338137.html,,2019-11-21,US,2019-11-21
Wellesley and Jennifer Bolt[10] in, Nov 21, &excats=134-40&min_price=5000001, District of Columbia, Washington, For Sale-Wanted, Cell Phones, https://washingtondc.craigslist.org/mld/mob/d/oxon-hill-wellesley-and-jennifer-bolt10/7007663647.html,,2019-11-21,US,2019-11-21
Buddy Roberts.[3] He was outstruck, Nov 21, &excats=134-40&min_price=5000001, District of Columbia, Washington, For Sale-Wanted, Cell Phones, https://washingtondc.craigslist.org/doc/mob/d/washington-buddy-roberts3-he-was/7007703669.html,,2019-11-21,US,2019-11-21
Tower of Mzark is an ancient Dwemer, Nov 21, &excats=134-40&min_price=5000001, District of Columbia, Washington, For Sale-Wanted, Cell Phones, https://washingtondc.craigslist.org/mld/mob/d/oxon-hill-tower-of-mzark-is-an-ancient/7007245954.html,,2019-11-21,US,2019-11-21
showcasing diverse talent at the intersection, Nov 21, &excats=134-40&min_price=5000001, District of Columbia, Washington, For Sale-Wanted, Cell Phones, https://washingtondc.craigslist.org/doc/mob/d/washington-showcasing-diverse-talent-at/7005533721.html,,2019-11-21,US,2019-11-21
su primer CD Glou que segn el sitio, Nov 21, &excats=134-40&min_price=5000001, District of Columbia, Washington, For Sale-Wanted, Cell Phones, https://washingtondc.craigslist.org/mld/mob/d/southern-md-facility-su-primer-cd-glou/7005536460.html,,2019-11-21,US,2019-11-21
de sus xitos ms recientes cunque, Nov 21, &excats=134-40&min_price=5000001, District of Columbia, Washington, For Sale-Wanted, Cell Phones, https://washingtondc.craigslist.org/nva/mob/d/annandale-de-sus-xitos-ms-recientes/7005526345.html,,2019-11-21,US,2019-11-21
Paarthurnax (Dovahzul: PAaRTHUrNAX), Nov 21, &excats=134-40&min_price=5000001, District of Columbia, Washington, For Sale-Wanted, Cell Phones, https://washingtondc.craigslist.org/nva/mob/d/springfield-paarthurnax-dovahzul/7007228762.html,,2019-11-21,US,2019-11-21
Spell mechanics have changed significantly in Skyrim, Nov 21, &excats=134-40&min_price=5000001, District of Columbia, Washington, For Sale-Wanted, Cell Phones, https://washingtondc.craigslist.org/doc/mob/d/washington-spell-mechanics-have-changed/7007214392.html,,2019-11-21,US,2019-11-21
expert knowledge should count towards the, Nov 21, &excats=134-40&min_price=5000001, District of Columbia, Washington, For Sale-Wanted, Cell Phones, https://washingtondc.craigslist.org/nva/mob/d/springfield-expert-knowledge-should/7024295976.html,,2019-11-21,US,2019-11-21
animated Elena of Avalor She-Ra the, Nov 21, &excats=134-40&min_price=5000001, District of Columbia, Washington, For Sale-Wanted, Cell Phones, https://washingtondc.craigslist.org/nva/mob/d/springfield-animated-elena-of-avalor/7007070529.html,,2019-11-21,US,2019-11-21
Buying Antiques Estates and Quality Furniture, Nov 21, &excats=134-40&min_price=5000001, District of Columbia, Washington, For Sale-Wanted, Wanted, https://washingtondc.craigslist.org/mld/wan/d/severn-buying-antiques-estates-and/7022228905.html,,2019-11-21,US,2019-11-21
The sign transfers the statement., Nov 21, &excats=134-40&min_price=5000001, District of Columbia, Washington, For Sale-Wanted, Cell Phones, https://washingtondc.craigslist.org/doc/mob/d/washington-the-sign-transfers-the/7024177098.html,,2019-11-21,US,2019-11-21
Scams, Nov 21, &excats=134-40&min_price=5000001, Delaware, Delaware, For Sale-Wanted, Farm and Garden, https://delaware.craigslist.org/grd/d/wilmington-scams/7012968063.html,,2019-11-21,US,2019-11-21
Michigan/Ohio State tickets wanted, Nov 21, &excats=134-40&min_price=5000001, Michigan, Ann Arbor, For Sale-Wanted, Tickets, https://annarbor.craigslist.org/tix/d/chicago-michigan-ohio-state-tickets/7024292067.html,Want,2019-11-21,US,2019-11-21
Mid Century Modern Art Sale, Nov 21, &excats=134-40&min_price=5000001, Michigan, Grand Rapids, For Sale-Wanted, Furniture, https://grandrapids.craigslist.org/fuo/d/grandville-mid-century-modern-art-sale/7024453642.html,,2019-11-21,US,2019-11-21
45rpm Records 9000 in total .50 cents each, Nov 21, &excats=134-40&min_price=5000001, Michigan, Grand Rapids, For Sale-Wanted, Collectibles, https://grandrapids.craigslist.org/clt/d/grandville-45rpm-records-9000-in-total/7011813208.html,,2019-11-21,US,2019-11-21
2003 silverado wheels, Nov 21, &excats=134-40&min_price=5000001, Nebraska, North Platte, For Sale-Wanted, Auto Parts by Owner, https://northplatte.craigslist.org/pts/d/north-platte-2003-silverado-wheels/7024418671.html,,2019-11-21,US,2019-11-21
???? JENN-AIR DOWNDRAFT ** STAINLESS ** BLACK** WHITE**, Nov 21, &excats=134-40&min_price=5000001, Oregon, Portland, For Sale-Wanted, Appliance by Dealer, https://portland.craigslist.org/wsc/ppd/d/jenn-air-downdraft-stainless-black-white/7024468132.html,,2019-11-21,US,2019-11-21
I HAVE Nikon toyo pentax Polaroid Samsung ansco, Nov 21, &excats=134-40&min_price=5000001, Oregon, Portland, For Sale-Wanted, General, https://portland.craigslist.org/clk/for/d/vancouver-have-nikon-toyo-pentax/7022771489.html,,2019-11-21,US,2019-11-21
MTG. Alphabeta unlimited for tattoos., Nov 21, &excats=134-40&min_price=5000001, Oregon, Portland, For Sale-Wanted, Wanted, https://portland.craigslist.org/mlt/wan/d/portland-mtg-alphabeta-unlimited-for/7024223969.html,,2019-11-21,US,2019-11-21
Lego sets, Nov 20, &excats=134-40&min_price=5000001, Connecticut, Hartford, For Sale-Wanted, Toys And Games, https://hartford.craigslist.org/tag/d/bristol-lego-sets/7021175155.html,,2019-11-20,US,2019-11-21
Wanted Borla S Type 2 corvette muffler, Nov 20, &excats=134-40&min_price=5000001, Arizona, Phoenix, For Sale-Wanted, Auto Parts by Owner, https://phoenix.craigslist.org/cph/pts/d/auburn-wanted-borla-type-2-corvette/7021616595.html,Want,2019-11-20,US,2019-11-21
Jeep TJ parts, Nov 20, &excats=134-40&min_price=5000001, Arizona, Phoenix, For Sale-Wanted, Auto Parts by Owner, https://phoenix.craigslist.org/evl/pts/d/tempe-jeep-tj-parts/7012476048.html,,2019-11-20,US,2019-11-21
Split wire loom plastic conduit 2 inch ID, Nov 20, &excats=134-40&min_price=5000001, Arizona, Phoenix, For Sale-Wanted, Electronics, https://phoenix.craigslist.org/evl/ele/d/tempe-split-wire-loom-plastic-conduit-2/7015462699.html,,2019-11-20,US,2019-11-21
Office furniture/moving, Nov 20, &excats=134-40&min_price=5000001, Arizona, Phoenix, For Sale-Wanted, Furniture, https://phoenix.craigslist.org/evl/fuo/d/tempe-office-furniture-moving/7010292443.html,,2019-11-20,US,2019-11-21
1991 Toyota 1996 gmc trucks, Nov 20, &excats=134-40&min_price=5000001, Arizona, Tucson, For Sale-Wanted, Cars And Trucks, https://tucson.craigslist.org/cto/d/tucson-1991-toyota-1996-gmc-trucks/7023675267.html,,2019-11-20,US,2019-11-21
Wheelchair toilet seat chair cushion, Nov 20, &excats=134-40&min_price=5000001, Wisconsin, Janesville, For Sale-Wanted, Health And Beauty, https://janesville.craigslist.org/hab/d/fort-atkinson-wheelchair-toilet-seat/7024111264.html,,2019-11-20,US,2019-11-21
Respironics CPAP, Nov 20, &excats=134-40&min_price=5000001, Wisconsin, La Crosse, For Sale-Wanted, Electronics, https://lacrosse.craigslist.org/ele/d/stoddard-respironics-cpap/7018767747.html,,2019-11-20,US,2019-11-21
1972-1977 Trucks For Sale, Nov 20, &excats=134-40&min_price=5000001, Wisconsin, Milwaukee, For Sale-Wanted, Auto Parts by Owner, https://milwaukee.craigslist.org/pts/d/franklin-trucks-for-sale/7023615831.html,,2019-11-20,US,2019-11-21
UPDATE! Parts & Project Cars & Trucks 1920&#39;s-80&#39;s 100&#39;s of Cars, Nov 20, &excats=134-40&min_price=5000001, Wisconsin, Sheboygan, For Sale-Wanted, Auto Parts by Dealer, https://sheboygan.craigslist.org/ptd/d/great-bend-update-parts-project-cars/7024162806.html,,2019-11-20,US,2019-11-21
55 chevy 2 door and 4 door parts, Nov 20, &excats=134-40&min_price=5000001, Wisconsin, Sheboygan, For Sale-Wanted, Auto Parts by Owner, https://sheboygan.craigslist.org/pts/d/elkhart-lake-55-chevy-2-door-and-4-door/7017670064.html,,2019-11-20,US,2019-11-21
2018 Subaru Outback, Nov 20, &excats=134-40&min_price=5000001, Colorado, Denver, For Sale-Wanted, Wanted, https://denver.craigslist.org/wan/d/aurora-2018-subaru-outback/7023870142.html,,2019-11-20,US,2019-11-21
Empire Mark II Troubadour....for sale...clean!!!, Nov 20, &excats=134-40&min_price=5000001, Illinois, Chicago, For Sale-Wanted, Electronics, https://chicago.craigslist.org/sox/ele/d/oak-lawn-empire-mark-ii-troubadourfor/7023879970.html,,2019-11-20,US,2019-11-21
Gel ice packs, Nov 20, &excats=134-40&min_price=5000001, Illinois, Chicago, For Sale-Wanted, Materials, https://chicago.craigslist.org/chc/mat/d/fox-valley-gel-ice-packs/7023764500.html,,2019-11-20,US,2019-11-21
Liquidating 36 Dodge bros Coupe, Nov 20, &excats=134-40&min_price=5000001, Illinois, Springfield, For Sale-Wanted, Cars And by Dealer, https://springfieldil.craigslist.org/ctd/d/choteau-liquidating-36-dodge-bros-coupe/7023561478.html,,2019-11-20,US,2019-11-21
ZULU COCONUT 1998, Nov 20, &excats=134-40&min_price=5000001, Louisiana, New Orleans, For Sale-Wanted, Collectibles, https://neworleans.craigslist.org/clt/d/lexington-zulu-coconut-1998/7023830995.html,,2019-11-20,US,2019-11-21
UPDATE! Parts & Project Cars & Trucks 1920&#39;s-80&#39;s 100&#39;s of Cars, Nov 20, &excats=134-40&min_price=5000001, Louisiana, Shreveport, For Sale-Wanted, Auto Parts by Dealer, https://shreveport.craigslist.org/ptd/d/great-bend-update-parts-project-cars/7024165085.html,,2019-11-20,US,2019-11-21
Ram 2500 6 speed manual, Nov 20, &excats=134-40&min_price=5000001, North Carolina, Asheville, For Sale-Wanted, Heavy Equipment, https://asheville.craigslist.org/hvo/d/dearing-ram-speed-manual/7023542062.html,,2019-11-20,US,2019-11-21
WANTED TO BUY:JUKEBOX, Nov 20, &excats=134-40&min_price=5000001, North Carolina, Charlotte, For Sale-Wanted, Wanted, https://charlotte.craigslist.org/wan/d/fort-mill-wanted-to-buyjukebox/7005258765.html,Want,2019-11-20,US,2019-11-21
Buying Nascar Fire Suits Sheet Metal Crew Shirts and More, Nov 20, &excats=134-40&min_price=5000001, North Carolina, Charlotte, For Sale-Wanted, Wanted, https://charlotte.craigslist.org/wan/d/lowell-buying-nascar-fire-suits-sheet/7023749433.html,,2019-11-20,US,2019-11-21
12volt batteries/for repair are trade in, Nov 20, &excats=134-40&min_price=5000001, North Carolina, Greensboro, For Sale-Wanted, Auto Parts by Owner, https://greensboro.craigslist.org/pts/d/asheboro-12volt-batteries-for-repair/7022141962.html,,2019-11-20,US,2019-11-21
Pretty Decorative Items, Nov 20, &excats=134-40&min_price=5000001, Ohio, Cincinnati, For Sale-Wanted, General, https://cincinnati.craigslist.org/for/d/mason-pretty-decorative-items/7019681001.html,,2019-11-20,US,2019-11-21
TOOLS!!!!!TOOLS!!!!!TOOLS, Nov 20, &excats=134-40&min_price=5000001, Ohio, Columbus, For Sale-Wanted, Tools, https://columbus.craigslist.org/tls/d/kirkersville-toolstoolstools/7023991996.html,,2019-11-20,US,2019-11-21
Liquidating 36 Dodge bros Coupe, Nov 20, &excats=134-40&min_price=5000001, Ohio, Columbus, For Sale-Wanted, Cars And by Dealer, https://columbus.craigslist.org/ctd/d/choteau-liquidating-36-dodge-bros-coupe/7023564428.html,,2019-11-20,US,2019-11-21
cars trucks jet ski&#39;s and snowmobiles..., Nov 20, &excats=134-40&min_price=5000001, Ohio, Youngstown, For Sale-Wanted, Cars And by Dealer, https://youngstown.craigslist.org/ctd/d/tallmadge-cars-trucks-jet-skis-and/7023778013.html,,2019-11-20,US,2019-11-21
Ca$h For Comic Books/Comics!, Nov 20, &excats=134-40&min_price=5000001, Mississippi, Jackson, For Sale-Wanted, Wanted, https://jackson.craigslist.org/wan/d/clinton-cah-for-comic-books-comics/7023541222.html,,2019-11-20,US,2019-11-21
( scrap alum wheels with tires), Nov 20, &excats=134-40&min_price=5000001, New York, Buffalo, For Sale-Wanted, NA, https://buffalo.craigslist.org/wto/d/north-east-scrap-alum-wheels-with-tires/7017380217.html,,2019-11-20,US,2019-11-21
barn for sale, Nov 20, &excats=134-40&min_price=5000001, New York, Glens Falls, For Sale-Wanted, General, https://glensfalls.craigslist.org/for/d/indian-lake-barn-for-sale/7023849992.html,,2019-11-20,US,2019-11-21
Antique bubble glass mahogany china cabinet W/leather top desk !, Nov 20, &excats=134-40&min_price=5000001, New York, Hudson Valley, For Sale-Wanted, Furniture, https://hudsonvalley.craigslist.org/fuo/d/goshen-antique-bubble-glass-mahogany/7009248572.html,,2019-11-20,US,2019-11-21
Skidsteer attachment, Nov 20, &excats=134-40&min_price=5000001, New York, Syracuse, For Sale-Wanted, Farm and Garden, https://syracuse.craigslist.org/grd/d/baldwinsville-skidsteer-attachment/7023538479.html,,2019-11-20,US,2019-11-21
Sound Gear Fall Cleaning, Nov 20, &excats=134-40&min_price=5000001, Iowa, Des Moines, For Sale-Wanted, Musical Instruments, https://desmoines.craigslist.org/msg/d/johnston-sound-gear-fall-cleaning/7024067371.html,,2019-11-20,US,2019-11-21
UPDATE! Parts & Project Cars & Trucks 1920&#39;s-80&#39;s 100&#39;s of Cars, Nov 20, &excats=134-40&min_price=5000001, Iowa, Sioux City, For Sale-Wanted, Auto Parts by Dealer, https://siouxcity.craigslist.org/ptd/d/great-bend-update-parts-project-cars/7024168997.html,,2019-11-20,US,2019-11-21
SELLING OFF MY WHOLE COLLECTION OF SPORTS CARDS, Nov 20, &excats=134-40&min_price=5000001, Pennsylvania, Philadelphia, For Sale-Wanted, Collectibles, https://philadelphia.craigslist.org/clt/d/levittown-selling-off-my-whole/7024097482.html,,2019-11-20,US,2019-11-21
2000-02 Mercedes Benz s430 S500 hood, Nov 20, &excats=134-40&min_price=5000001, Pennsylvania, Philadelphia, For Sale-Wanted, Auto Parts by Owner, https://philadelphia.craigslist.org/pts/d/cordova-mercedes-benz-s430-s500-hood/7023539369.html,,2019-11-20,US,2019-11-21
WANTED: 16&quot; TIRES on CHEVY IMPALA wheels, Nov 20, &excats=134-40&min_price=5000001, Pennsylvania, Pittsburgh, For Sale-Wanted, Auto Parts by Owner, https://pittsburgh.craigslist.org/pts/d/aliquippa-wanted-16-tires-on-chevy/7024112019.html,Want,2019-11-20,US,2019-11-21
WANTED: 16&quot; TIRES on BUICK LESABRE wheels, Nov 20, &excats=134-40&min_price=5000001, Pennsylvania, Pittsburgh, For Sale-Wanted, Auto Parts by Owner, https://pittsburgh.craigslist.org/pts/d/aliquippa-wanted-16-tires-on-buick/7024110700.html,Want,2019-11-20,US,2019-11-21
WANTED: 16&quot; TIRES on CHEVY IMPALA wheels, Nov 20, &excats=134-40&min_price=5000001, Pennsylvania, Pittsburgh, For Sale-Wanted, NA, https://pittsburgh.craigslist.org/wto/d/pittsburgh-wanted-16-tires-on-chevy/7024110154.html,Want,2019-11-20,US,2019-11-21
WANTED: 16&quot; TIRES on CHEVY IMPALA wheels, Nov 20, &excats=134-40&min_price=5000001, Pennsylvania, Pittsburgh, For Sale-Wanted, Wanted, https://pittsburgh.craigslist.org/wan/d/aliquippa-wanted-16-tires-on-chevy/7024109068.html,Want,2019-11-20,US,2019-11-21
WANTED: 16&quot; TIRES on GM wheels, Nov 20, &excats=134-40&min_price=5000001, Pennsylvania, Pittsburgh, For Sale-Wanted, Auto Parts by Owner, https://pittsburgh.craigslist.org/pts/d/aliquippa-wanted-16-tires-on-gm-wheels/7024102899.html,Want,2019-11-20,US,2019-11-21
WANTED: 16&quot; TIRES on GM wheels, Nov 20, &excats=134-40&min_price=5000001, Pennsylvania, Pittsburgh, For Sale-Wanted, NA, https://pittsburgh.craigslist.org/wto/d/pittsburgh-wanted-16-tires-on-gm-wheels/7024100739.html,Want,2019-11-20,US,2019-11-21
50 yrs of old car parts, Nov 20, &excats=134-40&min_price=5000001, Pennsylvania, Pittsburgh, For Sale-Wanted, Auto Parts by Owner, https://pittsburgh.craigslist.org/pts/d/50-yrs-of-old-car-parts/7009456674.html,,2019-11-20,US,2019-11-21
Buying Baseball/Football/Basketball cards! Pre 1970 Cash Today!!, Nov 20, &excats=134-40&min_price=5000001, Pennsylvania, Pittsburgh, For Sale-Wanted, Collectibles, https://pittsburgh.craigslist.org/clt/d/buying-baseball-football-basketball/7010630293.html,,2019-11-20,US,2019-11-21
Clean outs Garage / barn, Nov 20, &excats=134-40&min_price=5000001, Pennsylvania, Poconos, For Sale-Wanted, General, https://poconos.craigslist.org/for/d/honesdale-clean-outs-garage-barn/7023562829.html,,2019-11-20,US,2019-11-21
OLDER CHEVY TRUCKS, Nov 20, &excats=134-40&min_price=5000001, Pennsylvania, Reading, For Sale-Wanted, Wanted, https://reading.craigslist.org/wan/d/wernersville-older-chevy-trucks/7023752524.html,,2019-11-20,US,2019-11-21
set of 1937 Encyclopedia&#39;s, Nov 20, &excats=134-40&min_price=5000001, Pennsylvania, Williamsport, For Sale-Wanted, Books, https://williamsport.craigslist.org/bks/d/millmont-set-of-1937-encyclopedias/7010075809.html,,2019-11-20,US,2019-11-21
Broken electronics s10 Asus laptop kindle fire, Nov 20, &excats=134-40&min_price=5000001, Pennsylvania, York, For Sale-Wanted, Electronics, https://york.craigslist.org/ele/d/broken-electronics-s10-asus-laptop/7015736426.html,,2019-11-20,US,2019-11-21
(smaller) Christmas or Party Garlands, Nov 20, &excats=134-40&min_price=5000001, Missouri, Joplin, For Sale-Wanted, General, https://joplin.craigslist.org/for/d/carl-junction-smaller-christmas-or/7023704307.html,,2019-11-20,US,2019-11-21
Christmas or party garlands, Nov 20, &excats=134-40&min_price=5000001, Missouri, Joplin, For Sale-Wanted, General, https://joplin.craigslist.org/for/d/carl-junction-christmas-or-party/7023701464.html,,2019-11-20,US,2019-11-21
Barware including 12 pilsner 14 champagne and 4 wine glasses, Nov 20, &excats=134-40&min_price=5000001, Missouri, Joplin, For Sale-Wanted, Household, https://joplin.craigslist.org/hsh/d/carl-junction-barware-including-12/7023694550.html,,2019-11-20,US,2019-11-21
Popular Records/Albums/Soundtracks, Nov 20, &excats=134-40&min_price=5000001, Missouri, St Louis, For Sale-Wanted, Collectibles, https://stlouis.craigslist.org/clt/d/madison-popular-records-albums/7024194886.html,,2019-11-20,US,2019-11-21
Wanted laptop desktops working or not parts and prices, Nov 20, &excats=134-40&min_price=5000001, Oklahoma, Texoma, For Sale-Wanted, Computers, https://texoma.craigslist.org/sys/d/durant-wanted-laptop-desktops-working/7006738880.html,Want,2019-11-20,US,2019-11-21
Wanted laptop desktops working or not parts and prices, Nov 20, &excats=134-40&min_price=5000001, Oklahoma, Texoma, For Sale-Wanted, Computers, https://texoma.craigslist.org/sys/d/durant-wanted-laptop-desktops-working/7022294908.html,Want,2019-11-20,US,2019-11-21
Wanted laptop desktops working or not parts and prices, Nov 20, &excats=134-40&min_price=5000001, Oklahoma, Texoma, For Sale-Wanted, Computers, https://texoma.craigslist.org/sys/d/durant-wanted-laptop-desktops-working/7023727067.html,Want,2019-11-20,US,2019-11-21
Vintage 1968 Crissy Ideal Dolls, Nov 20, &excats=134-40&min_price=5000001, Oklahoma, Tulsa, For Sale-Wanted, Collectibles, https://tulsa.craigslist.org/clt/d/collinsville-vintage-1968-crissy-ideal/7018866399.html,,2019-11-20,US,2019-11-21
Buying Antiques Estates and Quality Furniture, Nov 20, &excats=134-40&min_price=5000001, Maryland, Annapolis, For Sale-Wanted, Wanted, https://annapolis.craigslist.org/wan/d/severn-buying-antiques-estates-and/7008511513.html,,2019-11-20,US,2019-11-21
KNP WOOD WORKS & MORE @ Joppatowne Market Place, Nov 20, &excats=134-40&min_price=5000001, Maryland, Baltimore, For Sale-Wanted, General, https://baltimore.craigslist.org/for/d/joppa-knp-wood-works-more-joppatowne/7020882850.html,,2019-11-20,US,2019-11-21
WANTED:  PRO WRESTLING MAGAZINES, Nov 20, &excats=134-40&min_price=5000001, Maryland, Baltimore, For Sale-Wanted, Wanted, https://baltimore.craigslist.org/wan/d/abingdon-wanted-pro-wrestling-magazines/7005245830.html,Want,2019-11-20,US,2019-11-21
Buying Antiques Estates and Quality Furniture, Nov 20, &excats=134-40&min_price=5000001, Maryland, Baltimore, For Sale-Wanted, Wanted, https://baltimore.craigslist.org/wan/d/severn-buying-antiques-estates-and/7008511382.html,,2019-11-20,US,2019-11-21
Jeep Wrangler YJ parts, Nov 20, &excats=134-40&min_price=5000001, Maryland, Frederick, For Sale-Wanted, Wanted, https://frederick.craigslist.org/wan/d/frederick-jeep-wrangler-yj-parts/7012284950.html,,2019-11-20,US,2019-11-21
board games / role playing, Nov 20, &excats=134-40&min_price=5000001, Vermont, Vermont, For Sale-Wanted, Toys And Games, https://vermont.craigslist.org/tag/d/saint-johnsbury-board-games-role-playing/7023880195.html,,2019-11-20,US,2019-11-21
Dodge Caravan Chrysler Town and Country, Nov 20, &excats=134-40&min_price=5000001, New Jersey, Jersey Shore, For Sale-Wanted, Auto Parts by Owner, https://jerseyshore.craigslist.org/pts/d/asbury-park-dodge-caravan-chrysler-town/7023597163.html,,2019-11-20,US,2019-11-21
20 Inch Tires Cheap, Nov 20, &excats=134-40&min_price=5000001, New Jersey, Jersey Shore, For Sale-Wanted, NA, https://jerseyshore.craigslist.org/wto/d/asbury-park-20-inch-tires-cheap/7009246261.html,,2019-11-20,US,2019-11-21
18 INCH TIRES CHEAP, Nov 20, &excats=134-40&min_price=5000001, New Jersey, Jersey Shore, For Sale-Wanted, NA, https://jerseyshore.craigslist.org/wto/d/asbury-park-18-inch-tires-cheap/7019128515.html,,2019-11-20,US,2019-11-21
2005 Chevrolet Silverado 2500, Nov 20, &excats=134-40&min_price=5000001, New Jersey, Jersey Shore, For Sale-Wanted, Auto Parts by Owner, https://jerseyshore.craigslist.org/pts/d/asbury-park-2005-chevrolet-silverado/7023586510.html,,2019-11-20,US,2019-11-21
Hard drives and Computer Components, Nov 20, &excats=134-40&min_price=5000001, New Jersey, Jersey Shore, For Sale-Wanted, Computers, https://jerseyshore.craigslist.org/sys/d/hard-drives-and-computer-components/7023540325.html,,2019-11-20,US,2019-11-21
2000 vw beetle big front bumper, Nov 20, &excats=134-40&min_price=5000001, New Jersey, South Jersey, For Sale-Wanted, Auto Parts by Owner, https://southjersey.craigslist.org/pts/d/cordova-2000-vw-beetle-big-front-bumper/7016416950.html,,2019-11-20,US,2019-11-21
Liquidation Sale @ c.&#39;64 Marketplace, Nov 20, &excats=134-40&min_price=5000001, New Jersey, South Jersey, For Sale-Wanted, Antiques By Dealer, https://southjersey.craigslist.org/atd/d/villas-liquidation-sale-c64-marketplace/7023778576.html,,2019-11-20,US,2019-11-21
92 bmw 318 i parts car, Nov 20, &excats=134-40&min_price=5000001, New Jersey, South Jersey, For Sale-Wanted, Auto Parts by Owner, https://southjersey.craigslist.org/pts/d/trenton-92-bmw-318-parts-car/7023752729.html,,2019-11-20,US,2019-11-21
2010 ford f250 / 350 short bed, Nov 20, &excats=134-40&min_price=5000001, New Jersey, South Jersey, For Sale-Wanted, Auto Parts by Owner, https://southjersey.craigslist.org/pts/d/trenton-2010-ford-f-short-bed/7023750513.html,,2019-11-20,US,2019-11-21
Dental Chair, Nov 20, &excats=134-40&min_price=5000001, New Jersey, South Jersey, For Sale-Wanted, Antique By Owner, https://southjersey.craigslist.org/atq/d/landisville-dental-chair/7018590395.html,,2019-11-20,US,2019-11-21
^^^^^^ Door Popper^^^^   (solenoid), Nov 20, &excats=134-40&min_price=5000001, Florida, Jacksonville, For Sale-Wanted, Auto Parts by Owner, https://jacksonville.craigslist.org/pts/d/orange-park-door-popper-solenoid/7021643073.html,,2019-11-20,US,2019-11-21
Genie ac lift, Nov 20, &excats=134-40&min_price=5000001, Florida, Lakeland, For Sale-Wanted, Tools, https://lakeland.craigslist.org/tls/d/lake-alfred-genie-ac-lift/7017631504.html,,2019-11-20,US,2019-11-21
Genie ac lift, Nov 20, &excats=134-40&min_price=5000001, Florida, Lakeland, For Sale-Wanted, Tools, https://lakeland.craigslist.org/tls/d/lake-alfred-genie-ac-lift/7015743876.html,,2019-11-20,US,2019-11-21
??EASY FINANCING??2017 Hyundai Elantra SE $1625 DOWN PAYMENT, Nov 20, &excats=134-40&min_price=5000001, Texas, Austin, For Sale-Wanted, Cars And by Dealer, https://austin.craigslist.org/ctd/d/austin-easy-financing2017-hyundai/7024136115.html,,2019-11-20,US,2019-11-21
??EASY FINANCING?? 2013 HONDA CIVIC LX$1600 DOWN PAYMENT 100% APPROVAL, Nov 20, &excats=134-40&min_price=5000001, Texas, Austin, For Sale-Wanted, Cars And by Dealer, https://austin.craigslist.org/ctd/d/austin-easy-financing-2013-honda-civic/7024134960.html,,2019-11-20,US,2019-11-21
?? EASY FINANCING 100% APPROVED ?? NO CREDIT CHECK, Nov 20, &excats=134-40&min_price=5000001, Texas, Austin, For Sale-Wanted, Cars And by Dealer, https://austin.craigslist.org/ctd/d/austin-easy-financing-100-approved-no/7024128834.html,,2019-11-20,US,2019-11-21
$$ WE BUY ALL IPHONE 11 11 PRO MAX BRAND NEW --WILL PAY TOP CASH $$$, Nov 20, &excats=134-40&min_price=5000001, Texas, Austin, For Sale-Wanted, Wanted, https://austin.craigslist.org/wad/d/austin-we-buy-all-iphone-pro-max-brand/7023750692.html,,2019-11-20,US,2019-11-21
$$ WE BUY ALL IPHONE 11 11 PRO MAX BRAND NEW --WILL PAY TOP CASH $$$, Nov 20, &excats=134-40&min_price=5000001, Texas, Austin, For Sale-Wanted, Wanted, https://austin.craigslist.org/wad/d/austin-we-buy-all-iphone-pro-max-brand/7023644889.html,,2019-11-20,US,2019-11-21
Sofa for Sale, Nov 20, &excats=134-40&min_price=5000001, Texas, Brownsville, For Sale-Wanted, Furniture, https://brownsville.craigslist.org/fuo/d/port-isabel-sofa-for-sale/7023998634.html,,2019-11-20,US,2019-11-21
Sofa for Sale, Nov 20, &excats=134-40&min_price=5000001, Texas, Brownsville, For Sale-Wanted, Furniture, https://brownsville.craigslist.org/fuo/d/port-isabel-sofa-for-sale/7023992672.html,,2019-11-20,US,2019-11-21
Sofa for Sale, Nov 20, &excats=134-40&min_price=5000001, Texas, Brownsville, For Sale-Wanted, Furniture, https://brownsville.craigslist.org/fuo/d/port-isabel-sofa-for-sale/7023995611.html,,2019-11-20,US,2019-11-21
Sofa for Sale, Nov 20, &excats=134-40&min_price=5000001, Texas, Brownsville, For Sale-Wanted, Appliance by Owner, https://brownsville.craigslist.org/app/d/port-isabel-sofa-for-sale/7017146176.html,,2019-11-20,US,2019-11-21
Sofa for Sale, Nov 20, &excats=134-40&min_price=5000001, Texas, Brownsville, For Sale-Wanted, Appliance by Owner, https://brownsville.craigslist.org/app/d/port-isabel-sofa-for-sale/7017147194.html,,2019-11-20,US,2019-11-21
Sofa for Sale, Nov 20, &excats=134-40&min_price=5000001, Texas, Brownsville, For Sale-Wanted, Appliance by Owner, https://brownsville.craigslist.org/app/d/port-isabel-sofa-for-sale/7017148107.html,,2019-11-20,US,2019-11-21
For Sale:  OLDER Washers and want Your old Washer/Dryer will pick up, Nov 20, &excats=134-40&min_price=5000001, Texas, College Station, For Sale-Wanted, Wanted, https://collegestation.craigslist.org/wan/d/caldwell-for-sale-older-washers-and/7023817852.html,Want,2019-11-20,US,2019-11-21
bus PARTY BUS EL PASO TX XV SWEET 16 MORE, Nov 20, &excats=134-40&min_price=5000001, Texas, El Paso, For Sale-Wanted, General, https://elpaso.craigslist.org/for/d/el-paso-bus-party-bus-el-paso-tx-xv/7011708639.html,,2019-11-20,US,2019-11-21
carpas mesas sillas jumping ballons party rentals, Nov 20, &excats=134-40&min_price=5000001, Texas, El Paso, For Sale-Wanted, General, https://elpaso.craigslist.org/for/d/el-paso-carpas-mesas-sillas-jumping/7021962243.html,,2019-11-20,US,2019-11-21
Wanted Borla S Type 2 muffler corvette, Nov 20, &excats=134-40&min_price=5000001, Texas, Houston, For Sale-Wanted, Auto Parts by Owner, https://houston.craigslist.org/pts/d/auburn-wanted-borla-type-2-muffler/7021614127.html,Want,2019-11-20,US,2019-11-21
buying older European cars any condition, Nov 20, &excats=134-40&min_price=5000001, Texas, Houston, For Sale-Wanted, Auto Parts by Owner, https://houston.craigslist.org/pts/d/houston-buying-older-european-cars-any/7023954464.html,,2019-11-20,US,2019-11-21
Physical therapist wanted, Nov 20, &excats=134-40&min_price=5000001, Texas, Houston, For Sale-Wanted, Wanted, https://houston.craigslist.org/wan/d/pasadena-physical-therapist-wanted/7023671251.html,Want,2019-11-20,US,2019-11-21
Travel Trailer, Nov 20, &excats=134-40&min_price=5000001, Texas, Houston, For Sale-Wanted, Wanted, https://houston.craigslist.org/wan/d/friendswood-travel-trailer/7023700766.html,,2019-11-20,US,2019-11-21
Wanted laptop desktops working or not parts and prices, Nov 20, &excats=134-40&min_price=5000001, Texas, Texoma, For Sale-Wanted, Computers, https://texoma.craigslist.org/sys/d/durant-wanted-laptop-desktops-working/7006738880.html,Want,2019-11-20,US,2019-11-21
Wanted laptop desktops working or not parts and prices, Nov 20, &excats=134-40&min_price=5000001, Texas, Texoma, For Sale-Wanted, Computers, https://texoma.craigslist.org/sys/d/durant-wanted-laptop-desktops-working/7022294908.html,Want,2019-11-20,US,2019-11-21
Wanted laptop desktops working or not parts and prices, Nov 20, &excats=134-40&min_price=5000001, Texas, Texoma, For Sale-Wanted, Computers, https://texoma.craigslist.org/sys/d/durant-wanted-laptop-desktops-working/7023727067.html,Want,2019-11-20,US,2019-11-21
Books on Health, Nov 20, &excats=134-40&min_price=5000001, Texas, Victoria, For Sale-Wanted, Health And Beauty, https://victoriatx.craigslist.org/hab/d/goliad-books-on-health/7006807486.html,,2019-11-20,US,2019-11-21
LOCAL Rolex buyer!, Nov 20, &excats=134-40&min_price=5000001, Nevada, Las Vegas, For Sale-Wanted, Wanted, https://lasvegas.craigslist.org/wad/d/boulder-city-local-rolex-buyer/7024159017.html,,2019-11-20,US,2019-11-21
Mopa Lux @Mopa Design Luxurious Home Furnishing, Nov 20, &excats=134-40&min_price=5000001, Nevada, Las Vegas, For Sale-Wanted, Furniture, https://lasvegas.craigslist.org/fuo/d/las-vegas-mopa-lux-mopa-design/7022703419.html,,2019-11-20,US,2019-11-21
X10 - remotes  switches..., Nov 20, &excats=134-40&min_price=5000001, Nevada, Las Vegas, For Sale-Wanted, General, https://lasvegas.craigslist.org/for/d/henderson-x10-remotes-switches/7004989773.html,,2019-11-20,US,2019-11-21
Developer Clients Looking For Commercial Opps. in Boston & Surrounding, Nov 20, &excats=134-40&min_price=5000001, Massachusetts, Boston, For Sale-Wanted, Wanted, https://boston.craigslist.org/gbs/wan/d/developer-clients-looking-for/7019594917.html,Want,2019-11-20,US,2019-11-21
Sell to mel, Nov 20, &excats=134-40&min_price=5000001, Massachusetts, South Coast, For Sale-Wanted, Wanted, https://southcoast.craigslist.org/wan/d/fall-river-sell-to-mel/7024087128.html,,2019-11-20,US,2019-11-21
Wanted to Buy:  Mail Pouch Thermometer, Nov 20, &excats=134-40&min_price=5000001, South Carolina, Florence, For Sale-Wanted, Wanted, https://florencesc.craigslist.org/wan/d/myrtle-beach-wanted-to-buy-mail-pouch/7005822107.html,Want,2019-11-20,US,2019-11-21
WANED TO BUY:CASH PAID, Nov 20, &excats=134-40&min_price=5000001, South Carolina, Myrtle Beach, For Sale-Wanted, Wanted, https://myrtlebeach.craigslist.org/wan/d/myrtle-beach-waned-to-buycash-paid/7006559414.html,,2019-11-20,US,2019-11-21
Wanted to Buy: Jukebox, Nov 20, &excats=134-40&min_price=5000001, South Carolina, Myrtle Beach, For Sale-Wanted, Wanted, https://myrtlebeach.craigslist.org/wan/d/murrells-inlet-wanted-to-buy-jukebox/7004314041.html,Want,2019-11-20,US,2019-11-21
Bracelets (each), Nov 20, &excats=134-40&min_price=5000001, South Carolina, Myrtle Beach, For Sale-Wanted, Jewelry, https://myrtlebeach.craigslist.org/jwl/d/myrtle-beach-bracelets-each/7023580276.html,,2019-11-20,US,2019-11-21
WANTED CAMPER TOP 04 CHEVY CREW CAB SHORT BED, Nov 20, &excats=134-40&min_price=5000001, Kentucky, Lexington, For Sale-Wanted, Auto Parts by Owner, https://lexington.craigslist.org/pts/d/junction-city-wanted-camper-top-04/7023880613.html,Want,2019-11-20,US,2019-11-21
Blantons  bourbon, Nov 20, &excats=134-40&min_price=5000001, Kentucky, Lexington, For Sale-Wanted, Collectibles, https://lexington.craigslist.org/clt/d/lexington-blantons-bourbon/7023600072.html,,2019-11-20,US,2019-11-21
Lot for Lease, Nov 20, &excats=134-40&min_price=5000001, Kentucky, Lexington, For Sale-Wanted, General, https://lexington.craigslist.org/for/d/stanton-lot-for-lease/7023585568.html,,2019-11-20,US,2019-11-21
Comic Books & Toys, Nov 20, &excats=134-40&min_price=5000001, Tennessee, Knoxville, For Sale-Wanted, Collectibles, https://knoxville.craigslist.org/clt/d/knoxville-comic-books-toys/7024045868.html,,2019-11-20,US,2019-11-21
Wanted Toyota pickup trucks running or parts repairable 70s 80s 22RE 2, Nov 20, &excats=134-40&min_price=5000001, Tennessee, Knoxville, For Sale-Wanted, Auto Parts by Owner, https://knoxville.craigslist.org/pts/d/knoxville-wanted-toyota-pickup-trucks/7013976035.html,Want,2019-11-20,US,2019-11-21
cell phone 8 galaxy s7  s9 buyer, Nov 20, &excats=134-40&min_price=5000001, Tennessee, Knoxville, For Sale-Wanted, Cell Phones, https://knoxville.craigslist.org/mob/d/knoxville-cell-phone-8-galaxy-s7-s9/7016581884.html,,2019-11-20,US,2019-11-21
2005 Yam R6  parts.Fairings etc, Nov 20, &excats=134-40&min_price=5000001, California, Bakersfield, For Sale-Wanted, Motorcycle Parts, https://bakersfield.craigslist.org/mpo/d/bakersfield-2005-yam-r6-partsfairings/7013275679.html,,2019-11-20,US,2019-11-21
427a 407C 404a Refrigerant, Nov 20, &excats=134-40&min_price=5000001, California, Inland Empire, For Sale-Wanted, Appliance by Owner, https://inlandempire.craigslist.org/app/d/chino-hills-427a-407c-404a-refrigerant/7024153357.html,,2019-11-20,US,2019-11-21
MJb chrome Rialto is absolute garbage, Nov 20, &excats=134-40&min_price=5000001, California, Inland Empire, For Sale-Wanted, Auto Parts by Owner, https://inlandempire.craigslist.org/pts/d/rialto-mjb-chrome-rialto-is-absolute/7023988160.html,,2019-11-20,US,2019-11-21
WANTED: Disneyland Props Vehicle Displays Store Fixtures Disney Statue, Nov 20, &excats=134-40&min_price=5000001, California, Inland Empire, For Sale-Wanted, Collectibles, https://inlandempire.craigslist.org/clt/d/wanted-disneyland-props-vehicle/7007674253.html,Want,2019-11-20,US,2019-11-21
WANTED  arri Alexa red epic blackmagic ursa red raven FS7 SONY FS5, Nov 20, &excats=134-40&min_price=5000001, California, Los Angeles, For Sale-Wanted, Photo And Video, https://losangeles.craigslist.org/wst/pho/d/wanted-arri-alexa-red-epic-blackmagic/7017708558.html,Want,2019-11-20,US,2019-11-21
WANTED  arri Alexa red epic blackmagic ursa red raven FS7 SONY FS5, Nov 20, &excats=134-40&min_price=5000001, California, Los Angeles, For Sale-Wanted, Photo And Video, https://losangeles.craigslist.org/wst/pho/d/wanted-arri-alexa-red-epic-blackmagic/7020692932.html,Want,2019-11-20,US,2019-11-21
Looking to buy MREs, Nov 20, &excats=134-40&min_price=5000001, California, Los Angeles, For Sale-Wanted, Wanted, https://losangeles.craigslist.org/wst/wan/d/long-beach-looking-to-buy-mres/7008500385.html,Want,2019-11-20,US,2019-11-21
Wanted Borla S Type 2 muffler corvette, Nov 20, &excats=134-40&min_price=5000001, California, Los Angeles, For Sale-Wanted, Auto Parts by Owner, https://losangeles.craigslist.org/lgb/pts/d/auburn-wanted-borla-type-2-muffler/7021618416.html,Want,2019-11-20,US,2019-11-21
Wanted Borla S Type 2 c6 corvette muffler, Nov 20, &excats=134-40&min_price=5000001, California, Los Angeles, For Sale-Wanted, Auto Parts by Owner, https://losangeles.craigslist.org/lac/pts/d/auburn-wanted-borla-type-2-c6-corvette/7022134686.html,Want,2019-11-20,US,2019-11-21
Will pay cash for car/truck/RVs, Nov 20, &excats=134-40&min_price=5000001, California, Los Angeles, For Sale-Wanted, Wanted, https://losangeles.craigslist.org/lac/wan/d/norwalk-will-pay-cash-for-car-truck-rvs/7020957121.html,,2019-11-20,US,2019-11-21
SPRINT - IPhone 8 Plus X Max For Sale, Nov 20, &excats=134-40&min_price=5000001, California, Los Angeles, For Sale-Wanted, Cell Phones, https://losangeles.craigslist.org/sgv/mob/d/monrovia-sprint-iphone-8-plus-max-for/7024095281.html,,2019-11-20,US,2019-11-21
Investor wanting distressed commercial properties.Close in 5-15 days, Nov 20, &excats=134-40&min_price=5000001, California, Los Angeles, For Sale-Wanted, Wanted, https://losangeles.craigslist.org/lac/wan/d/los-angeles-investor-wanting-distressed/7015553759.html,Want,2019-11-20,US,2019-11-21
FALCON 50 MSN:125    N250MJ, Nov 20, &excats=134-40&min_price=5000001, California, Los Angeles, For Sale-Wanted, NA, https://losangeles.craigslist.org/lac/avo/d/los-angeles-falcon-50-msn125-n250mj/7017676501.html,,2019-11-20,US,2019-11-21
FALCON 50 MSN:125, Nov 20, &excats=134-40&min_price=5000001, California, Los Angeles, For Sale-Wanted, NA, https://losangeles.craigslist.org/lac/avo/d/los-angeles-falcon-50-msn125/7017938449.html,,2019-11-20,US,2019-11-21
LOOSE DIAMONDS GIA EGL USA Certified Diamonds ALL SIZE & SHAPE, Nov 20, &excats=134-40&min_price=5000001, California, Los Angeles, For Sale-Wanted, Jewelry, https://losangeles.craigslist.org/lac/jwl/d/loose-diamonds-gia-egl-usa-certified/7017382350.html,,2019-11-20,US,2019-11-21
LOOSE DIAMONDS GIA EGL USA Certified Diamonds ALL SIZE & SHAPE, Nov 20, &excats=134-40&min_price=5000001, California, Los Angeles, For Sale-Wanted, Jewelry, https://losangeles.craigslist.org/lac/jwl/d/loose-diamonds-gia-egl-usa-certified/7012235461.html,,2019-11-20,US,2019-11-21
MacBook Pro Retina and Touch Bar Buyer, Nov 20, &excats=134-40&min_price=5000001, California, Los Angeles, For Sale-Wanted, Wanted, https://losangeles.craigslist.org/lac/wan/d/los-angeles-macbook-pro-retina-and/7023819780.html,,2019-11-20,US,2019-11-21
WANTED : Disneyland Props Displays Store Fixtures Statues  , Nov 20, &excats=134-40&min_price=5000001, California, Los Angeles, For Sale-Wanted, Collectibles, https://losangeles.craigslist.org/sfv/clt/d/el-monte-wanted-disneyland-props/7012131659.html,Want,2019-11-20,US,2019-11-21
We buy forklifts any condition.......??, Nov 20, &excats=134-40&min_price=5000001, California, Los Angeles, For Sale-Wanted, Heavy Equipment, https://losangeles.craigslist.org/lac/hvo/d/ontario-we-buy-forklifts-any-condition/7023772638.html,,2019-11-20,US,2019-11-21
Cobra r wheels fox body mustang, Nov 20, &excats=134-40&min_price=5000001, California, Los Angeles, For Sale-Wanted, NA, https://losangeles.craigslist.org/sfv/wto/d/dearing-cobra-wheels-fox-body-mustang/7008425968.html,,2019-11-20,US,2019-11-21
Vintage Basses Culling The Herd, Nov 20, &excats=134-40&min_price=5000001, California, Los Angeles, For Sale-Wanted, Musical Instruments, https://losangeles.craigslist.org/sfv/msg/d/los-angeles-vintage-basses-culling-the/7018758506.html,,2019-11-20,US,2019-11-21
Toyota Forklift For Sale Forklifts, Nov 20, &excats=134-40&min_price=5000001, California, Los Angeles, For Sale-Wanted, General, https://losangeles.craigslist.org/sgv/for/d/santa-fe-springs-toyota-forklift-for/7020527406.html,,2019-11-20,US,2019-11-21
Mopa Lux @Mopa Design Luxurious Home Furnishing, Nov 20, &excats=134-40&min_price=5000001, California, Orange County, For Sale-Wanted, Furniture, https://orangecounty.craigslist.org/fud/d/laguna-beach-mopa-lux-mopa-design/7024095624.html,,2019-11-20,US,2019-11-21
WANTED : Disneyland Props Park Displays, Nov 20, &excats=134-40&min_price=5000001, California, Orange County, For Sale-Wanted, Collectibles, https://orangecounty.craigslist.org/clt/d/wanted-disneyland-props-park-displays/7007921128.html,Want,2019-11-20,US,2019-11-21
CELLPHONE & I-PAD COVERS, Nov 20, &excats=134-40&min_price=5000001, California, Palm Springs, For Sale-Wanted, General, https://palmsprings.craigslist.org/for/d/glendale-cellphone-pad-covers/7018276169.html,,2019-11-20,US,2019-11-21
Paintings, Nov 20, &excats=134-40&min_price=5000001, California, Palm Springs, For Sale-Wanted, Art by Owner, https://palmsprings.craigslist.org/art/d/palm-springs-paintings/7023785081.html,,2019-11-20,US,2019-11-21
$$ Buying Baseball Football Basketball cards Coins Comics & Knives, Nov 20, &excats=134-40&min_price=5000001, California, Sacramento, For Sale-Wanted, Collectibles, https://sacramento.craigslist.org/clt/d/rio-linda-buying-baseball-football/7021808153.html,,2019-11-20,US,2019-11-21
Multiple good & great  Bike sale, Nov 20, &excats=134-40&min_price=5000001, California, Sacramento, For Sale-Wanted, Bikes, https://sacramento.craigslist.org/bik/d/winters-multiple-good-great-bike-sale/7023859570.html,,2019-11-20,US,2019-11-21
Lantus, Nov 20, &excats=134-40&min_price=5000001, California, San Diego, For Sale-Wanted, Health And Beauty, https://sandiego.craigslist.org/nsd/hab/d/escondido-lantus/7024209418.html,,2019-11-20,US,2019-11-21
Oak $270eucalyptus $230pine$210 best price, Nov 20, &excats=134-40&min_price=5000001, California, San Diego, For Sale-Wanted, General, https://sandiego.craigslist.org/esd/for/d/ramona-oak-270eucalyptus-230pine210/7024095792.html,,2019-11-20,US,2019-11-21
Mopa Lux @Mopa Design Luxurious Home Furnishing, Nov 20, &excats=134-40&min_price=5000001, California, San Diego, For Sale-Wanted, Furniture, https://sandiego.craigslist.org/nsd/fud/d/rancho-santa-fe-mopa-lux-mopa-design/7024084403.html,,2019-11-20,US,2019-11-21
Mopa Lux @Mopa Design Luxurious Home Furnishing, Nov 20, &excats=134-40&min_price=5000001, California, San Diego, For Sale-Wanted, Furniture, https://sandiego.craigslist.org/csd/fuo/d/coronado-mopa-lux-mopa-design-luxurious/7021834592.html,,2019-11-20,US,2019-11-21
HYUNDAI SONATA SE 2016 FOR PARTS, Nov 20, &excats=134-40&min_price=5000001, California, San Diego, For Sale-Wanted, Auto Parts by Owner, https://sandiego.craigslist.org/csd/pts/d/san-diego-hyundai-sonata-se-2016-for/7019973222.html,,2019-11-20,US,2019-11-21
ACCURA MDX 07 FOR PARTS, Nov 20, &excats=134-40&min_price=5000001, California, San Diego, For Sale-Wanted, Auto Parts by Owner, https://sandiego.craigslist.org/csd/pts/d/san-diego-accura-mdx-07-for-parts/7019980742.html,,2019-11-20,US,2019-11-21
LEXUS LS400 1998 FOR PARTS, Nov 20, &excats=134-40&min_price=5000001, California, San Diego, For Sale-Wanted, Auto Parts by Owner, https://sandiego.craigslist.org/csd/pts/d/san-diego-lexus-ls-for-parts/7017925710.html,,2019-11-20,US,2019-11-21
GMC SIERRA 2007 FOR PARTS, Nov 20, &excats=134-40&min_price=5000001, California, San Diego, For Sale-Wanted, Auto Parts by Owner, https://sandiego.craigslist.org/csd/pts/d/san-diego-gmc-sierra-2007-for-parts/7017920410.html,,2019-11-20,US,2019-11-21
hyundai veloster 2013 for parts, Nov 20, &excats=134-40&min_price=5000001, California, San Diego, For Sale-Wanted, Auto Parts by Owner, https://sandiego.craigslist.org/csd/pts/d/san-diego-hyundai-veloster-2013-for/7016831900.html,,2019-11-20,US,2019-11-21
TOYOTA PRIUS 2005 FOR PARTS, Nov 20, &excats=134-40&min_price=5000001, California, San Diego, For Sale-Wanted, Auto Parts by Owner, https://sandiego.craigslist.org/csd/pts/d/san-diego-toyota-prius-2005-for-parts/7013355149.html,,2019-11-20,US,2019-11-21
HONDA CRV 2008 FOR PARTS, Nov 20, &excats=134-40&min_price=5000001, California, San Diego, For Sale-Wanted, Auto Parts by Owner, https://sandiego.craigslist.org/csd/pts/d/san-diego-honda-crv-2008-for-parts/7013369931.html,,2019-11-20,US,2019-11-21
DODGE GRAND CARAVAN 2010 FOR PARTS, Nov 20, &excats=134-40&min_price=5000001, California, San Diego, For Sale-Wanted, Auto Parts by Owner, https://sandiego.craigslist.org/csd/pts/d/san-diego-dodge-grand-caravan-2010-for/7013392868.html,,2019-11-20,US,2019-11-21
TOYOTA PRIUS 09 FOR PARTS, Nov 20, &excats=134-40&min_price=5000001, California, San Diego, For Sale-Wanted, Auto Parts by Owner, https://sandiego.craigslist.org/csd/pts/d/san-diego-toyota-prius-09-for-parts/7013348314.html,,2019-11-20,US,2019-11-21
DODGE CHARGER 2015 FOR PARTS, Nov 20, &excats=134-40&min_price=5000001, California, San Diego, For Sale-Wanted, Auto Parts by Owner, https://sandiego.craigslist.org/csd/pts/d/san-diego-dodge-charger-2015-for-parts/7013377286.html,,2019-11-20,US,2019-11-21
GMC SIERRA 2007 FOR PARTS, Nov 20, &excats=134-40&min_price=5000001, California, San Diego, For Sale-Wanted, Auto Parts by Owner, https://sandiego.craigslist.org/csd/pts/d/gmc-sierra-2007-for-parts/7013365284.html,,2019-11-20,US,2019-11-21
HONDA INSIGHT 2011 FOR PARTS, Nov 20, &excats=134-40&min_price=5000001, California, San Diego, For Sale-Wanted, Auto Parts by Owner, https://sandiego.craigslist.org/csd/pts/d/san-diego-honda-insight-2011-for-parts/7013361220.html,,2019-11-20,US,2019-11-21
CHEVROLET IMPALA LTZ 2016 3.6 FOR PARTS, Nov 20, &excats=134-40&min_price=5000001, California, San Diego, For Sale-Wanted, Auto Parts by Owner, https://sandiego.craigslist.org/csd/pts/d/san-diego-chevrolet-impala-ltz-for-parts/7008737051.html,,2019-11-20,US,2019-11-21
JEEP RENEGADE LIMITED 2015 2.4 FOR PARTS, Nov 20, &excats=134-40&min_price=5000001, California, San Diego, For Sale-Wanted, Auto Parts by Owner, https://sandiego.craigslist.org/csd/pts/d/san-diego-jeep-renegade-limited-for/7008732467.html,,2019-11-20,US,2019-11-21
CHEVROLET MALIBU 09 2LT FOR PARTS, Nov 20, &excats=134-40&min_price=5000001, California, San Diego, For Sale-Wanted, Auto Parts by Owner, https://sandiego.craigslist.org/csd/pts/d/san-diego-chevrolet-malibu-09-2lt-for/7008727925.html,,2019-11-20,US,2019-11-21
TOYOTA PRIUS 2008 FOR PARTS, Nov 20, &excats=134-40&min_price=5000001, California, San Diego, For Sale-Wanted, Auto Parts by Owner, https://sandiego.craigslist.org/csd/pts/d/san-diego-toyota-prius-2008-for-parts/7022525250.html,,2019-11-20,US,2019-11-21
DODGE CHARGER SE 2015, Nov 20, &excats=134-40&min_price=5000001, California, San Diego, For Sale-Wanted, Auto Parts by Owner, https://sandiego.craigslist.org/csd/pts/d/san-diego-dodge-charger-se-2015/7022601612.html,,2019-11-20,US,2019-11-21
Toshiba Satellite Quad Core i7 with Box, Nov 20, &excats=134-40&min_price=5000001, California, San Diego, For Sale-Wanted, Computers, https://sandiego.craigslist.org/csd/sys/d/san-diego-toshiba-satellite-quad-core/7020926506.html,,2019-11-20,US,2019-11-21
WTB: Your old and collecting dust bottles, Nov 20, &excats=134-40&min_price=5000001, California, San Diego, For Sale-Wanted, Wanted, https://sandiego.craigslist.org/csd/wan/d/rancho-santa-fe-wtb-your-old-and/7023813483.html,,2019-11-20,US,2019-11-21
Oak $270eucalyptus $230pine$210 best price, Nov 20, &excats=134-40&min_price=5000001, California, San Diego, For Sale-Wanted, General, https://sandiego.craigslist.org/esd/for/d/ramona-oak-270eucalyptus-230pine210/7023791394.html,,2019-11-20,US,2019-11-21
Forklift For sale 2013 Toyota 5K 6K 8K, Nov 20, &excats=134-40&min_price=5000001, California, San Diego, For Sale-Wanted, General, https://sandiego.craigslist.org/csd/for/d/forklift-for-sale-2013-toyota-5k-6k-8k/7019228838.html,,2019-11-20,US,2019-11-21
Forklift For sale 2013 Toyota 5K 6K 8K, Nov 20, &excats=134-40&min_price=5000001, California, San Diego, For Sale-Wanted, General, https://sandiego.craigslist.org/csd/for/d/forklift-for-sale-2013-toyota-5k-6k-8k/7014083100.html,,2019-11-20,US,2019-11-21
Forklift For sale 2013 Toyota 5K 6K 8K, Nov 20, &excats=134-40&min_price=5000001, California, San Diego, For Sale-Wanted, General, https://sandiego.craigslist.org/csd/for/d/forklift-for-sale-2013-toyota-5k-6k-8k/7014083429.html,,2019-11-20,US,2019-11-21
Forklift For sale 2013 Toyota 5K 6K 8K, Nov 20, &excats=134-40&min_price=5000001, California, San Diego, For Sale-Wanted, General, https://sandiego.craigslist.org/csd/for/d/forklift-for-sale-2013-toyota-5k-6k-8k/7010752159.html,,2019-11-20,US,2019-11-21
Forklift For sale 2013 Toyota 5K 6K 8K, Nov 20, &excats=134-40&min_price=5000001, California, San Diego, For Sale-Wanted, General, https://sandiego.craigslist.org/csd/for/d/forklift-for-sale-2013-toyota-5k-6k-8k/7019891037.html,,2019-11-20,US,2019-11-21
Restaurant fridges- commercial restaurant equipment, Nov 20, &excats=134-40&min_price=5000001, California, Santa Barbara, For Sale-Wanted, Appliance by Owner, https://santabarbara.craigslist.org/app/d/santa-barbara-restaurant-fridges/7014375870.html,,2019-11-20,US,2019-11-21
Serious Ranching/Offroad Truck - 1999 Lexus LX470, Nov 20, &excats=134-40&min_price=5000001, California, Santa Barbara, For Sale-Wanted, Cars And Trucks, https://santabarbara.craigslist.org/cto/d/summerland-serious-ranching-offroad/7024018092.html,,2019-11-20,US,2019-11-21
Cash for cars, Nov 20, &excats=134-40&min_price=5000001, California, Stockton, For Sale-Wanted, Wanted, https://stockton.craigslist.org/wan/d/stockton-cash-for-cars/7024034692.html,,2019-11-20,US,2019-11-21
Cash for cars, Nov 20, &excats=134-40&min_price=5000001, California, Stockton, For Sale-Wanted, Wanted, https://stockton.craigslist.org/wan/d/stockton-cash-for-cars/7023958691.html,,2019-11-20,US,2019-11-21
$ Buying Baseball Basketball Football cards Comics Coins & Knives $$$$, Nov 20, &excats=134-40&min_price=5000001, California, Stockton, For Sale-Wanted, Wanted, https://stockton.craigslist.org/wan/d/rio-linda-buying-baseball-basketball/7012035365.html,,2019-11-20,US,2019-11-21
06 Ford F-150, Nov 20, &excats=134-40&min_price=5000001, Kansas, Wichita, For Sale-Wanted, Auto Parts by Owner, https://wichita.craigslist.org/pts/d/wichita-06-ford-150/7018381160.html,,2019-11-20,US,2019-11-21
!LoOk!-FAST-CASH-4-YOUR-JUNKER!!, Nov 20, &excats=134-40&min_price=5000001, Kansas, Wichita, For Sale-Wanted, Wanted, https://wichita.craigslist.org/wan/d/wichita-look-fast-cash-4-your-junker/7021393979.html,,2019-11-20,US,2019-11-21
Junk mowers and car parts hauled away free, Nov 20, &excats=134-40&min_price=5000001, Kansas, Wichita, For Sale-Wanted, General, https://wichita.craigslist.org/for/d/wichita-junk-mowers-and-car-parts/7023586840.html,,2019-11-20,US,2019-11-21
Various Tig Torch Outfits & Cables, Nov 20, &excats=134-40&min_price=5000001, Virginia, Roanoke, For Sale-Wanted, Tools, https://roanoke.craigslist.org/tls/d/hardy-various-tig-torch-outfits-cables/7006435173.html,,2019-11-20,US,2019-11-21
Wanted: Polaris Indy 500 Efi Classic Parts, Nov 20, &excats=134-40&min_price=5000001, Alaska, Fairbanks, For Sale-Wanted, ATVs UTVs by Owner, https://fairbanks.craigslist.org/snw/d/fort-greely-wanted-polaris-indy-500-efi/7020372383.html,Want,2019-11-20,US,2019-11-21
Native Fertility Statue, Nov 20, &excats=134-40&min_price=5000001, Alaska, Fairbanks, For Sale-Wanted, Antique By Owner, https://fairbanks.craigslist.org/atq/d/fort-greely-native-fertility-statue/7023826971.html,,2019-11-20,US,2019-11-21
Beware of Bailey Rae Johnson!, Nov 20, &excats=134-40&min_price=5000001, Georgia, Atlanta, For Sale-Wanted, Tickets, https://atlanta.craigslist.org/atl/tix/d/decatur-beware-of-bailey-rae-johnson/7024133506.html,,2019-11-20,US,2019-11-21
??MOONSHINE??OLD MOUNTAIN &FOOTHILL Blend Dont tel D SHERIFF, Nov 20, &excats=134-40&min_price=5000001, Georgia, Atlanta, For Sale-Wanted, Farm and Garden, https://atlanta.craigslist.org/nat/grq/d/marietta-moonshineold-mountain-foothill/7024119388.html,,2019-11-20,US,2019-11-21
2014 FORD FUSION SE...CHEAP ECONOMY CAR $1000 DWN  call us, Nov 20, &excats=134-40&min_price=5000001, Georgia, Atlanta, For Sale-Wanted, Cars And by Dealer, https://atlanta.craigslist.org/atl/ctd/d/2014-ford-fusion-secheap-economy-car/7023684052.html,,2019-11-20,US,2019-11-21
2014 FORD FUSION SE...CHEAP ECONOMY CAR $10995 CASH call us, Nov 20, &excats=134-40&min_price=5000001, Georgia, Atlanta, For Sale-Wanted, Cars And by Dealer, https://atlanta.craigslist.org/atl/ctd/d/2014-ford-fusion-secheap-economy-car/7023676983.html,,2019-11-20,US,2019-11-21
Size 12 Heels, Nov 20, &excats=134-40&min_price=5000001, Georgia, Atlanta, For Sale-Wanted, Wanted, https://atlanta.craigslist.org/nat/wan/d/acworth-size-12-heels/7023554554.html,,2019-11-20,US,2019-11-21
Wanna Trade, Nov 20, &excats=134-40&min_price=5000001, Montana, Kalispell, For Sale-Wanted, Wanted, https://kalispell.craigslist.org/wan/d/kalispell-wanna-trade/7023580917.html,,2019-11-20,US,2019-11-21
constant angular speed w about its vertical, Nov 20, &excats=134-40&min_price=5000001, District of Columbia, Washington, For Sale-Wanted, Cell Phones, https://washingtondc.craigslist.org/nva/mob/d/springfield-constant-angular-speed/7024093172.html,,2019-11-20,US,2019-11-21
Spell mechanics have changed significantly in Skyrim, Nov 20, &excats=134-40&min_price=5000001, District of Columbia, Washington, For Sale-Wanted, Cell Phones, https://washingtondc.craigslist.org/doc/mob/d/washington-spell-mechanics-have-changed/7005519113.html,,2019-11-20,US,2019-11-21
on July 15 2017 at  DudievShe won the fight, Nov 20, &excats=134-40&min_price=5000001, District of Columbia, Washington, For Sale-Wanted, Cell Phones, https://washingtondc.craigslist.org/mld/mob/d/district-heights-on-july-at-dudievshe/7007139305.html,,2019-11-20,US,2019-11-21
The agreeable obligation can&#39;t rule the team. The awesome dependent up, Nov 20, &excats=134-40&min_price=5000001, District of Columbia, Washington, For Sale-Wanted, Cell Phones, https://washingtondc.craigslist.org/doc/mob/d/washington-the-agreeable-obligation/7005478640.html,,2019-11-20,US,2019-11-21
What if the acclaimed degree ate the son The similar explanation phone, Nov 20, &excats=134-40&min_price=5000001, District of Columbia, Washington, For Sale-Wanted, Cell Phones, https://washingtondc.craigslist.org/nva/mob/d/springfield-what-if-the-acclaimed/7005465596.html,,2019-11-20,US,2019-11-21
Catherine Elizabeth Halsey MD PhD (SN: CC-409871), Nov 20, &excats=134-40&min_price=5000001, District of Columbia, Washington, For Sale-Wanted, Cell Phones, https://washingtondc.craigslist.org/mld/mob/d/oxon-hill-catherine-elizabeth-halsey-md/7006227708.html,,2019-11-20,US,2019-11-21
Tom won the thumb-wrestling competition. Have you ever watched sumo wr, Nov 20, &excats=134-40&min_price=5000001, District of Columbia, Washington, For Sale-Wanted, Cell Phones, https://washingtondc.craigslist.org/nva/mob/d/springfield-tom-won-the-thumb-wrestling/7006179960.html,,2019-11-20,US,2019-11-21
Transformers: The Last Knight is a, Nov 20, &excats=134-40&min_price=5000001, District of Columbia, Washington, For Sale-Wanted, Cell Phones, https://washingtondc.craigslist.org/mld/mob/d/southern-md-facility-transformers-the/7017637856.html,,2019-11-20,US,2019-11-21
Come along; I will introduce you to my better half. I don&#39;t expect you, Nov 20, &excats=134-40&min_price=5000001, District of Columbia, Washington, For Sale-Wanted, Cell Phones, https://washingtondc.craigslist.org/nva/mob/d/springfield-come-along-will-introduce/7006156008.html,,2019-11-20,US,2019-11-21
Come along; I will introduce you to my better half. I don&#39;t expect you, Nov 20, &excats=134-40&min_price=5000001, District of Columbia, Washington, For Sale-Wanted, Cell Phones, https://washingtondc.craigslist.org/nva/mob/d/springfield-come-along-will-introduce/7006135765.html,,2019-11-20,US,2019-11-21
Crawford and Ed Westwick&#39;s shared, Nov 20, &excats=134-40&min_price=5000001, District of Columbia, Washington, For Sale-Wanted, Cell Phones, https://washingtondc.craigslist.org/nva/mob/d/alexandria-crawford-and-ed-westwicks/7021513412.html,,2019-11-20,US,2019-11-21
who looks like he was dragged out of, Nov 20, &excats=134-40&min_price=5000001, District of Columbia, Washington, For Sale-Wanted, Cell Phones, https://washingtondc.craigslist.org/mld/mob/d/district-heights-who-looks-like-he-was/7023863814.html,,2019-11-20,US,2019-11-21
We are fed up with studying. I study sometimes! How long have you been, Nov 20, &excats=134-40&min_price=5000001, District of Columbia, Washington, For Sale-Wanted, Cell Phones, https://washingtondc.craigslist.org/mld/mob/d/southern-md-facility-we-are-fed-up-with/7006063855.html,,2019-11-20,US,2019-11-21
Calliope was then cured and Kratos was promoted to the title of Capta, Nov 20, &excats=134-40&min_price=5000001, District of Columbia, Washington, For Sale-Wanted, Cell Phones, https://washingtondc.craigslist.org/nva/mob/d/annandale-calliope-was-then-cured-and/7012369834.html,,2019-11-20,US,2019-11-21
While all other combatants in the wager made their motives for finding, Nov 20, &excats=134-40&min_price=5000001, District of Columbia, Washington, For Sale-Wanted, Cell Phones, https://washingtondc.craigslist.org/nva/mob/d/arlington-while-all-other-combatants-in/7012341829.html,Want,2019-11-20,US,2019-11-21
Thnatos (in Greek ???????  &quot;Dart&quot;) was the daemon personification, Nov 20, &excats=134-40&min_price=5000001, District of Columbia, Washington, For Sale-Wanted, Cell Phones, https://washingtondc.craigslist.org/doc/mob/d/washington-thnatos-in-greek-dart-was/7012330613.html,,2019-11-20,US,2019-11-21
Odin also known as the Allfather is the Norse, Nov 20, &excats=134-40&min_price=5000001, District of Columbia, Washington, For Sale-Wanted, Cell Phones, https://washingtondc.craigslist.org/mld/mob/d/oxon-hill-odin-also-known-as-the/7012286939.html,,2019-11-20,US,2019-11-21
walnut cedar maple red and white oak live edges - rough cut wood, Nov 20, &excats=134-40&min_price=5000001, District of Columbia, Washington, For Sale-Wanted, Materials, https://washingtondc.craigslist.org/nva/mat/d/fairfax-walnut-cedar-maple-red-and/7008549940.html,,2019-11-20,US,2019-11-21
those involving stochastic processes, Nov 20, &excats=134-40&min_price=5000001, District of Columbia, Washington, For Sale-Wanted, Cell Phones, https://washingtondc.craigslist.org/doc/mob/d/washington-those-involving-stochastic/7023795185.html,,2019-11-20,US,2019-11-21
Lysandra was a Spartan woman who became, Nov 20, &excats=134-40&min_price=5000001, District of Columbia, Washington, For Sale-Wanted, Cell Phones, https://washingtondc.craigslist.org/nva/mob/d/annandale-lysandra-was-spartan-woman/7012256297.html,,2019-11-20,US,2019-11-21
Fjrgyn and an unnamed woman Odin appeared in heroic, Nov 20, &excats=134-40&min_price=5000001, District of Columbia, Washington, For Sale-Wanted, Cell Phones, https://washingtondc.craigslist.org/mld/mob/d/oxon-hill-fjrgyn-and-an-unnamed-woman/7012269140.html,,2019-11-20,US,2019-11-21
Ubbe is the first son of Ragnar Lothbrok and Aslaug., Nov 20, &excats=134-40&min_price=5000001, District of Columbia, Washington, For Sale-Wanted, Cell Phones, https://washingtondc.craigslist.org/mld/mob/d/oxon-hill-ubbe-is-the-first-son-of/7007545337.html,,2019-11-20,US,2019-11-21
Athelstan was a young Anglo-Saxon once a Christian monk taken as a, Nov 20, &excats=134-40&min_price=5000001, District of Columbia, Washington, For Sale-Wanted, Cell Phones, https://washingtondc.craigslist.org/mld/mob/d/oxon-hill-athelstan-was-young-anglo/7007511632.html,,2019-11-20,US,2019-11-21
Olaf Haraldsson called Olaf the Stout (lafr digri) is a Norwegian k, Nov 20, &excats=134-40&min_price=5000001, District of Columbia, Washington, For Sale-Wanted, Cell Phones, https://washingtondc.craigslist.org/mld/mob/d/oxon-hill-olaf-haraldsson-called-olaf/7007497632.html,,2019-11-20,US,2019-11-21
Ubbe is the first son of Ragnar Lothbrok and Aslaug., Nov 20, &excats=134-40&min_price=5000001, District of Columbia, Washington, For Sale-Wanted, Cell Phones, https://washingtondc.craigslist.org/mld/mob/d/oxon-hill-ubbe-is-the-first-son-of/7007455891.html,,2019-11-20,US,2019-11-21
normalization of scores in distributions, Nov 20, &excats=134-40&min_price=5000001, District of Columbia, Washington, For Sale-Wanted, Cell Phones, https://washingtondc.craigslist.org/nva/mob/d/springfield-normalization-of-scores-in/7023723494.html,,2019-11-20,US,2019-11-21
Olaf Haraldsson called Olaf the Stout (lafr digri) is a Norwegian k, Nov 20, &excats=134-40&min_price=5000001, District of Columbia, Washington, For Sale-Wanted, Cell Phones, https://washingtondc.craigslist.org/mld/mob/d/oxon-hill-olaf-haraldsson-called-olaf/7007437124.html,,2019-11-20,US,2019-11-21
Ubbe is the first son of Ragnar Lothbrok and Aslaug., Nov 20, &excats=134-40&min_price=5000001, District of Columbia, Washington, For Sale-Wanted, Cell Phones, https://washingtondc.craigslist.org/mld/mob/d/oxon-hill-ubbe-is-the-first-son-of/7007404734.html,,2019-11-20,US,2019-11-21
Athelstan was a young Anglo-Saxon once a Christian monk taken as a, Nov 20, &excats=134-40&min_price=5000001, District of Columbia, Washington, For Sale-Wanted, Cell Phones, https://washingtondc.craigslist.org/mld/mob/d/oxon-hill-athelstan-was-young-anglo/7007424587.html,,2019-11-20,US,2019-11-21
When questioned by Ragnar on how he learned the viking language, Nov 20, &excats=134-40&min_price=5000001, District of Columbia, Washington, For Sale-Wanted, Cell Phones, https://washingtondc.craigslist.org/mld/mob/d/oxon-hill-when-questioned-by-ragnar-on/7012330848.html,,2019-11-20,US,2019-11-21
&quot;What Happens in the Cave&quot; Olaf and Hvitserk, Nov 20, &excats=134-40&min_price=5000001, District of Columbia, Washington, For Sale-Wanted, Cell Phones, https://washingtondc.craigslist.org/mld/mob/d/oxon-hill-what-happens-in-the-cave-olaf/7012287568.html,,2019-11-20,US,2019-11-21
before the two then go to Athelstan and ask him to join them, Nov 20, &excats=134-40&min_price=5000001, District of Columbia, Washington, For Sale-Wanted, Cell Phones, https://washingtondc.craigslist.org/doc/mob/d/washington-before-the-two-then-go-to/7012311086.html,,2019-11-20,US,2019-11-21
Suddenly the ice breaks under their combined weight and Siggy, Nov 20, &excats=134-40&min_price=5000001, District of Columbia, Washington, For Sale-Wanted, Cell Phones, https://washingtondc.craigslist.org/mld/mob/d/oxon-hill-suddenly-the-ice-breaks-under/7012269562.html,,2019-11-20,US,2019-11-21
Hvitserk requests Olaf&#39;s assistance in his plan to, Nov 20, &excats=134-40&min_price=5000001, District of Columbia, Washington, For Sale-Wanted, Cell Phones, https://washingtondc.craigslist.org/mld/mob/d/oxon-hill-hvitserk-requests-olafs/7012261070.html,,2019-11-20,US,2019-11-21
Kissy is a light pink skinned Elf. She wears a purple dress and has ve, Nov 20, &excats=134-40&min_price=5000001, District of Columbia, Washington, For Sale-Wanted, Cell Phones, https://washingtondc.craigslist.org/mld/mob/d/oxon-hill-kissy-is-light-pink-skinned/7007228893.html,,2019-11-20,US,2019-11-21
Elfo is a lime-colored elf hybrid that is short in stature, Nov 20, &excats=134-40&min_price=5000001, District of Columbia, Washington, For Sale-Wanted, Cell Phones, https://washingtondc.craigslist.org/doc/mob/d/washington-elfo-is-lime-colored-elf/7007220052.html,,2019-11-20,US,2019-11-21
Hear ye hear ye! The return of King Zog, Nov 20, &excats=134-40&min_price=5000001, District of Columbia, Washington, For Sale-Wanted, Cell Phones, https://washingtondc.craigslist.org/nva/mob/d/alexandria-hear-ye-hear-ye-the-return/7007207440.html,,2019-11-20,US,2019-11-21
He is affiliated with Dreamland and works for, Nov 20, &excats=134-40&min_price=5000001, District of Columbia, Washington, For Sale-Wanted, Cell Phones, https://washingtondc.craigslist.org/nva/mob/d/alexandria-he-is-affiliated-with/7007187509.html,,2019-11-20,US,2019-11-21
Robert Mueller made it clear as a bell today that he wants to nail Do, Nov 20, &excats=134-40&min_price=5000001, District of Columbia, Washington, For Sale-Wanted, Cell Phones, https://washingtondc.craigslist.org/mld/mob/d/oxon-hill-robert-mueller-made-it-clear/7006915992.html,Want,2019-11-20,US,2019-11-21
Given the fact that he was previously ranked in the divisions top-15, Nov 20, &excats=134-40&min_price=5000001, District of Columbia, Washington, For Sale-Wanted, Cell Phones, https://washingtondc.craigslist.org/nva/mob/d/arlington-given-the-fact-that-he-was/7006902005.html,,2019-11-20,US,2019-11-21
Buying Antiques Estates and Quality Furniture, Nov 20, &excats=134-40&min_price=5000001, District of Columbia, Washington, For Sale-Wanted, Wanted, https://washingtondc.craigslist.org/mld/wan/d/severn-buying-antiques-estates-and/7008511253.html,,2019-11-20,US,2019-11-21
signed Marc Chagall, Nov 20, &excats=134-40&min_price=5000001, Delaware, Delaware, For Sale-Wanted, Collectibles, https://delaware.craigslist.org/clt/d/lincoln-signed-marc-chagall/7013353183.html,,2019-11-20,US,2019-11-21
2005 BMW X5 4.4i hood and more, Nov 20, &excats=134-40&min_price=5000001, Delaware, Delaware, For Sale-Wanted, Auto Parts by Owner, https://delaware.craigslist.org/pts/d/cordova-2005-bmw-x5-44i-hood-and-more/7016425453.html,,2019-11-20,US,2019-11-21
1973 Pontiac lemans, Nov 20, &excats=134-40&min_price=5000001, Michigan, Muskegon, For Sale-Wanted, Wanted, https://muskegon.craigslist.org/wan/d/holton-1973-pontiac-lemans/7024106087.html,,2019-11-20,US,2019-11-21
Exogen ultrasound bone healing system, Nov 20, &excats=134-40&min_price=5000001, Oregon, Bend, For Sale-Wanted, Health And Beauty, https://bend.craigslist.org/hab/d/bend-exogen-ultrasound-bone-healing/7020429352.html,,2019-11-20,US,2019-11-21
Wanted Borla S Type 2 muffler corvette, Nov 20, &excats=134-40&min_price=5000001, Oregon, Portland, For Sale-Wanted, Auto Parts by Owner, https://portland.craigslist.org/clk/pts/d/auburn-wanted-borla-type-2-muffler/7021610910.html,Want,2019-11-20,US,2019-11-21
Wanted vendo 44 or Jacobs 26 Coca Cola, Nov 20, &excats=134-40&min_price=5000001, Oregon, Portland, For Sale-Wanted, Antique By Owner, https://portland.craigslist.org/clk/atq/d/auburn-wanted-vendo-44-or-jacobs-26/7015890185.html,Want,2019-11-20,US,2019-11-21
Wanted Tohkeim 36B gas pump  top, Nov 20, &excats=134-40&min_price=5000001, Oregon, Portland, For Sale-Wanted, Antique By Owner, https://portland.craigslist.org/clk/atq/d/auburn-wanted-tohkeim-36b-gas-pump-top/7011546715.html,Want,2019-11-20,US,2019-11-21
Vintage generator, Nov 20, &excats=134-40&min_price=5000001, Oregon, Portland, For Sale-Wanted, General, https://portland.craigslist.org/clk/for/d/longview-vintage-generator/7024133260.html,,2019-11-20,US,2019-11-21
Vintage Chinook Camper shell, Nov 20, &excats=134-40&min_price=5000001, Oregon, Portland, For Sale-Wanted, Auto Parts by Owner, https://portland.craigslist.org/clk/pts/d/longview-vintage-chinook-camper-shell/7024123677.html,,2019-11-20,US,2019-11-21
Wanted Yamaha Banshee, Nov 20, &excats=134-40&min_price=5000001, Oregon, Portland, For Sale-Wanted, ATVs UTVs by Owner, https://portland.craigslist.org/clk/snw/d/vancouver-wanted-yamaha-banshee/7024099898.html,Want,2019-11-20,US,2019-11-21
Brick & Mortar Food Cart Opportunity, Nov 20, &excats=134-40&min_price=5000001, Oregon, Portland, For Sale-Wanted, Wanted, https://portland.craigslist.org/mlt/wan/d/portland-brick-mortar-food-cart/7021947647.html,,2019-11-20,US,2019-11-21
@@@@@@ Corvette Wanted 1953 Thru 1967 Chevrolet Corvette $$$$$$, Nov 20, &excats=134-40&min_price=5000001, Oregon, Portland, For Sale-Wanted, Auto Parts by Owner, https://portland.craigslist.org/mlt/pts/d/richland-corvette-wanted-1953-thru-1967/7023915989.html,Want,2019-11-20,US,2019-11-21
AIR TOOLS, Nov 20, &excats=134-40&min_price=5000001, Oregon, Portland, For Sale-Wanted, Tools, https://portland.craigslist.org/mlt/tls/d/portland-air-tools/7018256882.html,,2019-11-20,US,2019-11-21
wanted>Nice boxes/ loose Lionel/Marx/MTH/ /HO/, Nov 20, &excats=134-40&min_price=5000001, Oregon, Portland, For Sale-Wanted, Wanted, https://portland.craigslist.org/mlt/wan/d/portland-wantednice-boxes-loose-lionel/7023884873.html,Want,2019-11-20,US,2019-11-21
Vintage and Antique Rustic Western Native Decor, Nov 20, &excats=134-40&min_price=5000001, Oregon, Portland, For Sale-Wanted, Collectibles, https://portland.craigslist.org/clc/clt/d/boring-vintage-and-antique-rustic/7019188838.html,,2019-11-20,US,2019-11-21
Military vintage and antique Civil War to Vietnam Era, Nov 20, &excats=134-40&min_price=5000001, Oregon, Portland, For Sale-Wanted, Collectibles, https://portland.craigslist.org/clc/clt/d/boring-military-vintage-and-antique/7013835958.html,,2019-11-20,US,2019-11-21
Huge Selection of Garden Art  Furniture and Decor Great Christmas Gift, Nov 20, &excats=134-40&min_price=5000001, Oregon, Portland, For Sale-Wanted, General, https://portland.craigslist.org/clc/for/d/eagle-creek-huge-selection-of-garden/7013830423.html,,2019-11-20,US,2019-11-21
Antique and Vintage Anvils, Nov 20, &excats=134-40&min_price=5000001, Oregon, Portland, For Sale-Wanted, Tools, https://portland.craigslist.org/clc/tls/d/damascus-antique-and-vintage-anvils/7013819234.html,,2019-11-20,US,2019-11-21
** Red Tag Clearance Over 3000 Items Now 20 - 60% Off, Nov 20, &excats=134-40&min_price=5000001, Oregon, Portland, For Sale-Wanted, Antique By Owner, https://portland.craigslist.org/clc/atq/d/boring-red-tag-clearance-over-3000/7011211218.html,,2019-11-20,US,2019-11-21
Military vintage and antique Civil War to Vietnam Era, Nov 20, &excats=134-40&min_price=5000001, Oregon, Portland, For Sale-Wanted, Collectibles, https://portland.craigslist.org/clc/clt/d/boring-military-vintage-and-antique/7011211155.html,,2019-11-20,US,2019-11-21
Looking to buy your old video games!!, Nov 19, &excats=134-40&min_price=5000001, Connecticut, Hartford, For Sale-Wanted, Wanted, https://hartford.craigslist.org/wan/d/new-britain-looking-to-buy-your-old/7005027524.html,Want,2019-11-19,US,2019-11-21
Srx parts, Nov 19, &excats=134-40&min_price=5000001, Connecticut, Hartford, For Sale-Wanted, ATVs UTVs by Owner, https://hartford.craigslist.org/snw/d/ellington-srx-parts/7009399193.html,,2019-11-19,US,2019-11-21
Best CASH prices paid for all ROLEX!, Nov 19, &excats=134-40&min_price=5000001, Arizona, Phoenix, For Sale-Wanted, Wanted, https://phoenix.craigslist.org/nph/wad/d/phoenix-best-cash-prices-paid-for-all/7023500511.html,,2019-11-19,US,2019-11-21
New used or old Rolex watches wanted!, Nov 19, &excats=134-40&min_price=5000001, Arizona, Phoenix, For Sale-Wanted, Wanted, https://phoenix.craigslist.org/evl/wad/d/phoenix-new-used-or-old-rolex-watches/7023495275.html,Want,2019-11-19,US,2019-11-21
WANT vintage military helmets head gear WW1 WWII German helmet nazi gi, Nov 19, &excats=134-40&min_price=5000001, Arizona, Phoenix, For Sale-Wanted, Wanted, https://phoenix.craigslist.org/cph/wad/d/paradise-valley-want-vintage-military/7023200055.html,Want,2019-11-19,US,2019-11-21
BUYING military bayonet helmet knives WW2 WWII WWI Japanese sword nazi, Nov 19, &excats=134-40&min_price=5000001, Arizona, Phoenix, For Sale-Wanted, Sporting Goods, https://phoenix.craigslist.org/evl/sgd/d/paradise-valley-buying-military-bayonet/7023005667.html,,2019-11-19,US,2019-11-21
buying military bayonets helmets knives ww2 wwii nazi bayonets swords, Nov 19, &excats=134-40&min_price=5000001, Arizona, Phoenix, For Sale-Wanted, Wanted, https://phoenix.craigslist.org/evl/wad/d/paradise-valley-buying-military/7022993175.html,,2019-11-19,US,2019-11-21
buying military bayonets helmets knives ww2 wwii nazi Japanese swords, Nov 19, &excats=134-40&min_price=5000001, Arizona, Prescott, For Sale-Wanted, Wanted, https://prescott.craigslist.org/wad/d/paradise-valley-buying-military/7022996206.html,,2019-11-19,US,2019-11-21
buying military knives bayonet Japanese swords nazi helmets WW2 WWII, Nov 19, &excats=134-40&min_price=5000001, Arizona, Show Low, For Sale-Wanted, Wanted, https://showlow.craigslist.org/wad/d/paradise-valley-buying-military-knives/7023000000.html,,2019-11-19,US,2019-11-21
warehouse liquidation retail fixtures, Nov 19, &excats=134-40&min_price=5000001, Arizona, Yuma, For Sale-Wanted, General, https://yuma.craigslist.org/for/d/yuma-warehouse-liquidation-retail/7023529517.html,,2019-11-19,US,2019-11-21
Wanted: Emotiva Amps Preamps etc., Nov 19, &excats=134-40&min_price=5000001, Wisconsin, Eau Claire, For Sale-Wanted, Wanted, https://eauclaire.craigslist.org/wan/d/appleton-wanted-emotiva-amps-preamps-etc/7022948564.html,Want,2019-11-19,US,2019-11-21
Revised: Gym For Sale, Nov 19, &excats=134-40&min_price=5000001, Wisconsin, Milwaukee, For Sale-Wanted, Sporting Goods, https://milwaukee.craigslist.org/spo/d/waukesha-revised-gym-for-sale/7018094911.html,,2019-11-19,US,2019-11-21
Dry softwood animal bedding, Nov 19, &excats=134-40&min_price=5000001, Wisconsin, Wausau, For Sale-Wanted, Farm and Garden, https://wausau.craigslist.org/grd/d/plover-dry-softwood-animal-bedding/7023511842.html,,2019-11-19,US,2019-11-21
2022 Ferrari Aventador Spider, Nov 19, &excats=134-40&min_price=5000001, Colorado, Boulder, For Sale-Wanted, Appliance by Owner, https://boulder.craigslist.org/app/d/boulder-2022-ferrari-aventador-spider/7023434363.html,,2019-11-19,US,2019-11-21
moving sale, Nov 19, &excats=134-40&min_price=5000001, Colorado, Boulder, For Sale-Wanted, Household, https://boulder.craigslist.org/hsh/d/boulder-moving-sale/7015227942.html,,2019-11-19,US,2019-11-21
King Size Cedar Bedroom Set, Nov 19, &excats=134-40&min_price=5000001, Colorado, Boulder, For Sale-Wanted, Furniture, https://boulder.craigslist.org/fuo/d/belton-king-size-cedar-bedroom-set/7013755476.html,,2019-11-19,US,2019-11-21
Wanted   Honda  Accord  15&#39;&#39;  aluminum  wheels  from   mid  1990&#39;s, Nov 19, &excats=134-40&min_price=5000001, Illinois, Chicago, For Sale-Wanted, NA, https://chicago.craigslist.org/nch/wto/d/downers-grove-wanted-honda-accord-15/7016901503.html,Want,2019-11-19,US,2019-11-21
MOBILE WELDING AND REPAIRS, Nov 19, &excats=134-40&min_price=5000001, Illinois, Chicago, For Sale-Wanted, Auto Parts by Owner, https://chicago.craigslist.org/nwc/pts/d/fox-river-grove-mobile-welding-and/7023184378.html,,2019-11-19,US,2019-11-21
WANTED BEARS TICKETS OR PARKING PASSES, Nov 19, &excats=134-40&min_price=5000001, Illinois, Chicago, For Sale-Wanted, Tickets, https://chicago.craigslist.org/chc/tix/d/chicago-wanted-bears-tickets-or-parking/7003584623.html,Want,2019-11-19,US,2019-11-21
Ohio State at Michigan tickets wanted, Nov 19, &excats=134-40&min_price=5000001, Illinois, Chicago, For Sale-Wanted, Tickets, https://chicago.craigslist.org/chc/tix/d/chicago-ohio-state-at-michigan-tickets/7023001955.html,Want,2019-11-19,US,2019-11-21
2018 Polaris Ranger 150 EFI, Nov 19, &excats=134-40&min_price=5000001, Illinois, Chicago, For Sale-Wanted, ATVs UTVs by Dealer, https://chicago.craigslist.org/nwi/snd/d/south-range-2018-polaris-ranger-150-efi/7023013691.html,,2019-11-19,US,2019-11-21
Notre Dame/Boston College tickets and/or parking wanted, Nov 19, &excats=134-40&min_price=5000001, Illinois, Chicago, For Sale-Wanted, Tickets, https://chicago.craigslist.org/chc/tix/d/chicago-notre-dame-boston-college/7022999502.html,Want,2019-11-19,US,2019-11-21
Wanted low mile 4wd pick up, Nov 19, &excats=134-40&min_price=5000001, Louisiana, New Orleans, For Sale-Wanted, Wanted, https://neworleans.craigslist.org/wan/d/new-orleans-wanted-low-mile-4wd-pick-up/7023262389.html,Want,2019-11-19,US,2019-11-21
GOLD COINS/SILVER COINS/BULLION WANTED-ABSOLUTE HIGHEST PRICES PAID, Nov 19, &excats=134-40&min_price=5000001, North Carolina, Charlotte, For Sale-Wanted, Collectibles, https://charlotte.craigslist.org/clt/d/winston-salem-gold-coins-silver-coins/7016353316.html,Want,2019-11-19,US,2019-11-21
I Buy COMIC BOOKS! Please contact me, Nov 19, &excats=134-40&min_price=5000001, North Carolina, Charlotte, For Sale-Wanted, Wanted, https://charlotte.craigslist.org/wan/d/concord-buy-comic-books-please-contact/7022990981.html,,2019-11-19,US,2019-11-21
GOLD COINS/SILVER COINS/BULLION WANTED-ABSOLUTE HIGHEST PRICES PAID, Nov 19, &excats=134-40&min_price=5000001, North Carolina, Winston-salem, For Sale-Wanted, Collectibles, https://charlotte.craigslist.org/clt/d/winston-salem-gold-coins-silver-coins/7016353316.html,Want,2019-11-19,US,2019-11-21
Over 3000 organized vinyl records!!!, Nov 19, &excats=134-40&min_price=5000001, Ohio, Cincinnati, For Sale-Wanted, CDs DVDs, https://cincinnati.craigslist.org/emd/d/harveysburg-over-3000-organized-vinyl/7014473781.html,,2019-11-19,US,2019-11-21
SPORTS CARDS POKEMON cardsetc, Nov 19, &excats=134-40&min_price=5000001, Ohio, Cincinnati, For Sale-Wanted, Collectibles, https://cincinnati.craigslist.org/clt/d/harveysburg-sports-cards-pokemon/7018374518.html,,2019-11-19,US,2019-11-21
Rare JBL AS4725NW Speakers, Nov 19, &excats=134-40&min_price=5000001, Ohio, Cincinnati, For Sale-Wanted, Electronics, https://cincinnati.craigslist.org/ele/d/franklin-rare-jbl-as4725nw-speakers/7023038043.html,,2019-11-19,US,2019-11-21
Buick finned aluminum drums, Nov 19, &excats=134-40&min_price=5000001, Ohio, Cleveland, For Sale-Wanted, Auto Parts by Owner, https://cleveland.craigslist.org/pts/d/hinckley-buick-finned-aluminum-drums/7023413566.html,,2019-11-19,US,2019-11-21
Buick nailhead parts, Nov 19, &excats=134-40&min_price=5000001, Ohio, Cleveland, For Sale-Wanted, Auto Parts by Owner, https://cleveland.craigslist.org/pts/d/hinckley-buick-nailhead-parts/7023408005.html,,2019-11-19,US,2019-11-21
Wanted Borla S Type 2 corvette muffler, Nov 19, &excats=134-40&min_price=5000001, Ohio, Cleveland, For Sale-Wanted, Auto Parts by Owner, https://cleveland.craigslist.org/pts/d/auburn-wanted-borla-type-2-corvette/7021649782.html,Want,2019-11-19,US,2019-11-21
Over 3000 organized vinyl records!!!, Nov 19, &excats=134-40&min_price=5000001, Ohio, Columbus, For Sale-Wanted, CDs DVDs, https://columbus.craigslist.org/emd/d/harveysburg-over-3000-organized-vinyl/7014469791.html,,2019-11-19,US,2019-11-21
SPORTS CARDS POKEMON cardsetc, Nov 19, &excats=134-40&min_price=5000001, Ohio, Columbus, For Sale-Wanted, Collectibles, https://columbus.craigslist.org/clt/d/harveysburg-sports-cards-pokemon/7018374103.html,,2019-11-19,US,2019-11-21
Cabinets at wholesale pricing--starting@, Nov 19, &excats=134-40&min_price=5000001, Ohio, Columbus, For Sale-Wanted, Furniture, https://columbus.craigslist.org/fuo/d/columbus-cabinets-at-wholesale-pricing/7004758488.html,,2019-11-19,US,2019-11-21
Kitchen Cabinet Wholesale, Nov 19, &excats=134-40&min_price=5000001, Ohio, Columbus, For Sale-Wanted, General, https://zanesville.craigslist.org/for/d/columbus-kitchen-cabinet-wholesale/7009575778.html,,2019-11-19,US,2019-11-21
Cash Now!! For Vintage Baseball/Football Cards!! Cash Today!!, Nov 19, &excats=134-40&min_price=5000001, Ohio, Youngstown, For Sale-Wanted, Collectibles, https://youngstown.craigslist.org/clt/d/cash-now-for-vintage-baseball-football/7009249552.html,,2019-11-19,US,2019-11-21
Wholesale Kitchen Cabinets! Solid Wood! Hurryin While sales last!!, Nov 19, &excats=134-40&min_price=5000001, Ohio, Youngstown, For Sale-Wanted, General, https://youngstown.craigslist.org/for/d/columbus-wholesale-kitchen-cabinets/7010741135.html,,2019-11-19,US,2019-11-21
BS BUYERS ON HERE, Nov 19, &excats=134-40&min_price=5000001, New York, Binghamton, For Sale-Wanted, Collectibles, https://binghamton.craigslist.org/clt/d/binghamton-bs-buyers-on-here/7022894697.html,,2019-11-19,US,2019-11-21
TV  living room cabinet, Nov 19, &excats=134-40&min_price=5000001, New York, Hudson Valley, For Sale-Wanted, Furniture, https://hudsonvalley.craigslist.org/fuo/d/highland-mills-tv-living-room-cabinet/7004617327.html,,2019-11-19,US,2019-11-21
TV  living room cabinet, Nov 19, &excats=134-40&min_price=5000001, New York, Hudson Valley, For Sale-Wanted, Furniture, https://hudsonvalley.craigslist.org/fuo/d/highland-mills-tv-living-room-cabinet/7004616370.html,,2019-11-19,US,2019-11-21
OLD SWORD/DAGGERS/ARMOURS ETC., Nov 19, &excats=134-40&min_price=5000001, New York, Hudson Valley, For Sale-Wanted, Wanted, https://hudsonvalley.craigslist.org/wan/d/highland-mills-old-sword-daggers/7004615342.html,,2019-11-19,US,2019-11-21
Harley Sportster, Nov 19, &excats=134-40&min_price=5000001, New York, Rochester, For Sale-Wanted, Wanted, https://rochester.craigslist.org/wan/d/ontario-center-harley-sportster/7022980183.html,,2019-11-19,US,2019-11-21
Fisher Price Little People (multiple Items / Vintage), Nov 19, &excats=134-40&min_price=5000001, Iowa, Des Moines, For Sale-Wanted, Baby Kids by Owner, https://desmoines.craigslist.org/bab/d/grimes-fisher-price-little-people/7018792185.html,,2019-11-19,US,2019-11-21
old mts signsjunk, Nov 19, &excats=134-40&min_price=5000001, Iowa, Des Moines, For Sale-Wanted, Antique By Owner, https://desmoines.craigslist.org/atq/d/macon-old-mts-signsjunk/7023430264.html,,2019-11-19,US,2019-11-21
Buying Vintage Baseball/Football Cards! Cash Today!, Nov 19, &excats=134-40&min_price=5000001, Pennsylvania, Meadville, For Sale-Wanted, Wanted, https://meadville.craigslist.org/wan/d/buying-vintage-baseball-football-cards/7009250905.html,,2019-11-19,US,2019-11-21
Buying Vintage Baseball/Football Cards! Cash Today!, Nov 19, &excats=134-40&min_price=5000001, Pennsylvania, Meadville, For Sale-Wanted, Collectibles, https://meadville.craigslist.org/clt/d/buying-vintage-baseball-football-cards/7009249744.html,,2019-11-19,US,2019-11-21
Gently Used iPhone XS Max Grey 512GB AT&T, Nov 19, &excats=134-40&min_price=5000001, Pennsylvania, Philadelphia, For Sale-Wanted, Cell Phones, https://philadelphia.craigslist.org/mob/d/media-gently-used-iphone-xs-max-grey/7018191161.html,,2019-11-19,US,2019-11-21
2018 F150 parts, Nov 19, &excats=134-40&min_price=5000001, Pennsylvania, Philadelphia, For Sale-Wanted, Auto Parts by Owner, https://philadelphia.craigslist.org/pts/d/levittown-2018-f150-parts/7020130198.html,,2019-11-19,US,2019-11-21
Buying almost anything, Nov 19, &excats=134-40&min_price=5000001, Pennsylvania, Philadelphia, For Sale-Wanted, Wanted, https://philadelphia.craigslist.org/wan/d/bensalem-buying-almost-anything/7012929262.html,,2019-11-19,US,2019-11-21
1950 Dodge Coronet, Nov 19, &excats=134-40&min_price=5000001, Pennsylvania, Pittsburgh, For Sale-Wanted, Cars And Trucks, https://pittsburgh.craigslist.org/cto/d/aliquippa-1950-dodge-coronet/7023452942.html,,2019-11-19,US,2019-11-21
Snow plows, Nov 19, &excats=134-40&min_price=5000001, Pennsylvania, Pittsburgh, For Sale-Wanted, Heavy Equipment, https://pittsburgh.craigslist.org/hvo/d/aliquippa-snow-plows/7005847497.html,,2019-11-19,US,2019-11-21
Sheep&#39;s foot roller pads bolt on, Nov 19, &excats=134-40&min_price=5000001, Pennsylvania, Pittsburgh, For Sale-Wanted, Heavy Equipment, https://pittsburgh.craigslist.org/hvo/d/aliquippa-sheeps-foot-roller-pads-bolt/7005851054.html,,2019-11-19,US,2019-11-21
1994 Chevy S10 5 speed manual set up//extended cab/ parting out., Nov 19, &excats=134-40&min_price=5000001, Pennsylvania, Pittsburgh, For Sale-Wanted, Auto Parts by Owner, https://pittsburgh.craigslist.org/pts/d/van-voorhis-1994-chevy-s10-5-speed/7018494062.html,,2019-11-19,US,2019-11-21
Cb700 wristwatch drum lugs, Nov 19, &excats=134-40&min_price=5000001, Pennsylvania, Pittsburgh, For Sale-Wanted, Musical Instruments, https://pittsburgh.craigslist.org/msg/d/pittsburgh-cb700-wristwatch-drum-lugs/7021809805.html,,2019-11-19,US,2019-11-21
Buying estates nintendo toy games antique trains Electronic cleanout, Nov 19, &excats=134-40&min_price=5000001, Pennsylvania, Poconos, For Sale-Wanted, Wanted, https://poconos.craigslist.org/wan/d/canadensis-buying-estates-nintendo-toy/7014660674.html,,2019-11-19,US,2019-11-21
Somesville MDI 11/30/19 Flea Market, Nov 19, &excats=134-40&min_price=5000001, Maine, Maine, For Sale-Wanted, Collectibles, https://maine.craigslist.org/cbd/d/bar-harbor-somesville-mdi-flea-market/7022935995.html,,2019-11-19,US,2019-11-21
Catahoula Puppies, Nov 19, &excats=134-40&min_price=5000001, Missouri, Joplin, For Sale-Wanted, Farm and Garden, https://joplin.craigslist.org/grd/d/sarcoxie-catahoula-puppies/7023370056.html,,2019-11-19,US,2019-11-21
Jackson County property tax, Nov 19, &excats=134-40&min_price=5000001, Missouri, Kansas City, For Sale-Wanted, Antique By Owner, https://kansascity.craigslist.org/atq/d/raymore-jackson-county-property-tax/7022947034.html,,2019-11-19,US,2019-11-21
Jackson County property tax, Nov 19, &excats=134-40&min_price=5000001, Missouri, Kansas City, For Sale-Wanted, Antique By Owner, https://kansascity.craigslist.org/atq/d/raymore-jackson-county-property-tax/7011274086.html,,2019-11-19,US,2019-11-21
Jackson County property taxes, Nov 19, &excats=134-40&min_price=5000001, Missouri, Kansas City, For Sale-Wanted, Antique By Owner, https://kansascity.craigslist.org/atq/d/raymore-jackson-county-property-taxes/7016740810.html,,2019-11-19,US,2019-11-21
New Boat Dock with Lifts 3 Cleared Level Lots Pomme de Terre Lake, Nov 19, &excats=134-40&min_price=5000001, Missouri, Springfield, For Sale-Wanted, Boat Parts, https://springfield.craigslist.org/boa/d/pittsburg-new-boat-dock-with-lifts-3/7022960950.html,,2019-11-19,US,2019-11-21
Bell System tools Western Electric, Nov 19, &excats=134-40&min_price=5000001, Missouri, St Louis, For Sale-Wanted, Antique By Owner, https://stlouis.craigslist.org/atq/d/florissant-bell-system-tools-western/7006360630.html,,2019-11-19,US,2019-11-21
375h sullair compressor parting out, Nov 19, &excats=134-40&min_price=5000001, Oklahoma, Oklahoma City, For Sale-Wanted, Heavy Equipment, https://oklahomacity.craigslist.org/hvo/d/hammon-375h-sullair-compressor-parting/7023393240.html,,2019-11-19,US,2019-11-21
VINTAGE MASTER BUSINESS PLANS TEN BILLION DOLLAR BOND &quot;GOING TO SPACE&quot;, Nov 19, &excats=134-40&min_price=5000001, Oklahoma, Oklahoma City, For Sale-Wanted, Antique By Owner, https://oklahomacity.craigslist.org/atq/d/oklahoma-city-vintage-master-business/7023045078.html,,2019-11-19,US,2019-11-21
Buying Antiques Estates and Quality Furniture, Nov 19, &excats=134-40&min_price=5000001, Maryland, Annapolis, For Sale-Wanted, Wanted, https://annapolis.craigslist.org/wan/d/severn-buying-antiques-estates-and/7003681228.html,,2019-11-19,US,2019-11-21
Buying Antiques Estates and Quality Furniture, Nov 19, &excats=134-40&min_price=5000001, Maryland, Baltimore, For Sale-Wanted, Wanted, https://baltimore.craigslist.org/wan/d/severn-buying-antiques-estates-and/7005917670.html,,2019-11-19,US,2019-11-21
Brandname appliances! Wolfgang Puck Cuisinart Oster Miele Oreck, Nov 19, &excats=134-40&min_price=5000001, Maryland, Baltimore, For Sale-Wanted, Appliance by Owner, https://baltimore.craigslist.org/app/d/baltimore-brandname-appliances-wolfgang/7013930574.html,,2019-11-19,US,2019-11-21
Z/28 500 hp Trades Welcome 1 of 3500 built in 93 1st yr. Gen 4, Nov 19, &excats=134-40&min_price=5000001, Indiana, Indianapolis, For Sale-Wanted, General, https://indianapolis.craigslist.org/for/d/schoolcraft-hp-trades-welcome-1-of-3500/7011109541.html,,2019-11-19,US,2019-11-21
Comics for sale at Southport Antique Mall, Nov 19, &excats=134-40&min_price=5000001, Indiana, Indianapolis, For Sale-Wanted, Collectibles, https://indianapolis.craigslist.org/clt/d/indianapolis-comics-for-sale-at/7023302727.html,,2019-11-19,US,2019-11-21
Rare JBL AS4725NW Speakers, Nov 19, &excats=134-40&min_price=5000001, Indiana, Indianapolis, For Sale-Wanted, Electronics, https://indianapolis.craigslist.org/ele/d/franklin-rare-jbl-as4725nw-speakers/7023044080.html,,2019-11-19,US,2019-11-21
WTB damaged or crashed motorcycles for parts, Nov 19, &excats=134-40&min_price=5000001, New Jersey, South Jersey, For Sale-Wanted, Wanted, https://southjersey.craigslist.org/wan/d/pottersville-wtb-damaged-or-crashed/7023161312.html,,2019-11-19,US,2019-11-21
Lots of antiques(Read description), Nov 19, &excats=134-40&min_price=5000001, Florida, Lakeland, For Sale-Wanted, Antique By Owner, https://lakeland.craigslist.org/atq/d/winter-haven-lots-of-antiquesread-de-ion/7023463390.html,,2019-11-19,US,2019-11-21
Antique auction(Read description), Nov 19, &excats=134-40&min_price=5000001, Florida, Ocala, For Sale-Wanted, Antique By Owner, https://ocala.craigslist.org/atq/d/winter-haven-antique-auctionread-de-ion/7023486140.html,,2019-11-19,US,2019-11-21
help, Nov 19, &excats=134-40&min_price=5000001, Florida, Ocala, For Sale-Wanted, Wanted, https://ocala.craigslist.org/wan/d/homosassa-help/7019289477.html,Want,2019-11-19,US,2019-11-21
Antique auction(Read description), Nov 19, &excats=134-40&min_price=5000001, Florida, Orlando, For Sale-Wanted, Antique By Owner, https://orlando.craigslist.org/atq/d/winter-haven-antique-auctionread-de-ion/7023475010.html,,2019-11-19,US,2019-11-21
AUTHENTIC REPRODUCTION ANTIQUE 1950&#39;s FURNITURE BUSINESS  property, Nov 19, &excats=134-40&min_price=5000001, Florida, Orlando, For Sale-Wanted, Antique By Owner, https://orlando.craigslist.org/atq/d/orlando-authentic-reproduction-antique/7011101813.html,,2019-11-19,US,2019-11-21
????Iphone wanted????cash????????, Nov 19, &excats=134-40&min_price=5000001, Florida, Orlando, For Sale-Wanted, Wanted, https://orlando.craigslist.org/wad/d/dearing-iphone-wantedcash/7023223273.html,Want,2019-11-19,US,2019-11-21
Come check the treasure chest!, Nov 19, &excats=134-40&min_price=5000001, Florida, Pensacola, For Sale-Wanted, General, https://pensacola.craigslist.org/for/d/milton-come-check-the-treasure-chest/7023275166.html,,2019-11-19,US,2019-11-21
Sweet Dog for small rehoming fee, Nov 19, &excats=134-40&min_price=5000001, Florida, Space Coast, For Sale-Wanted, General, https://spacecoast.craigslist.org/for/d/cocoa-sweet-dog-for-small-rehoming-fee/7022880252.html,,2019-11-19,US,2019-11-21
HIRING HIRING HIRING, Nov 19, &excats=134-40&min_price=5000001, Texas, Austin, For Sale-Wanted, Wanted, https://austin.craigslist.org/wan/d/austin-hiring-hiring-hiring/7023295930.html,Want,2019-11-19,US,2019-11-21
$$ WE BUY ALL IPHONE 11 11 PRO MAX BRAND NEW --WILL PAY TOP CASH $$$, Nov 19, &excats=134-40&min_price=5000001, Texas, Austin, For Sale-Wanted, Wanted, https://austin.craigslist.org/wad/d/austin-we-buy-all-iphone-pro-max-brand/7023331340.html,,2019-11-19,US,2019-11-21
Cedar Bed Set, Nov 19, &excats=134-40&min_price=5000001, Texas, Austin, For Sale-Wanted, Furniture, https://austin.craigslist.org/fuo/d/belton-cedar-bed-set/7003712967.html,,2019-11-19,US,2019-11-21
$$ WE BUY ALL IPHONE 11 11 PRO MAX BRAND NEW --WILL PAY TOP CASH $$$, Nov 19, &excats=134-40&min_price=5000001, Texas, Austin, For Sale-Wanted, Wanted, https://austin.craigslist.org/wad/d/austin-we-buy-all-iphone-pro-max-brand/7023074685.html,,2019-11-19,US,2019-11-21
carpas mesas sillas jumping ballons party rentals, Nov 19, &excats=134-40&min_price=5000001, Texas, El Paso, For Sale-Wanted, General, https://elpaso.craigslist.org/for/d/el-paso-carpas-mesas-sillas-jumping/7018964164.html,,2019-11-19,US,2019-11-21
Mecanico mobile, Nov 19, &excats=134-40&min_price=5000001, Texas, El Paso, For Sale-Wanted, Motorcycle Parts, https://elpaso.craigslist.org/mpo/d/el-paso-mecanico-mobile/7019000861.html,,2019-11-19,US,2019-11-21
carpas mesas sillas jumping ballons party rentals, Nov 19, &excats=134-40&min_price=5000001, Texas, El Paso, For Sale-Wanted, General, https://elpaso.craigslist.org/for/d/el-paso-carpas-mesas-sillas-jumping/7023011486.html,,2019-11-19,US,2019-11-21
GOLDWISER, Nov 19, &excats=134-40&min_price=5000001, Texas, Houston, For Sale-Wanted, Wanted, https://houston.craigslist.org/wan/d/houston-goldwiser/7023073838.html,,2019-11-19,US,2019-11-21
GOLDWISER, Nov 19, &excats=134-40&min_price=5000001, Texas, Houston, For Sale-Wanted, Wanted, https://houston.craigslist.org/wan/d/houston-goldwiser/7023066653.html,,2019-11-19,US,2019-11-21
2003 chevy 2500 4x4, Nov 19, &excats=134-40&min_price=5000001, Texas, Houston, For Sale-Wanted, Auto Parts by Owner, https://houston.craigslist.org/pts/d/channelview-2003-chevy-x4/7018463318.html,,2019-11-19,US,2019-11-21
DIY Welding Bed Kits, Nov 19, &excats=134-40&min_price=5000001, Texas, Houston, For Sale-Wanted, Auto Parts by Owner, https://houston.craigslist.org/pts/d/clute-diy-welding-bed-kits/7022924040.html,,2019-11-19,US,2019-11-21
King Cedar Bed Set- Beautiful, Nov 19, &excats=134-40&min_price=5000001, Texas, Lubbock, For Sale-Wanted, Furniture, https://lubbock.craigslist.org/fuo/d/belton-king-cedar-bed-set-beautiful/7007341173.html,,2019-11-19,US,2019-11-21
Spanish Mexican /English music 45 RPM/, Nov 19, &excats=134-40&min_price=5000001, Texas, San Antonio, For Sale-Wanted, Collectibles, https://sanantonio.craigslist.org/clt/d/von-ormy-spanish-mexican-english-music/7019580295.html,,2019-11-19,US,2019-11-21
John Deere Compact Construction Equipment, Nov 19, &excats=134-40&min_price=5000001, Texas, San Marcos, For Sale-Wanted, Heavy Equipment, https://sanmarcos.craigslist.org/hvd/d/new-braunfels-john-deere-compact/7023221422.html,,2019-11-19,US,2019-11-21
Wanted Borla S Type 2 muffler corvette, Nov 19, &excats=134-40&min_price=5000001, Nevada, Las Vegas, For Sale-Wanted, Auto Parts by Owner, https://lasvegas.craigslist.org/pts/d/auburn-wanted-borla-type-2-muffler/7021650544.html,Want,2019-11-19,US,2019-11-21
Samsung 4 door fridge, Nov 19, &excats=134-40&min_price=5000001, Nevada, Las Vegas, For Sale-Wanted, Appliance by Owner, https://lasvegas.craigslist.org/app/d/las-vegas-samsung-4-door-fridge/7023205439.html,,2019-11-19,US,2019-11-21
Antique Mirror, Nov 19, &excats=134-40&min_price=5000001, Nevada, Las Vegas, For Sale-Wanted, Antique By Owner, https://lasvegas.craigslist.org/atq/d/las-vegas-antique-mirror/7023170785.html,,2019-11-19,US,2019-11-21
SKULLS!!!!, Nov 19, &excats=134-40&min_price=5000001, Nevada, Las Vegas, For Sale-Wanted, Collectibles, https://lasvegas.craigslist.org/clt/d/las-vegas-skulls/7005559676.html,,2019-11-19,US,2019-11-21
Transmission - Hanson Automatic Transmission, Nov 19, &excats=134-40&min_price=5000001, Massachusetts, Boston, For Sale-Wanted, General, https://boston.craigslist.org/sob/for/d/kingston-transmission-hanson-automatic/7017190867.html,,2019-11-19,US,2019-11-21
Art Deco Sofa, Nov 19, &excats=134-40&min_price=5000001, Massachusetts, Boston, For Sale-Wanted, Antique By Owner, https://boston.craigslist.org/gbs/atq/d/north-providence-art-deco-sofa/7008804988.html,,2019-11-19,US,2019-11-21
Want to buy damaged no title sport bike motorcycles for parts, Nov 19, &excats=134-40&min_price=5000001, South Carolina, Columbia, For Sale-Wanted, Motorcycles, https://columbia.craigslist.org/mcy/d/lugoff-want-to-buy-damaged-no-title/7023222326.html,Want,2019-11-19,US,2019-11-21
Want to buy wtb sport bikes with damage/no title, Nov 19, &excats=134-40&min_price=5000001, South Carolina, Columbia, For Sale-Wanted, Wanted, https://columbia.craigslist.org/wan/d/lugoff-want-to-buy-wtb-sport-bikes-with/7023163519.html,Want,2019-11-19,US,2019-11-21
Want to buy  parts sport bikes motorcycles with damage for parts, Nov 19, &excats=134-40&min_price=5000001, South Carolina, Myrtle Beach, For Sale-Wanted, Wanted, https://myrtlebeach.craigslist.org/wan/d/conway-want-to-buy-parts-sport-bikes/7023166341.html,Want,2019-11-19,US,2019-11-21
WTB Interested in buying DAMAGED/unwanted sport bikes, Nov 19, &excats=134-40&min_price=5000001, South Carolina, Myrtle Beach, For Sale-Wanted, Motorcycle Parts, https://myrtlebeach.craigslist.org/mpo/d/myrtle-beach-wtb-interested-in-buying/7023143862.html,Want,2019-11-19,US,2019-11-21
Elvis Elvis Elvis, Nov 19, &excats=134-40&min_price=5000001, South Carolina, Myrtle Beach, For Sale-Wanted, CDs DVDs, https://myrtlebeach.craigslist.org/emd/d/conway-elvis-elvis-elvis/7023093133.html,,2019-11-19,US,2019-11-21
store wide sale, Nov 19, &excats=134-40&min_price=5000001, Kentucky, Louisville, For Sale-Wanted, Art by Owner, https://louisville.craigslist.org/art/d/louisville-store-wide-sale/7018624037.html,,2019-11-19,US,2019-11-21
store wide sale, Nov 19, &excats=134-40&min_price=5000001, Kentucky, Louisville, For Sale-Wanted, Household, https://louisville.craigslist.org/hsh/d/louisville-store-wide-sale/7018619899.html,,2019-11-19,US,2019-11-21
Rare JBL AS4725NW Speakers, Nov 19, &excats=134-40&min_price=5000001, Kentucky, Louisville, For Sale-Wanted, Electronics, https://louisville.craigslist.org/ele/d/franklin-rare-jbl-as4725nw-speakers/7021644559.html,,2019-11-19,US,2019-11-21
47 Dodge 1/2 pick Frame Rad 5 wheels Flat Head Rad & Rear NO CAB NO BUMPERS, Nov 19, &excats=134-40&min_price=5000001, Tennessee, Knoxville, For Sale-Wanted, Auto Parts by Owner, https://knoxville.craigslist.org/pts/d/kodak-47-dodge-1-2-pick-frame-rad-5/7023509905.html,,2019-11-19,US,2019-11-21
Warwick 5 String bass sets - 2 FOR $25, Nov 19, &excats=134-40&min_price=5000001, Tennessee, Nashville, For Sale-Wanted, Musical Instruments, https://nashville.craigslist.org/msg/d/nashville-warwick-5-string-bass-sets-2/7023121286.html,,2019-11-19,US,2019-11-21
auto related items, Nov 19, &excats=134-40&min_price=5000001, Tennessee, Nashville, For Sale-Wanted, Antique By Owner, https://nashville.craigslist.org/atq/d/mount-juliet-auto-related-items/7017819202.html,,2019-11-19,US,2019-11-21
????WE BUY PHONES AND PAY INSTANT CASH????, Nov 19, &excats=134-40&min_price=5000001, California, Bakersfield, For Sale-Wanted, Cell Phones by Dealer, https://bakersfield.craigslist.org/mod/d/lamont-we-buy-phones-and-pay-instant/7023269205.html,,2019-11-19,US,2019-11-21
1940 Chevy, Nov 19, &excats=134-40&min_price=5000001, California, Bakersfield, For Sale-Wanted, Auto Parts by Owner, https://bakersfield.craigslist.org/pts/d/bakersfield-1940-chevy/7017309951.html,,2019-11-19,US,2019-11-21
Wanted All Motorhomes/Trailers, Nov 19, &excats=134-40&min_price=5000001, California, Bakersfield, For Sale-Wanted, NA, https://bakersfield.craigslist.org/tro/d/bakersfield-wanted-all-motorhomes/7022963224.html,Want,2019-11-19,US,2019-11-21
We buy forklifts any condition.......??, Nov 19, &excats=134-40&min_price=5000001, California, Inland Empire, For Sale-Wanted, Wanted, https://inlandempire.craigslist.org/wan/d/ontario-we-buy-forklifts-any-condition/7004837469.html,,2019-11-19,US,2019-11-21
Wanted any RVs/travel trailer will pay cash, Nov 19, &excats=134-40&min_price=5000001, California, Los Angeles, For Sale-Wanted, Wanted, https://losangeles.craigslist.org/lgb/wan/d/norwalk-wanted-any-rvs-travel-trailer/7020794017.html,Want,2019-11-19,US,2019-11-21
1963 & 67 Chevy pickups parts with titles, Nov 19, &excats=134-40&min_price=5000001, California, Los Angeles, For Sale-Wanted, Auto Parts by Owner, https://losangeles.craigslist.org/lgb/pts/d/lake-havasu-city-chevy-pickups-parts/7023385848.html,,2019-11-19,US,2019-11-21
**** Needing some financial advice/help, Nov 19, &excats=134-40&min_price=5000001, California, Los Angeles, For Sale-Wanted, Wanted, https://losangeles.craigslist.org/wst/wan/d/los-angeles-needing-some-financial/7014258305.html,Want,2019-11-19,US,2019-11-21
Warhammer Black Library/Codex/Games Workshop Book Lot, Nov 19, &excats=134-40&min_price=5000001, California, Los Angeles, For Sale-Wanted, Books, https://losangeles.craigslist.org/lgb/bks/d/long-beach-warhammer-black-library/7023271757.html,,2019-11-19,US,2019-11-21
Used office furniture for sale, Nov 19, &excats=134-40&min_price=5000001, California, Los Angeles, For Sale-Wanted, Furniture, https://losangeles.craigslist.org/sfv/fuo/d/burbank-used-office-furniture-for-sale/7023219957.html,,2019-11-19,US,2019-11-21
SHELBY GT350R MUSTANG 2019, Nov 19, &excats=134-40&min_price=5000001, California, Los Angeles, For Sale-Wanted, Cars And by Dealer, https://losangeles.craigslist.org/sgv/ctd/d/alhambra-shelby-gt350r-mustang-2019/7023185605.html,,2019-11-19,US,2019-11-21
we___Beat___all__ WE ___ PAY ___ BEST ___ FOR ___ iPHONE ____ iCloud, Nov 19, &excats=134-40&min_price=5000001, California, Los Angeles, For Sale-Wanted, Wanted, https://losangeles.craigslist.org/lac/wad/d/los-angeles-webeatall-we-pay-best-for/7023173442.html,,2019-11-19,US,2019-11-21
we___Beat___all__ WE ___ PAY ___ BEST ___ FOR ___ iPHONE ____ iCloud, Nov 19, &excats=134-40&min_price=5000001, California, Los Angeles, For Sale-Wanted, Wanted, https://losangeles.craigslist.org/lac/wad/d/los-angeles-webeatall-we-pay-best-for/7023168741.html,,2019-11-19,US,2019-11-21
we___Beat___all__ WE ___ PAY ___ BEST ___ FOR ___ iPHONE ____ iCloud, Nov 19, &excats=134-40&min_price=5000001, California, Los Angeles, For Sale-Wanted, Wanted, https://losangeles.craigslist.org/lac/wad/d/los-angeles-webeatall-we-pay-best-for/7023166800.html,,2019-11-19,US,2019-11-21
Toyota Forklift For Sale Forklifts, Nov 19, &excats=134-40&min_price=5000001, California, Los Angeles, For Sale-Wanted, General, https://losangeles.craigslist.org/sgv/for/d/santa-fe-springs-toyota-forklift-for/7019421246.html,,2019-11-19,US,2019-11-21
We buy forklifts any condition.......??, Nov 19, &excats=134-40&min_price=5000001, California, Los Angeles, For Sale-Wanted, Heavy Equipment, https://losangeles.craigslist.org/lac/hvo/d/ontario-we-buy-forklifts-any-condition/7022909408.html,,2019-11-19,US,2019-11-21
We buy forklifts any condition.......??, Nov 19, &excats=134-40&min_price=5000001, California, Los Angeles, For Sale-Wanted, Heavy Equipment, https://losangeles.craigslist.org/lac/hvo/d/ontario-we-buy-forklifts-any-condition/7019828516.html,,2019-11-19,US,2019-11-21
We buy forklifts any condition.......??, Nov 19, &excats=134-40&min_price=5000001, California, Los Angeles, For Sale-Wanted, Heavy Equipment, https://losangeles.craigslist.org/lac/hvo/d/ontario-we-buy-forklifts-any-condition/7019829579.html,,2019-11-19,US,2019-11-21
storage vans 28&#39; to  45&#39;     reduced, Nov 19, &excats=134-40&min_price=5000001, California, Modesto, For Sale-Wanted, Farm and Garden, https://modesto.craigslist.org/grd/d/turlock-storage-vans-28-to-45-reduced/7004903059.html,,2019-11-19,US,2019-11-21
CASH FOR MODEL TRAIN COLLECTIONS!, Nov 19, &excats=134-40&min_price=5000001, California, Orange County, For Sale-Wanted, Wanted, https://orangecounty.craigslist.org/wan/d/newport-beach-cash-for-model-train/7004387918.html,,2019-11-19,US,2019-11-21
Tons of bbc parts, Nov 19, &excats=134-40&min_price=5000001, California, Sacramento, For Sale-Wanted, Auto Parts by Owner, https://sacramento.craigslist.org/pts/d/roseville-tons-of-bbc-parts/7004677149.html,,2019-11-19,US,2019-11-21
Oak $270eucalyptus $230pine$210 best price, Nov 19, &excats=134-40&min_price=5000001, California, San Diego, For Sale-Wanted, General, https://sandiego.craigslist.org/esd/for/d/ramona-oak-270eucalyptus-230pine210/7023508408.html,,2019-11-19,US,2019-11-21
Old speakers and stereo equipment, Nov 19, &excats=134-40&min_price=5000001, California, San Diego, For Sale-Wanted, Wanted, https://sandiego.craigslist.org/csd/wan/d/san-diego-old-speakers-and-stereo/7021647735.html,,2019-11-19,US,2019-11-21
Oak $270eucalyptus $230pine$210 best price, Nov 19, &excats=134-40&min_price=5000001, California, San Diego, For Sale-Wanted, General, https://sandiego.craigslist.org/esd/for/d/ramona-oak-270eucalyptus-230pine210/7023086887.html,,2019-11-19,US,2019-11-21
WANTED TO BUY YOUR OLD FILM & DIGITAL CAMERAS AND LENSES, Nov 19, &excats=134-40&min_price=5000001, California, Santa Barbara, For Sale-Wanted, Photo And Video, https://santabarbara.craigslist.org/pho/d/ventura-wanted-to-buy-your-old-film/7023537919.html,Want,2019-11-19,US,2019-11-21
WANTED TO BUY YOUR OLD FILM & DIGITAL CAMERAS AND LENSES, Nov 19, &excats=134-40&min_price=5000001, California, Santa Barbara, For Sale-Wanted, Photo And Video, https://santabarbara.craigslist.org/pho/d/ventura-wanted-to-buy-your-old-film/7023537647.html,Want,2019-11-19,US,2019-11-21
Dirt Bike Riding Gear and Parts, Nov 19, &excats=134-40&min_price=5000001, Kansas, Lawrence, For Sale-Wanted, Motorcycle Parts, https://topeka.craigslist.org/mpo/d/lawrence-dirt-bike-riding-gear-and-parts/7022975976.html,,2019-11-19,US,2019-11-21
Dirt Bike Riding Gear and Parts, Nov 19, &excats=134-40&min_price=5000001, Kansas, Topeka, For Sale-Wanted, Motorcycle Parts, https://topeka.craigslist.org/mpo/d/lawrence-dirt-bike-riding-gear-and-parts/7022975976.html,,2019-11-19,US,2019-11-21
2002 CRESTLINER SUPER HAWK YAMAHA& EZ LOADER, Nov 19, &excats=134-40&min_price=5000001, Virginia, Charlottesville, For Sale-Wanted, Boat Parts, https://charlottesville.craigslist.org/boa/d/mineral-2002-crestliner-super-hawk/7023309159.html,,2019-11-19,US,2019-11-21
Do you need extra Christmas cash? Sell me your old stuff, Nov 19, &excats=134-40&min_price=5000001, Virginia, Fredericksburg, For Sale-Wanted, Wanted, https://fredericksburg.craigslist.org/wan/d/fredericksburg-do-you-need-extra/7023182353.html,Want,2019-11-19,US,2019-11-21
Vintage Oil cans, Nov 19, &excats=134-40&min_price=5000001, Virginia, Fredericksburg, For Sale-Wanted, Wanted, https://fredericksburg.craigslist.org/wan/d/fredericksburg-vintage-oil-cans/7018045834.html,,2019-11-19,US,2019-11-21
Vintage Hunting, Nov 19, &excats=134-40&min_price=5000001, Virginia, Fredericksburg, For Sale-Wanted, Wanted, https://fredericksburg.craigslist.org/wan/d/fredericksburg-vintage-hunting/7018049828.html,,2019-11-19,US,2019-11-21
Antiques & Artwork Wanted Cash Paid!, Nov 19, &excats=134-40&min_price=5000001, Idaho, Boise, For Sale-Wanted, Wanted, https://boise.craigslist.org/wad/d/boise-antiques-artwork-wanted-cash-paid/7022975067.html,Want,2019-11-19,US,2019-11-21
I Buy All Travel Trailers 5th Wheel Motor Homes Pop Ups for CASH, Nov 19, &excats=134-40&min_price=5000001, Georgia, Atlanta, For Sale-Wanted, RVs, https://atlanta.craigslist.org/atl/rvd/d/marietta-buy-all-travel-trailers-5th/7023129001.html,,2019-11-19,US,2019-11-21
Want to buy crashed/damaged sport bikes for parts, Nov 19, &excats=134-40&min_price=5000001, Georgia, Augusta, For Sale-Wanted, Wanted, https://augusta.craigslist.org/wan/d/grovetown-want-to-buy-crashed-damaged/7023169160.html,Want,2019-11-19,US,2019-11-21
Looking to buy damaged sport bikes, Nov 19, &excats=134-40&min_price=5000001, Georgia, Augusta, For Sale-Wanted, Motorcycle Parts, https://augusta.craigslist.org/mpo/d/dearing-looking-to-buy-damaged-sport/7023154592.html,Want,2019-11-19,US,2019-11-21
WANTED PARTNER CHAINSAW P SERIES, Nov 19, &excats=134-40&min_price=5000001, Montana, Kalispell, For Sale-Wanted, Tools, https://kalispell.craigslist.org/tls/d/kalispell-wanted-partner-chainsaw-series/7010520571.html,Want,2019-11-19,US,2019-11-21
92-97ish Honda accord parts, Nov 19, &excats=134-40&min_price=5000001, Montana, Missoula, For Sale-Wanted, Auto Parts by Owner, https://missoula.craigslist.org/pts/d/missoula-92-97ish-honda-accord-parts/7016705315.html,,2019-11-19,US,2019-11-21
HORROR VHS TAPES and VINYL RECORDS, Nov 19, &excats=134-40&min_price=5000001, Utah, Salt Lake City, For Sale-Wanted, Wanted, https://saltlakecity.craigslist.org/wan/d/west-jordan-horror-vhs-tapes-and-vinyl/7023383675.html,,2019-11-19,US,2019-11-21
3 CONFEDERATE CIVIL WAR $50 DOLLAR NOTES, Nov 19, &excats=134-40&min_price=5000001, Alabama, Birmingham, For Sale-Wanted, Antique By Owner, https://bham.craigslist.org/atq/d/birmingham-3-confederate-civil-war-50/7017678101.html,,2019-11-19,US,2019-11-21
Ca$h For Comic Books!, Nov 19, &excats=134-40&min_price=5000001, Alabama, Mobile, For Sale-Wanted, Wanted, https://mobile.craigslist.org/wan/d/creola-cah-for-comic-books/7023541317.html,,2019-11-19,US,2019-11-21
Simple streamlined folio design. The Smart Keyboa, Nov 19, &excats=134-40&min_price=5000001, District of Columbia, Washington, For Sale-Wanted, Cell Phones, https://washingtondc.craigslist.org/doc/mob/d/washington-simple-streamlined-folio/7006874495.html,,2019-11-19,US,2019-11-21
I dont think its a first edition but a few years after, Nov 19, &excats=134-40&min_price=5000001, District of Columbia, Washington, For Sale-Wanted, Cell Phones, https://washingtondc.craigslist.org/mld/mob/d/oxon-hill-dont-think-its-first-edition/7012287162.html,,2019-11-19,US,2019-11-21
Season 6 forever opened up the world of The Walking Dead. Rick, Nov 19, &excats=134-40&min_price=5000001, District of Columbia, Washington, For Sale-Wanted, Cell Phones, https://washingtondc.craigslist.org/nva/mob/d/springfield-season-6-forever-opened-up/7013992644.html,,2019-11-19,US,2019-11-21
Command key to see shortcuts in any app that supports them., Nov 19, &excats=134-40&min_price=5000001, District of Columbia, Washington, For Sale-Wanted, Cell Phones, https://washingtondc.craigslist.org/doc/mob/d/washington-command-key-to-see-shortcuts/7012269312.html,,2019-11-19,US,2019-11-21
Calderon at Sonic Ranch Recording, Nov 19, &excats=134-40&min_price=5000001, District of Columbia, Washington, For Sale-Wanted, Cell Phones, https://washingtondc.craigslist.org/doc/mob/d/washington-calderon-at-sonic-ranch/7017553801.html,,2019-11-19,US,2019-11-21
Slight Donation: Using the multitude of artifacts he possesses he brut, Nov 19, &excats=134-40&min_price=5000001, District of Columbia, Washington, For Sale-Wanted, Cell Phones, https://washingtondc.craigslist.org/mld/mob/d/oxon-hill-slight-donation-using-the/7012461066.html,,2019-11-19,US,2019-11-21
Intef III was the third pharaoh of the Eleventh Dynasty, Nov 19, &excats=134-40&min_price=5000001, District of Columbia, Washington, For Sale-Wanted, Cell Phones, https://washingtondc.craigslist.org/nva/mob/d/alexandria-intef-iii-was-the-third/7012442051.html,,2019-11-19,US,2019-11-21
Loch Ness monster disease: I had heard of this thing called profit, Nov 19, &excats=134-40&min_price=5000001, District of Columbia, Washington, For Sale-Wanted, Cell Phones, https://washingtondc.craigslist.org/nva/mob/d/alexandria-loch-ness-monster-disease/7017530215.html,,2019-11-19,US,2019-11-21
The T-3000 is an extremely advanced model Terminator series produced b, Nov 19, &excats=134-40&min_price=5000001, District of Columbia, Washington, For Sale-Wanted, Cell Phones, https://washingtondc.craigslist.org/nva/mob/d/alexandria-the-3000-is-an-extremely/7006335442.html,,2019-11-19,US,2019-11-21
Biography  Background  Whis has an elder sister Vados who has trained, Nov 19, &excats=134-40&min_price=5000001, District of Columbia, Washington, For Sale-Wanted, Cell Phones, https://washingtondc.craigslist.org/doc/mob/d/washington-biography-background-whis/7005510604.html,,2019-11-19,US,2019-11-21
T-X[1] or T-X Terminatrix[2][3] is a highly advanced model of Termin, Nov 19, &excats=134-40&min_price=5000001, District of Columbia, Washington, For Sale-Wanted, Cell Phones, https://washingtondc.craigslist.org/mld/mob/d/oxon-hill-x1-or-x-terminatrix23-is/7006257704.html,,2019-11-19,US,2019-11-21
Using a miniature turntable he was able to create sonic blasts which, Nov 19, &excats=134-40&min_price=5000001, District of Columbia, Washington, For Sale-Wanted, Cell Phones, https://washingtondc.craigslist.org/doc/mob/d/washington-using-miniature-turntable-he/7006289725.html,,2019-11-19,US,2019-11-21
King and Queen is constantly torn between her empathetic and hardnose, Nov 19, &excats=134-40&min_price=5000001, District of Columbia, Washington, For Sale-Wanted, Cell Phones, https://washingtondc.craigslist.org/doc/mob/d/washington-king-and-queen-is-constantly/7006196940.html,,2019-11-19,US,2019-11-21
Before an appropriate police, Nov 19, &excats=134-40&min_price=5000001, District of Columbia, Washington, For Sale-Wanted, Cell Phones, https://washingtondc.craigslist.org/nva/mob/d/springfield-before-an-appropriate-police/7017553969.html,,2019-11-19,US,2019-11-21
Buying Antiques Estates and Quality Furniture, Nov 19, &excats=134-40&min_price=5000001, District of Columbia, Washington, For Sale-Wanted, Wanted, https://washingtondc.craigslist.org/mld/wan/d/severn-buying-antiques-estates-and/7003195017.html,,2019-11-19,US,2019-11-21
Wolverines/Ohio State tickets wanted, Nov 19, &excats=134-40&min_price=5000001, Michigan, Ann Arbor, For Sale-Wanted, Tickets, https://annarbor.craigslist.org/tix/d/chicago-wolverines-ohio-state-tickets/7023004152.html,Want,2019-11-19,US,2019-11-21
Wanted a place to sell my handbags, Nov 19, &excats=134-40&min_price=5000001, Oregon, Bend, For Sale-Wanted, Wanted, https://bend.craigslist.org/wan/d/bend-wanted-place-to-sell-my-handbags/7020389083.html,Want,2019-11-19,US,2019-11-21
Rottweiler puppy, Nov 19, &excats=134-40&min_price=5000001, Oregon, Oregon Coast, For Sale-Wanted, Farm and Garden, https://oregoncoast.craigslist.org/grd/d/toledo-rottweiler-puppy/7023379565.html,,2019-11-19,US,2019-11-21
1991 Volvo 240 wagon, Nov 19, &excats=134-40&min_price=5000001, Oregon, Portland, For Sale-Wanted, Auto Parts by Owner, https://portland.craigslist.org/mlt/pts/d/portland-1991-volvo-240-wagon/7023436095.html,,2019-11-19,US,2019-11-21
???BUYING GALAXY & IPHONES GUARANTEED BEST PRICES, Nov 19, &excats=134-40&min_price=5000001, Oregon, Portland, For Sale-Wanted, Wanted, https://portland.craigslist.org/wsc/wad/d/beaverton-buying-galaxy-iphones/7023439521.html,,2019-11-19,US,2019-11-21
Want to buy old motorcycle quad scooter parts, Nov 19, &excats=134-40&min_price=5000001, Oregon, Salem, For Sale-Wanted, Wanted, https://salem.craigslist.org/wan/d/salem-want-to-buy-old-motorcycle-quad/7020535926.html,Want,2019-11-19,US,2019-11-21
1960s Atomic Westclox Starburst Nocord Clock, Nov 18, &excats=134-40&min_price=5000001, Connecticut, New Haven, For Sale-Wanted, Appliance by Owner, https://newhaven.craigslist.org/app/d/new-haven-1960s-atomic-westclox/7021295755.html,,2019-11-18,US,2019-11-21
Need to sell your home fast!? Give us a call!!, Nov 18, &excats=134-40&min_price=5000001, Arizona, Phoenix, For Sale-Wanted, Wanted, https://phoenix.craigslist.org/nph/wan/d/tempe-need-to-sell-your-home-fast-give/7022882771.html,Want,2019-11-18,US,2019-11-21
buying military bayonets helmets knives ww2 wwii nazi bayonets swords, Nov 18, &excats=134-40&min_price=5000001, Arizona, Phoenix, For Sale-Wanted, Antiques By Dealer, https://phoenix.craigslist.org/evl/atd/d/paradise-valley-buying-military/7022450286.html,,2019-11-18,US,2019-11-21
furniture, Nov 18, &excats=134-40&min_price=5000001, Arizona, Prescott, For Sale-Wanted, Furniture, https://prescott.craigslist.org/fuo/d/mayer-furniture/7022343038.html,,2019-11-18,US,2019-11-21
Wanted..Lawn Roller, Nov 18, &excats=134-40&min_price=5000001, Wisconsin, Green Bay, For Sale-Wanted, Wanted, https://greenbay.craigslist.org/wan/d/green-bay-wantedlawn-roller/7010217739.html,Want,2019-11-18,US,2019-11-21
launch obd2, Nov 18, &excats=134-40&min_price=5000001, Wisconsin, La Crosse, For Sale-Wanted, Auto Parts by Owner, https://lacrosse.craigslist.org/pts/d/west-salem-launch-obd2/7007764335.html,,2019-11-18,US,2019-11-21
Barn Board Barn Tin and beams, Nov 18, &excats=134-40&min_price=5000001, Wisconsin, Wausau, For Sale-Wanted, Materials, https://wausau.craigslist.org/mat/d/ringle-barn-board-barn-tin-and-beams/7022525039.html,,2019-11-18,US,2019-11-21
Feed Mill Bins & Equipment, Nov 18, &excats=134-40&min_price=5000001, Wisconsin, Wausau, For Sale-Wanted, General, https://wausau.craigslist.org/for/d/dorchester-feed-mill-bins-equipment/7018860143.html,,2019-11-18,US,2019-11-21
Garage sale!!!!!, Nov 18, &excats=134-40&min_price=5000001, Colorado, Denver, For Sale-Wanted, Sporting Goods, https://denver.craigslist.org/spo/d/denver-garage-sale/7022336993.html,,2019-11-18,US,2019-11-21
WANTED BEARS TICKETS OR PARKING PASSES, Nov 18, &excats=134-40&min_price=5000001, Illinois, Chicago, For Sale-Wanted, Tickets, https://chicago.craigslist.org/chc/tix/d/chicago-wanted-bears-tickets-or-parking/7003584125.html,Want,2019-11-18,US,2019-11-21
SPORTS FIGURINES & MORE, Nov 18, &excats=134-40&min_price=5000001, Illinois, Chicago, For Sale-Wanted, Collectibles, https://chicago.craigslist.org/nwi/clt/d/griffith-sports-figurines-more/7004602747.html,,2019-11-18,US,2019-11-21
WANTED BEARS TICKETS OR PARKING PASSES, Nov 18, &excats=134-40&min_price=5000001, Illinois, Chicago, For Sale-Wanted, Tickets, https://chicago.craigslist.org/chc/tix/d/chicago-wanted-bears-tickets-or-parking/7003262669.html,Want,2019-11-18,US,2019-11-21
Auto mechanic, Nov 18, &excats=134-40&min_price=5000001, Illinois, Chicago, For Sale-Wanted, Auto Parts by Owner, https://chicago.craigslist.org/sox/pts/d/riverdale-auto-mechanic/7022284699.html,,2019-11-18,US,2019-11-21
Auto mechanic, Nov 18, &excats=134-40&min_price=5000001, Illinois, Chicago, For Sale-Wanted, Auto Parts by Owner, https://chicago.craigslist.org/sox/pts/d/riverdale-auto-mechanic/7022284431.html,,2019-11-18,US,2019-11-21
Auto mechanic, Nov 18, &excats=134-40&min_price=5000001, Illinois, Chicago, For Sale-Wanted, Auto Parts by Owner, https://chicago.craigslist.org/sox/pts/d/riverdale-auto-mechanic/7022284317.html,,2019-11-18,US,2019-11-21
Auto mechanic, Nov 18, &excats=134-40&min_price=5000001, Illinois, Chicago, For Sale-Wanted, Auto Parts by Owner, https://chicago.craigslist.org/sox/pts/d/riverdale-auto-mechanic/7022284200.html,,2019-11-18,US,2019-11-21
LOOKING FOR OLD JIM BEAM / WHISKEY BOURBON DECANTERS, Nov 18, &excats=134-40&min_price=5000001, Illinois, Chicago, For Sale-Wanted, Wanted, https://chicago.craigslist.org/sox/wan/d/justice-looking-for-old-jim-beam/7018424097.html,Want,2019-11-18,US,2019-11-21
LOOKING FOR OLD DUSTY UNOPENED LIQUOR / WHISKEY / BOURBON BOTTLE, Nov 18, &excats=134-40&min_price=5000001, Illinois, Chicago, For Sale-Wanted, Wanted, https://chicago.craigslist.org/sox/wan/d/oak-lawn-looking-for-old-dusty-unopened/7018424453.html,Want,2019-11-18,US,2019-11-21
Thursday Evening Auction Nov. 21 2019 at 4 PM, Nov 18, &excats=134-40&min_price=5000001, Illinois, Peoria, For Sale-Wanted, Collectibles, https://peoria.craigslist.org/cbd/d/groveland-thursday-evening-auction-nov/7022775480.html,,2019-11-18,US,2019-11-21
Antiques from around the world 711 W st.Germain St., Nov 18, &excats=134-40&min_price=5000001, Minnesota, St Cloud, For Sale-Wanted, Antique By Owner, https://stcloud.craigslist.org/atq/d/saint-cloud-antiques-from-around-the/7013993101.html,,2019-11-18,US,2019-11-21
$$$ Paying CASH for VINYL RECORD ALBUMS and VINTAGE STEREO EQUIPMENT $$$, Nov 18, &excats=134-40&min_price=5000001, North Carolina, Fayetteville, For Sale-Wanted, Wanted, https://fayetteville.craigslist.org/wan/d/paying-cash-for-vinyl-record-albums-and/7017634312.html,,2019-11-18,US,2019-11-21
Commercial grade Polan pro riding mower, Nov 18, &excats=134-40&min_price=5000001, Ohio, Columbus, For Sale-Wanted, Farm and Garden, https://columbus.craigslist.org/grd/d/philo-commercial-grade-polan-pro-riding/7022265848.html,,2019-11-18,US,2019-11-21
UPDATE! Parts & Project Cars & Trucks 1920&#39;s-80&#39;s 100&#39;s of Cars, Nov 18, &excats=134-40&min_price=5000001, Ohio, Sandusky, For Sale-Wanted, Auto Parts by Dealer, https://sandusky.craigslist.org/ptd/d/great-bend-update-parts-project-cars/7022834601.html,,2019-11-18,US,2019-11-21
Antique toys /Dinky capstan marbles vintage viewfinder slotcar, Nov 18, &excats=134-40&min_price=5000001, New York, Albany, For Sale-Wanted, Antique By Owner, https://albany.craigslist.org/atq/d/clifton-park-antique-toys-dinky-capstan/7016281129.html,Want,2019-11-18,US,2019-11-21
Various Christmas items and decorations and collectibles, Nov 18, &excats=134-40&min_price=5000001, New York, Albany, For Sale-Wanted, Household, https://albany.craigslist.org/hsh/d/waterford-various-christmas-items-and/7022535149.html,,2019-11-18,US,2019-11-21
BUYING VINYL RECORDS - NEED EXTRA CASH FOR GIFTS?, Nov 18, &excats=134-40&min_price=5000001, New York, Buffalo, For Sale-Wanted, Wanted, https://buffalo.craigslist.org/wan/d/north-tonawanda-buying-vinyl-records/7014856666.html,Want,2019-11-18,US,2019-11-21
!! Z400 COMPLETE PART OUT KFX Z400 DVX400!!, Nov 18, &excats=134-40&min_price=5000001, New York, Buffalo, For Sale-Wanted, ATVs UTVs by Owner, https://buffalo.craigslist.org/snw/d/oakfield-z400-complete-part-out-kfx/7009245782.html,,2019-11-18,US,2019-11-21
BUYING VINYL RECORDS - NEED EXTRA CASH FOR GIFTS?, Nov 18, &excats=134-40&min_price=5000001, New York, Rochester, For Sale-Wanted, Wanted, https://rochester.craigslist.org/wan/d/north-tonawanda-buying-vinyl-records/7014860638.html,Want,2019-11-18,US,2019-11-21
CHEVY ENGINE PARTS FOR SALE, Nov 18, &excats=134-40&min_price=5000001, New York, Rochester, For Sale-Wanted, Auto Parts by Owner, https://rochester.craigslist.org/pts/d/marion-chevy-engine-parts-for-sale/7011163605.html,,2019-11-18,US,2019-11-21
girls coats, Nov 18, &excats=134-40&min_price=5000001, Iowa, Des Moines, For Sale-Wanted, Baby Kids by Owner, https://desmoines.craigslist.org/bab/d/des-moines-girls-coats/7015073897.html,,2019-11-18,US,2019-11-21
BUYING VINYL RECORDS - NEED EXTRA CASH FOR GIFTS?, Nov 18, &excats=134-40&min_price=5000001, Pennsylvania, Erie, For Sale-Wanted, Wanted, https://erie.craigslist.org/wan/d/north-tonawanda-buying-vinyl-records/7014858356.html,Want,2019-11-18,US,2019-11-21
WE need YOUr gold ROLEX diamonds COINS jewelry PAY YOU TOP, Nov 18, &excats=134-40&min_price=5000001, Pennsylvania, Harrisburg, For Sale-Wanted, Wanted, https://harrisburg.craigslist.org/wan/d/harrisburg-we-need-your-gold-rolex/7022665245.html,Want,2019-11-18,US,2019-11-21
Buying jewelry and coins highest prices, Nov 18, &excats=134-40&min_price=5000001, Pennsylvania, Philadelphia, For Sale-Wanted, Jewelry, https://philadelphia.craigslist.org/jwl/d/bensalem-buying-jewelry-and-coins/7017526443.html,,2019-11-18,US,2019-11-21
Pre owned HOT TUBS w/warrantys, Nov 18, &excats=134-40&min_price=5000001, Pennsylvania, Philadelphia, For Sale-Wanted, General, https://philadelphia.craigslist.org/for/d/bedminster-pre-owned-hot-tubs-warrantys/7022648958.html,,2019-11-18,US,2019-11-21
Cocking winch for crossbow, Nov 18, &excats=134-40&min_price=5000001, Pennsylvania, Philadelphia, For Sale-Wanted, Wanted, https://philadelphia.craigslist.org/wan/d/philadelphia-cocking-winch-for-crossbow/7022353222.html,,2019-11-18,US,2019-11-21
recurve bows, Nov 18, &excats=134-40&min_price=5000001, Pennsylvania, Pittsburgh, For Sale-Wanted, Wanted, https://pittsburgh.craigslist.org/wan/d/irwin-recurve-bows/7021438264.html,,2019-11-18,US,2019-11-21
old antique vintage bicycles, Nov 18, &excats=134-40&min_price=5000001, Pennsylvania, Pittsburgh, For Sale-Wanted, Wanted, https://pittsburgh.craigslist.org/wan/d/irwin-old-antique-vintage-bicycles/7021006804.html,,2019-11-18,US,2019-11-21
Womens / Mens watches   lot  107 105 109, Nov 18, &excats=134-40&min_price=5000001, Pennsylvania, Pittsburgh, For Sale-Wanted, Jewelry, https://pittsburgh.craigslist.org/jwl/d/pittsburgh-womens-mens-watches-lot/7007718458.html,,2019-11-18,US,2019-11-21
Buying All Vintage Baseball/Football/Basketball Cards! Cash Today!!, Nov 18, &excats=134-40&min_price=5000001, Pennsylvania, Pittsburgh, For Sale-Wanted, Collectibles, https://pittsburgh.craigslist.org/clt/d/buying-all-vintage-baseball-football/7002987993.html,,2019-11-18,US,2019-11-21
Massive Record Stash - Thousands of Pieces. Make Offer, Nov 18, &excats=134-40&min_price=5000001, Pennsylvania, Poconos, For Sale-Wanted, CDs DVDs, https://poconos.craigslist.org/emd/d/bangor-massive-record-stash-thousands/7015043704.html,,2019-11-18,US,2019-11-21
JD Barrel And Box Rentals, Nov 18, &excats=134-40&min_price=5000001, Pennsylvania, York, For Sale-Wanted, General, https://york.craigslist.org/for/d/wellsville-jd-barrel-and-box-rentals/7006174845.html,,2019-11-18,US,2019-11-21
Keys- Pedals- theremin- snare, Nov 18, &excats=134-40&min_price=5000001, Maine, Maine, For Sale-Wanted, Musical Instruments, https://maine.craigslist.org/msg/d/portland-keys-pedals-theremin-snare/7022865339.html,,2019-11-18,US,2019-11-21
NOVERMBER TURKEY &quot;STOREWIDE SAVINGS, Nov 18, &excats=134-40&min_price=5000001, Missouri, Joplin, For Sale-Wanted, Antique By Owner, https://joplin.craigslist.org/atq/d/novermber-turkey-storewide-savings/7014811003.html,,2019-11-18,US,2019-11-21
Craigslist Rules, Nov 18, &excats=134-40&min_price=5000001, Missouri, Springfield, For Sale-Wanted, Furniture, https://springfield.craigslist.org/fuo/d/caney-rules/7004272128.html,,2019-11-18,US,2019-11-21
WANTED: ITEMS FROM MICKEY MANTLE&#39;S HOLIDAY INN IN JOPLIN, Nov 18, &excats=134-40&min_price=5000001, Missouri, Springfield, For Sale-Wanted, Wanted, https://springfield.craigslist.org/wan/d/west-palm-beach-wanted-items-from/7017225070.html,Want,2019-11-18,US,2019-11-21
Christmas Villages, Nov 18, &excats=134-40&min_price=5000001, Missouri, St Louis, For Sale-Wanted, General, https://stlouis.craigslist.org/for/d/saint-louis-christmas-villages/7012890047.html,,2019-11-18,US,2019-11-21
Original pictures of the tannery in Hartford Illinois, Nov 18, &excats=134-40&min_price=5000001, Missouri, St Louis, For Sale-Wanted, Wanted, https://stlouis.craigslist.org/wan/d/west-alton-original-pictures-of-the/7022843331.html,,2019-11-18,US,2019-11-21
Mobile Home Frame & Tongue, Nov 18, &excats=134-40&min_price=5000001, Oklahoma, Oklahoma City, For Sale-Wanted, Materials, https://oklahomacity.craigslist.org/mat/d/oklahoma-city-mobile-home-frame-tongue/7022213372.html,,2019-11-18,US,2019-11-21
Old school bmx parts, Nov 18, &excats=134-40&min_price=5000001, Maryland, Baltimore, For Sale-Wanted, Bike Parts, https://baltimore.craigslist.org/bop/d/darlington-old-school-bmx-parts/7012734434.html,,2019-11-18,US,2019-11-21
Gym equipment, Nov 18, &excats=134-40&min_price=5000001, Maryland, Baltimore, For Sale-Wanted, Sporting Goods, https://baltimore.craigslist.org/spo/d/darlington-gym-equipment/7012738343.html,,2019-11-18,US,2019-11-21
German Shepard for sale, Nov 18, &excats=134-40&min_price=5000001, Indiana, Indianapolis, For Sale-Wanted, Farm and Garden, https://indianapolis.craigslist.org/grd/d/indianapolis-german-shepard-for-sale/7022286742.html,,2019-11-18,US,2019-11-21
Golf Cart Batteries, Nov 18, &excats=134-40&min_price=5000001, New Jersey, South Jersey, For Sale-Wanted, ATVs UTVs by Owner, https://southjersey.craigslist.org/snw/d/ocean-view-golf-cart-batteries/7014465992.html,,2019-11-18,US,2019-11-21
Golf Cart Batteries, Nov 18, &excats=134-40&min_price=5000001, New Jersey, South Jersey, For Sale-Wanted, ATVs UTVs by Owner, https://southjersey.craigslist.org/snw/d/ocean-view-golf-cart-batteries/7014465183.html,,2019-11-18,US,2019-11-21
Online yard sale- different items in new or like new condition, Nov 18, &excats=134-40&min_price=5000001, Florida, Ocala, For Sale-Wanted, General, https://ocala.craigslist.org/for/d/ocklawaha-online-yard-sale-different/7022630682.html,,2019-11-18,US,2019-11-21
Stump Grinding CHEAP, Nov 18, &excats=134-40&min_price=5000001, Florida, Ocala, For Sale-Wanted, General, https://ocala.craigslist.org/for/d/floral-city-stump-grinding-cheap/7008712932.html,,2019-11-18,US,2019-11-21
Iphone 7 7 plus 8 X XR 11 pro max, Nov 18, &excats=134-40&min_price=5000001, Florida, Orlando, For Sale-Wanted, Cell Phones by Dealer, https://orlando.craigslist.org/mod/d/dearing-iphone-7-7-plus-8-xr-11-pro-max/7022330174.html,,2019-11-18,US,2019-11-21
Movie advertising memborabilia, Nov 18, &excats=134-40&min_price=5000001, Florida, Panama City, For Sale-Wanted, Collectibles, https://panamacity.craigslist.org/clt/d/panama-city-movie-advertising/7022868576.html,,2019-11-18,US,2019-11-21
$$ WE BUY ALL IPHONE 11 11 PRO MAX BRAND NEW --WILL PAY TOP CASH $$$, Nov 18, &excats=134-40&min_price=5000001, Texas, Austin, For Sale-Wanted, Wanted, https://austin.craigslist.org/wad/d/austin-we-buy-all-iphone-pro-max-brand/7022702552.html,,2019-11-18,US,2019-11-21
$$ WE BUY ALL IPHONE 11 11 PRO MAX BRAND NEW --WILL PAY TOP CASH $$$, Nov 18, &excats=134-40&min_price=5000001, Texas, Austin, For Sale-Wanted, Wanted, https://austin.craigslist.org/wad/d/austin-we-buy-all-iphone-pro-max-brand/7022638256.html,,2019-11-18,US,2019-11-21
$$ WE BUY ALL IPHONE 11 11 PRO MAX BRAND NEW --WILL PAY TOP CASH $$$, Nov 18, &excats=134-40&min_price=5000001, Texas, Austin, For Sale-Wanted, Wanted, https://austin.craigslist.org/wad/d/austin-we-buy-all-iphone-pro-max-brand/7022334866.html,,2019-11-18,US,2019-11-21
1987 TransAm Parts, Nov 18, &excats=134-40&min_price=5000001, Texas, El Paso, For Sale-Wanted, Auto Parts by Owner, https://elpaso.craigslist.org/pts/d/san-elizario-1987-transam-parts/7011635902.html,,2019-11-18,US,2019-11-21
carpas mesas sillas jumping ballons party rentals, Nov 18, &excats=134-40&min_price=5000001, Texas, El Paso, For Sale-Wanted, General, https://elpaso.craigslist.org/for/d/el-paso-carpas-mesas-sillas-jumping/7006705689.html,,2019-11-18,US,2019-11-21
Gannon, Nov 18, &excats=134-40&min_price=5000001, Texas, Houston, For Sale-Wanted, Farm and Garden, https://houston.craigslist.org/grd/d/tomball-gannon/7022837496.html,,2019-11-18,US,2019-11-21
All kinds of Christmas Decorations, Nov 18, &excats=134-40&min_price=5000001, Texas, Houston, For Sale-Wanted, Household, https://houston.craigslist.org/hsh/d/houston-all-kinds-of-christmas/7022777051.html,,2019-11-18,US,2019-11-21
Cash for Test Equipment and Tools, Nov 18, &excats=134-40&min_price=5000001, Texas, Houston, For Sale-Wanted, Wanted, https://houston.craigslist.org/wan/d/san-antonio-cash-for-test-equipment-and/7022585607.html,,2019-11-18,US,2019-11-21
Top Dollar Surplus. Buying rosemount fisher swagelok industrial buyer, Nov 18, &excats=134-40&min_price=5000001, Texas, Houston, For Sale-Wanted, Wanted, https://houston.craigslist.org/wan/d/top-dollar-surplus-buying-rosemount/7022565443.html,,2019-11-18,US,2019-11-21
Top Dollar Surplus. Buying rosemount fisher swagelok industrial buyer, Nov 18, &excats=134-40&min_price=5000001, Texas, Houston, For Sale-Wanted, Wanted, https://houston.craigslist.org/wan/d/top-dollar-surplus-buying-rosemount/7022564092.html,,2019-11-18,US,2019-11-21
Top Dollar Surplus. Buying rosemount fisher swagelok industrial buyer, Nov 18, &excats=134-40&min_price=5000001, Texas, Houston, For Sale-Wanted, Wanted, https://houston.craigslist.org/wan/d/top-dollar-surplus-buying-rosemount/7022563320.html,,2019-11-18,US,2019-11-21
Top Dollar Surplus. Buying rosemount fisher swagelok industrial buyer, Nov 18, &excats=134-40&min_price=5000001, Texas, Houston, For Sale-Wanted, Wanted, https://houston.craigslist.org/wan/d/top-dollar-surplus-buying-rosemount/7022559357.html,,2019-11-18,US,2019-11-21
Top Dollar Surplus. Buying rosemount fisher swagelok industrial buyer, Nov 18, &excats=134-40&min_price=5000001, Texas, Houston, For Sale-Wanted, Wanted, https://houston.craigslist.org/wan/d/top-dollar-surplus-buying-rosemount/7022558816.html,,2019-11-18,US,2019-11-21
GOLDWISER, Nov 18, &excats=134-40&min_price=5000001, Texas, Houston, For Sale-Wanted, Wanted, https://houston.craigslist.org/wan/d/houston-goldwiser/7022468207.html,,2019-11-18,US,2019-11-21
GOLDWISER, Nov 18, &excats=134-40&min_price=5000001, Texas, Houston, For Sale-Wanted, Wanted, https://houston.craigslist.org/wan/d/houston-goldwiser/7021199169.html,,2019-11-18,US,2019-11-21
GOLDWISER, Nov 18, &excats=134-40&min_price=5000001, Texas, Houston, For Sale-Wanted, Wanted, https://houston.craigslist.org/wan/d/houston-goldwiser/7019992478.html,,2019-11-18,US,2019-11-21
GOLDWISER, Nov 18, &excats=134-40&min_price=5000001, Texas, Houston, For Sale-Wanted, Wanted, https://houston.craigslist.org/wan/d/houston-goldwiser/7022353345.html,,2019-11-18,US,2019-11-21
GOLDWISER precious metals dealer, Nov 18, &excats=134-40&min_price=5000001, Texas, Houston, For Sale-Wanted, Wanted, https://houston.craigslist.org/wan/d/houston-goldwiser-precious-metals-dealer/7019892461.html,,2019-11-18,US,2019-11-21
Septic installation/dirt work/forestry services, Nov 18, &excats=134-40&min_price=5000001, Texas, San Antonio, For Sale-Wanted, Heavy Equipment, https://sanantonio.craigslist.org/hvo/d/new-braunfels-septic-installation-dirt/7011311775.html,,2019-11-18,US,2019-11-21
UPDATE! Parts & Project Cars & Trucks 1920&#39;s-80&#39;s 100&#39;s of Cars, Nov 18, &excats=134-40&min_price=5000001, Texas, San Marcos, For Sale-Wanted, Auto Parts by Dealer, https://sanmarcos.craigslist.org/ptd/d/great-bend-update-parts-project-cars/7022842703.html,,2019-11-18,US,2019-11-21
Taxidermy!!!!!, Nov 18, &excats=134-40&min_price=5000001, Nevada, Las Vegas, For Sale-Wanted, Collectibles, https://lasvegas.craigslist.org/clt/d/las-vegas-taxidermy/7017527194.html,,2019-11-18,US,2019-11-21
Metal and Porcelain Signs, Nov 18, &excats=134-40&min_price=5000001, Nevada, Las Vegas, For Sale-Wanted, Collectibles, https://lasvegas.craigslist.org/clt/d/las-vegas-metal-and-porcelain-signs/7005560018.html,,2019-11-18,US,2019-11-21
Bass Gear, Nov 18, &excats=134-40&min_price=5000001, Nevada, Las Vegas, For Sale-Wanted, Musical Instruments, https://lasvegas.craigslist.org/msg/d/henderson-bass-gear/7015893636.html,,2019-11-18,US,2019-11-21
SKULLS!!!!, Nov 18, &excats=134-40&min_price=5000001, Nevada, Las Vegas, For Sale-Wanted, Collectibles, https://lasvegas.craigslist.org/clt/d/las-vegas-skulls/7018545490.html,,2019-11-18,US,2019-11-21
Hard to Find Records Lps ROCK Pop and HAIR METAL!!! 1400 S Main, Nov 18, &excats=134-40&min_price=5000001, Nevada, Las Vegas, For Sale-Wanted, CDs DVDs, https://lasvegas.craigslist.org/emd/d/las-vegas-hard-to-find-records-lps-rock/7005558956.html,Want,2019-11-18,US,2019-11-21
Hot Chick/Pinup Stuff!!!, Nov 18, &excats=134-40&min_price=5000001, Nevada, Las Vegas, For Sale-Wanted, Collectibles, https://lasvegas.craigslist.org/clt/d/las-vegas-hot-chick-pinup-stuff/7004977415.html,,2019-11-18,US,2019-11-21
TOOL, Nov 18, &excats=134-40&min_price=5000001, Nevada, Las Vegas, For Sale-Wanted, Tools, https://lasvegas.craigslist.org/tls/d/las-vegas-tool/7014480696.html,,2019-11-18,US,2019-11-21
ALUMINUM WATER PUMP, Nov 18, &excats=134-40&min_price=5000001, Nevada, Las Vegas, For Sale-Wanted, Auto Parts by Owner, https://lasvegas.craigslist.org/pts/d/las-vegas-aluminum-water-pump/7014503692.html,,2019-11-18,US,2019-11-21
JEEP, Nov 18, &excats=134-40&min_price=5000001, Nevada, Las Vegas, For Sale-Wanted, Auto Parts by Owner, https://lasvegas.craigslist.org/pts/d/las-vegas-jeep/7011197055.html,,2019-11-18,US,2019-11-21
Couches lounges kitchen set and more, Nov 18, &excats=134-40&min_price=5000001, Nevada, Las Vegas, For Sale-Wanted, Furniture, https://lasvegas.craigslist.org/fuo/d/las-vegas-couches-lounges-kitchen-set/7006184196.html,,2019-11-18,US,2019-11-21
Youth hockey gear, Nov 18, &excats=134-40&min_price=5000001, Massachusetts, Boston, For Sale-Wanted, Sporting Goods, https://boston.craigslist.org/bmw/spo/d/arlington-youth-hockey-gear/7022332734.html,,2019-11-18,US,2019-11-21
Art Deco Sofa, Nov 18, &excats=134-40&min_price=5000001, Massachusetts, Boston, For Sale-Wanted, Antique By Owner, https://boston.craigslist.org/gbs/atq/d/north-providence-art-deco-sofa/7005274803.html,,2019-11-18,US,2019-11-21
Attention Beaders, Nov 18, &excats=134-40&min_price=5000001, Massachusetts, Boston, For Sale-Wanted, Art by Owner, https://boston.craigslist.org/gbs/art/d/watertown-attention-beaders/7022293111.html,,2019-11-18,US,2019-11-21
antiques, Nov 18, &excats=134-40&min_price=5000001, Massachusetts, Boston, For Sale-Wanted, Antique By Owner, https://boston.craigslist.org/sob/atq/d/pembroke-antiques/7022286751.html,,2019-11-18,US,2019-11-21
Boat for parts, Nov 18, &excats=134-40&min_price=5000001, South Carolina, Charleston, For Sale-Wanted, Boat Parts, https://charleston.craigslist.org/bpo/d/smoaks-boat-for-parts/7022435007.html,,2019-11-18,US,2019-11-21
Retail Store Displays / Shelving Units / Clothes Racks, Nov 18, &excats=134-40&min_price=5000001, South Carolina, Hilton Head, For Sale-Wanted, Furniture, https://hiltonhead.craigslist.org/fuo/d/bluffton-retail-store-displays-shelving/7022418426.html,,2019-11-18,US,2019-11-21
Blantons, Nov 18, &excats=134-40&min_price=5000001, Kentucky, Lexington, For Sale-Wanted, Collectibles, https://lexington.craigslist.org/clt/d/lexington-blantons/7022807737.html,,2019-11-18,US,2019-11-21
wanted signs tennessee license plates road sign, Nov 18, &excats=134-40&min_price=5000001, Tennessee, Jackson, For Sale-Wanted, Wanted, https://jacksontn.craigslist.org/wan/d/wanted-signs-tennessee-license-plates/7004144745.html,Want,2019-11-18,US,2019-11-21
Designer leather belts with silver and gold accents - Small, Nov 18, &excats=134-40&min_price=5000001, Tennessee, Knoxville, For Sale-Wanted, Clothes, https://knoxville.craigslist.org/clo/d/knoxville-designer-leather-belts-with/7013009417.html,,2019-11-18,US,2019-11-21
Clocks, Nov 18, &excats=134-40&min_price=5000001, Tennessee, Memphis, For Sale-Wanted, Antique By Owner, https://memphis.craigslist.org/atq/d/hernando-clocks/7022400914.html,,2019-11-18,US,2019-11-21
Bar Stools, Nov 18, &excats=134-40&min_price=5000001, Tennessee, Nashville, For Sale-Wanted, Furniture, https://nashville.craigslist.org/fuo/d/ashland-city-bar-stools/7022805401.html,,2019-11-18,US,2019-11-21
1941 plymouth sedan, Nov 18, &excats=134-40&min_price=5000001, California, Bakersfield, For Sale-Wanted, General, https://bakersfield.craigslist.org/for/d/bakersfield-1941-plymouth-sedan/7022269997.html,,2019-11-18,US,2019-11-21
PAYING TOP DOLLAR FOR HOT WHEELS - CONVENTION - REDLINES - LIMITED ED, Nov 18, &excats=134-40&min_price=5000001, California, Inland Empire, For Sale-Wanted, Wanted, https://inlandempire.craigslist.org/wan/d/paying-top-dollar-for-hot-wheels/7022820616.html,,2019-11-18,US,2019-11-21
BUYING HOT WHEELS - ALL TYPES, Nov 18, &excats=134-40&min_price=5000001, California, Los Angeles, For Sale-Wanted, Wanted, https://losangeles.craigslist.org/wst/wan/d/buying-hot-wheels-all-types/7022820443.html,,2019-11-18,US,2019-11-21
LOOSE DIAMONDS GIA EGL USA Certified Diamonds ALL SIZE & SHAPE, Nov 18, &excats=134-40&min_price=5000001, California, Los Angeles, For Sale-Wanted, Jewelry, https://losangeles.craigslist.org/lac/jwl/d/loose-diamonds-gia-egl-usa-certified/7018135601.html,,2019-11-18,US,2019-11-21
LOOSE DIAMONDS GIA EGL USA Certified Diamonds ALL SIZE & SHAPE, Nov 18, &excats=134-40&min_price=5000001, California, Los Angeles, For Sale-Wanted, Jewelry, https://losangeles.craigslist.org/lac/jwl/d/loose-diamonds-gia-egl-usa-certified/7005732879.html,,2019-11-18,US,2019-11-21
Mopa Lux @Mopa Design Luxurious Home Furnishing, Nov 18, &excats=134-40&min_price=5000001, California, Los Angeles, For Sale-Wanted, Furniture, https://losangeles.craigslist.org/lac/fuo/d/beverly-hills-mopa-lux-mopa-design/7012727783.html,,2019-11-18,US,2019-11-21
WANTED : Pearl Jam Posters Memorabilia  FAST CASH, Nov 18, &excats=134-40&min_price=5000001, California, Los Angeles, For Sale-Wanted, Collectibles, https://losangeles.craigslist.org/sgv/clt/d/el-monte-wanted-pearl-jam-posters/7022387635.html,Want,2019-11-18,US,2019-11-21
WANTED : Louis Vuitton Trunk, Nov 18, &excats=134-40&min_price=5000001, California, Los Angeles, For Sale-Wanted, Antique By Owner, https://losangeles.craigslist.org/sgv/atq/d/wanted-louis-vuitton-trunk/7009605872.html,Want,2019-11-18,US,2019-11-21
Truckmyboat.com/trailer heading east, Nov 18, &excats=134-40&min_price=5000001, California, Los Angeles, For Sale-Wanted, Wanted, https://losangeles.craigslist.org/lac/wan/d/miami-truckmyboatcom-trailer-heading/7011583428.html,,2019-11-18,US,2019-11-21
BUYING HOT WHEELS - ALL TYPES, Nov 18, &excats=134-40&min_price=5000001, California, Orange County, For Sale-Wanted, Wanted, https://orangecounty.craigslist.org/wan/d/buying-hot-wheels-all-types/7022820893.html,,2019-11-18,US,2019-11-21
We Buy UTV&#39;s/RZR/Cam-Am, Nov 18, &excats=134-40&min_price=5000001, California, Orange County, For Sale-Wanted, Wanted, https://orangecounty.craigslist.org/wan/d/costa-mesa-we-buy-utvs-rzr-cam-am/7022438306.html,,2019-11-18,US,2019-11-21
We Buy UTV&#39;s/RZR/Cam-Am, Nov 18, &excats=134-40&min_price=5000001, California, Orange County, For Sale-Wanted, Wanted, https://orangecounty.craigslist.org/wan/d/costa-mesa-we-buy-utvs-rzr-cam-am/7022412052.html,,2019-11-18,US,2019-11-21
73 Chevy longbed square body, Nov 18, &excats=134-40&min_price=5000001, California, Sacramento, For Sale-Wanted, Auto Parts by Owner, https://sacramento.craigslist.org/pts/d/orangevale-73-chevy-longbed-square-body/7018653631.html,,2019-11-18,US,2019-11-21
Forklift For sale 2013 Toyota 5K 6K 8K, Nov 18, &excats=134-40&min_price=5000001, California, San Diego, For Sale-Wanted, General, https://sandiego.craigslist.org/csd/for/d/forklift-for-sale-2013-toyota-5k-6k-8k/7018765736.html,,2019-11-18,US,2019-11-21
FORD F150 2006 FOR PARTS, Nov 18, &excats=134-40&min_price=5000001, California, San Diego, For Sale-Wanted, Auto Parts by Owner, https://sandiego.craigslist.org/csd/pts/d/san-diego-ford-f-for-parts/7002890402.html,,2019-11-18,US,2019-11-21
VOLKSWAGEN JETTA 2011 FOR PARTS, Nov 18, &excats=134-40&min_price=5000001, California, San Diego, For Sale-Wanted, Auto Parts by Owner, https://sandiego.craigslist.org/csd/pts/d/san-diego-volkswagen-jetta-2011-for/7002885193.html,,2019-11-18,US,2019-11-21
DODGE JOURNEY 2009 FOR PARTS, Nov 18, &excats=134-40&min_price=5000001, California, San Diego, For Sale-Wanted, Auto Parts by Owner, https://sandiego.craigslist.org/csd/pts/d/san-diego-dodge-journey-2009-for-parts/7002886662.html,,2019-11-18,US,2019-11-21
DODGE GRAND CARAVAN 2010 FOR PARTS, Nov 18, &excats=134-40&min_price=5000001, California, San Diego, For Sale-Wanted, Auto Parts by Owner, https://sandiego.craigslist.org/csd/pts/d/san-diego-dodge-grand-caravan-2010-for/7002888160.html,,2019-11-18,US,2019-11-21
ACCURA MDX 2007 FOR PARTS, Nov 18, &excats=134-40&min_price=5000001, California, San Diego, For Sale-Wanted, Auto Parts by Owner, https://sandiego.craigslist.org/csd/pts/d/san-diego-accura-mdx-2007-for-parts/7002882050.html,,2019-11-18,US,2019-11-21
KIA FORTE EX 2012, Nov 18, &excats=134-40&min_price=5000001, California, San Diego, For Sale-Wanted, Auto Parts by Owner, https://sandiego.craigslist.org/csd/pts/d/san-diego-kia-forte-ex-2012/7002848441.html,,2019-11-18,US,2019-11-21
DODGE AVENGER SXT 2010 2.4, Nov 18, &excats=134-40&min_price=5000001, California, San Diego, For Sale-Wanted, Auto Parts by Owner, https://sandiego.craigslist.org/csd/pts/d/san-diego-dodge-avenger-sxt/7002843774.html,,2019-11-18,US,2019-11-21
HONDA CIVIC LX 2018 2.0, Nov 18, &excats=134-40&min_price=5000001, California, San Diego, For Sale-Wanted, Auto Parts by Owner, https://sandiego.craigslist.org/csd/pts/d/san-diego-honda-civic-lx/7002836939.html,,2019-11-18,US,2019-11-21
HYUNDAI ELANTRA GLS 07 2.0, Nov 18, &excats=134-40&min_price=5000001, California, San Diego, For Sale-Wanted, Auto Parts by Owner, https://sandiego.craigslist.org/csd/pts/d/san-diego-hyundai-elantra-gls-07-20/7002833861.html,,2019-11-18,US,2019-11-21
HONDA CIVIX EX 2017 1.5, Nov 18, &excats=134-40&min_price=5000001, California, San Diego, For Sale-Wanted, Auto Parts by Owner, https://sandiego.craigslist.org/csd/pts/d/san-diego-honda-civix-ex/7002840496.html,,2019-11-18,US,2019-11-21
SCION XD 08, Nov 18, &excats=134-40&min_price=5000001, California, San Diego, For Sale-Wanted, Auto Parts by Owner, https://sandiego.craigslist.org/csd/pts/d/san-diego-scion-xd-08/7002830516.html,,2019-11-18,US,2019-11-21
UPDATE! Parts & Project Cars & Trucks 1920&#39;s-80&#39;s 100&#39;s of Cars, Nov 18, &excats=134-40&min_price=5000001, California, Santa Barbara, For Sale-Wanted, Auto Parts by Dealer, https://santabarbara.craigslist.org/ptd/d/great-bend-update-parts-project-cars/7022844372.html,,2019-11-18,US,2019-11-21
UPDATE! Parts & Project Cars & Trucks 1920&#39;s-80&#39;s 100&#39;s of Cars, Nov 18, &excats=134-40&min_price=5000001, California, Santa Maria, For Sale-Wanted, Auto Parts by Dealer, https://santamaria.craigslist.org/ptd/d/great-bend-update-parts-project-cars/7022850164.html,,2019-11-18,US,2019-11-21
Old school aircraft building and maintenance books, Nov 18, &excats=134-40&min_price=5000001, Virginia, Richmond, For Sale-Wanted, NA, https://richmond.craigslist.org/avo/d/sandston-old-school-aircraft-building/7005980549.html,,2019-11-18,US,2019-11-21
Pokemon Cards, Nov 18, &excats=134-40&min_price=5000001, Virginia, Winchester, For Sale-Wanted, Collectibles, https://winchester.craigslist.org/clt/d/front-royal-pokemon-cards/7022611454.html,,2019-11-18,US,2019-11-21
Steel framing, Nov 18, &excats=134-40&min_price=5000001, Idaho, Boise, For Sale-Wanted, Wanted, https://boise.craigslist.org/wan/d/caldwell-steel-framing/7022382008.html,,2019-11-18,US,2019-11-21
LIFE SIZE CHILD&#39;S PLAY 2 CHUCKY DOLL, Nov 18, &excats=134-40&min_price=5000001, Georgia, Atlanta, For Sale-Wanted, Collectibles, https://atlanta.craigslist.org/eat/clt/d/pendergrass-life-size-childs-play-2/7013961289.html,,2019-11-18,US,2019-11-21
NEW WEBKINZ PETS    WHOLESALE LOT  TOYS FOR TOTS, Nov 18, &excats=134-40&min_price=5000001, Georgia, Atlanta, For Sale-Wanted, Collectibles, https://atlanta.craigslist.org/eat/clt/d/buford-new-webkinz-pets-wholesale-lot/7019911080.html,,2019-11-18,US,2019-11-21
??AFFORDABLE TREE CUTTING SERVICE TREE SERVICE /OVER 60 -5 STAR GOOGLE, Nov 18, &excats=134-40&min_price=5000001, Georgia, Atlanta, For Sale-Wanted, Farm and Garden, https://atlanta.craigslist.org/nat/grq/d/marietta-affordable-tree-cutting/7022298551.html,,2019-11-18,US,2019-11-21
Boulders beautiful, Nov 18, &excats=134-40&min_price=5000001, Montana, Helena, For Sale-Wanted, Farm and Garden, https://helena.craigslist.org/grd/d/helena-boulders-beautiful/7022493913.html,,2019-11-18,US,2019-11-21
Stakataka may appear to be made up, Nov 18, &excats=134-40&min_price=5000001, District of Columbia, Washington, For Sale-Wanted, Cell Phones, https://washingtondc.craigslist.org/nva/mob/d/springfield-stakataka-may-appear-to-be/7022702019.html,,2019-11-18,US,2019-11-21
El yacimiento se emplaza sobre un, Nov 18, &excats=134-40&min_price=5000001, District of Columbia, Washington, For Sale-Wanted, Cell Phones, https://washingtondc.craigslist.org/nva/mob/d/annandale-el-yacimiento-se-emplaza/7022693511.html,,2019-11-18,US,2019-11-21
Before an appropriate policeman, Nov 18, &excats=134-40&min_price=5000001, District of Columbia, Washington, For Sale-Wanted, Cell Phones, https://washingtondc.craigslist.org/nva/mob/d/springfield-before-an-appropriate/7017473164.html,,2019-11-18,US,2019-11-21
When confronting another, Nov 18, &excats=134-40&min_price=5000001, District of Columbia, Washington, For Sale-Wanted, Cell Phones, https://washingtondc.craigslist.org/nva/mob/d/annandale-when-confronting-another/7022691723.html,,2019-11-18,US,2019-11-21
incident. Does the residence stop? The, Nov 18, &excats=134-40&min_price=5000001, District of Columbia, Washington, For Sale-Wanted, Cell Phones, https://washingtondc.craigslist.org/mld/mob/d/oxon-hill-incident-does-the-residence/7017437069.html,,2019-11-18,US,2019-11-21
El parque est situado en un pen, Nov 18, &excats=134-40&min_price=5000001, District of Columbia, Washington, For Sale-Wanted, Cell Phones, https://washingtondc.craigslist.org/doc/mob/d/washington-el-parque-est-situado-en-un/7008772114.html,,2019-11-18,US,2019-11-21
extendindose tambin hacia la ladera del cerro contiguo. El Castelln, Nov 18, &excats=134-40&min_price=5000001, District of Columbia, Washington, For Sale-Wanted, Cell Phones, https://washingtondc.craigslist.org/mld/mob/d/oxon-hill-extendindose-tambin-hacia-la/7008818747.html,,2019-11-18,US,2019-11-21
Los hijos de los infantes de  tienen la consideracin de grandes y no, Nov 18, &excats=134-40&min_price=5000001, District of Columbia, Washington, For Sale-Wanted, Cell Phones, https://washingtondc.craigslist.org/nva/mob/d/springfield-los-hijos-de-los-infantes/7008794910.html,,2019-11-18,US,2019-11-21
Mortimer &quot;Morty&quot; Smith Sr. is one of the two eponym, Nov 18, &excats=134-40&min_price=5000001, District of Columbia, Washington, For Sale-Wanted, Cell Phones, https://washingtondc.craigslist.org/mld/mob/d/oxon-hill-mortimer-morty-smith-sr-is/7008721067.html,,2019-11-18,US,2019-11-21
he Simple Ricks Wafer Cookie Factory is the factory owned by Rick D., Nov 18, &excats=134-40&min_price=5000001, District of Columbia, Washington, For Sale-Wanted, Cell Phones, https://washingtondc.craigslist.org/mld/mob/d/oxon-hill-he-simple-ricks-wafer-cookie/7008756950.html,,2019-11-18,US,2019-11-21
The Citadel originally known as The, Nov 18, &excats=134-40&min_price=5000001, District of Columbia, Washington, For Sale-Wanted, Cell Phones, https://washingtondc.craigslist.org/nva/mob/d/alexandria-the-citadel-originally-known/7008731695.html,,2019-11-18,US,2019-11-21
Birdperson currently known as, Nov 18, &excats=134-40&min_price=5000001, District of Columbia, Washington, For Sale-Wanted, Cell Phones, https://washingtondc.craigslist.org/doc/mob/d/washington-birdperson-currently-known-as/7008661438.html,,2019-11-18,US,2019-11-21
Shipping Container / Cargo Container / Connex Container /, Nov 18, &excats=134-40&min_price=5000001, Washington, Bellingham, For Sale-Wanted, General, https://bellingham.craigslist.org/fod/d/shipping-container-cargo-container/7022616535.html,,2019-11-18,US,2019-11-21
Shipping Container / Cargo Container / Connex Container /, Nov 18, &excats=134-40&min_price=5000001, Washington, Yakima, For Sale-Wanted, General, https://yakima.craigslist.org/fod/d/shipping-container-cargo-container/7022626064.html,,2019-11-18,US,2019-11-21
2000 jeep grand cherokee parts, Nov 18, &excats=134-40&min_price=5000001, Michigan, Flint, For Sale-Wanted, Auto Parts by Owner, https://flint.craigslist.org/pts/d/fostoria-2000-jeep-grand-cherokee-parts/7022315672.html,,2019-11-18,US,2019-11-21
2003 dodge ram 1500 parts, Nov 18, &excats=134-40&min_price=5000001, Michigan, Flint, For Sale-Wanted, Auto Parts by Owner, https://flint.craigslist.org/pts/d/fostoria-2003-dodge-ram-1500-parts/7022315806.html,,2019-11-18,US,2019-11-21
KBB Authorized Purchace Center, Nov 18, &excats=134-40&min_price=5000001, Michigan, Flint, For Sale-Wanted, Cars And by Dealer, https://flint.craigslist.org/ctd/d/davison-kbb-authorized-purchace-center/7022269220.html,,2019-11-18,US,2019-11-21
95 jaguar engine parts, Nov 18, &excats=134-40&min_price=5000001, Oregon, Portland, For Sale-Wanted, Auto Parts by Owner, https://portland.craigslist.org/nco/pts/d/warrenton-95-jaguar-engine-parts/7022288444.html,,2019-11-18,US,2019-11-21
Exhaust system, Nov 18, &excats=134-40&min_price=5000001, Oregon, Salem, For Sale-Wanted, Auto Parts by Owner, https://salem.craigslist.org/pts/d/salem-exhaust-system/7016904656.html,,2019-11-18,US,2019-11-21
Catalityc converter, Nov 18, &excats=134-40&min_price=5000001, Oregon, Salem, For Sale-Wanted, Auto Parts by Owner, https://salem.craigslist.org/pts/d/salem-catalityc-converter/7016898825.html,,2019-11-18,US,2019-11-21
Welding, Nov 18, &excats=134-40&min_price=5000001, Oregon, Salem, For Sale-Wanted, Boat Parts, https://salem.craigslist.org/bpo/d/salem-welding/7013569404.html,,2019-11-18,US,2019-11-21
Eelding, Nov 18, &excats=134-40&min_price=5000001, Oregon, Salem, For Sale-Wanted, Farm and Garden, https://salem.craigslist.org/grd/d/salem-eelding/7013573283.html,,2019-11-18,US,2019-11-21
Welding, Nov 18, &excats=134-40&min_price=5000001, Oregon, Salem, For Sale-Wanted, Heavy Equipment, https://salem.craigslist.org/hvo/d/salem-welding/7013579745.html,,2019-11-18,US,2019-11-21
Please help, Nov 17, &excats=134-40&min_price=5000001, Arkansas, Fayetteville, For Sale-Wanted, General, https://fayar.craigslist.org/for/d/fayetteville-please-help/7022003335.html,Want,2019-11-17,US,2019-11-21
I BUY COINS-(BEFORE 1964) STAMPS-(BEFORE 1930) SPORTS CARDS-(BEFORE 70, Nov 17, &excats=134-40&min_price=5000001, Arkansas, Jonesboro, For Sale-Wanted, Collectibles, https://jonesboro.craigslist.org/clt/d/horseshoe-bend-buy-coins-before-1964/7013102420.html,,2019-11-17,US,2019-11-21
2000 Ford F 350 7.3 Diesel 6 speed, Nov 17, &excats=134-40&min_price=5000001, Arkansas, Little Rock, For Sale-Wanted, Auto Parts by Owner, https://littlerock.craigslist.org/pts/d/hot-springs-national-park-2000-ford/7022166556.html,,2019-11-17,US,2019-11-21
Inboard and Outboard Parts, Nov 17, &excats=134-40&min_price=5000001, Connecticut, New Haven, For Sale-Wanted, Boat Parts, https://newhaven.craigslist.org/bpo/d/branford-inboard-and-outboard-parts/7019535191.html,,2019-11-17,US,2019-11-21
N Scale Trains Track Structures and Misc., Nov 17, &excats=134-40&min_price=5000001, Arizona, Phoenix, For Sale-Wanted, Toys And Games, https://phoenix.craigslist.org/evl/tag/d/mesa-scale-trains-track-structures-and/7003620184.html,,2019-11-17,US,2019-11-21
Selling some  of my rocks, Nov 17, &excats=134-40&min_price=5000001, Arizona, Prescott, For Sale-Wanted, General, https://prescott.craigslist.org/for/d/paulden-selling-some-of-my-rocks/7022035969.html,,2019-11-17,US,2019-11-21
Antique Cameras and Accs., Nov 17, &excats=134-40&min_price=5000001, Wisconsin, Green Bay, For Sale-Wanted, Collectibles, https://greenbay.craigslist.org/clt/d/green-bay-antique-cameras-and-accs/7022151728.html,,2019-11-17,US,2019-11-21
Buying Sports Cards (new and vintage) autographs vintage toys more, Nov 17, &excats=134-40&min_price=5000001, Wisconsin, Janesville, For Sale-Wanted, Wanted, https://janesville.craigslist.org/wan/d/greendale-buying-sports-cards-new-and/7015668641.html,,2019-11-17,US,2019-11-21
Wood Stove, Nov 17, &excats=134-40&min_price=5000001, Wisconsin, Janesville, For Sale-Wanted, Wanted, https://janesville.craigslist.org/wan/d/germantown-wood-stove/7013100202.html,,2019-11-17,US,2019-11-21
Christmas tree ornaments/Make Offer, Nov 17, &excats=134-40&min_price=5000001, Wisconsin, Madison, For Sale-Wanted, General, https://madison.craigslist.org/for/d/sun-prairie-christmas-tree-ornaments/7019209764.html,,2019-11-17,US,2019-11-21
Trailer storage - plus boats cars RVs pop-ups etc., Nov 17, &excats=134-40&min_price=5000001, Wisconsin, Madison, For Sale-Wanted, Auto Parts by Owner, https://madison.craigslist.org/pts/d/madison-trailer-storage-plus-boats-cars/7016999236.html,,2019-11-17,US,2019-11-21
LTB - Film 35mm for someone new to photography, Nov 17, &excats=134-40&min_price=5000001, Wisconsin, Madison, For Sale-Wanted, Photo And Video, https://madison.craigslist.org/pho/d/madison-ltb-film-35mm-for-someone-new/7021796509.html,,2019-11-17,US,2019-11-21
LTB - Film 35mm for someone new to photography, Nov 17, &excats=134-40&min_price=5000001, Wisconsin, Madison, For Sale-Wanted, Wanted, https://madison.craigslist.org/wan/d/madison-ltb-film-35mm-for-someone-new/7021794690.html,,2019-11-17,US,2019-11-21
Buying Sports Cards (new and vintage) autographs vintage toys more, Nov 17, &excats=134-40&min_price=5000001, Wisconsin, Milwaukee, For Sale-Wanted, Collectibles, https://milwaukee.craigslist.org/clt/d/greendale-buying-sports-cards-new-and/7015675542.html,,2019-11-17,US,2019-11-21
Buying Sports Cards (new and vintage) autographs vintage toys more, Nov 17, &excats=134-40&min_price=5000001, Wisconsin, Milwaukee, For Sale-Wanted, Wanted, https://milwaukee.craigslist.org/wan/d/greendale-buying-sports-cards-new-and/7015670440.html,,2019-11-17,US,2019-11-21
Maternity Clothing, Nov 17, &excats=134-40&min_price=5000001, Wisconsin, Sheboygan, For Sale-Wanted, Clothes, https://sheboygan.craigslist.org/clo/d/sheboygan-maternity-clothing/7022194110.html,,2019-11-17,US,2019-11-21
Notre Dame/Boston College tickets and/or parking wanted, Nov 17, &excats=134-40&min_price=5000001, Illinois, Chicago, For Sale-Wanted, Tickets, https://chicago.craigslist.org/chc/tix/d/chicago-notre-dame-boston-college/7021791939.html,Want,2019-11-17,US,2019-11-21
BUYING GIA CERTIFIED DIAMONDS, Nov 17, &excats=134-40&min_price=5000001, Illinois, Chicago, For Sale-Wanted, Jewelry, https://chicago.craigslist.org/wcl/jwl/d/naperville-buying-gia-certified-diamonds/7021728413.html,,2019-11-17,US,2019-11-21
GOLD BUYER/COLLECTOR  Diamond rings Rolex fine watches and Gold, Nov 17, &excats=134-40&min_price=5000001, Illinois, Chicago, For Sale-Wanted, Jewelry, https://chicago.craigslist.org/wcl/jwl/d/naperville-gold-buyer-collector-diamond/7021721137.html,,2019-11-17,US,2019-11-21
Misc. Banshee Parts, Nov 17, &excats=134-40&min_price=5000001, Illinois, Chicago, For Sale-Wanted, ATVs UTVs by Owner, https://chicago.craigslist.org/sox/snw/d/manteno-misc-banshee-parts/7021681281.html,,2019-11-17,US,2019-11-21
Pandora charms bracelet, Nov 17, &excats=134-40&min_price=5000001, Illinois, Rockford, For Sale-Wanted, Jewelry, https://rockford.craigslist.org/jwl/d/rockford-pandora-charms-bracelet/7021776326.html,,2019-11-17,US,2019-11-21
Desk with potential, Nov 17, &excats=134-40&min_price=5000001, Minnesota, Rochester, For Sale-Wanted, Household, https://rmn.craigslist.org/hsh/d/rochester-desk-with-potential/7013829456.html,,2019-11-17,US,2019-11-21
Wanted Stihl or Husqvarna ( loggers / tree guys), Nov 17, &excats=134-40&min_price=5000001, North Carolina, Asheville, For Sale-Wanted, Farm and Garden, https://asheville.craigslist.org/grd/d/alexandria-wanted-stihl-or-husqvarna/7012885393.html,Want,2019-11-17,US,2019-11-21
Hand made 3 pc bamboo fish tank, Nov 17, &excats=134-40&min_price=5000001, North Carolina, Asheville, For Sale-Wanted, Antique By Owner, https://asheville.craigslist.org/atq/d/asheville-hand-made-3-pc-bamboo-fish/7022064984.html,,2019-11-17,US,2019-11-21
** Saturday 11/23 BLOWOUT RECORD ALBUM SALE DAYTON OHIO**, Nov 17, &excats=134-40&min_price=5000001, Ohio, Cincinnati, For Sale-Wanted, CDs DVDs, https://cincinnati.craigslist.org/emd/d/dayton-saturday-blowout-record-album/7021748439.html,,2019-11-17,US,2019-11-21
FOREIGN COINS / PAPER MONEY, Nov 17, &excats=134-40&min_price=5000001, Ohio, Cleveland, For Sale-Wanted, Wanted, https://cleveland.craigslist.org/wan/d/wickliffe-foreign-coins-paper-money/7011314344.html,,2019-11-17,US,2019-11-21
** Saturday 11/23 BLOWOUT RECORD ALBUM SALE DAYTON OHIO**, Nov 17, &excats=134-40&min_price=5000001, Ohio, Columbus, For Sale-Wanted, General, https://columbus.craigslist.org/for/d/dayton-saturday-blowout-record-album/7021751998.html,,2019-11-17,US,2019-11-21
rav4 or crv, Nov 17, &excats=134-40&min_price=5000001, Ohio, Toledo, For Sale-Wanted, Wanted, https://toledo.craigslist.org/wan/d/ottawa-lake-rav4-or-crv/7021708519.html,,2019-11-17,US,2019-11-21
WANTED VINTAGE ROBOTS AND SPACE TOYS, Nov 17, &excats=134-40&min_price=5000001, Ohio, Youngstown, For Sale-Wanted, Wanted, https://youngstown.craigslist.org/wan/d/warren-wanted-vintage-robots-and-space/7005780066.html,Want,2019-11-17,US,2019-11-21
WANTED BATMAN AND SUPER HERO TOYS AND COMICS, Nov 17, &excats=134-40&min_price=5000001, Ohio, Youngstown, For Sale-Wanted, Wanted, https://youngstown.craigslist.org/wan/d/warren-wanted-batman-and-super-hero/7005782111.html,Want,2019-11-17,US,2019-11-21
WANTED SCHWINN STINGRAYS KRATE FASTBACKS BIKES, Nov 17, &excats=134-40&min_price=5000001, Ohio, Youngstown, For Sale-Wanted, Wanted, https://youngstown.craigslist.org/wan/d/warren-wanted-schwinn-stingrays-krate/7005792412.html,Want,2019-11-17,US,2019-11-21
pre 1973 classic vehicles wanted, Nov 17, &excats=134-40&min_price=5000001, Mississippi, Meridian, For Sale-Wanted, Wanted, https://meridian.craigslist.org/wan/d/coffeeville-pre-1973-classic-vehicles/7010016630.html,Want,2019-11-17,US,2019-11-21
Firewood Clean Solar-Kiln Dried Firewood Food Grade by HotAssWood.com, Nov 17, &excats=134-40&min_price=5000001, New York, Hudson Valley, For Sale-Wanted, General, https://hudsonvalley.craigslist.org/fod/d/firewood-clean-solar-kiln-dried/7021693965.html,,2019-11-17,US,2019-11-21
2002 nissan pathfinder part out, Nov 17, &excats=134-40&min_price=5000001, New York, Hudson Valley, For Sale-Wanted, Auto Parts by Owner, https://hudsonvalley.craigslist.org/pts/d/liberty-2002-nissan-pathfinder-part-out/7021668065.html,Want,2019-11-17,US,2019-11-21
roseville  pottery, Nov 17, &excats=134-40&min_price=5000001, New York, Long Island, For Sale-Wanted, Collectibles, https://longisland.craigslist.org/clt/d/shirley-roseville-pottery/7004017130.html,,2019-11-17,US,2019-11-21
brass sculpture, Nov 17, &excats=134-40&min_price=5000001, New York, Long Island, For Sale-Wanted, Collectibles, https://longisland.craigslist.org/clt/d/brookhaven-brass-sculpture/7004018344.html,,2019-11-17,US,2019-11-21
Pre Yardsale Sale, Nov 17, &excats=134-40&min_price=5000001, New York, Long Island, For Sale-Wanted, General, https://longisland.craigslist.org/for/d/riverhead-pre-yardsale-sale/7003755221.html,,2019-11-17,US,2019-11-21
Vintage speed parts body hammers classic project cars hot rod, Nov 17, &excats=134-40&min_price=5000001, New York, Syracuse, For Sale-Wanted, Wanted, https://syracuse.craigslist.org/wan/d/fulton-vintage-speed-parts-body-hammers/7020435865.html,,2019-11-17,US,2019-11-21
$$$ MOWER YEAR END SALE 5 RIDERS $$$, Nov 17, &excats=134-40&min_price=5000001, New York, Syracuse, For Sale-Wanted, Farm and Garden, https://syracuse.craigslist.org/grd/d/fulton-mower-year-end-sale-5-riders/7021740150.html,,2019-11-17,US,2019-11-21
### PLOW BLADES///RIDING MOWER&4WHEELER###, Nov 17, &excats=134-40&min_price=5000001, New York, Syracuse, For Sale-Wanted, General, https://syracuse.craigslist.org/for/d/fulton-plow-blades-riding-mower4wheeler/7013182161.html,,2019-11-17,US,2019-11-21
furniture items just in, Nov 17, &excats=134-40&min_price=5000001, West Virginia, Morgantown, For Sale-Wanted, Furniture, https://morgantown.craigslist.org/fud/d/clarksburg-furniture-items-just-in/7022136036.html,,2019-11-17,US,2019-11-21
Buying unwanted Taxidermy, Nov 17, &excats=134-40&min_price=5000001, West Virginia, Morgantown, For Sale-Wanted, Wanted, https://morgantown.craigslist.org/wan/d/masontown-buying-unwanted-taxidermy/7021687726.html,Want,2019-11-17,US,2019-11-21
60&#39;s Corvette Hub Caps, Nov 17, &excats=134-40&min_price=5000001, Pennsylvania, Philadelphia, For Sale-Wanted, NA, https://philadelphia.craigslist.org/wto/d/drexel-hill-60s-corvette-hub-caps/7019313942.html,,2019-11-17,US,2019-11-21
WTB Paying cash for vintage toys action figures video game and more, Nov 17, &excats=134-40&min_price=5000001, Pennsylvania, Pittsburgh, For Sale-Wanted, Wanted, https://pittsburgh.craigslist.org/wan/d/monroeville-wtb-paying-cash-for-vintage/7009297679.html,,2019-11-17,US,2019-11-21
Car collection for sale, Nov 17, &excats=134-40&min_price=5000001, Pennsylvania, Pittsburgh, For Sale-Wanted, Cars And Trucks, https://pittsburgh.craigslist.org/cto/d/valley-grove-car-collection-for-sale/7022048885.html,,2019-11-17,US,2019-11-21
Buying Old Baseball/Football/Basketball Cards B4 1970 Cash Now!!, Nov 17, &excats=134-40&min_price=5000001, Pennsylvania, Pittsburgh, For Sale-Wanted, Wanted, https://pittsburgh.craigslist.org/wan/d/buying-old-baseball-football-basketball/7003185016.html,,2019-11-17,US,2019-11-21
Buying All Vintage Baseball/Football/Basketball Cards! Cash Today!!, Nov 17, &excats=134-40&min_price=5000001, Pennsylvania, Pittsburgh, For Sale-Wanted, Collectibles, https://pittsburgh.craigslist.org/clt/d/buying-all-vintage-baseball-football/7003184768.html,,2019-11-17,US,2019-11-21
Buying All Vintage Baseball/Football/Basketball Cards! Cash Today!!, Nov 17, &excats=134-40&min_price=5000001, Pennsylvania, Pittsburgh, For Sale-Wanted, Collectibles, https://pittsburgh.craigslist.org/clt/d/buying-all-vintage-baseball-football/7002586981.html,,2019-11-17,US,2019-11-21
Buying Old Baseball/Football Cards B4 1970 Cash Now!!, Nov 17, &excats=134-40&min_price=5000001, Pennsylvania, Pittsburgh, For Sale-Wanted, Wanted, https://pittsburgh.craigslist.org/wan/d/buying-old-baseball-football-cards-b/7002587070.html,,2019-11-17,US,2019-11-21
Buying broken Nintendo Switch or 2DS/3DS XL possibly other game system, Nov 17, &excats=134-40&min_price=5000001, Pennsylvania, Williamsport, For Sale-Wanted, Wanted, https://williamsport.craigslist.org/wan/d/jersey-shore-buying-broken-nintendo/7021698735.html,,2019-11-17,US,2019-11-21
Sea Chest for sale, Nov 17, &excats=134-40&min_price=5000001, Maine, Maine, For Sale-Wanted, General, https://maine.craigslist.org/for/d/south-thomaston-sea-chest-for-sale/7021942650.html,,2019-11-17,US,2019-11-21
For sale General, Nov 17, &excats=134-40&min_price=5000001, Maine, Maine, For Sale-Wanted, Collectibles, https://maine.craigslist.org/clt/d/spruce-head-for-sale-general/7021862612.html,,2019-11-17,US,2019-11-21
PIGEONS, Nov 17, &excats=134-40&min_price=5000001, Missouri, Kansas City, For Sale-Wanted, Farm and Garden, https://kansascity.craigslist.org/grd/d/garnett-pigeons/7021966513.html,,2019-11-17,US,2019-11-21
Hd qc & 3pt hay spears, Nov 17, &excats=134-40&min_price=5000001, Oklahoma, Oklahoma City, For Sale-Wanted, Farm and Garden, https://oklahomacity.craigslist.org/grd/d/oklahoma-city-hd-qc-3pt-hay-spears/7020491529.html,,2019-11-17,US,2019-11-21
72&quot;84&quot; limb grapples, Nov 17, &excats=134-40&min_price=5000001, Oklahoma, Oklahoma City, For Sale-Wanted, Farm and Garden, https://oklahomacity.craigslist.org/grd/d/oklahoma-city-7284-limb-grapples/7006137729.html,,2019-11-17,US,2019-11-21
Vintage Vietnam/hongkong/Japan/Hawaii Dragon tour  jacket, Nov 17, &excats=134-40&min_price=5000001, Oklahoma, Texoma, For Sale-Wanted, Clothes, https://texoma.craigslist.org/clo/d/sherman-vintage-vietnam-hongkong-japan/7005831391.html,,2019-11-17,US,2019-11-21
Beer Can and Breweriana Show this Sat, Nov 17, &excats=134-40&min_price=5000001, Indiana, Fort Wayne, For Sale-Wanted, Collectibles, https://fortwayne.craigslist.org/clt/d/fort-wayne-beer-can-and-breweriana-show/7021872052.html,,2019-11-17,US,2019-11-21
Wanted  Crushed concrete or millings, Nov 17, &excats=134-40&min_price=5000001, New Jersey, South Jersey, For Sale-Wanted, Wanted, https://southjersey.craigslist.org/wan/d/blackwood-wanted-crushed-concrete-or/7021984933.html,Want,2019-11-17,US,2019-11-21
Buying Rolex watches today, Nov 17, &excats=134-40&min_price=5000001, Florida, Jacksonville, For Sale-Wanted, Jewelry, https://jacksonville.craigslist.org/jwl/d/jacksonville-buying-rolex-watches-today/7022102980.html,,2019-11-17,US,2019-11-21
Buying Rolex watches today, Nov 17, &excats=134-40&min_price=5000001, Florida, Jacksonville, For Sale-Wanted, Jewelry, https://jacksonville.craigslist.org/jwl/d/jacksonville-buying-rolex-watches-today/7022103115.html,,2019-11-17,US,2019-11-21
WANTED OLDS 350 DISTRIBUTOR, Nov 17, &excats=134-40&min_price=5000001, Florida, Panama City, For Sale-Wanted, Auto Parts by Owner, https://panamacity.craigslist.org/pts/d/panama-city-wanted-olds-350-distributor/7014004501.html,Want,2019-11-17,US,2019-11-21
Store fixtures and equipment, Nov 17, &excats=134-40&min_price=5000001, Florida, Pensacola, For Sale-Wanted, General, https://pensacola.craigslist.org/for/d/atmore-store-fixtures-and-equipment/7021982237.html,,2019-11-17,US,2019-11-21
Crystal Calcite, Nov 17, &excats=134-40&min_price=5000001, Florida, Space Coast, For Sale-Wanted, Collectibles, https://spacecoast.craigslist.org/clt/d/palm-bay-crystal-calcite/7018671693.html,,2019-11-17,US,2019-11-21
$$ WE BUY ALL IPHONE 11 11 PRO MAX BRAND NEW --WILL PAY TOP CASH $$$, Nov 17, &excats=134-40&min_price=5000001, Texas, Austin, For Sale-Wanted, Wanted, https://austin.craigslist.org/wad/d/austin-we-buy-all-iphone-pro-max-brand/7021720644.html,,2019-11-17,US,2019-11-21
PRO GOLD BUYERS, Nov 17, &excats=134-40&min_price=5000001, Texas, Houston, For Sale-Wanted, Wanted, https://houston.craigslist.org/wad/d/humble-pro-gold-buyers/7022010902.html,,2019-11-17,US,2019-11-21
Vintage Vietnam/hongkong/Japan/Hawaii Dragon tour  jacket, Nov 17, &excats=134-40&min_price=5000001, Texas, Texoma, For Sale-Wanted, Clothes, https://texoma.craigslist.org/clo/d/sherman-vintage-vietnam-hongkong-japan/7005831391.html,,2019-11-17,US,2019-11-21
Guitar Drums Bass Amps and MORE, Nov 17, &excats=134-40&min_price=5000001, Nevada, Las Vegas, For Sale-Wanted, Musical Instruments, https://lasvegas.craigslist.org/msg/d/las-vegas-guitar-drums-bass-amps-and/7010931269.html,,2019-11-17,US,2019-11-21
Hot Chick/Pinup Stuff!!!, Nov 17, &excats=134-40&min_price=5000001, Nevada, Las Vegas, For Sale-Wanted, Collectibles, https://lasvegas.craigslist.org/clt/d/las-vegas-hot-chick-pinup-stuff/7005560421.html,,2019-11-17,US,2019-11-21
Metal and Porcelain Signs, Nov 17, &excats=134-40&min_price=5000001, Nevada, Las Vegas, For Sale-Wanted, Collectibles, https://lasvegas.craigslist.org/clt/d/las-vegas-metal-and-porcelain-signs/7022161433.html,,2019-11-17,US,2019-11-21
3000 VG VG Records All Cleaned and Sleeved, Nov 17, &excats=134-40&min_price=5000001, Nevada, Las Vegas, For Sale-Wanted, Collectibles, https://lasvegas.craigslist.org/clt/d/las-vegas-3000-vg-vg-records-all/7017526985.html,,2019-11-17,US,2019-11-21
Records LP&#39;S Albums Vinyl Wax 1126 S Main St 10am to 6pm, Nov 17, &excats=134-40&min_price=5000001, Nevada, Las Vegas, For Sale-Wanted, Collectibles, https://lasvegas.craigslist.org/clt/d/las-vegas-records-lps-albums-vinyl-wax/7005559337.html,,2019-11-17,US,2019-11-21
Hot Chick/Pinup Stuff!!!, Nov 17, &excats=134-40&min_price=5000001, Nevada, Las Vegas, For Sale-Wanted, Collectibles, https://lasvegas.craigslist.org/clt/d/las-vegas-hot-chick-pinup-stuff/7021895397.html,,2019-11-17,US,2019-11-21
Electric guitar signed by Slash from Guns and Roses., Nov 17, &excats=134-40&min_price=5000001, Nevada, Las Vegas, For Sale-Wanted, Musical Instruments, https://lasvegas.craigslist.org/msg/d/henderson-electric-guitar-signed-by/7002540587.html,,2019-11-17,US,2019-11-21
Large collection Dale Earnhardt NASCAR collectibles, Nov 17, &excats=134-40&min_price=5000001, South Carolina, Charleston, For Sale-Wanted, Collectibles, https://charleston.craigslist.org/clt/d/summerville-large-collection-dale/7022177116.html,,2019-11-17,US,2019-11-21
Cash in hand for dump trailer or tilt trailer, Nov 17, &excats=134-40&min_price=5000001, South Carolina, Columbia, For Sale-Wanted, Wanted, https://columbia.craigslist.org/wan/d/maxwell-cash-in-hand-for-dump-trailer/7005904804.html,,2019-11-17,US,2019-11-21
Please Read before asking questions, Nov 17, &excats=134-40&min_price=5000001, South Carolina, Columbia, For Sale-Wanted, General, https://columbia.craigslist.org/for/d/lexington-please-read-before-asking/7016334533.html,,2019-11-17,US,2019-11-21
Please Read fully, Nov 17, &excats=134-40&min_price=5000001, South Carolina, Columbia, For Sale-Wanted, Furniture, https://columbia.craigslist.org/fuo/d/lexington-please-read-fully/7016337238.html,,2019-11-17,US,2019-11-21
Lego GI Joe and more at E and Z Bargains in Lawrenceburg, Nov 17, &excats=134-40&min_price=5000001, Kentucky, Lexington, For Sale-Wanted, Toys And Games, https://lexington.craigslist.org/tag/d/frankfort-lego-gi-joe-and-more-at-and/7022115082.html,,2019-11-17,US,2019-11-21
Lot for Lease, Nov 17, &excats=134-40&min_price=5000001, Kentucky, Lexington, For Sale-Wanted, General, https://lexington.craigslist.org/for/d/stanton-lot-for-lease/7021694598.html,,2019-11-17,US,2019-11-21
Lot for Lease, Nov 17, &excats=134-40&min_price=5000001, Kentucky, Lexington, For Sale-Wanted, General, https://lexington.craigslist.org/for/d/stanton-lot-for-lease/7020412502.html,,2019-11-17,US,2019-11-21
Galaxies S10 Iphone 6 7 imac buyer, Nov 17, &excats=134-40&min_price=5000001, Tennessee, Knoxville, For Sale-Wanted, Cell Phones, https://knoxville.craigslist.org/mob/d/knoxville-galaxies-s10-iphone-6-7-imac/7016582464.html,,2019-11-17,US,2019-11-21
2004 & 2005 Jeep Wrangler, Nov 17, &excats=134-40&min_price=5000001, Tennessee, Knoxville, For Sale-Wanted, Cars And Trucks, https://knoxville.craigslist.org/cto/d/maryville-jeep-wrangler/7021700060.html,,2019-11-17,US,2019-11-21
lots of stuff, Nov 17, &excats=134-40&min_price=5000001, California, Bakersfield, For Sale-Wanted, Tools, https://bakersfield.craigslist.org/tls/d/bakersfield-lots-of-stuff/7012895548.html,,2019-11-17,US,2019-11-21
SLASH signed Electric Guitar, Nov 17, &excats=134-40&min_price=5000001, California, Los Angeles, For Sale-Wanted, Musical Instruments, https://losangeles.craigslist.org/sfv/msg/d/san-dimas-slash-signed-electric-guitar/7004254644.html,,2019-11-17,US,2019-11-21
LOOSE DIAMONDS GIA EGL USA Certified Diamonds ALL SIZE & SHAPE, Nov 17, &excats=134-40&min_price=5000001, California, Los Angeles, For Sale-Wanted, Jewelry, https://losangeles.craigslist.org/lac/jwl/d/loose-diamonds-gia-egl-usa-certified/7020787813.html,,2019-11-17,US,2019-11-21
LOOSE DIAMONDS GIA EGL USA Certified Diamonds ALL SIZE & SHAPE, Nov 17, &excats=134-40&min_price=5000001, California, Los Angeles, For Sale-Wanted, Jewelry, https://losangeles.craigslist.org/lac/jwl/d/loose-diamonds-gia-egl-usa-certified/7008860550.html,,2019-11-17,US,2019-11-21
LOOSE DIAMONDS GIA EGL USA Certified Diamonds ALL SIZE & SHAPE, Nov 17, &excats=134-40&min_price=5000001, California, Los Angeles, For Sale-Wanted, Jewelry, https://losangeles.craigslist.org/lac/jwl/d/loose-diamonds-gia-egl-usa-certified/7012277493.html,,2019-11-17,US,2019-11-21
Wanted will pay cash for car/truck/RV/trailer, Nov 17, &excats=134-40&min_price=5000001, California, Los Angeles, For Sale-Wanted, Wanted, https://losangeles.craigslist.org/lgb/wan/d/long-beach-wanted-will-pay-cash-for-car/7003367632.html,Want,2019-11-17,US,2019-11-21
MacBook Pro Retina and Touch Bar Buyer, Nov 17, &excats=134-40&min_price=5000001, California, Los Angeles, For Sale-Wanted, Wanted, https://losangeles.craigslist.org/lac/wan/d/los-angeles-macbook-pro-retina-and/7021848561.html,,2019-11-17,US,2019-11-21
Wanted Hub cap 1996 toyota tacoma, Nov 17, &excats=134-40&min_price=5000001, California, Los Angeles, For Sale-Wanted, Auto Parts by Owner, https://losangeles.craigslist.org/wst/pts/d/los-angeles-wanted-hub-cap-1996-toyota/7021759083.html,Want,2019-11-17,US,2019-11-21
Wanted : OEM Stock CD Player from 20005-2006 Toyota Tacoma, Nov 17, &excats=134-40&min_price=5000001, California, Orange County, For Sale-Wanted, Auto Parts by Owner, https://orangecounty.craigslist.org/pts/d/westminster-wanted-oem-stock-cd-player/7022078620.html,Want,2019-11-17,US,2019-11-21
Wood sprite, Nov 17, &excats=134-40&min_price=5000001, California, Orange County, For Sale-Wanted, Collectibles, https://orangecounty.craigslist.org/clt/d/tucson-wood-sprite/7022063061.html,,2019-11-17,US,2019-11-21
House sold everything must go., Nov 17, &excats=134-40&min_price=5000001, California, Palm Springs, For Sale-Wanted, Household, https://palmsprings.craigslist.org/hsh/d/indio-house-sold-everything-must-go/7015180587.html,,2019-11-17,US,2019-11-21
Purses and Bags for Sale - Betsey Johnson Giani Bernini Liz Claiborn, Nov 17, &excats=134-40&min_price=5000001, California, Sacramento, For Sale-Wanted, Clothes, https://sacramento.craigslist.org/clo/d/woodland-purses-and-bags-for-sale/7016797576.html,,2019-11-17,US,2019-11-21
Shopping for Christmas?, Nov 17, &excats=134-40&min_price=5000001, Virginia, Richmond, For Sale-Wanted, Jewelry, https://richmond.craigslist.org/jwl/d/henrico-shopping-for-christmas/7022090775.html,,2019-11-17,US,2019-11-21
is this your last halloween haunt setup? i buy large halloween collect, Nov 17, &excats=134-40&min_price=5000001, Virginia, Richmond, For Sale-Wanted, General, https://richmond.craigslist.org/for/d/hampton-is-this-your-last-halloween/7007743590.html,,2019-11-17,US,2019-11-21
Wanted Stihl or Husqvarna ( loggers / tree guys), Nov 17, &excats=134-40&min_price=5000001, Georgia, Atlanta, For Sale-Wanted, Farm and Garden, https://atlanta.craigslist.org/atl/grd/d/alexandria-wanted-stihl-or-husqvarna/7012883334.html,Want,2019-11-17,US,2019-11-21
Old coins, Nov 17, &excats=134-40&min_price=5000001, Georgia, Valdosta, For Sale-Wanted, Collectibles, https://valdosta.craigslist.org/clt/d/valdosta-old-coins/7003254515.html,,2019-11-17,US,2019-11-21
Misileneas  item, Nov 17, &excats=134-40&min_price=5000001, Montana, Missoula, For Sale-Wanted, General, https://missoula.craigslist.org/for/d/clinton-misileneas-item/7021996012.html,,2019-11-17,US,2019-11-21
Baseball bats, Nov 17, &excats=134-40&min_price=5000001, New Mexico, Albuquerque, For Sale-Wanted, Toys And Games, https://albuquerque.craigslist.org/tag/d/albuquerque-baseball-bats/7021710509.html,,2019-11-17,US,2019-11-21
Buying iPhone Max Xs Xr X 8 plus & Galaxy too!, Nov 17, &excats=134-40&min_price=5000001, Alabama, Birmingham, For Sale-Wanted, Wanted, https://bham.craigslist.org/wan/d/birmingham-buying-iphone-max-xs-xr-8/7004521685.html,,2019-11-17,US,2019-11-21
Liquidation sale, Nov 17, &excats=134-40&min_price=5000001, Alabama, Mobile, For Sale-Wanted, General, https://mobile.craigslist.org/for/d/atmore-liquidation-sale/7021957414.html,,2019-11-17,US,2019-11-21
HEATWORKS MODEL 3 Water Heater, Nov 17, &excats=134-40&min_price=5000001, District of Columbia, Washington, For Sale-Wanted, General, https://washingtondc.craigslist.org/nva/for/d/sterling-heatworks-model-3-water-heater/7021991684.html,,2019-11-17,US,2019-11-21
made his UFC debut on June 8 2012 at UFC on FX 3 against fellow newc, Nov 17, &excats=134-40&min_price=5000001, District of Columbia, Washington, For Sale-Wanted, Cell Phones, https://washingtondc.craigslist.org/doc/mob/d/washington-made-his-ufc-debut-on-june/7007813843.html,,2019-11-17,US,2019-11-21
What if the descriptive roof ate the frontIs the pray tank better than, Nov 17, &excats=134-40&min_price=5000001, District of Columbia, Washington, For Sale-Wanted, Cell Phones, https://washingtondc.craigslist.org/doc/mob/d/washington-what-if-the-de-ive-roof-ate/7007687068.html,,2019-11-17,US,2019-11-21
Wanted Old Advertising Signs Old Ad Thermometers, Nov 17, &excats=134-40&min_price=5000001, Washington, Yakima, For Sale-Wanted, Wanted, https://yakima.craigslist.org/wan/d/port-orchard-wanted-old-advertising/7013115958.html,Want,2019-11-17,US,2019-11-21
Racing Transmissions, Nov 17, &excats=134-40&min_price=5000001, Michigan, Grand Rapids, For Sale-Wanted, Auto Parts by Owner, https://grandrapids.craigslist.org/pts/d/otsego-racing-transmissions/7008568763.html,,2019-11-17,US,2019-11-21
Racing Transmissions, Nov 17, &excats=134-40&min_price=5000001, Michigan, Kalamazoo, For Sale-Wanted, Auto Parts by Owner, https://kalamazoo.craigslist.org/pts/d/otsego-racing-transmissions/7008567442.html,,2019-11-17,US,2019-11-21
Stainless steel escutcheons, Nov 17, &excats=134-40&min_price=5000001, Nebraska, Lincoln, For Sale-Wanted, Materials, https://lincoln.craigslist.org/mat/d/lincoln-stainless-steel-escutcheons/7014941750.html,,2019-11-17,US,2019-11-21
Wanted Old Advertising Signs Old Ad Thermometers, Nov 17, &excats=134-40&min_price=5000001, Oregon, Oregon Coast, For Sale-Wanted, Wanted, https://oregoncoast.craigslist.org/wan/d/port-orchard-wanted-old-advertising/7013115194.html,Want,2019-11-17,US,2019-11-21
ELECTRONIC GAME SYSTEMS, Nov 17, &excats=134-40&min_price=5000001, Oregon, Portland, For Sale-Wanted, Video Gaming, https://portland.craigslist.org/clc/vgm/d/eagle-creek-electronic-game-systems/7022193485.html,,2019-11-17,US,2019-11-21
ELECTRONIC GAME SYSTEMS, Nov 17, &excats=134-40&min_price=5000001, Oregon, Portland, For Sale-Wanted, General, https://portland.craigslist.org/clc/for/d/eagle-creek-electronic-game-systems/7022186114.html,,2019-11-17,US,2019-11-21
TRAINS WANTED -, Nov 17, &excats=134-40&min_price=5000001, Oregon, Portland, For Sale-Wanted, Wanted, https://portland.craigslist.org/mlt/wan/d/portland-trains-wanted/7022182068.html,Want,2019-11-17,US,2019-11-21
its time, Nov 17, &excats=134-40&min_price=5000001, Oregon, Portland, For Sale-Wanted, General, https://portland.craigslist.org/clk/for/d/wakeeney-its-time/7013224652.html,,2019-11-17,US,2019-11-21
wanted>Nice boxes/ loose Lionel/Marx/MTH/ /HO/, Nov 17, &excats=134-40&min_price=5000001, Oregon, Portland, For Sale-Wanted, Wanted, https://portland.craigslist.org/mlt/wan/d/portland-wantednice-boxes-loose-lionel/7021959455.html,Want,2019-11-17,US,2019-11-21
Axes and Hatchets, Nov 17, &excats=134-40&min_price=5000001, Oregon, Portland, For Sale-Wanted, Tools, https://portland.craigslist.org/mlt/tls/d/salem-axes-and-hatchets/7019326384.html,,2019-11-17,US,2019-11-21
Axes and Hatchets, Nov 17, &excats=134-40&min_price=5000001, Oregon, Salem, For Sale-Wanted, Tools, https://portland.craigslist.org/mlt/tls/d/salem-axes-and-hatchets/7019326384.html,,2019-11-17,US,2019-11-21
ANTIQUE Bull holding pliers., Nov 16, &excats=134-40&min_price=5000001, Arkansas, Jonesboro, For Sale-Wanted, Antique By Owner, https://jonesboro.craigslist.org/atq/d/colt-antique-bull-holding-pliers/7004988706.html,,2019-11-16,US,2019-11-21
1990 chevy SUBURBAN ## squarebody  square body 2wd, Nov 16, &excats=134-40&min_price=5000001, Connecticut, Hartford, For Sale-Wanted, Auto Parts by Owner, https://hartford.craigslist.org/pts/d/durham-1990-chevy-suburban-squarebody/7007196741.html,,2019-11-16,US,2019-11-21
55 Vintage AXES ?AX ?HATCHETS ?, Nov 16, &excats=134-40&min_price=5000001, Connecticut, Hartford, For Sale-Wanted, Tools, https://hartford.craigslist.org/tls/d/durham-55-vintage-axes-ax-hatchets/7012591730.html,,2019-11-16,US,2019-11-21
Coleman lanterns 32 of them, Nov 16, &excats=134-40&min_price=5000001, Connecticut, Hartford, For Sale-Wanted, Sporting Goods, https://hartford.craigslist.org/spo/d/durham-coleman-lanterns-32-of-them/7001930417.html,,2019-11-16,US,2019-11-21
Old knives, Nov 16, &excats=134-40&min_price=5000001, Connecticut, Hartford, For Sale-Wanted, Antique By Owner, https://hartford.craigslist.org/atq/d/durham-old-knives/7019758314.html,,2019-11-16,US,2019-11-21
Vintage knives hunting fishing deer hunting, Nov 16, &excats=134-40&min_price=5000001, Connecticut, Hartford, For Sale-Wanted, Sporting Goods, https://hartford.craigslist.org/spo/d/durham-vintage-knives-hunting-fishing/7019765110.html,,2019-11-16,US,2019-11-21
WANTED 1936-1939 Lincoln Zephyr Coupe any Condition OR SEDAN, Nov 16, &excats=134-40&min_price=5000001, North Dakota, Bismarck, For Sale-Wanted, Wanted, https://bismarck.craigslist.org/wan/d/bismarck-wanted-lincoln-zephyr-coupe/7017439446.html,Want,2019-11-16,US,2019-11-21
buying military bayonets helmets knives ww2 wwii nazi bayonets swords, Nov 16, &excats=134-40&min_price=5000001, Arizona, Phoenix, For Sale-Wanted, Wanted, https://phoenix.craigslist.org/evl/wad/d/paradise-valley-buying-military/7021642186.html,,2019-11-16,US,2019-11-21
Buying military bayonet helmets old knives WW2 WW2 Nazi Japanese sword, Nov 16, &excats=134-40&min_price=5000001, Arizona, Phoenix, For Sale-Wanted, Antiques By Dealer, https://phoenix.craigslist.org/evl/atd/d/paradise-valley-buying-military-bayonet/7021640395.html,,2019-11-16,US,2019-11-21
Looking to buy old garage equipment by Alemite balcrank Kent Moore, Nov 16, &excats=134-40&min_price=5000001, Arizona, Show Low, For Sale-Wanted, Wanted, https://showlow.craigslist.org/wan/d/white-mountain-lake-looking-to-buy-old/7017477348.html,Want,2019-11-16,US,2019-11-21
Ford 2.9l engine, Nov 16, &excats=134-40&min_price=5000001, Arizona, Tucson, For Sale-Wanted, Wanted, https://tucson.craigslist.org/wan/d/tucson-ford-29l-engine/7021583386.html,,2019-11-16,US,2019-11-21
Registered Scottish Highland Calves, Nov 16, &excats=134-40&min_price=5000001, Wisconsin, La Crosse, For Sale-Wanted, Farm and Garden, https://lacrosse.craigslist.org/grd/d/pine-island-registered-scottish/7021569418.html,,2019-11-16,US,2019-11-21
8 Vintage Hallmark Ornaments, Nov 16, &excats=134-40&min_price=5000001, Wisconsin, Madison, For Sale-Wanted, Collectibles, https://madison.craigslist.org/clt/d/oregon-8-vintage-hallmark-ornaments/7021421962.html,,2019-11-16,US,2019-11-21
Looking to buy old garage equipment by Alemite balcrank Kent Moore, Nov 16, &excats=134-40&min_price=5000001, Colorado, Denver, For Sale-Wanted, Wanted, https://denver.craigslist.org/wan/d/denver-looking-to-buy-old-garage/7017478542.html,Want,2019-11-16,US,2019-11-21
Two pure white gaited horses ., Nov 16, &excats=134-40&min_price=5000001, Colorado, Denver, For Sale-Wanted, Farm and Garden, https://denver.craigslist.org/grd/d/lebanon-two-pure-white-gaited-horses/7003571335.html,,2019-11-16,US,2019-11-21
Wanted to buy: 15 to 20 sheets of 7/16 OSB, Nov 16, &excats=134-40&min_price=5000001, Illinois, Chicago, For Sale-Wanted, Materials, https://chicago.craigslist.org/nwi/mat/d/lowell-wanted-to-buy-15-to-20-sheets-of/7019598231.html,Want,2019-11-16,US,2019-11-21
Random Parts, Nov 16, &excats=134-40&min_price=5000001, Illinois, Chicago, For Sale-Wanted, Bike Parts, https://chicago.craigslist.org/wcl/bop/d/oak-park-random-parts/7021491676.html,,2019-11-16,US,2019-11-21
Bed top, Nov 16, &excats=134-40&min_price=5000001, Illinois, Chicago, For Sale-Wanted, Auto Parts by Owner, https://chicago.craigslist.org/chc/pts/d/chicago-bed-top/7021309544.html,,2019-11-16,US,2019-11-21
Notre Dame tickets wanted for today, Nov 16, &excats=134-40&min_price=5000001, Illinois, Chicago, For Sale-Wanted, Tickets, https://southbend.craigslist.org/tix/d/chicago-notre-dame-tickets-wanted-for/7021070901.html,Want,2019-11-16,US,2019-11-21
UPDATE! Parts & Project Cars & Trucks 1920&#39;s-80&#39;s 100&#39;s of Cars, Nov 16, &excats=134-40&min_price=5000001, Illinois, Rockford, For Sale-Wanted, Auto Parts by Dealer, https://rockford.craigslist.org/ptd/d/great-bend-update-parts-project-cars/7021609165.html,,2019-11-16,US,2019-11-21
Registered Scottish Highland Calves, Nov 16, &excats=134-40&min_price=5000001, Minnesota, Mankato, For Sale-Wanted, Farm and Garden, https://mankato.craigslist.org/grd/d/pine-island-registered-scottish/7021567674.html,,2019-11-16,US,2019-11-21
Antiques Collectibles Jewelry Purses and Toys! Something for Everyone!, Nov 16, &excats=134-40&min_price=5000001, Minnesota, St Cloud, For Sale-Wanted, Collectibles, https://stcloud.craigslist.org/clt/d/hutchinson-antiques-collectibles/7021486375.html,,2019-11-16,US,2019-11-21
WANTED 1936-1939 Lincoln Zephyr Coupe any Condition OR SEDAN, Nov 16, &excats=134-40&min_price=5000001, North Carolina, Fayetteville, For Sale-Wanted, Wanted, https://fayetteville.craigslist.org/wan/d/spartanburg-wanted-lincoln-zephyr-coupe/7017422683.html,Want,2019-11-16,US,2019-11-21
Ducks ducks and more ducks, Nov 16, &excats=134-40&min_price=5000001, Ohio, Cincinnati, For Sale-Wanted, Collectibles, https://cincinnati.craigslist.org/clt/d/goshen-ducks-ducks-and-more-ducks/7010484716.html,,2019-11-16,US,2019-11-21
Freezer clean outs, Nov 16, &excats=134-40&min_price=5000001, Ohio, Cleveland, For Sale-Wanted, Wanted, https://cleveland.craigslist.org/wan/d/lorain-freezer-clean-outs/7021421601.html,,2019-11-16,US,2019-11-21
Master Bedroom Set, Nov 16, &excats=134-40&min_price=5000001, New York, Albany, For Sale-Wanted, Furniture, https://albany.craigslist.org/fuo/d/saratoga-springs-master-bedroom-set/7021435432.html,,2019-11-16,US,2019-11-21
Red Angus cows and calves, Nov 16, &excats=134-40&min_price=5000001, New York, Binghamton, For Sale-Wanted, Farm and Garden, https://binghamton.craigslist.org/grd/d/harpursville-red-angus-cows-and-calves/7002618467.html,,2019-11-16,US,2019-11-21
Winross truck collection, Nov 16, &excats=134-40&min_price=5000001, New York, Buffalo, For Sale-Wanted, Toys And Games, https://buffalo.craigslist.org/tag/d/clarence-winross-truck-collection/7017429321.html,,2019-11-16,US,2019-11-21
$$$ WANTED MOTORCYCLES MINIBIKES MOPEDS $ ATV&#39;S $$$$, Nov 16, &excats=134-40&min_price=5000001, New York, Hudson Valley, For Sale-Wanted, Wanted, https://hudsonvalley.craigslist.org/wan/d/sussex-wanted-motorcycles-minibikes/7018996740.html,Want,2019-11-16,US,2019-11-21
UPDATE! Parts & Project Cars & Trucks 1920&#39;s-80&#39;s 100&#39;s of Cars, Nov 16, &excats=134-40&min_price=5000001, New York, Rochester, For Sale-Wanted, Auto Parts by Dealer, https://rochester.craigslist.org/ptd/d/great-bend-update-parts-project-cars/7021606825.html,,2019-11-16,US,2019-11-21
Iso arabian mare, Nov 16, &excats=134-40&min_price=5000001, Iowa, Des Moines, For Sale-Wanted, Farm and Garden, https://desmoines.craigslist.org/grd/d/blythedale-iso-arabian-mare/7012422569.html,,2019-11-16,US,2019-11-21
Xbox 1s, Nov 16, &excats=134-40&min_price=5000001, Pennsylvania, Harrisburg, For Sale-Wanted, Electronics, https://harrisburg.craigslist.org/ele/d/carlisle-xbox-1s/7021051354.html,,2019-11-16,US,2019-11-21
Pre owned HOT TUBS w/warrantys, Nov 16, &excats=134-40&min_price=5000001, Pennsylvania, Philadelphia, For Sale-Wanted, General, https://philadelphia.craigslist.org/for/d/bedminster-pre-owned-hot-tubs-warrantys/7021346375.html,,2019-11-16,US,2019-11-21
ELECTRICAL ELECTRICIAN WIREMOLD RECEPTACLE SWITCH BOXES ETC, Nov 16, &excats=134-40&min_price=5000001, Pennsylvania, Philadelphia, For Sale-Wanted, Materials, https://philadelphia.craigslist.org/mat/d/philadelphia-electrical-electrician/7021039109.html,,2019-11-16,US,2019-11-21
VINTAGE TEXACO JOHNSON TWO CYCLE ENGINE OIL OUTBOARD 50-1, Nov 16, &excats=134-40&min_price=5000001, Pennsylvania, Philadelphia, For Sale-Wanted, General, https://philadelphia.craigslist.org/for/d/philadelphia-vintage-texaco-johnson-two/7021033293.html,,2019-11-16,US,2019-11-21
WANTED 1986 CHEVY C10 k10  tailgate, Nov 16, &excats=134-40&min_price=5000001, Pennsylvania, Philadelphia, For Sale-Wanted, Auto Parts by Owner, https://philadelphia.craigslist.org/pts/d/collegeville-wanted-1986-chevy-c10-k10/7013060765.html,Want,2019-11-16,US,2019-11-21
WANTED TAILGATE 1986 CHEVY SILVERADO, Nov 16, &excats=134-40&min_price=5000001, Pennsylvania, Philadelphia, For Sale-Wanted, Wanted, https://philadelphia.craigslist.org/wan/d/collegeville-wanted-tailgate-1986-chevy/7011124341.html,Want,2019-11-16,US,2019-11-21
WANTED: Vintage mechanic work station bench alemite graco Lincoln, Nov 16, &excats=134-40&min_price=5000001, Pennsylvania, Pittsburgh, For Sale-Wanted, Wanted, https://pittsburgh.craigslist.org/wan/d/apollo-wanted-vintage-mechanic-work/7017458135.html,Want,2019-11-16,US,2019-11-21
BRED HEIFERS, Nov 16, &excats=134-40&min_price=5000001, Missouri, Kansas City, For Sale-Wanted, Farm and Garden, https://kansascity.craigslist.org/grd/d/pleasanton-bred-heifers/7021421528.html,,2019-11-16,US,2019-11-21
Vintage 1930s Tom&#39;s Peanut 5c Jar & Tom&#39;s Embossed Red Lid, Nov 16, &excats=134-40&min_price=5000001, Missouri, Springfield, For Sale-Wanted, Antique By Owner, https://springfield.craigslist.org/atq/d/mount-vernon-vintage-1930s-toms-peanut/7015762558.html,,2019-11-16,US,2019-11-21
Lots of  vintage new and used postage stamps to choose from, Nov 16, &excats=134-40&min_price=5000001, Missouri, Springfield, For Sale-Wanted, Collectibles, https://springfield.craigslist.org/clt/d/ozark-lots-of-vintage-new-and-used/7012192220.html,,2019-11-16,US,2019-11-21
Fifth wheel tailgate, Nov 16, &excats=134-40&min_price=5000001, Missouri, St Joseph, For Sale-Wanted, Auto Parts by Owner, https://stjoseph.craigslist.org/pts/d/hiawatha-fifth-wheel-tailgate/7019176559.html,,2019-11-16,US,2019-11-21
Pandora authentic stamped, Nov 16, &excats=134-40&min_price=5000001, Oklahoma, Lawton, For Sale-Wanted, Jewelry, https://lawton.craigslist.org/jwl/d/fort-sill-pandora-authentic-stamped/7021639884.html,,2019-11-16,US,2019-11-21
Harrows, Nov 16, &excats=134-40&min_price=5000001, Oklahoma, Oklahoma City, For Sale-Wanted, Farm and Garden, https://oklahomacity.craigslist.org/grd/d/oklahoma-city-harrows/7005728280.html,,2019-11-16,US,2019-11-21
WANTED 1936-1939 Lincoln Zephyr Coupe any Condition OR SEDAN, Nov 16, &excats=134-40&min_price=5000001, Maryland, Baltimore, For Sale-Wanted, Wanted, https://baltimore.craigslist.org/wan/d/baltimore-wanted-lincoln-zephyr-coupe/7017440346.html,Want,2019-11-16,US,2019-11-21
UPDATE! Parts & Project Cars & Trucks 1920&#39;s-80&#39;s 100&#39;s of Cars, Nov 16, &excats=134-40&min_price=5000001, Indiana, Richmond, For Sale-Wanted, Auto Parts by Dealer, https://richmondin.craigslist.org/ptd/d/great-bend-update-parts-project-cars/7021589528.html,,2019-11-16,US,2019-11-21
TOW HITCH&#39;S, Nov 16, &excats=134-40&min_price=5000001, New Jersey, Jersey Shore, For Sale-Wanted, Auto Parts by Owner, https://jerseyshore.craigslist.org/pts/d/asbury-park-tow-hitchs/7006635645.html,,2019-11-16,US,2019-11-21
We buy phones ???????????? cash, Nov 16, &excats=134-40&min_price=5000001, Florida, Orlando, For Sale-Wanted, Wanted, https://orlando.craigslist.org/wad/d/dearing-we-buy-phones-cash/7021101893.html,,2019-11-16,US,2019-11-21
Watch, Nov 16, &excats=134-40&min_price=5000001, Florida, Space Coast, For Sale-Wanted, Jewelry, https://spacecoast.craigslist.org/jwl/d/cocoa-watch/7021054050.html,,2019-11-16,US,2019-11-21
TRADING LAPTOP FOR NINTENDO SWITCH, Nov 16, &excats=134-40&min_price=5000001, Texas, Austin, For Sale-Wanted, Wanted, https://austin.craigslist.org/wan/d/buda-trading-laptop-for-nintendo-switch/7021563940.html,,2019-11-16,US,2019-11-21
2012 Hyundai Sonata, Nov 16, &excats=134-40&min_price=5000001, Texas, Austin, For Sale-Wanted, Cars And by Dealer, https://austin.craigslist.org/ctd/d/austin-2012-hyundai-sonata/7021353906.html,,2019-11-16,US,2019-11-21
$$ WE BUY ALL IPHONE 11 11 PRO MAX BRAND NEW --WILL PAY TOP CASH $$$, Nov 16, &excats=134-40&min_price=5000001, Texas, Austin, For Sale-Wanted, Wanted, https://austin.craigslist.org/wad/d/austin-we-buy-all-iphone-pro-max-brand/7021125423.html,,2019-11-16,US,2019-11-21
Various Paintings, Nov 16, &excats=134-40&min_price=5000001, Texas, Corpus Christi, For Sale-Wanted, Art by Owner, https://corpuschristi.craigslist.org/art/d/corpus-christi-various-paintings/7021626065.html,,2019-11-16,US,2019-11-21
carpas mesas sillas jumping ballons party rentals, Nov 16, &excats=134-40&min_price=5000001, Texas, El Paso, For Sale-Wanted, General, https://elpaso.craigslist.org/for/d/fabens-carpas-mesas-sillas-jumping/7021584348.html,,2019-11-16,US,2019-11-21
Monturas/ charro saddles, Nov 16, &excats=134-40&min_price=5000001, Texas, Houston, For Sale-Wanted, Farm and Garden, https://houston.craigslist.org/grd/d/mont-belvieu-monturas-charro-saddles/7021366144.html,,2019-11-16,US,2019-11-21
WANTED 1936-1939 Lincoln Zephyr Coupe OR 4 DOOR SEDAN any Condition, Nov 16, &excats=134-40&min_price=5000001, Texas, San Angelo, For Sale-Wanted, Wanted, https://sanangelo.craigslist.org/wan/d/carlsbad-wanted-lincoln-zephyr-coupe-or/7017423209.html,Want,2019-11-16,US,2019-11-21
UPDATE! Parts & Project Cars & Trucks 1920&#39;s-80&#39;s 100&#39;s of Cars, Nov 16, &excats=134-40&min_price=5000001, Texas, San Antonio, For Sale-Wanted, Auto Parts by Dealer, https://sanantonio.craigslist.org/ptd/d/great-bend-update-parts-project-cars/7021626380.html,,2019-11-16,US,2019-11-21
Records Records and More RECORDs RECORDS 1400 S Main St, Nov 16, &excats=134-40&min_price=5000001, Nevada, Las Vegas, For Sale-Wanted, Collectibles, https://lasvegas.craigslist.org/clt/d/las-vegas-records-records-and-more/7003408554.html,,2019-11-16,US,2019-11-21
Golf Serigraph - Myrtle Beach Dunes Golf - By Mark King, Nov 16, &excats=134-40&min_price=5000001, Nevada, Las Vegas, For Sale-Wanted, Sporting Goods, https://lasvegas.craigslist.org/spo/d/henderson-golf-serigraph-myrtle-beach/7021391005.html,,2019-11-16,US,2019-11-21
UNLV Basketball (many games avail!!) --- Below face   {Aisle seats!}, Nov 16, &excats=134-40&min_price=5000001, Nevada, Las Vegas, For Sale-Wanted, Tickets, https://lasvegas.craigslist.org/tix/d/las-vegas-unlv-basketball-many-games/7021140695.html,,2019-11-16,US,2019-11-21
Kings Throne  -  Perfect Santa Claus Chair, Nov 16, &excats=134-40&min_price=5000001, Nevada, Las Vegas, For Sale-Wanted, Furniture, https://lasvegas.craigslist.org/fuo/d/henderson-kings-throne-perfect-santa/7021082218.html,,2019-11-16,US,2019-11-21
Workshop sale selling all hand tools craftsmans wrenches sockets etc, Nov 16, &excats=134-40&min_price=5000001, Massachusetts, Boston, For Sale-Wanted, Tools, https://boston.craigslist.org/sob/tls/d/kingston-workshop-sale-selling-all-hand/7003168019.html,,2019-11-16,US,2019-11-21
Wanted 95-98 Ford F-250 Crew cab window, Nov 16, &excats=134-40&min_price=5000001, South Carolina, Columbia, For Sale-Wanted, Auto Parts by Owner, https://columbia.craigslist.org/pts/d/gaston-wanted-ford-250-crew-cab-window/7021629249.html,Want,2019-11-16,US,2019-11-21
WANTED 1936-1939 Lincoln Zephyr Coupe OR 4 DOOR SEDAN any Condition, Nov 16, &excats=134-40&min_price=5000001, Kentucky, Owensboro, For Sale-Wanted, Wanted, https://owensboro.craigslist.org/wan/d/owensboro-wanted-lincoln-zephyr-coupe/7017407433.html,Want,2019-11-16,US,2019-11-21
WANTED 1936-1939 Lincoln Zephyr Coupe OR 4 DOOR SEDAN any Condition, Nov 16, &excats=134-40&min_price=5000001, Tennessee, Knoxville, For Sale-Wanted, Wanted, https://knoxville.craigslist.org/wan/d/knoxville-wanted-lincoln-zephyr-coupe/7017438763.html,Want,2019-11-16,US,2019-11-21
1994 Chevy lwb Cheyenne 124k, Nov 16, &excats=134-40&min_price=5000001, Tennessee, Nashville, For Sale-Wanted, Auto Parts by Owner, https://nashville.craigslist.org/pts/d/centerville-1994-chevy-lwb-cheyenne-124k/7003600092.html,,2019-11-16,US,2019-11-21
Electric guitar signed by Slash from Guns and Roses, Nov 16, &excats=134-40&min_price=5000001, California, Inland Empire, For Sale-Wanted, Collectibles, https://inlandempire.craigslist.org/clt/d/guasti-electric-guitar-signed-by-slash/7021082008.html,,2019-11-16,US,2019-11-21
LOOSE DIAMONDS GIA EGL USA Certified Diamonds ALL SIZE & SHAPE, Nov 16, &excats=134-40&min_price=5000001, California, Los Angeles, For Sale-Wanted, Jewelry, https://losangeles.craigslist.org/lac/jwl/d/loose-diamonds-gia-egl-usa-certified/7008860231.html,,2019-11-16,US,2019-11-21
LOOSE DIAMONDS GIA EGL USA Certified Diamonds ALL SIZE & SHAPE, Nov 16, &excats=134-40&min_price=5000001, California, Los Angeles, For Sale-Wanted, Jewelry, https://losangeles.craigslist.org/lac/jwl/d/loose-diamonds-gia-egl-usa-certified/7002890282.html,,2019-11-16,US,2019-11-21
1963 Ferrari 330 LMB, Nov 16, &excats=134-40&min_price=5000001, California, Los Angeles, For Sale-Wanted, Cars And Trucks, https://losangeles.craigslist.org/lac/cto/d/portland-1963-ferrari-330-lmb/7021554271.html,,2019-11-16,US,2019-11-21
WE PAY CASH CASH CASH CASH FOR IPHONES, Nov 16, &excats=134-40&min_price=5000001, California, Los Angeles, For Sale-Wanted, Wanted, https://losangeles.craigslist.org/lac/wad/d/redondo-beach-we-pay-cash-cash-cash/7021542335.html,,2019-11-16,US,2019-11-21
LOOSE DIAMONDS GIA EGL USA Certified Diamonds ALL SIZE & SHAPE, Nov 16, &excats=134-40&min_price=5000001, California, Los Angeles, For Sale-Wanted, Jewelry, https://losangeles.craigslist.org/lac/jwl/d/loose-diamonds-gia-egl-usa-certified/7004192252.html,,2019-11-16,US,2019-11-21
cash FOR MAC CASH FOR MacBook Pro CASH FOR MacBook Air, Nov 16, &excats=134-40&min_price=5000001, California, Orange County, For Sale-Wanted, Wanted, https://orangecounty.craigslist.org/wad/d/anaheim-cash-for-mac-cash-for-macbook/7021591465.html,,2019-11-16,US,2019-11-21
Warehouse full of Furniture from Real Estate Stagings, Nov 16, &excats=134-40&min_price=5000001, California, Orange County, For Sale-Wanted, Furniture, https://orangecounty.craigslist.org/fuo/d/huntington-beach-warehouse-full-of/7002847202.html,,2019-11-16,US,2019-11-21
UPDATE! Parts & Project Cars & Trucks 1920&#39;s-80&#39;s 100&#39;s of Cars, Nov 16, &excats=134-40&min_price=5000001, California, Redding, For Sale-Wanted, Auto Parts by Dealer, https://redding.craigslist.org/ptd/d/great-bend-update-parts-project-cars/7021580823.html,,2019-11-16,US,2019-11-21
$ Buying Baseball Football Basketball cards Comic books Coins & Knives, Nov 16, &excats=134-40&min_price=5000001, California, Redding, For Sale-Wanted, Toys And Games, https://redding.craigslist.org/tag/d/rio-linda-buying-baseball-football/7013270562.html,,2019-11-16,US,2019-11-21
UPDATE! Parts & Project Cars & Trucks 1920&#39;s-80&#39;s 100&#39;s of Cars, Nov 16, &excats=134-40&min_price=5000001, California, Sacramento, For Sale-Wanted, Auto Parts by Dealer, https://sacramento.craigslist.org/ptd/d/great-bend-update-parts-project-cars/7021613212.html,,2019-11-16,US,2019-11-21
Antique Swedish Mora Clocks, Nov 16, &excats=134-40&min_price=5000001, California, Sacramento, For Sale-Wanted, Antique By Owner, https://sacramento.craigslist.org/atq/d/roseville-antique-swedish-mora-clocks/7021602110.html,,2019-11-16,US,2019-11-21
UPDATE! Parts & Project Cars & Trucks 1920&#39;s-80&#39;s 100&#39;s of Cars, Nov 16, &excats=134-40&min_price=5000001, California, San Diego, For Sale-Wanted, Auto Parts by Dealer, https://sandiego.craigslist.org/nsd/ptd/d/great-bend-update-parts-project-cars/7021626604.html,,2019-11-16,US,2019-11-21
Old speakers and stereo equipment, Nov 16, &excats=134-40&min_price=5000001, California, San Diego, For Sale-Wanted, Wanted, https://sandiego.craigslist.org/csd/wan/d/san-diego-old-speakers-and-stereo/7021430632.html,,2019-11-16,US,2019-11-21
Cast iron wanted, Nov 16, &excats=134-40&min_price=5000001, California, San Diego, For Sale-Wanted, Wanted, https://sandiego.craigslist.org/csd/wan/d/el-cajon-cast-iron-wanted/7021136361.html,Want,2019-11-16,US,2019-11-21
Cast iron skillets galore !, Nov 16, &excats=134-40&min_price=5000001, California, San Diego, For Sale-Wanted, Antique By Owner, https://sandiego.craigslist.org/csd/atq/d/el-cajon-cast-iron-skillets-galore/7021136099.html,,2019-11-16,US,2019-11-21
01 NISSAN MAXIMA PARTS, Nov 16, &excats=134-40&min_price=5000001, Kansas, Wichita, For Sale-Wanted, Auto Parts by Owner, https://wichita.craigslist.org/pts/d/wichita-01-nissan-maxima-parts/7010010361.html,,2019-11-16,US,2019-11-21
Isuzu Box Truck For Sale, Nov 16, &excats=134-40&min_price=5000001, Kansas, Wichita, For Sale-Wanted, Cars And by Dealer, https://wichita.craigslist.org/ctd/d/miami-isuzu-box-truck-for-sale/7021049357.html,,2019-11-16,US,2019-11-21
UPDATE! Parts & Project Cars & Trucks 1920&#39;s-80&#39;s 100&#39;s of Cars, Nov 16, &excats=134-40&min_price=5000001, Virginia, Richmond, For Sale-Wanted, Auto Parts by Dealer, https://richmond.craigslist.org/ptd/d/great-bend-update-parts-project-cars/7021598585.html,,2019-11-16,US,2019-11-21
WANTED 1936-1939 Lincoln Zephyr Coupe OR 4 DOOR SEDAN any Condition, Nov 16, &excats=134-40&min_price=5000001, Virginia, Richmond, For Sale-Wanted, Wanted, https://richmond.craigslist.org/wan/d/richmond-wanted-lincoln-zephyr-coupe-or/7017406302.html,Want,2019-11-16,US,2019-11-21
Frans Hals Portrait, Nov 16, &excats=134-40&min_price=5000001, Virginia, Richmond, For Sale-Wanted, Antique By Owner, https://washingtondc.craigslist.org/nva/atq/d/richmond-frans-hals-portrait/7021532590.html,,2019-11-16,US,2019-11-21
Frans Hals Portrait, Nov 16, &excats=134-40&min_price=5000001, Virginia, Richmond, For Sale-Wanted, Antique By Owner, https://washingtondc.craigslist.org/nva/atq/d/richmond-frans-hals-portrait/7021532456.html,,2019-11-16,US,2019-11-21
UPDATE! Parts & Project Cars & Trucks 1920&#39;s-80&#39;s 100&#39;s of Cars, Nov 16, &excats=134-40&min_price=5000001, Virginia, Roanoke, For Sale-Wanted, Auto Parts by Dealer, https://roanoke.craigslist.org/ptd/d/great-bend-update-parts-project-cars/7021600670.html,,2019-11-16,US,2019-11-21
Wanted Honda Ridgeline wheels, Nov 16, &excats=134-40&min_price=5000001, Virginia, Roanoke, For Sale-Wanted, Auto Parts by Owner, https://roanoke.craigslist.org/pts/d/spout-spring-wanted-honda-ridgeline/7001978557.html,Want,2019-11-16,US,2019-11-21
??AFFORDABLE TREE CUTTING SERVICE TREE SERVICE /OVER 60 -5 STAR GOOGLE, Nov 16, &excats=134-40&min_price=5000001, Georgia, Atlanta, For Sale-Wanted, Farm and Garden, https://atlanta.craigslist.org/nat/grq/d/marietta-affordable-tree-cutting/7021107397.html,,2019-11-16,US,2019-11-21
Box Truck For Sale, Nov 16, &excats=134-40&min_price=5000001, Georgia, Atlanta, For Sale-Wanted, Cars And by Dealer, https://atlanta.craigslist.org/atl/ctd/d/miami-box-truck-for-sale/7021045945.html,,2019-11-16,US,2019-11-21
WANTED 1936-1939 Lincoln Zephyr Coupe any Condition OR SEDAN, Nov 16, &excats=134-40&min_price=5000001, Georgia, Columbus, For Sale-Wanted, Wanted, https://columbusga.craigslist.org/wan/d/upatoi-wanted-lincoln-zephyr-coupe-any/7017424307.html,Want,2019-11-16,US,2019-11-21
Looking to buy old garage equipment by Alemite balcrank Kent Moore, Nov 16, &excats=134-40&min_price=5000001, Montana, Butte, For Sale-Wanted, Wanted, https://butte.craigslist.org/wan/d/butte-looking-to-buy-old-garage/7017550583.html,Want,2019-11-16,US,2019-11-21
Moving sale snow tires freezer patio table Baker&#39;s rack, Nov 16, &excats=134-40&min_price=5000001, Montana, Kalispell, For Sale-Wanted, General, https://kalispell.craigslist.org/for/d/somers-moving-sale-snow-tires-freezer/7021550501.html,,2019-11-16,US,2019-11-21
ISO, Nov 16, &excats=134-40&min_price=5000001, Montana, Kalispell, For Sale-Wanted, Wanted, https://kalispell.craigslist.org/wan/d/columbia-falls-iso/7021190858.html,,2019-11-16,US,2019-11-21
UPDATE! Parts & Project Cars & Trucks 1920&#39;s-80&#39;s 100&#39;s of Cars, Nov 16, &excats=134-40&min_price=5000001, Utah, Salt Lake City, For Sale-Wanted, Auto Parts by Dealer, https://saltlakecity.craigslist.org/ptd/d/great-bend-update-parts-project-cars/7021624534.html,,2019-11-16,US,2019-11-21
WANTED 1936-1939 Lincoln Zephyr Coupe any Condition OR SEDAN, Nov 16, &excats=134-40&min_price=5000001, Utah, Salt Lake City, For Sale-Wanted, Wanted, https://saltlakecity.craigslist.org/wan/d/salt-lake-city-wanted-lincoln-zephyr/7017438215.html,Want,2019-11-16,US,2019-11-21
8 tracks for sale, Nov 16, &excats=134-40&min_price=5000001, New Mexico, Las Cruces, For Sale-Wanted, General, https://lascruces.craigslist.org/for/d/las-cruces-8-tracks-for-sale/7021054813.html,,2019-11-16,US,2019-11-21
Frans Hals Portrait, Nov 16, &excats=134-40&min_price=5000001, District of Columbia, Washington, For Sale-Wanted, Antique By Owner, https://washingtondc.craigslist.org/nva/atq/d/richmond-frans-hals-portrait/7021532590.html,,2019-11-16,US,2019-11-21
Frans Hals Portrait, Nov 16, &excats=134-40&min_price=5000001, District of Columbia, Washington, For Sale-Wanted, Antique By Owner, https://washingtondc.craigslist.org/nva/atq/d/richmond-frans-hals-portrait/7021532456.html,,2019-11-16,US,2019-11-21
Frans Hals Portrait, Nov 16, &excats=134-40&min_price=5000001, District of Columbia, Washington, For Sale-Wanted, Antique By Owner, https://washingtondc.craigslist.org/nva/atq/d/richmond-frans-hals-portrait/7021520983.html,,2019-11-16,US,2019-11-21
Frans Hals Portrait, Nov 16, &excats=134-40&min_price=5000001, District of Columbia, Washington, For Sale-Wanted, Antique By Owner, https://washingtondc.craigslist.org/nva/atq/d/richmond-frans-hals-portrait/7013777247.html,,2019-11-16,US,2019-11-21
When Marion Reneau is not fighting, Nov 16, &excats=134-40&min_price=5000001, District of Columbia, Washington, For Sale-Wanted, Cell Phones, https://washingtondc.craigslist.org/doc/mob/d/washington-when-marion-reneau-is-not/7007568626.html,,2019-11-16,US,2019-11-21
Volkswagen GTI Beetle Jetta Golf Thing Golf R, Nov 16, &excats=134-40&min_price=5000001, District of Columbia, Washington, For Sale-Wanted, Auto Parts by Owner, https://washingtondc.craigslist.org/nva/pts/d/purcellville-volkswagen-gti-beetle/7012471555.html,,2019-11-16,US,2019-11-21
Volkswagen Jetta Golf GTi VW, Nov 16, &excats=134-40&min_price=5000001, District of Columbia, Washington, For Sale-Wanted, Auto Parts by Owner, https://washingtondc.craigslist.org/nva/pts/d/purcellville-volkswagen-jetta-golf-gti/7012471167.html,,2019-11-16,US,2019-11-21
Holley 3 Barrel, Nov 16, &excats=134-40&min_price=5000001, District of Columbia, Washington, For Sale-Wanted, Auto Parts by Owner, https://washingtondc.craigslist.org/nva/pts/d/purcellville-holley-3-barrel/7011991729.html,,2019-11-16,US,2019-11-21
Vintage Steel Tube Single Bed, Nov 16, &excats=134-40&min_price=5000001, District of Columbia, Washington, For Sale-Wanted, Antique By Owner, https://washingtondc.craigslist.org/nva/atq/d/purcellville-vintage-steel-tube-single/7011991548.html,,2019-11-16,US,2019-11-21
Murray Pedal Car Vintage Hot Rod, Nov 16, &excats=134-40&min_price=5000001, District of Columbia, Washington, For Sale-Wanted, Auto Parts by Owner, https://washingtondc.craigslist.org/nva/pts/d/murray-pedal-car-vintage-hot-rod/7011991328.html,,2019-11-16,US,2019-11-21
Swamp Cooler Vintage Car Cooler Hot Rod, Nov 16, &excats=134-40&min_price=5000001, District of Columbia, Washington, For Sale-Wanted, Auto Parts by Owner, https://washingtondc.craigslist.org/nva/pts/d/swamp-cooler-vintage-car-cooler-hot-rod/7011982708.html,,2019-11-16,US,2019-11-21
Gator plow Atv Plow, Nov 16, &excats=134-40&min_price=5000001, District of Columbia, Washington, For Sale-Wanted, ATVs UTVs by Owner, https://washingtondc.craigslist.org/nva/snw/d/purcellville-gator-plow-atv-plow/7011983265.html,,2019-11-16,US,2019-11-21
1932 Ford Gas Tank/Hot Rod, Nov 16, &excats=134-40&min_price=5000001, District of Columbia, Washington, For Sale-Wanted, Auto Parts by Owner, https://washingtondc.craigslist.org/nva/pts/d/purcellville-1932-ford-gas-tank-hot-rod/7011982520.html,,2019-11-16,US,2019-11-21
Buying Antiques Estates and Quality Furniture, Nov 16, &excats=134-40&min_price=5000001, District of Columbia, Washington, For Sale-Wanted, Wanted, https://washingtondc.craigslist.org/doc/wan/d/severn-buying-antiques-estates-and/7002108613.html,,2019-11-16,US,2019-11-21
WANTED 1936-1939 Lincoln Zephyr Coupe any Condition OR SEDAN, Nov 16, &excats=134-40&min_price=5000001, Washington, Yakima, For Sale-Wanted, Wanted, https://yakima.craigslist.org/wan/d/yakima-wanted-lincoln-zephyr-coupe-any/7017441070.html,Want,2019-11-16,US,2019-11-21
Christmas wreaths & home decor, Nov 16, &excats=134-40&min_price=5000001, Washington, Yakima, For Sale-Wanted, Household, https://yakima.craigslist.org/hsh/d/yakima-christmas-wreaths-home-decor/7021268701.html,,2019-11-16,US,2019-11-21
WANTED 1936-1939 Lincoln Zephyr Coupe any Condition OR SEDAN, Nov 16, &excats=134-40&min_price=5000001, Nebraska, Grand Island, For Sale-Wanted, Wanted, https://grandisland.craigslist.org/wan/d/grand-island-wanted-lincoln-zephyr/7017423728.html,Want,2019-11-16,US,2019-11-21
WANTED 1936-1939 Lincoln Zephyr Coupe any Condition OR SEDAN, Nov 16, &excats=134-40&min_price=5000001, Nebraska, Lincoln, For Sale-Wanted, Wanted, https://grandisland.craigslist.org/wan/d/grand-island-wanted-lincoln-zephyr/7017423728.html,Want,2019-11-16,US,2019-11-21
UPDATE! Parts & Project Cars & Trucks 1920&#39;s-80&#39;s 100&#39;s of Cars, Nov 16, &excats=134-40&min_price=5000001, Oregon, Bend, For Sale-Wanted, Auto Parts by Dealer, https://roseburg.craigslist.org/ptd/d/great-bend-update-parts-project-cars/7021610391.html,,2019-11-16,US,2019-11-21
South eugene storage, Nov 16, &excats=134-40&min_price=5000001, Oregon, Eugene, For Sale-Wanted, Wanted, https://eugene.craigslist.org/wan/d/eugene-south-eugene-storage/7021054913.html,,2019-11-16,US,2019-11-21
ADJUSTABLE KNUCKLE WITH SET SCREW 48 pc, Nov 16, &excats=134-40&min_price=5000001, Oregon, Portland, For Sale-Wanted, Household, https://portland.craigslist.org/clc/hsh/d/clackamas-adjustable-knuckle-with-set/7015001599.html,,2019-11-16,US,2019-11-21
UPDATE! Parts & Project Cars & Trucks 1920&#39;s-80&#39;s 100&#39;s of Cars, Nov 16, &excats=134-40&min_price=5000001, Oregon, Roseburg, For Sale-Wanted, Auto Parts by Dealer, https://roseburg.craigslist.org/ptd/d/great-bend-update-parts-project-cars/7021610391.html,,2019-11-16,US,2019-11-21
Fishing gear, Nov 16, &excats=134-40&min_price=5000001, Oregon, Salem, For Sale-Wanted, Sporting Goods, https://salem.craigslist.org/spo/d/salem-fishing-gear/7021439838.html,,2019-11-16,US,2019-11-21
honda generator, Nov 15, &excats=134-40&min_price=5000001, Connecticut, Hartford, For Sale-Wanted, Tools, https://hartford.craigslist.org/tls/d/nashua-honda-generator/7020377355.html,,2019-11-15,US,2019-11-21
New used or old Rolex watches wanted!, Nov 15, &excats=134-40&min_price=5000001, Arizona, Phoenix, For Sale-Wanted, Wanted, https://phoenix.craigslist.org/evl/wad/d/phoenix-new-used-or-old-rolex-watches/7020958186.html,Want,2019-11-15,US,2019-11-21
Hay, Nov 15, &excats=134-40&min_price=5000001, Arizona, Prescott, For Sale-Wanted, Farm and Garden, https://prescott.craigslist.org/grd/d/chino-valley-hay/7020619421.html,,2019-11-15,US,2019-11-21
Christmas Items, Nov 15, &excats=134-40&min_price=5000001, Arizona, Tucson, For Sale-Wanted, Art by Owner, https://tucson.craigslist.org/art/d/green-valley-christmas-items/7015087189.html,,2019-11-15,US,2019-11-21
Manager Special, Nov 15, &excats=134-40&min_price=5000001, Arizona, Yuma, For Sale-Wanted, Cell Phones, https://yuma.craigslist.org/mob/d/yuma-manager-special/7020937441.html,,2019-11-15,US,2019-11-21
Movie Films, Nov 15, &excats=134-40&min_price=5000001, Wisconsin, Madison, For Sale-Wanted, General, https://madison.craigslist.org/for/d/oregon-movie-films/7020669450.html,,2019-11-15,US,2019-11-21
2003 Hyundai Tiburon GT V6, Nov 15, &excats=134-40&min_price=5000001, Wisconsin, Milwaukee, For Sale-Wanted, Auto Parts by Owner, https://milwaukee.craigslist.org/pts/d/milwaukee-2003-hyundai-tiburon-gt-v6/7020508977.html,,2019-11-15,US,2019-11-21
2016 Nissan Rogue AWD 4dr SV, Nov 15, &excats=134-40&min_price=5000001, Colorado, Denver, For Sale-Wanted, Cars And by Dealer, https://denver.craigslist.org/ctd/d/denver-2016-nissan-rogue-awd-4dr-sv/7020651120.html,,2019-11-15,US,2019-11-21
2015 Ford Escape 4WD 4dr SE, Nov 15, &excats=134-40&min_price=5000001, Colorado, Denver, For Sale-Wanted, Cars And by Dealer, https://denver.craigslist.org/ctd/d/denver-2015-ford-escape-4wd-4dr-se/7020573602.html,,2019-11-15,US,2019-11-21
Notre Dame/Navy tickets wanted for tomorrow, Nov 15, &excats=134-40&min_price=5000001, Illinois, Chicago, For Sale-Wanted, Tickets, https://chicago.craigslist.org/chc/tix/d/chicago-notre-dame-navy-tickets-wanted/7020753718.html,Want,2019-11-15,US,2019-11-21
2013 FORD F-250 XLT LONG BED 4X4, Nov 15, &excats=134-40&min_price=5000001, Illinois, Chicago, For Sale-Wanted, Cars And by Dealer, https://chicago.craigslist.org/nwi/ctd/d/hebron-2013-ford-250-xlt-long-bed-4x4/7020722936.html,,2019-11-15,US,2019-11-21
Julian potbelly piglets, Nov 15, &excats=134-40&min_price=5000001, Minnesota, St Cloud, For Sale-Wanted, Farm and Garden, https://stcloud.craigslist.org/grd/d/bock-julian-potbelly-piglets/7020422695.html,,2019-11-15,US,2019-11-21
Parts d-5 dozer, Nov 15, &excats=134-40&min_price=5000001, Ohio, Cleveland, For Sale-Wanted, Heavy Equipment, https://cleveland.craigslist.org/hvo/d/lake-milton-parts-5-dozer/7020553914.html,,2019-11-15,US,2019-11-21
HONDA SOHC 69-78 CB750 BIKES & PARTS, Nov 15, &excats=134-40&min_price=5000001, Ohio, Columbus, For Sale-Wanted, Motorcycle Parts, https://columbus.craigslist.org/mpo/d/troy-honda-sohc-cb750-bikes-parts/7011289779.html,,2019-11-15,US,2019-11-21
02 Honda xr80r, Nov 15, &excats=134-40&min_price=5000001, Ohio, Mansfield, For Sale-Wanted, ATVs UTVs by Owner, https://mansfield.craigslist.org/snw/d/willard-02-honda-xr80r/7020383182.html,,2019-11-15,US,2019-11-21
Fabric and Yarn and so much more, Nov 15, &excats=134-40&min_price=5000001, New York, Albany, For Sale-Wanted, Art by Owner, https://albany.craigslist.org/art/d/schenectady-fabric-and-yarn-and-so-much/7020476998.html,,2019-11-15,US,2019-11-21
Vaping items, Nov 15, &excats=134-40&min_price=5000001, New York, Watertown, For Sale-Wanted, General, https://watertown.craigslist.org/for/d/watertown-vaping-items/7020380195.html,,2019-11-15,US,2019-11-21
buying all cards, Nov 15, &excats=134-40&min_price=5000001, West Virginia, Morgantown, For Sale-Wanted, Wanted, https://morgantown.craigslist.org/wan/d/morgantown-buying-all-cards/7020747408.html,,2019-11-15,US,2019-11-21
Antiques, Nov 15, &excats=134-40&min_price=5000001, Iowa, Des Moines, For Sale-Wanted, Antiques By Dealer, https://desmoines.craigslist.org/atd/d/martensdale-antiques/7020767604.html,,2019-11-15,US,2019-11-21
Dozer parts d-5 dozer, Nov 15, &excats=134-40&min_price=5000001, Pennsylvania, Meadville, For Sale-Wanted, Heavy Equipment, https://meadville.craigslist.org/hvo/d/lake-milton-dozer-parts-5-dozer/7020557181.html,,2019-11-15,US,2019-11-21
1968 1969 super bee pro street, Nov 15, &excats=134-40&min_price=5000001, Pennsylvania, Philadelphia, For Sale-Wanted, Wanted, https://philadelphia.craigslist.org/wan/d/twig-super-bee-pro-street/7021018792.html,,2019-11-15,US,2019-11-21
Wanted any and all Arcade and Pinball Machines, Nov 15, &excats=134-40&min_price=5000001, Pennsylvania, York, For Sale-Wanted, Wanted, https://york.craigslist.org/wan/d/wanted-any-and-all-arcade-and-pinball/7014057783.html,Want,2019-11-15,US,2019-11-21
Mercury outboard 50hp, Nov 15, &excats=134-40&min_price=5000001, Maine, Maine, For Sale-Wanted, Boat Parts, https://maine.craigslist.org/bpo/d/boothbay-mercury-outboard-50hp/7021012062.html,,2019-11-15,US,2019-11-21
FS: Thousands and thousands of Sams Photofacts, Nov 15, &excats=134-40&min_price=5000001, Maine, Maine, For Sale-Wanted, Electronics, https://maine.craigslist.org/ele/d/orono-fs-thousands-and-thousands-of/7020460081.html,,2019-11-15,US,2019-11-21
Cleanout, Nov 15, &excats=134-40&min_price=5000001, Missouri, Kansas City, For Sale-Wanted, General, https://kansascity.craigslist.org/for/d/leavenworth-cleanout/7021029761.html,,2019-11-15,US,2019-11-21
2018 dirtbike STOLEN 11/6/2019, Nov 15, &excats=134-40&min_price=5000001, Missouri, Springfield, For Sale-Wanted, Electronics, https://springfield.craigslist.org/ele/d/springfield-2018-dirtbike-stolen/7016462219.html,,2019-11-15,US,2019-11-21
dirt bike 2018 model STOLEN, Nov 15, &excats=134-40&min_price=5000001, Missouri, Springfield, For Sale-Wanted, Toys And Games, https://springfield.craigslist.org/tag/d/springfield-dirt-bike-2018-model-stolen/7016461249.html,,2019-11-15,US,2019-11-21
Stolen 2018 dirtbike, Nov 15, &excats=134-40&min_price=5000001, Missouri, Springfield, For Sale-Wanted, ATVs UTVs by Owner, https://springfield.craigslist.org/snw/d/springfield-stolen-2018-dirtbike/7016305136.html,,2019-11-15,US,2019-11-21
Stolen 2018 dirtbike, Nov 15, &excats=134-40&min_price=5000001, Missouri, Springfield, For Sale-Wanted, Motorcycle Parts, https://springfield.craigslist.org/mpo/d/springfield-stolen-2018-dirtbike/7016303339.html,,2019-11-15,US,2019-11-21
Lego minifigures hotwheels postcards sports cards charms ect, Nov 15, &excats=134-40&min_price=5000001, Missouri, Springfield, For Sale-Wanted, Toys And Games, https://springfield.craigslist.org/tag/d/bolivar-lego-minifigures-hotwheels/7012204404.html,,2019-11-15,US,2019-11-21
I am looking to buy vintage toys and signs, Nov 15, &excats=134-40&min_price=5000001, Missouri, St Louis, For Sale-Wanted, Wanted, https://stlouis.craigslist.org/wan/d/saint-louis-am-looking-to-buy-vintage/7020595402.html,Want,2019-11-15,US,2019-11-21
i buy football gear, Nov 15, &excats=134-40&min_price=5000001, Oklahoma, Oklahoma City, For Sale-Wanted, Wanted, https://oklahomacity.craigslist.org/wan/d/oklahoma-city-buy-football-gear/7010776945.html,,2019-11-15,US,2019-11-21
We pay Cash $$$$ for Test Equipments, Nov 15, &excats=134-40&min_price=5000001, Oklahoma, Texoma, For Sale-Wanted, Wanted, https://texoma.craigslist.org/wan/d/addison-we-pay-cash-for-test-equipments/7020735208.html,,2019-11-15,US,2019-11-21
I buy Wine for Cash, Nov 15, &excats=134-40&min_price=5000001, Maryland, Baltimore, For Sale-Wanted, General, https://baltimore.craigslist.org/for/d/hunt-valley-buy-wine-for-cash/7002774058.html,,2019-11-15,US,2019-11-21
buying your sports cards and memorobilia, Nov 15, &excats=134-40&min_price=5000001, Maryland, Frederick, For Sale-Wanted, Wanted, https://frederick.craigslist.org/wan/d/frederick-buying-your-sports-cards-and/7020756533.html,,2019-11-15,US,2019-11-21
Moving Sale! One day only! Everything goes! SATURDAY 11/16 8-2., Nov 15, &excats=134-40&min_price=5000001, Vermont, Vermont, For Sale-Wanted, General, https://vermont.craigslist.org/for/d/hardwick-moving-sale-one-day-only/7020463816.html,,2019-11-15,US,2019-11-21
CASH TODAY FOR YOUR ROLEX WATCH -, Nov 15, &excats=134-40&min_price=5000001, Florida, Jacksonville, For Sale-Wanted, Jewelry, https://jacksonville.craigslist.org/jwl/d/jacksonville-cash-today-for-your-rolex/7020820454.html,,2019-11-15,US,2019-11-21
Buying Rolex watches today, Nov 15, &excats=134-40&min_price=5000001, Florida, Jacksonville, For Sale-Wanted, Jewelry, https://jacksonville.craigslist.org/jwl/d/jacksonville-buying-rolex-watches-today/7020820283.html,,2019-11-15,US,2019-11-21
Gold Buyers Diamond Buyers Rolex Buyers Jewelry Buyers Cash . -, Nov 15, &excats=134-40&min_price=5000001, Florida, Lakeland, For Sale-Wanted, Jewelry, https://lakeland.craigslist.org/jwl/d/lakeland-gold-buyers-diamond-buyers/7020860368.html,,2019-11-15,US,2019-11-21
Gold Buyers Diamond Buyers Rolex Buyers Jewelry Buyers Cash . -, Nov 15, &excats=134-40&min_price=5000001, Florida, Lakeland, For Sale-Wanted, Jewelry, https://lakeland.craigslist.org/jwl/d/lakeland-gold-buyers-diamond-buyers/7020860790.html,,2019-11-15,US,2019-11-21
Runescape Gold, Nov 15, &excats=134-40&min_price=5000001, Florida, Orlando, For Sale-Wanted, Video Gaming, https://orlando.craigslist.org/vgm/d/orlando-runescape-gold/7016278770.html,,2019-11-15,US,2019-11-21
Pyrex & More***Make Offer***, Nov 15, &excats=134-40&min_price=5000001, Florida, Space Coast, For Sale-Wanted, Antique By Owner, https://spacecoast.craigslist.org/atq/d/cocoa-pyrex-moremake-offer/7017593483.html,,2019-11-15,US,2019-11-21
Pick up truck or Van WANTED - REASONABLE MILES PLEASE, Nov 15, &excats=134-40&min_price=5000001, Texas, Austin, For Sale-Wanted, Wanted, https://austin.craigslist.org/wan/d/cedar-park-pick-up-truck-or-van-wanted/7009897587.html,Want,2019-11-15,US,2019-11-21
$$ WE BUY ALL IPHONE 11 11 PRO MAX BRAND NEW --WILL PAY TOP CASH $$$, Nov 15, &excats=134-40&min_price=5000001, Texas, Austin, For Sale-Wanted, Wanted, https://austin.craigslist.org/wad/d/austin-we-buy-all-iphone-pro-max-brand/7020466915.html,,2019-11-15,US,2019-11-21
carpas mesas sillas jumping ballons party rentals, Nov 15, &excats=134-40&min_price=5000001, Texas, El Paso, For Sale-Wanted, General, https://elpaso.craigslist.org/for/d/el-paso-carpas-mesas-sillas-jumping/7005966590.html,,2019-11-15,US,2019-11-21
TENT RENTALS el paso ...mesas sillas jumping balloons, Nov 15, &excats=134-40&min_price=5000001, Texas, El Paso, For Sale-Wanted, General, https://elpaso.craigslist.org/for/d/el-paso-tent-rentals-el-paso-mesas/7020488149.html,,2019-11-15,US,2019-11-21
bus PARTY BUS EL PASO TX XV SWEET 16 MORE, Nov 15, &excats=134-40&min_price=5000001, Texas, El Paso, For Sale-Wanted, General, https://elpaso.craigslist.org/for/d/el-paso-bus-party-bus-el-paso-tx-xv/7008893437.html,,2019-11-15,US,2019-11-21
The Visible V8  Renwal, Nov 15, &excats=134-40&min_price=5000001, Texas, Houston, For Sale-Wanted, Collectibles, https://houston.craigslist.org/clt/d/dickinson-the-visible-v8-renwal/7006866285.html,,2019-11-15,US,2019-11-21
We pay Cash $$$$ for Test Equipments, Nov 15, &excats=134-40&min_price=5000001, Texas, Texoma, For Sale-Wanted, Wanted, https://texoma.craigslist.org/wan/d/addison-we-pay-cash-for-test-equipments/7020735208.html,,2019-11-15,US,2019-11-21
Wholesale Outlet Warehouse Popular name brands Liquidation warehouse, Nov 15, &excats=134-40&min_price=5000001, Nevada, Las Vegas, For Sale-Wanted, Electronics, https://lasvegas.craigslist.org/ele/d/las-vegas-wholesale-outlet-warehouse/7009787362.html,,2019-11-15,US,2019-11-21
Electric guitar signed by Slash from Guns and Roses., Nov 15, &excats=134-40&min_price=5000001, Nevada, Las Vegas, For Sale-Wanted, Musical Instruments, https://lasvegas.craigslist.org/msg/d/henderson-electric-guitar-signed-by/7020690134.html,,2019-11-15,US,2019-11-21
CASH paid for used smartphones laptops & tablets. Top dollar paid!, Nov 15, &excats=134-40&min_price=5000001, Kentucky, Lexington, For Sale-Wanted, Wanted, https://lexington.craigslist.org/wad/d/lexington-cash-paid-for-used/7020560128.html,,2019-11-15,US,2019-11-21
Party / Fireworks Tents 40x80 pole  40x100 pole 20x20 frame 20x20/20x30 frame, Nov 15, &excats=134-40&min_price=5000001, Tennessee, Nashville, For Sale-Wanted, General, https://nashville.craigslist.org/for/d/leoma-party-fireworks-tents-40x80-pole/7005838623.html,,2019-11-15,US,2019-11-21
Red furniture and decor, Nov 15, &excats=134-40&min_price=5000001, Tennessee, Nashville, For Sale-Wanted, Furniture, https://nashville.craigslist.org/fuo/d/madison-red-furniture-and-decor/7020953285.html,,2019-11-15,US,2019-11-21
1957 Chevy (BLACK WIDOW CLONE), Nov 15, &excats=134-40&min_price=5000001, Tennessee, Nashville, For Sale-Wanted, Cars And Trucks, https://nashville.craigslist.org/cto/d/trussville-1957-chevy-black-widow-clone/7020522700.html,,2019-11-15,US,2019-11-21
$ Buying Baseball Football Basketball cards Comic book US Coins Knives, Nov 15, &excats=134-40&min_price=5000001, California, Chico, For Sale-Wanted, General, https://chico.craigslist.org/for/d/rio-linda-buying-baseball-football/7013253092.html,,2019-11-15,US,2019-11-21
I BUY HOUSES WITH FAST CASH, Nov 15, &excats=134-40&min_price=5000001, California, Los Angeles, For Sale-Wanted, General, https://losangeles.craigslist.org/sfv/for/d/sherman-oaks-buy-houses-with-fast-cash/7002438941.html,,2019-11-15,US,2019-11-21
1031 EXCHANGE HOTEL OPPORTUNITY...., Nov 15, &excats=134-40&min_price=5000001, California, Los Angeles, For Sale-Wanted, General, https://losangeles.craigslist.org/lac/for/d/los-angeles-1031-exchange-hotel/7020870031.html,,2019-11-15,US,2019-11-21
1965 PONTIAC GRAND PRIX FOR SALE, Nov 15, &excats=134-40&min_price=5000001, California, Los Angeles, For Sale-Wanted, Auto Parts by Owner, https://losangeles.craigslist.org/lac/pts/d/el-paso-1965-pontiac-grand-prix-for-sale/7020893615.html,,2019-11-15,US,2019-11-21
96 UNIT VALUE ADDED CLASS C..., Nov 15, &excats=134-40&min_price=5000001, California, Los Angeles, For Sale-Wanted, General, https://losangeles.craigslist.org/lac/for/d/carmichael-96-unit-value-added-class/7020739741.html,,2019-11-15,US,2019-11-21
$ Buying Baseball Football Basketball cards Comic books Coins & Knives, Nov 15, &excats=134-40&min_price=5000001, California, Redding, For Sale-Wanted, Wanted, https://redding.craigslist.org/wan/d/rio-linda-buying-baseball-football/7013261321.html,,2019-11-15,US,2019-11-21
$ Buying Baseball Football Basketball cards Comic books Coins & Knives, Nov 15, &excats=134-40&min_price=5000001, California, Redding, For Sale-Wanted, General, https://redding.craigslist.org/for/d/rio-linda-buying-baseball-football/7013267914.html,,2019-11-15,US,2019-11-21
$ Buying Baseball Football Basketball cards Comic books Coins & Knives, Nov 15, &excats=134-40&min_price=5000001, California, Redding, For Sale-Wanted, Collectibles, https://redding.craigslist.org/clt/d/rio-linda-buying-baseball-football/7013264981.html,,2019-11-15,US,2019-11-21
4 Amps for Sale, Nov 15, &excats=134-40&min_price=5000001, California, Redding, For Sale-Wanted, Musical Instruments, https://redding.craigslist.org/msg/d/redding-4-amps-for-sale/7016965977.html,,2019-11-15,US,2019-11-21
MAX COME HOME, Nov 15, &excats=134-40&min_price=5000001, California, Sacramento, For Sale-Wanted, Wanted, https://sacramento.craigslist.org/wan/d/elk-grove-max-come-home/7020963369.html,,2019-11-15,US,2019-11-21
NAPKINS AND SASHES, Nov 15, &excats=134-40&min_price=5000001, California, Sacramento, For Sale-Wanted, General, https://sacramento.craigslist.org/for/d/sparks-napkins-and-sashes/7020940090.html,,2019-11-15,US,2019-11-21
NAPKINS AND SASHES, Nov 15, &excats=134-40&min_price=5000001, California, Sacramento, For Sale-Wanted, General, https://sacramento.craigslist.org/for/d/sparks-napkins-and-sashes/7020940348.html,,2019-11-15,US,2019-11-21
We pay top dollar for Motorhome Fifth Wheel Travel Trailer, Nov 15, &excats=134-40&min_price=5000001, California, Sacramento, For Sale-Wanted, NA, https://sacramento.craigslist.org/trb/d/rio-linda-we-pay-top-dollar-for/7020682058.html,,2019-11-15,US,2019-11-21
77 Buying Baseball Football Basketball cards Comics Coins and Knives $, Nov 15, &excats=134-40&min_price=5000001, California, Sacramento, For Sale-Wanted, Collectibles, https://sacramento.craigslist.org/clt/d/rio-linda-77-buying-baseball-football/7011096549.html,,2019-11-15,US,2019-11-21
TOOL SALE, Nov 15, &excats=134-40&min_price=5000001, California, Sacramento, For Sale-Wanted, Tools, https://sacramento.craigslist.org/tls/d/sacramento-tool-sale/7020473099.html,,2019-11-15,US,2019-11-21
HummelLladro Collections Wanted, Nov 15, &excats=134-40&min_price=5000001, California, San Diego, For Sale-Wanted, Wanted, https://sandiego.craigslist.org/csd/wan/d/san-diego-hummellladro-collections/7020986064.html,Want,2019-11-15,US,2019-11-21
SACRED CRAP BOARD SWAP MEET/ Longboard Funboard Surfboard, Nov 15, &excats=134-40&min_price=5000001, California, San Diego, For Sale-Wanted, Sporting Goods, https://sandiego.craigslist.org/csd/spo/d/san-diego-sacred-crap-board-swap-meet/7013867837.html,,2019-11-15,US,2019-11-21
Looking for mopar parts/fiberglass, Nov 15, &excats=134-40&min_price=5000001, Kansas, Wichita, For Sale-Wanted, Wanted, https://wichita.craigslist.org/wan/d/wichita-looking-for-mopar-parts/7020956958.html,Want,2019-11-15,US,2019-11-21
I buy iPhones 7 & newer, Nov 15, &excats=134-40&min_price=5000001, Kansas, Wichita, For Sale-Wanted, Wanted, https://wichita.craigslist.org/wan/d/wichita-buy-iphones-7-newer/7020782980.html,,2019-11-15,US,2019-11-21
I Pay Cash for MacBooks 2012 and newer, Nov 15, &excats=134-40&min_price=5000001, Kansas, Wichita, For Sale-Wanted, Wanted, https://wichita.craigslist.org/wan/d/wichita-pay-cash-for-macbooks-2012-and/7020786471.html,,2019-11-15,US,2019-11-21
wanted honda ridgeline / pilot wheels, Nov 15, &excats=134-40&min_price=5000001, Virginia, Lynchburg, For Sale-Wanted, NA, https://lynchburg.craigslist.org/wto/d/concord-wanted-honda-ridgeline-pilot/7001977071.html,Want,2019-11-15,US,2019-11-21
2 nash metropolitan convertible, Nov 15, &excats=134-40&min_price=5000001, Idaho, Boise, For Sale-Wanted, Auto Parts by Owner, https://boise.craigslist.org/pts/d/middleton-2-nash-metropolitan/7021036285.html,,2019-11-15,US,2019-11-21
Parting 1985 suburben 4/4, Nov 15, &excats=134-40&min_price=5000001, Idaho, Boise, For Sale-Wanted, Auto Parts by Owner, https://boise.craigslist.org/pts/d/caldwell-parting-1985-suburben-4-4/7010499504.html,,2019-11-15,US,2019-11-21
BATMAN BATGIRL ROBIN, Nov 15, &excats=134-40&min_price=5000001, Georgia, Atlanta, For Sale-Wanted, Collectibles, https://atlanta.craigslist.org/atl/clt/d/atlanta-batman-batgirl-robin/7020528750.html,,2019-11-15,US,2019-11-21
??AFFORDABLE TREE CUTTING SERVICE TREE SERVICE /OVER 60 -5 STAR GOOGLE, Nov 15, &excats=134-40&min_price=5000001, Georgia, Atlanta, For Sale-Wanted, Farm and Garden, https://atlanta.craigslist.org/nat/grq/d/marietta-affordable-tree-cutting/7020407970.html,,2019-11-15,US,2019-11-21
Steel material, Nov 15, &excats=134-40&min_price=5000001, New Mexico, Albuquerque, For Sale-Wanted, Materials, https://albuquerque.craigslist.org/mat/d/albuquerque-steel-material/7021042297.html,,2019-11-15,US,2019-11-21
Galvanized Gates for Commercial or Industrial Use, Nov 15, &excats=134-40&min_price=5000001, Michigan, Ann Arbor, For Sale-Wanted, Materials, https://annarbor.craigslist.org/mat/d/galvanized-gates-for-commercial-or/7001338945.html,,2019-11-15,US,2019-11-21
Parting out 1990 Chevy  suburban 4x4 3/4 ton, Nov 15, &excats=134-40&min_price=5000001, Oregon, Bend, For Sale-Wanted, Auto Parts by Owner, https://bend.craigslist.org/pts/d/bend-parting-out-1990-chevy-suburban/7016397622.html,,2019-11-15,US,2019-11-21
Horses and Ponies wanted $$$$$, Nov 15, &excats=134-40&min_price=5000001, Oregon, Bend, For Sale-Wanted, Wanted, https://bend.craigslist.org/wan/d/redmond-horses-and-ponies-wanted/7015461348.html,Want,2019-11-15,US,2019-11-21
Shipping Containers / Storage Containers / Cargo Containers(Container), Nov 15, &excats=134-40&min_price=5000001, Oregon, Bend, For Sale-Wanted, General, https://bend.craigslist.org/fod/d/shipping-containers-storage-containers/7020540883.html,,2019-11-15,US,2019-11-21
Shipping Containers / Storage Containers / Cargo Containers(Container), Nov 15, &excats=134-40&min_price=5000001, Oregon, Eugene, For Sale-Wanted, General, https://eugene.craigslist.org/fod/d/shipping-containers-storage-containers/7020543295.html,,2019-11-15,US,2019-11-21
Shipping Containers / Storage Containers / Cargo Containers(Container), Nov 15, &excats=134-40&min_price=5000001, Oregon, Portland, For Sale-Wanted, General, https://portland.craigslist.org/mlt/fod/d/shipping-containers-storage-containers/7020844569.html,,2019-11-15,US,2019-11-21
Subaru parts galore!, Nov 15, &excats=134-40&min_price=5000001, Oregon, Portland, For Sale-Wanted, Auto Parts by Owner, https://portland.craigslist.org/clk/pts/d/longview-subaru-parts-galore/7020811320.html,,2019-11-15,US,2019-11-21
Shipping Containers / Storage Containers / Cargo Containers(Container), Nov 15, &excats=134-40&min_price=5000001, Oregon, Portland, For Sale-Wanted, General, https://portland.craigslist.org/mlt/fod/d/shipping-containers-storage-containers/7020545705.html,,2019-11-15,US,2019-11-21
Shipping Containers / Storage Containers / Cargo Containers(Container), Nov 15, &excats=134-40&min_price=5000001, Oregon, Salem, For Sale-Wanted, General, https://salem.craigslist.org/fod/d/shipping-containers-storage-containers/7020548121.html,,2019-11-15,US,2019-11-21
Epoxy resin canvas murals, Nov 14, &excats=134-40&min_price=5000001, Arkansas, Jonesboro, For Sale-Wanted, Art by Owner, https://jonesboro.craigslist.org/art/d/lake-city-epoxy-resin-canvas-murals/7019764665.html,,2019-11-14,US,2019-11-21
bose monitor audio paradigm, Nov 14, &excats=134-40&min_price=5000001, Arkansas, Little Rock, For Sale-Wanted, Electronics, https://littlerock.craigslist.org/ele/d/paris-bose-monitor-audio-paradigm/7005019721.html,,2019-11-14,US,2019-11-21
WANTED old military war helmets German Japanese WWI WWII WW2 helmet gi, Nov 14, &excats=134-40&min_price=5000001, Arizona, Phoenix, For Sale-Wanted, NA, https://phoenix.craigslist.org/cph/avd/d/paradise-valley-wanted-old-military-war/7020345044.html,Want,2019-11-14,US,2019-11-21
Wanted vintage old toys GI Joe Star Wars redline Hot Wheels Wheel toys, Nov 14, &excats=134-40&min_price=5000001, Arizona, Phoenix, For Sale-Wanted, Toys And Games, https://phoenix.craigslist.org/cph/tad/d/phoenix-wanted-vintage-old-toys-gi-joe/7020338787.html,Want,2019-11-14,US,2019-11-21
Wanted vintage old toys GI Joe Star Wars redline Hot Wheels Wheel toys, Nov 14, &excats=134-40&min_price=5000001, Arizona, Phoenix, For Sale-Wanted, Wanted, https://phoenix.craigslist.org/cph/wad/d/phoenix-wanted-vintage-old-toys-gi-joe/7020337945.html,Want,2019-11-14,US,2019-11-21
Jukebox&#39;s, Nov 14, &excats=134-40&min_price=5000001, Arizona, Phoenix, For Sale-Wanted, Antique By Owner, https://phoenix.craigslist.org/evl/atq/d/mesa-jukeboxs/7001627661.html,,2019-11-14,US,2019-11-21
buying military bayonets helmets knives ww2 wwii nazi Japanese swords, Nov 14, &excats=134-40&min_price=5000001, Arizona, Phoenix, For Sale-Wanted, Art by Dealer, https://phoenix.craigslist.org/evl/ard/d/paradise-valley-buying-military/7020033176.html,,2019-11-14,US,2019-11-21
Buying military bayonets helmets knives ww2 wwii Nazi Japanese swords, Nov 14, &excats=134-40&min_price=5000001, Arizona, Phoenix, For Sale-Wanted, Antiques By Dealer, https://phoenix.craigslist.org/evl/atd/d/paradise-valley-buying-military/7020031532.html,,2019-11-14,US,2019-11-21
Yard sale Fri and sat 8 to 5, Nov 14, &excats=134-40&min_price=5000001, Arizona, Yuma, For Sale-Wanted, General, https://yuma.craigslist.org/for/d/yuma-yard-sale-fri-and-sat-8-to-5/7020003300.html,,2019-11-14,US,2019-11-21
Parting out 63 Chevy pickup with title, Nov 14, &excats=134-40&min_price=5000001, Arizona, Yuma, For Sale-Wanted, Auto Parts by Owner, https://yuma.craigslist.org/pts/d/lake-havasu-city-parting-out-63-chevy/7019782685.html,,2019-11-14,US,2019-11-21
Tons of motors and trannys, Nov 14, &excats=134-40&min_price=5000001, Wisconsin, Eau Claire, For Sale-Wanted, Auto Parts by Owner, https://eauclaire.craigslist.org/pts/d/trego-tons-of-motors-and-trannys/7018438064.html,,2019-11-14,US,2019-11-21
Parting out  old junkyard, Nov 14, &excats=134-40&min_price=5000001, Wisconsin, Eau Claire, For Sale-Wanted, Auto Parts by Owner, https://eauclaire.craigslist.org/pts/d/trego-parting-out-old-junkyard/7018437980.html,,2019-11-14,US,2019-11-21
Parting out 40 88-06 chevy trucks suburbans Tahoe and yukons, Nov 14, &excats=134-40&min_price=5000001, Wisconsin, Eau Claire, For Sale-Wanted, Auto Parts by Owner, https://eauclaire.craigslist.org/pts/d/trego-parting-out-chevy-trucks/7011258693.html,,2019-11-14,US,2019-11-21
Firewood processor loader firewood, Nov 14, &excats=134-40&min_price=5000001, Wisconsin, La Crosse, For Sale-Wanted, Heavy Equipment, https://lacrosse.craigslist.org/hvo/d/holmen-firewood-processor-loader/7018454126.html,,2019-11-14,US,2019-11-21
Omni paint products, Nov 14, &excats=134-40&min_price=5000001, Wisconsin, La Crosse, For Sale-Wanted, Auto Parts by Owner, https://lacrosse.craigslist.org/pts/d/west-salem-omni-paint-products/7019761712.html,,2019-11-14,US,2019-11-21
john deere parts, Nov 14, &excats=134-40&min_price=5000001, Wisconsin, La Crosse, For Sale-Wanted, Farm and Garden, https://lacrosse.craigslist.org/grd/d/west-salem-john-deere-parts/7019761554.html,,2019-11-14,US,2019-11-21
john deere, Nov 14, &excats=134-40&min_price=5000001, Wisconsin, Wausau, For Sale-Wanted, Farm and Garden, https://wausau.craigslist.org/grd/d/irma-john-deere/7020001865.html,,2019-11-14,US,2019-11-21
Old junkyard full of parts, Nov 14, &excats=134-40&min_price=5000001, Wisconsin, Wausau, For Sale-Wanted, Auto Parts by Owner, https://wausau.craigslist.org/pts/d/trego-old-junkyard-full-of-parts/7018438014.html,,2019-11-14,US,2019-11-21
Parting out 40 88-06 chevy trucks suburbans Tahoe and yukons, Nov 14, &excats=134-40&min_price=5000001, Wisconsin, Wausau, For Sale-Wanted, Auto Parts by Owner, https://wausau.craigslist.org/pts/d/trego-parting-out-chevy-trucks/7011258852.html,,2019-11-14,US,2019-11-21
USDA Certified Frozen Meals, Nov 14, &excats=134-40&min_price=5000001, Colorado, Boulder, For Sale-Wanted, Farm and Garden, https://boulder.craigslist.org/grd/d/berthoud-usda-certified-frozen-meals/7014539382.html,,2019-11-14,US,2019-11-21
Older Harley parts, Nov 14, &excats=134-40&min_price=5000001, Colorado, Denver, For Sale-Wanted, Motorcycle Parts, https://denver.craigslist.org/mpo/d/la-junta-older-harley-parts/7019967944.html,,2019-11-14,US,2019-11-21
USDA Certified Meals, Nov 14, &excats=134-40&min_price=5000001, Colorado, Denver, For Sale-Wanted, Farm and Garden, https://denver.craigslist.org/grd/d/berthoud-usda-certified-meals/7014541559.html,,2019-11-14,US,2019-11-21
2020 Multiple Brands Snowmobile Trailers!, Nov 14, &excats=134-40&min_price=5000001, Illinois, Chicago, For Sale-Wanted, NA, https://chicago.craigslist.org/chc/trb/d/union-city-2020-multiple-brands/7020248233.html,,2019-11-14,US,2019-11-21
WANTED BEARS TICKETS OR PARKING PASSES, Nov 14, &excats=134-40&min_price=5000001, Illinois, Chicago, For Sale-Wanted, Tickets, https://chicago.craigslist.org/chc/tix/d/chicago-wanted-bears-tickets-or-parking/7003584385.html,Want,2019-11-14,US,2019-11-21
2005 Chevy Trailblazer / 2007 Chevy Impala, Nov 14, &excats=134-40&min_price=5000001, Illinois, Chicago, For Sale-Wanted, Cars And Trucks, https://chicago.craigslist.org/chc/cto/d/chicago-2005-chevy-trailblazer-2007/7019849406.html,,2019-11-14,US,2019-11-21
UPDATE! Parts & Project Cars & Trucks 1920&#39;s-80&#39;s 100&#39;s of Cars, Nov 14, &excats=134-40&min_price=5000001, Illinois, Quad Cities, For Sale-Wanted, Auto Parts by Dealer, https://quadcities.craigslist.org/ptd/d/great-bend-update-parts-project-cars/7020332735.html,,2019-11-14,US,2019-11-21
Buying Nascar Fire Suits Sheet Metal Crew Shirts and More, Nov 14, &excats=134-40&min_price=5000001, North Carolina, Charlotte, For Sale-Wanted, Wanted, https://charlotte.craigslist.org/wan/d/lowell-buying-nascar-fire-suits-sheet/7019855780.html,,2019-11-14,US,2019-11-21
Wanted Catalytic Converters, Nov 14, &excats=134-40&min_price=5000001, North Carolina, Fayetteville, For Sale-Wanted, Wanted, https://fayetteville.craigslist.org/wad/d/fayetteville-wanted-catalytic-converters/7020197166.html,Want,2019-11-14,US,2019-11-21
YOUTH DIRT BIKES AND ATVS!!!, Nov 14, &excats=134-40&min_price=5000001, North Carolina, Fayetteville, For Sale-Wanted, ATVs UTVs by Dealer, https://fayetteville.craigslist.org/snd/d/fayetteville-youth-dirt-bikes-and-atvs/7020055370.html,,2019-11-14,US,2019-11-21
Will haul away record albums today, Nov 14, &excats=134-40&min_price=5000001, Ohio, Cincinnati, For Sale-Wanted, Wanted, https://cincinnati.craigslist.org/wan/d/dayton-will-haul-away-record-albums/7019877927.html,,2019-11-14,US,2019-11-21
1955 nomad, Nov 14, &excats=134-40&min_price=5000001, Ohio, Cleveland, For Sale-Wanted, General, https://cleveland.craigslist.org/for/d/wickliffe-1955-nomad/7019779287.html,,2019-11-14,US,2019-11-21
1983 Honda Civic wagon auto., Nov 14, &excats=134-40&min_price=5000001, Ohio, Columbus, For Sale-Wanted, Wanted, https://columbus.craigslist.org/wan/d/haydenville-1983-honda-civic-wagon-auto/7020197329.html,,2019-11-14,US,2019-11-21
Got any vinyl albums?, Nov 14, &excats=134-40&min_price=5000001, Ohio, Columbus, For Sale-Wanted, Wanted, https://columbus.craigslist.org/wan/d/dayton-got-any-vinyl-albums/7019877408.html,,2019-11-14,US,2019-11-21
1973 to 1979 ford truck parts, Nov 14, &excats=134-40&min_price=5000001, Ohio, Youngstown, For Sale-Wanted, Auto Parts by Owner, https://youngstown.craigslist.org/pts/d/west-middlesex-1973-to-1979-ford-truck/7020200024.html,,2019-11-14,US,2019-11-21
2002 Subaru WRX complete part out, Nov 14, &excats=134-40&min_price=5000001, New York, Hudson Valley, For Sale-Wanted, Auto Parts by Owner, https://hudsonvalley.craigslist.org/pts/d/kingston-2002-subaru-wrx-complete-part/7019806797.html,,2019-11-14,US,2019-11-21
nyshedguy, Nov 14, &excats=134-40&min_price=5000001, New York, Rochester, For Sale-Wanted, General, https://rochester.craigslist.org/for/d/le-roy-nyshedguy/7012477406.html,,2019-11-14,US,2019-11-21
WELDING AND FABRICATION/EQUIPMENT REPAIR, Nov 14, &excats=134-40&min_price=5000001, New York, Syracuse, For Sale-Wanted, Farm and Garden, https://syracuse.craigslist.org/grd/d/pennellville-welding-and-fabrication/7020362725.html,,2019-11-14,US,2019-11-21
6 Simmental Heifers, Nov 14, &excats=134-40&min_price=5000001, Iowa, Des Moines, For Sale-Wanted, Farm and Garden, https://desmoines.craigslist.org/grd/d/lake-city-6-simmental-heifers/7019865875.html,,2019-11-14,US,2019-11-21
UPDATE! Parts & Project Cars & Trucks 1920&#39;s-80&#39;s 100&#39;s of Cars, Nov 14, &excats=134-40&min_price=5000001, Iowa, Quad Cities, For Sale-Wanted, Auto Parts by Dealer, https://quadcities.craigslist.org/ptd/d/great-bend-update-parts-project-cars/7020332735.html,,2019-11-14,US,2019-11-21
UPDATE! Parts & Project Cars & Trucks 1920&#39;s-80&#39;s 100&#39;s of Cars, Nov 14, &excats=134-40&min_price=5000001, Pennsylvania, Pittsburgh, For Sale-Wanted, Auto Parts by Dealer, https://pittsburgh.craigslist.org/ptd/d/great-bend-update-parts-project-cars/7020320163.html,,2019-11-14,US,2019-11-21
Joker Bug HMI&#39;s 200&#39;s and 400, Nov 14, &excats=134-40&min_price=5000001, Pennsylvania, Pittsburgh, For Sale-Wanted, Photo And Video, https://pittsburgh.craigslist.org/pho/d/pittsburgh-joker-bug-hmis-200s-and-400/7020142036.html,,2019-11-14,US,2019-11-21
UPDATE! Parts & Project Cars & Trucks 1920&#39;s-80&#39;s 100&#39;s of Cars, Nov 14, &excats=134-40&min_price=5000001, Pennsylvania, Poconos, For Sale-Wanted, Auto Parts by Dealer, https://poconos.craigslist.org/ptd/d/great-bend-update-parts-project-cars/7020327277.html,,2019-11-14,US,2019-11-21
1986 corvette must see, Nov 14, &excats=134-40&min_price=5000001, Pennsylvania, Poconos, For Sale-Wanted, General, https://poconos.craigslist.org/for/d/effort-1986-corvette-must-see/7020093444.html,,2019-11-14,US,2019-11-21
UPDATE! Parts & Project Cars & Trucks 1920&#39;s-80&#39;s 100&#39;s of Cars, Nov 14, &excats=134-40&min_price=5000001, Pennsylvania, Reading, For Sale-Wanted, Auto Parts by Dealer, https://reading.craigslist.org/ptd/d/great-bend-update-parts-project-cars/7020335938.html,,2019-11-14,US,2019-11-21
apple picking wooden ladder, Nov 14, &excats=134-40&min_price=5000001, Maine, Maine, For Sale-Wanted, Wanted, https://maine.craigslist.org/wan/d/bucksport-apple-picking-wooden-ladder/7020190470.html,,2019-11-14,US,2019-11-21
Breast milk storage pumping supplies, Nov 14, &excats=134-40&min_price=5000001, Maine, Maine, For Sale-Wanted, General, https://maine.craigslist.org/for/d/topsham-breast-milk-storage-pumping/7019893472.html,,2019-11-14,US,2019-11-21
Lots of lego minifigures video games shopkins gi joes postcards diecas, Nov 14, &excats=134-40&min_price=5000001, Missouri, Springfield, For Sale-Wanted, Toys And Games, https://springfield.craigslist.org/tag/d/mount-vernon-lots-of-lego-minifigures/7011670143.html,,2019-11-14,US,2019-11-21
VINTAGE HAND CARVED WOODEN PRIEST RELIGIOUS OLD MAN READING BIBLE GRIM, Nov 14, &excats=134-40&min_price=5000001, Missouri, Springfield, For Sale-Wanted, Collectibles, https://springfield.craigslist.org/clt/d/billings-vintage-hand-carved-wooden/7011193755.html,,2019-11-14,US,2019-11-21
i buy football gear, Nov 14, &excats=134-40&min_price=5000001, Oklahoma, Oklahoma City, For Sale-Wanted, Wanted, https://oklahomacity.craigslist.org/wan/d/oklahoma-city-buy-football-gear/7002021117.html,,2019-11-14,US,2019-11-21
Buying Antiques Estates and Quality Furniture, Nov 14, &excats=134-40&min_price=5000001, Maryland, Annapolis, For Sale-Wanted, Wanted, https://annapolis.craigslist.org/wan/d/severn-buying-antiques-estates-and/7001926477.html,,2019-11-14,US,2019-11-21
Buying Antiques Estates and Quality Furniture, Nov 14, &excats=134-40&min_price=5000001, Maryland, Baltimore, For Sale-Wanted, Wanted, https://baltimore.craigslist.org/wan/d/severn-buying-antiques-estates-and/7001926293.html,,2019-11-14,US,2019-11-21
Pneumatic framing hammer, Nov 14, &excats=134-40&min_price=5000001, Indiana, Evansville, For Sale-Wanted, Tools, https://evansville.craigslist.org/tls/d/evansville-pneumatic-framing-hammer/7020243170.html,,2019-11-14,US,2019-11-21
2020 Multiple Brands Snowmobile Trailers!, Nov 14, &excats=134-40&min_price=5000001, Indiana, Fort Wayne, For Sale-Wanted, General, https://fortwayne.craigslist.org/fod/d/union-city-2020-multiple-brands/7020284257.html,,2019-11-14,US,2019-11-21
Vintage fishing reels&items, Nov 14, &excats=134-40&min_price=5000001, Indiana, Fort Wayne, For Sale-Wanted, Antique By Owner, https://fortwayne.craigslist.org/atq/d/fort-wayne-vintage-fishing-reelsitems/7013913806.html,,2019-11-14,US,2019-11-21
Stamps Washington an Ben Franklin, Nov 14, &excats=134-40&min_price=5000001, Indiana, Fort Wayne, For Sale-Wanted, Collectibles, https://fortwayne.craigslist.org/clt/d/fort-wayne-stamps-washington-an-ben/7019786435.html,,2019-11-14,US,2019-11-21
Got any vinyl records ?, Nov 14, &excats=134-40&min_price=5000001, Indiana, Richmond, For Sale-Wanted, Wanted, https://richmondin.craigslist.org/wan/d/dayton-got-any-vinyl-records/7019877207.html,,2019-11-14,US,2019-11-21
Unwanted cars, Nov 14, &excats=134-40&min_price=5000001, New Jersey, South Jersey, For Sale-Wanted, Wanted, https://southjersey.craigslist.org/wan/d/pennsauken-unwanted-cars/7000880374.html,Want,2019-11-14,US,2019-11-21
ALL BRANDS BATTERY POWER HAND TOOLS DRILLSSAWSBATTERYCHARGERLIGHT, Nov 14, &excats=134-40&min_price=5000001, Florida, Orlando, For Sale-Wanted, Tools, https://orlando.craigslist.org/tls/d/winter-springs-all-brands-battery-power/7020347916.html,,2019-11-14,US,2019-11-21
??Pool Table Refelting & Bumper Replacement, Nov 14, &excats=134-40&min_price=5000001, Florida, Orlando, For Sale-Wanted, Sporting Goods, https://orlando.craigslist.org/spo/d/orlando-pool-table-refelting-bumper/7020209978.html,,2019-11-14,US,2019-11-21
????Iphone wanted????cash????????, Nov 14, &excats=134-40&min_price=5000001, Florida, Orlando, For Sale-Wanted, Wanted, https://orlando.craigslist.org/wad/d/dearing-iphone-wantedcash/7020236042.html,Want,2019-11-14,US,2019-11-21
03 Dodge 1500 parts truck, Nov 14, &excats=134-40&min_price=5000001, Florida, Pensacola, For Sale-Wanted, Auto Parts by Owner, https://pensacola.craigslist.org/pts/d/pensacola-03-dodge-1500-parts-truck/7019773437.html,,2019-11-14,US,2019-11-21
22x17, Nov 14, &excats=134-40&min_price=5000001, Florida, Tallahassee, For Sale-Wanted, NA, https://tallahassee.craigslist.org/wto/d/crawfordville-22x17/7020298549.html,,2019-11-14,US,2019-11-21
Canton tx trade day unload sale, Nov 14, &excats=134-40&min_price=5000001, Texas, Austin, For Sale-Wanted, Antique By Owner, https://austin.craigslist.org/atq/d/macon-canton-tx-trade-day-unload-sale/7001149079.html,,2019-11-14,US,2019-11-21
MILITARY MRE&#39;S / OCP / ARMED FORCES SUPPLY / WE BUY SURPLUS CASH!, Nov 14, &excats=134-40&min_price=5000001, Texas, Austin, For Sale-Wanted, Sporting Goods, https://austin.craigslist.org/sgd/d/converse-military-mres-ocp-armed-forces/7019899297.html,,2019-11-14,US,2019-11-21
$$ WE BUY ALL IPHONE 11 11 PRO MAX BRAND NEW --WILL PAY TOP CASH $$$, Nov 14, &excats=134-40&min_price=5000001, Texas, Austin, For Sale-Wanted, Wanted, https://austin.craigslist.org/wad/d/austin-we-buy-all-iphone-pro-max-brand/7019821338.html,,2019-11-14,US,2019-11-21
HAWAAIAN SHIRTS, Nov 14, &excats=134-40&min_price=5000001, Texas, Corpus Christi, For Sale-Wanted, Wanted, https://corpuschristi.craigslist.org/wan/d/gregory-hawaaian-shirts/7019863979.html,,2019-11-14,US,2019-11-21
carpas mesas sillas jumping ballons party rentals, Nov 14, &excats=134-40&min_price=5000001, Texas, El Paso, For Sale-Wanted, General, https://elpaso.craigslist.org/for/d/el-paso-carpas-mesas-sillas-jumping/7011441529.html,,2019-11-14,US,2019-11-21
5 Coats for sale (1 is a skirt and jacket), Nov 14, &excats=134-40&min_price=5000001, Texas, Houston, For Sale-Wanted, Clothes, https://houston.craigslist.org/clo/d/montgomery-5-coats-for-sale-1-is-skirt/7015638262.html,,2019-11-14,US,2019-11-21
2003 chevy 2500 4x4, Nov 14, &excats=134-40&min_price=5000001, Texas, Houston, For Sale-Wanted, Auto Parts by Owner, https://houston.craigslist.org/pts/d/channelview-2003-chevy-x4/7000146721.html,,2019-11-14,US,2019-11-21
WE BUY MILITARY SURPLUS ARMED FORCES SUPPLY IN CONVERSE TX, Nov 14, &excats=134-40&min_price=5000001, Texas, San Antonio, For Sale-Wanted, Wanted, https://sanantonio.craigslist.org/wad/d/converse-we-buy-military-surplus-armed/7019897543.html,,2019-11-14,US,2019-11-21
Wanted concert tickets, Nov 14, &excats=134-40&min_price=5000001, Nevada, Las Vegas, For Sale-Wanted, Tickets, https://lasvegas.craigslist.org/tix/d/wanted-concert-tickets/7014963146.html,Want,2019-11-14,US,2019-11-21
chain several chains of different types and sizes up for sale 4, Nov 14, &excats=134-40&min_price=5000001, Massachusetts, Boston, For Sale-Wanted, General, https://boston.craigslist.org/sob/for/d/kingston-chain-several-chains-of/7000758489.html,,2019-11-14,US,2019-11-21
Huge online Estate sale see online what i have come buy in person, Nov 14, &excats=134-40&min_price=5000001, Massachusetts, Boston, For Sale-Wanted, Household, https://boston.craigslist.org/sob/hsh/d/kingston-huge-online-estate-sale-see/7000368635.html,,2019-11-14,US,2019-11-21
Farm Table & Chairs, Nov 14, &excats=134-40&min_price=5000001, Massachusetts, Boston, For Sale-Wanted, Furniture, https://boston.craigslist.org/nwb/fuo/d/burlington-farm-table-chairs/7020034372.html,,2019-11-14,US,2019-11-21
Blantons, Nov 14, &excats=134-40&min_price=5000001, Kentucky, Lexington, For Sale-Wanted, Collectibles, https://lexington.craigslist.org/clt/d/lexington-blantons/7020127810.html,,2019-11-14,US,2019-11-21
1957 Chevy (BLACK WIDOW CLONE), Nov 14, &excats=134-40&min_price=5000001, Tennessee, Chattanooga, For Sale-Wanted, Cars And Trucks, https://chattanooga.craigslist.org/cto/d/trussville-1957-chevy-black-widow-clone/7020225367.html,,2019-11-14,US,2019-11-21
Makeup artist, Nov 14, &excats=134-40&min_price=5000001, Tennessee, Memphis, For Sale-Wanted, General, https://memphis.craigslist.org/for/d/memphis-makeup-artist/7020108886.html,,2019-11-14,US,2019-11-21
LOOKING TO BUY OLD HATS, Nov 14, &excats=134-40&min_price=5000001, Tennessee, Nashville, For Sale-Wanted, Wanted, https://nashville.craigslist.org/wan/d/birmingham-looking-to-buy-old-hats/7003480429.html,Want,2019-11-14,US,2019-11-21
Wanted-Backhoe, Nov 14, &excats=134-40&min_price=5000001, California, Chico, For Sale-Wanted, Heavy Equipment, https://chico.craigslist.org/hvo/d/chico-wanted-backhoe/7019822438.html,Want,2019-11-14,US,2019-11-21
HIRING TREE CLIMBERS/Arborists/Seasoned Workers ....................., Nov 14, &excats=134-40&min_price=5000001, California, Gold Country, For Sale-Wanted, General, https://goldcountry.craigslist.org/for/d/colfax-hiring-tree-climbers-arborists/7019893474.html,Want,2019-11-14,US,2019-11-21
Drywall repair, Nov 14, &excats=134-40&min_price=5000001, California, Inland Empire, For Sale-Wanted, Appliance by Owner, https://inlandempire.craigslist.org/app/d/fontana-drywall-repair/7019945720.html,,2019-11-14,US,2019-11-21
Electritian, Nov 14, &excats=134-40&min_price=5000001, California, Inland Empire, For Sale-Wanted, General, https://inlandempire.craigslist.org/for/d/fontana-electritian/7019938139.html,,2019-11-14,US,2019-11-21
German dagger v.fong grenna RARE!!! Solid brass, Nov 14, &excats=134-40&min_price=5000001, California, Los Angeles, For Sale-Wanted, Antique By Owner, https://losangeles.craigslist.org/sfv/atq/d/oxnard-german-dagger-vfong-grenna-rare/7017637909.html,,2019-11-14,US,2019-11-21
WANTED: Ship Chandelier, Nov 14, &excats=134-40&min_price=5000001, California, Los Angeles, For Sale-Wanted, Wanted, https://losangeles.craigslist.org/lac/wan/d/los-angeles-wanted-ship-chandelier/7020068122.html,Want,2019-11-14,US,2019-11-21
Frequent Flyer Miles needed, Nov 14, &excats=134-40&min_price=5000001, California, Orange County, For Sale-Wanted, Wanted, https://orangecounty.craigslist.org/wan/d/greenville-frequent-flyer-miles-needed/7020384993.html,Want,2019-11-14,US,2019-11-21
Worlds most Anti-AGING FOOD, Nov 14, &excats=134-40&min_price=5000001, California, Orange County, For Sale-Wanted, Health And Beauty, https://orangecounty.craigslist.org/hab/d/laguna-niguel-worlds-most-anti-aging/7020335187.html,,2019-11-14,US,2019-11-21
Do you need extra space .Christmas&#39; thanksgiving ?, Nov 14, &excats=134-40&min_price=5000001, California, Redding, For Sale-Wanted, NA, https://redding.craigslist.org/tro/d/redding-do-you-need-extra-space/7019792874.html,Want,2019-11-14,US,2019-11-21
Multiple good & great  Bike sale, Nov 14, &excats=134-40&min_price=5000001, California, Sacramento, For Sale-Wanted, Bikes, https://sacramento.craigslist.org/bik/d/winters-multiple-good-great-bike-sale/7002297582.html,,2019-11-14,US,2019-11-21
Toy Sale, Nov 14, &excats=134-40&min_price=5000001, California, Sacramento, For Sale-Wanted, Toys And Games, https://sacramento.craigslist.org/tag/d/represa-toy-sale/7020328413.html,,2019-11-14,US,2019-11-21
1977 Jeep Cherokee 2 door, Nov 14, &excats=134-40&min_price=5000001, California, Sacramento, For Sale-Wanted, Auto Parts by Owner, https://sacramento.craigslist.org/pts/d/colfax-1977-jeep-cherokee-2-door/7020156848.html,,2019-11-14,US,2019-11-21
1977 Jeep Cherokee 2 door, Nov 14, &excats=134-40&min_price=5000001, California, Sacramento, For Sale-Wanted, Auto Parts by Owner, https://sacramento.craigslist.org/pts/d/colfax-1977-jeep-cherokee-2-door/7020156549.html,,2019-11-14,US,2019-11-21
WANTED RVs trailers motorhomes pop-ups fifth wheel toy haulers trucks, Nov 14, &excats=134-40&min_price=5000001, California, Sacramento, For Sale-Wanted, RVs, https://sacramento.craigslist.org/rvd/d/sacramento-wanted-rvs-trailers/7019932202.html,Want,2019-11-14,US,2019-11-21
We pay top dollar for Motorhome Fifth Wheel Travel Trailer, Nov 14, &excats=134-40&min_price=5000001, California, Sacramento, For Sale-Wanted, NA, https://sacramento.craigslist.org/trb/d/sacramento-we-pay-top-dollar-for/7019931140.html,,2019-11-14,US,2019-11-21
LOW PRICE AUTO BOY REPAIRS, Nov 14, &excats=134-40&min_price=5000001, California, Sacramento, For Sale-Wanted, Wanted, https://sacramento.craigslist.org/wad/d/sacramento-low-price-auto-boy-repairs/7019919860.html,,2019-11-14,US,2019-11-21
SACRED CRAP BOARD SWAP MEET, Nov 14, &excats=134-40&min_price=5000001, California, San Diego, For Sale-Wanted, Sporting Goods, https://sandiego.craigslist.org/csd/spo/d/san-diego-sacred-crap-board-swap-meet/7020281599.html,,2019-11-14,US,2019-11-21
SACRED CRAP BOARD SWAP MEET, Nov 14, &excats=134-40&min_price=5000001, California, San Diego, For Sale-Wanted, Sporting Goods, https://sandiego.craigslist.org/csd/spo/d/san-diego-sacred-crap-board-swap-meet/7020281371.html,,2019-11-14,US,2019-11-21
2005 TOYOTA TUNDRA SR5 FOR PARTS, Nov 14, &excats=134-40&min_price=5000001, California, San Diego, For Sale-Wanted, Auto Parts by Owner, https://sandiego.craigslist.org/csd/pts/d/san-diego-2005-toyota-tundra-sr5-for/7001493604.html,,2019-11-14,US,2019-11-21
MAZDA3 2007 FOR PARTS ONLY, Nov 14, &excats=134-40&min_price=5000001, California, San Diego, For Sale-Wanted, Auto Parts by Owner, https://sandiego.craigslist.org/csd/pts/d/san-diego-mazda-for-parts-only/7001493244.html,,2019-11-14,US,2019-11-21
Forklift For sale 2013 Toyota 5K 6K 8K, Nov 14, &excats=134-40&min_price=5000001, California, San Diego, For Sale-Wanted, General, https://sandiego.craigslist.org/csd/for/d/forklift-for-sale-2013-toyota-5k-6k-8k/7000079143.html,,2019-11-14,US,2019-11-21
SACRED CRAP BOARD SWAP MEET /Surfboard Longboard Funboard, Nov 14, &excats=134-40&min_price=5000001, California, San Diego, For Sale-Wanted, Sporting Goods, https://sandiego.craigslist.org/csd/spo/d/san-diego-sacred-crap-board-swap-meet/7013120309.html,,2019-11-14,US,2019-11-21
I Buy iPhones 7 & Newer, Nov 14, &excats=134-40&min_price=5000001, Kansas, Wichita, For Sale-Wanted, Wanted, https://wichita.craigslist.org/wan/d/wichita-buy-iphones-7-newer/7020346253.html,,2019-11-14,US,2019-11-21
USDA Certified Frozen Meals, Nov 14, &excats=134-40&min_price=5000001, Wyoming, Wyoming, For Sale-Wanted, Farm and Garden, https://wyoming.craigslist.org/grd/d/berthoud-usda-certified-frozen-meals/7014539095.html,,2019-11-14,US,2019-11-21
ANYTHING PERTAINING TOO LANDSCAPING & IRRIGATION, Nov 14, &excats=134-40&min_price=5000001, Georgia, Athens, For Sale-Wanted, General, https://athensga.craigslist.org/for/d/commerce-anything-pertaining-too/7019740982.html,,2019-11-14,US,2019-11-21
STIHL CHAINSAWS (any condition ), Nov 14, &excats=134-40&min_price=5000001, Georgia, Atlanta, For Sale-Wanted, Wanted, https://atlanta.craigslist.org/nat/wan/d/lawrenceville-stihl-chainsaws-any/7020231287.html,,2019-11-14,US,2019-11-21
LOOKING TO BUY OLD HATS, Nov 14, &excats=134-40&min_price=5000001, Georgia, Atlanta, For Sale-Wanted, Wanted, https://atlanta.craigslist.org/atl/wan/d/birmingham-looking-to-buy-old-hats/7003480541.html,Want,2019-11-14,US,2019-11-21
1957 Chevy (BLACK WIDOW CLONE), Nov 14, &excats=134-40&min_price=5000001, Georgia, Atlanta, For Sale-Wanted, Cars And Trucks, https://atlanta.craigslist.org/atl/cto/d/trussville-1957-chevy-black-widow-clone/7020223077.html,,2019-11-14,US,2019-11-21
xs@#$%^&^%$#@#$%#$%^&*^%$#, Nov 14, &excats=134-40&min_price=5000001, Georgia, Atlanta, For Sale-Wanted, Cell Phones, https://atlanta.craigslist.org/atl/mob/d/fort-worth-xs/7020020475.html,,2019-11-14,US,2019-11-21
2019 Kubota Svl65 skid steer demo machine 5.5 hour call for price, Nov 14, &excats=134-40&min_price=5000001, Georgia, Atlanta, For Sale-Wanted, Heavy Equipment, https://atlanta.craigslist.org/eat/hvd/d/lithonia-2019-kubota-svl65-skid-steer/7019808514.html,,2019-11-14,US,2019-11-21
??AFFORDABLE TREE CUTTING SERVICE TREE SERVICE /OVER 60 -5 STAR GOOGLE, Nov 14, &excats=134-40&min_price=5000001, Georgia, Atlanta, For Sale-Wanted, Farm and Garden, https://atlanta.craigslist.org/nat/grq/d/marietta-affordable-tree-cutting/7019774753.html,,2019-11-14,US,2019-11-21
LOOKING TO BUY OLD HATS, Nov 14, &excats=134-40&min_price=5000001, Alabama, Birmingham, For Sale-Wanted, Wanted, https://bham.craigslist.org/wan/d/birmingham-looking-to-buy-old-hats/7003219834.html,Want,2019-11-14,US,2019-11-21
LOOKING TO BUY OLD HATS, Nov 14, &excats=134-40&min_price=5000001, Alabama, Birmingham, For Sale-Wanted, Wanted, https://gadsden.craigslist.org/wan/d/birmingham-looking-to-buy-old-hats/7003220362.html,Want,2019-11-14,US,2019-11-21
LOOKING TO BUY OLD HATS, Nov 14, &excats=134-40&min_price=5000001, Alabama, Birmingham, For Sale-Wanted, Wanted, https://huntsville.craigslist.org/wan/d/birmingham-looking-to-buy-old-hats/7003220430.html,Want,2019-11-14,US,2019-11-21
LOOKING TO BUY OLD HATS, Nov 14, &excats=134-40&min_price=5000001, Alabama, Birmingham, For Sale-Wanted, Wanted, https://huntsville.craigslist.org/wan/d/birmingham-looking-to-buy-old-hats/7003480225.html,Want,2019-11-14,US,2019-11-21
LOOKING TO BUY OLD HATS, Nov 14, &excats=134-40&min_price=5000001, Alabama, Birmingham, For Sale-Wanted, Wanted, https://montgomery.craigslist.org/wan/d/birmingham-looking-to-buy-old-hats/7003220612.html,Want,2019-11-14,US,2019-11-21
LOOKING TO BUY OLD HATS, Nov 14, &excats=134-40&min_price=5000001, Alabama, Birmingham, For Sale-Wanted, Wanted, https://montgomery.craigslist.org/wan/d/birmingham-looking-to-buy-old-hats/7003480315.html,Want,2019-11-14,US,2019-11-21
LOOKING TO BUY OLD HATS, Nov 14, &excats=134-40&min_price=5000001, Alabama, Montgomery, For Sale-Wanted, Wanted, https://montgomery.craigslist.org/wan/d/birmingham-looking-to-buy-old-hats/7003220612.html,Want,2019-11-14,US,2019-11-21
LOOKING TO BUY OLD HATS, Nov 14, &excats=134-40&min_price=5000001, Alabama, Montgomery, For Sale-Wanted, Wanted, https://montgomery.craigslist.org/wan/d/birmingham-looking-to-buy-old-hats/7003480315.html,Want,2019-11-14,US,2019-11-21
those involving stochastic processes, Nov 14, &excats=134-40&min_price=5000001, District of Columbia, Washington, For Sale-Wanted, Cell Phones, https://washingtondc.craigslist.org/doc/mob/d/washington-those-involving-stochastic/7020204331.html,,2019-11-14,US,2019-11-21
2020 Multiple Brands Snowmobile Trailers!, Nov 14, &excats=134-40&min_price=5000001, Michigan, Ann Arbor, For Sale-Wanted, General, https://annarbor.craigslist.org/fod/d/union-city-2020-multiple-brands/7020356395.html,,2019-11-14,US,2019-11-21
2020 Multiple Brands Snowmobile Trailers!, Nov 14, &excats=134-40&min_price=5000001, Michigan, Battle Creek, For Sale-Wanted, General, https://battlecreek.craigslist.org/fod/d/union-city-2020-multiple-brands/7020218378.html,,2019-11-14,US,2019-11-21
Wanted corn chopper w/ hay head, Nov 14, &excats=134-40&min_price=5000001, Michigan, Battle Creek, For Sale-Wanted, Farm and Garden, https://battlecreek.craigslist.org/grd/d/nashville-wanted-corn-chopper-hay-head/7020171531.html,Want,2019-11-14,US,2019-11-21
ISO Pottery Barn Charlotte, Nov 14, &excats=134-40&min_price=5000001, Michigan, Grand Rapids, For Sale-Wanted, Wanted, https://grandrapids.craigslist.org/wan/d/grand-rapids-iso-pottery-barn-charlotte/7020357554.html,,2019-11-14,US,2019-11-21
2020 Multiple Brands Snowmobile Trailers!, Nov 14, &excats=134-40&min_price=5000001, Michigan, Lansing, For Sale-Wanted, General, https://lansing.craigslist.org/fod/d/union-city-2020-multiple-brands/7020337293.html,,2019-11-14,US,2019-11-21
UPDATE! Parts & Project Cars & Trucks 1920&#39;s-80&#39;s 100&#39;s of Cars, Nov 14, &excats=134-40&min_price=5000001, Michigan, Port Huron, For Sale-Wanted, Auto Parts by Dealer, https://porthuron.craigslist.org/ptd/d/great-bend-update-parts-project-cars/7020328323.html,,2019-11-14,US,2019-11-21
UPDATE! Parts & Project Cars & Trucks 1920&#39;s-80&#39;s 100&#39;s of Cars, Nov 14, &excats=134-40&min_price=5000001, Oregon, Bend, For Sale-Wanted, Auto Parts by Dealer, https://portland.craigslist.org/clk/ptd/d/great-bend-update-parts-project-cars/7020329395.html,,2019-11-14,US,2019-11-21
UPDATE! Parts & Project Cars & Trucks 1920&#39;s-80&#39;s 100&#39;s of Cars, Nov 14, &excats=134-40&min_price=5000001, Oregon, Portland, For Sale-Wanted, Auto Parts by Dealer, https://portland.craigslist.org/clk/ptd/d/great-bend-update-parts-project-cars/7020329395.html,,2019-11-14,US,2019-11-21
Looking for a 1961 impala hood, Nov 14, &excats=134-40&min_price=5000001, Oregon, Salem, For Sale-Wanted, Auto Parts by Owner, https://salem.craigslist.org/pts/d/canby-looking-for-1961-impala-hood/7020141046.html,Want,2019-11-14,US,2019-11-21
UPDATE! Parts & Project Cars & Trucks 1920&#39;s-80&#39;s 100&#39;s of Cars, Nov 13, &excats=134-40&min_price=5000001, Arizona, Phoenix, For Sale-Wanted, Auto Parts by Dealer, https://phoenix.craigslist.org/cph/ptd/d/great-bend-update-parts-project-cars/7019695033.html,,2019-11-13,US,2019-11-21
Buying military bayonets helmets knives ww2 wwii Nazi Japanese swords, Nov 13, &excats=134-40&min_price=5000001, Arizona, Phoenix, For Sale-Wanted, Wanted, https://phoenix.craigslist.org/evl/wad/d/paradise-valley-buying-military/7019609718.html,,2019-11-13,US,2019-11-21
Parting out 63 Chevy pickup with title, Nov 13, &excats=134-40&min_price=5000001, Arizona, Phoenix, For Sale-Wanted, Auto Parts by Owner, https://phoenix.craigslist.org/wvl/pts/d/lake-havasu-city-parting-out-63-chevy/7019411598.html,,2019-11-13,US,2019-11-21
Buying military bayonets helmets knives ww2 wwii Nazi Japanese swords, Nov 13, &excats=134-40&min_price=5000001, Arizona, Phoenix, For Sale-Wanted, Jewelry, https://phoenix.craigslist.org/cph/jwd/d/paradise-valley-buying-military/7019301310.html,,2019-11-13,US,2019-11-21
Buying military bayonets helmets knives ww2 wwii Nazi Japanese swords, Nov 13, &excats=134-40&min_price=5000001, Arizona, Phoenix, For Sale-Wanted, Toys And Games, https://phoenix.craigslist.org/evl/tad/d/paradise-valley-buying-military/7019292709.html,,2019-11-13,US,2019-11-21
Used auto parts, Nov 13, &excats=134-40&min_price=5000001, Arizona, Tucson, For Sale-Wanted, Auto Parts by Owner, https://tucson.craigslist.org/pts/d/tucson-used-auto-parts/7001781689.html,,2019-11-13,US,2019-11-21
Commercial Rental Space, Nov 13, &excats=134-40&min_price=5000001, Wisconsin, Milwaukee, For Sale-Wanted, Wanted, https://milwaukee.craigslist.org/wan/d/butler-commercial-rental-space/7019712855.html,,2019-11-13,US,2019-11-21
misc john deere parts, Nov 13, &excats=134-40&min_price=5000001, Wisconsin, Wausau, For Sale-Wanted, General, https://wausau.craigslist.org/for/d/irma-misc-john-deere-parts/7019574683.html,,2019-11-13,US,2019-11-21
UPDATE! Parts & Project Cars & Trucks 1920&#39;s-80&#39;s 100&#39;s of Cars, Nov 13, &excats=134-40&min_price=5000001, Illinois, Peoria, For Sale-Wanted, Auto Parts by Dealer, https://peoria.craigslist.org/ptd/d/great-bend-update-parts-project-cars/7019692045.html,,2019-11-13,US,2019-11-21
College football national championship game tickets wanted, Nov 13, &excats=134-40&min_price=5000001, Louisiana, New Orleans, For Sale-Wanted, Tickets, https://neworleans.craigslist.org/tix/d/chicago-college-football-national/7019349686.html,Want,2019-11-13,US,2019-11-21
UPDATE! Parts & Project Cars & Trucks 1920&#39;s-80&#39;s 100&#39;s of Cars, Nov 13, &excats=134-40&min_price=5000001, North Carolina, Outer Banks, For Sale-Wanted, Auto Parts by Dealer, https://outerbanks.craigslist.org/ptd/d/great-bend-update-parts-project-cars/7019676733.html,,2019-11-13,US,2019-11-21
wanted good used furniture, Nov 13, &excats=134-40&min_price=5000001, West Virginia, Morgantown, For Sale-Wanted, Furniture, https://morgantown.craigslist.org/fud/d/clarksburg-wanted-good-used-furniture/7019651107.html,Want,2019-11-13,US,2019-11-21
TOP CASH PAID FOR GOOD USED FURNITURE, Nov 13, &excats=134-40&min_price=5000001, West Virginia, Morgantown, For Sale-Wanted, Wanted, https://morgantown.craigslist.org/wad/d/clarksburg-top-cash-paid-for-good-used/7019636476.html,,2019-11-13,US,2019-11-21
Cash for Comic Books, Nov 13, &excats=134-40&min_price=5000001, Pennsylvania, Harrisburg, For Sale-Wanted, Wanted, https://harrisburg.craigslist.org/wan/d/scranton-cash-for-comic-books/7009850569.html,,2019-11-13,US,2019-11-21
UPDATE! Parts & Project Cars & Trucks 1920&#39;s-80&#39;s 100&#39;s of Cars, Nov 13, &excats=134-40&min_price=5000001, Pennsylvania, Philadelphia, For Sale-Wanted, Auto Parts by Dealer, https://philadelphia.craigslist.org/ptd/d/great-bend-update-parts-project-cars/7019693425.html,,2019-11-13,US,2019-11-21
PAYING CASH FOR OLD STAR WARS ITEMS TOYS AND ACTION FIGURES ALL KINDS, Nov 13, &excats=134-40&min_price=5000001, Pennsylvania, Philadelphia, For Sale-Wanted, Wanted, https://philadelphia.craigslist.org/wan/d/feasterville-trevose-paying-cash-for/7010225884.html,,2019-11-13,US,2019-11-21
Cash for Comic Books, Nov 13, &excats=134-40&min_price=5000001, Pennsylvania, Philadelphia, For Sale-Wanted, Wanted, https://philadelphia.craigslist.org/wan/d/philadelphia-cash-for-comic-books/7000490334.html,,2019-11-13,US,2019-11-21
Lots of R.L. Stein Goosebumps paperback books to choose from, Nov 13, &excats=134-40&min_price=5000001, Missouri, Springfield, For Sale-Wanted, Books, https://springfield.craigslist.org/bks/d/lebanon-lots-of-rl-stein-goosebumps/7009754234.html,,2019-11-13,US,2019-11-21
Haul off metal in Branson/Hollister area, Nov 13, &excats=134-40&min_price=5000001, Missouri, Springfield, For Sale-Wanted, Wanted, https://springfield.craigslist.org/wan/d/branson-haul-off-metal-in-branson/7019478821.html,,2019-11-13,US,2019-11-21
Restaurant Equipment, Nov 13, &excats=134-40&min_price=5000001, Missouri, St Louis, For Sale-Wanted, General, https://stlouis.craigslist.org/for/d/granite-city-restaurant-equipment/7019638521.html,,2019-11-13,US,2019-11-21
1987 BMW E24 635csi & L6 Parts or Project Cars, Nov 13, &excats=134-40&min_price=5000001, Missouri, St Louis, For Sale-Wanted, Auto Parts by Owner, https://stlouis.craigslist.org/pts/d/saint-louis-1987-bmw-e24-635csi-l6/7019365465.html,,2019-11-13,US,2019-11-21
TITLE PROBLEMS? Car impouned?//, Nov 13, &excats=134-40&min_price=5000001, Oklahoma, Oklahoma City, For Sale-Wanted, Wanted, https://oklahomacity.craigslist.org/wan/d/bethany-title-problems-car-impouned/7019404261.html,,2019-11-13,US,2019-11-21
PSA Autograph Authentication Event Nov. 16 OKC, Nov 13, &excats=134-40&min_price=5000001, Oklahoma, Oklahoma City, For Sale-Wanted, Collectibles, https://oklahomacity.craigslist.org/clt/d/oklahoma-city-psa-autograph/7016063300.html,,2019-11-13,US,2019-11-21
Cash for Comic Books, Nov 13, &excats=134-40&min_price=5000001, Maryland, Baltimore, For Sale-Wanted, Wanted, https://baltimore.craigslist.org/wan/d/elkton-cash-for-comic-books/7000493187.html,,2019-11-13,US,2019-11-21
Cash for Comic Books, Nov 13, &excats=134-40&min_price=5000001, New Jersey, South Jersey, For Sale-Wanted, Wanted, https://southjersey.craigslist.org/wan/d/sewell-cash-for-comic-books/7000489712.html,,2019-11-13,US,2019-11-21
Buying Rolex watches today, Nov 13, &excats=134-40&min_price=5000001, Florida, Jacksonville, For Sale-Wanted, Jewelry, https://jacksonville.craigslist.org/jwl/d/jacksonville-buying-rolex-watches-today/7019662555.html,,2019-11-13,US,2019-11-21
Buying Rolex watches today, Nov 13, &excats=134-40&min_price=5000001, Florida, Jacksonville, For Sale-Wanted, Jewelry, https://jacksonville.craigslist.org/jwl/d/jacksonville-buying-rolex-watches-today/7019662394.html,,2019-11-13,US,2019-11-21
Barbies Disney, Nov 13, &excats=134-40&min_price=5000001, Florida, Ocala, For Sale-Wanted, Toys And Games, https://ocala.craigslist.org/tag/d/the-villages-barbies-disney/7019324914.html,,2019-11-13,US,2019-11-21
UPDATE! Parts & Project Cars & Trucks 1920&#39;s-80&#39;s 100&#39;s of Cars, Nov 13, &excats=134-40&min_price=5000001, Florida, Orlando, For Sale-Wanted, Auto Parts by Dealer, https://orlando.craigslist.org/ptd/d/great-bend-update-parts-project-cars/7019673079.html,,2019-11-13,US,2019-11-21
Elvis doll in box, Nov 13, &excats=134-40&min_price=5000001, Florida, Orlando, For Sale-Wanted, Toys And Games, https://orlando.craigslist.org/tag/d/port-orange-elvis-doll-in-box/7019352317.html,,2019-11-13,US,2019-11-21
Classique Barbie, Nov 13, &excats=134-40&min_price=5000001, Florida, Orlando, For Sale-Wanted, Toys And Games, https://orlando.craigslist.org/tag/d/the-villages-classique-barbie/7019345256.html,,2019-11-13,US,2019-11-21
Barbies new in box, Nov 13, &excats=134-40&min_price=5000001, Florida, Orlando, For Sale-Wanted, Toys And Games, https://orlando.craigslist.org/tag/d/the-villages-barbies-new-in-box/7019333143.html,,2019-11-13,US,2019-11-21
????Iphone wanted????cash????????, Nov 13, &excats=134-40&min_price=5000001, Florida, Orlando, For Sale-Wanted, Wanted, https://orlando.craigslist.org/wad/d/dearing-iphone-wantedcash/7019192120.html,Want,2019-11-13,US,2019-11-21
UPDATE! Parts & Project Cars & Trucks 1920&#39;s-80&#39;s 100&#39;s of Cars, Nov 13, &excats=134-40&min_price=5000001, Florida, Panama City, For Sale-Wanted, Auto Parts by Dealer, https://panamacity.craigslist.org/ptd/d/great-bend-update-parts-project-cars/7019681512.html,,2019-11-13,US,2019-11-21
UPDATE! Parts & Project Cars & Trucks 1920&#39;s-80&#39;s 100&#39;s of Cars, Nov 13, &excats=134-40&min_price=5000001, Florida, Pensacola, For Sale-Wanted, Auto Parts by Dealer, https://pensacola.craigslist.org/ptd/d/great-bend-update-parts-project-cars/7019684820.html,,2019-11-13,US,2019-11-21
2 stroke streetbikes, Nov 13, &excats=134-40&min_price=5000001, Texas, Amarillo, For Sale-Wanted, Wanted, https://amarillo.craigslist.org/wan/d/amarillo-2-stroke-streetbikes/7014951276.html,,2019-11-13,US,2019-11-21
MILITARY MRE&#39;S / OCP / ARMED FORCES SUPPLY / WE BUY SURPLUS CASH!, Nov 13, &excats=134-40&min_price=5000001, Texas, Austin, For Sale-Wanted, Sporting Goods, https://austin.craigslist.org/sgd/d/converse-military-mres-ocp-armed-forces/7019644628.html,,2019-11-13,US,2019-11-21
MILITARY MRE&#39;S / OCP / ARMED FORCES SUPPLY / WE BUY SURPLUS CASH!, Nov 13, &excats=134-40&min_price=5000001, Texas, Austin, For Sale-Wanted, Sporting Goods, https://austin.craigslist.org/sgd/d/converse-military-mres-ocp-armed-forces/7019612095.html,,2019-11-13,US,2019-11-21
$$ WE BUY ALL IPHONE 11 11 PRO MAX BRAND NEW --WILL PAY TOP CASH $$$, Nov 13, &excats=134-40&min_price=5000001, Texas, Austin, For Sale-Wanted, Wanted, https://austin.craigslist.org/wad/d/austin-we-buy-all-iphone-pro-max-brand/7019330816.html,,2019-11-13,US,2019-11-21
$$ WE BUY ALL IPHONE 11 11 PRO MAX BRAND NEW --WILL PAY TOP CASH $$$, Nov 13, &excats=134-40&min_price=5000001, Texas, Austin, For Sale-Wanted, Wanted, https://austin.craigslist.org/wad/d/austin-we-buy-all-iphone-pro-max-brand/7019182099.html,,2019-11-13,US,2019-11-21
MILITARY SURPLUS STORE / MRE BUNKER ROOM / ARMED FORCES SUPPLY, Nov 13, &excats=134-40&min_price=5000001, Texas, Corpus Christi, For Sale-Wanted, Sporting Goods, https://corpuschristi.craigslist.org/sgd/d/converse-military-surplus-store-mre/7019643786.html,,2019-11-13,US,2019-11-21
carpas mesas sillas jumping ballons party rentals, Nov 13, &excats=134-40&min_price=5000001, Texas, El Paso, For Sale-Wanted, General, https://elpaso.craigslist.org/for/d/el-paso-carpas-mesas-sillas-jumping/7014666389.html,,2019-11-13,US,2019-11-21
bus PARTY BUS EL PASO TX XV SWEET 16 MORE, Nov 13, &excats=134-40&min_price=5000001, Texas, El Paso, For Sale-Wanted, General, https://elpaso.craigslist.org/for/d/el-paso-bus-party-bus-el-paso-tx-xv/7019168416.html,,2019-11-13,US,2019-11-21
Driving packages, Nov 13, &excats=134-40&min_price=5000001, Texas, Houston, For Sale-Wanted, Wanted, https://houston.craigslist.org/wan/d/houston-driving-packages/7019669703.html,,2019-11-13,US,2019-11-21
#1 GENUINE MILITARY SURPLUS STORE IN SAN ANTONIO &quot;ARMED FORCES SUPPLY&quot;, Nov 13, &excats=134-40&min_price=5000001, Texas, Houston, For Sale-Wanted, Sporting Goods, https://houston.craigslist.org/sgd/d/converse-1-genuine-military-surplus/7019643202.html,,2019-11-13,US,2019-11-21
MEALS READY TO EAT / MRE / MRE&#39;S / ARMED FORCES SUPPLY, Nov 13, &excats=134-40&min_price=5000001, Texas, San Antonio, For Sale-Wanted, Video Gaming, https://sanantonio.craigslist.org/vgd/d/converse-meals-ready-to-eat-mre-mres/7019648452.html,,2019-11-13,US,2019-11-21
WE BUY MILITARY SURPLUS ARMED FORCES SUPPLY IN CONVERSE TX, Nov 13, &excats=134-40&min_price=5000001, Texas, San Antonio, For Sale-Wanted, Wanted, https://sanantonio.craigslist.org/wad/d/converse-we-buy-military-surplus-armed/7019646119.html,,2019-11-13,US,2019-11-21
FORT SAM / Armed Forces Supply Military Supply Store  (The Real Deal), Nov 13, &excats=134-40&min_price=5000001, Texas, San Antonio, For Sale-Wanted, Wanted, https://sanantonio.craigslist.org/wad/d/converse-fort-sam-armed-forces-supply/7019641050.html,,2019-11-13,US,2019-11-21
WANTED: MILITARY GEAR AND UNIFORMS CASH PAID! ARMED FORCES SUPPLY, Nov 13, &excats=134-40&min_price=5000001, Texas, San Antonio, For Sale-Wanted, Wanted, https://sanantonio.craigslist.org/wad/d/converse-wanted-military-gear-and/7019639540.html,Want,2019-11-13,US,2019-11-21
WANTED: MILITARY GEAR AND UNIFORMS CASH PAID! ARMED FORCES SUPPLY, Nov 13, &excats=134-40&min_price=5000001, Texas, San Antonio, For Sale-Wanted, Wanted, https://sanantonio.craigslist.org/wad/d/converse-wanted-military-gear-and/7019635025.html,Want,2019-11-13,US,2019-11-21
WE GOT SMOKE! / MILITARY / PAINTBALL  / ARMED FORCES SUPPLY / AIRSOFT, Nov 13, &excats=134-40&min_price=5000001, Texas, San Antonio, For Sale-Wanted, Sporting Goods, https://sanantonio.craigslist.org/sgd/d/converse-we-got-smoke-military/7019613788.html,,2019-11-13,US,2019-11-21
NEW MILITARY VETERAN HATS $9.95 ARMED FORCES SUPPLY / MILITARY SUPLUS, Nov 13, &excats=134-40&min_price=5000001, Texas, San Antonio, For Sale-Wanted, Sporting Goods, https://sanantonio.craigslist.org/sgd/d/converse-new-military-veteran-hats-995/7019609578.html,,2019-11-13,US,2019-11-21
WE BUY MILITARY SURPLUS ARMED FORCES SUPPLY IN CONVERSE TX, Nov 13, &excats=134-40&min_price=5000001, Texas, San Antonio, For Sale-Wanted, Wanted, https://sanantonio.craigslist.org/wad/d/converse-we-buy-military-surplus-armed/7019607987.html,,2019-11-13,US,2019-11-21
WANTED: MILITARY GEAR AND UNIFORMS CASH PAID! ARMED FORCES SUPPLY, Nov 13, &excats=134-40&min_price=5000001, Texas, San Antonio, For Sale-Wanted, Wanted, https://sanantonio.craigslist.org/wad/d/converse-wanted-military-gear-and/7019605000.html,Want,2019-11-13,US,2019-11-21
WE GOT SMOKE! / MILITARY GRADE SMOKE  / ARMED FORCES SUPPLY / AIRSOFT, Nov 13, &excats=134-40&min_price=5000001, Texas, San Antonio, For Sale-Wanted, Sporting Goods, https://sanantonio.craigslist.org/sgd/d/converse-we-got-smoke-military-grade/7019601855.html,,2019-11-13,US,2019-11-21
Mobile golf cart repair, Nov 13, &excats=134-40&min_price=5000001, Texas, San Antonio, For Sale-Wanted, ATVs UTVs by Owner, https://sanantonio.craigslist.org/snw/d/new-braunfels-mobile-golf-cart-repair/7000615412.html,,2019-11-13,US,2019-11-21
Septic installation/dirt work/forestry services, Nov 13, &excats=134-40&min_price=5000001, Texas, San Antonio, For Sale-Wanted, Heavy Equipment, https://sanantonio.craigslist.org/hvo/d/new-braunfels-septic-installation-dirt/7000615730.html,,2019-11-13,US,2019-11-21
Sansui 9090DB stereo receiver tuner amplifier, Nov 13, &excats=134-40&min_price=5000001, Nevada, Las Vegas, For Sale-Wanted, Electronics, https://lasvegas.craigslist.org/ele/d/las-vegas-sansui-9090db-stereo-receiver/7019708125.html,,2019-11-13,US,2019-11-21
UPDATE! Parts & Project Cars & Trucks 1920&#39;s-80&#39;s 100&#39;s of Cars, Nov 13, &excats=134-40&min_price=5000001, Kentucky, Owensboro, For Sale-Wanted, Auto Parts by Dealer, https://owensboro.craigslist.org/ptd/d/great-bend-update-parts-project-cars/7019678295.html,,2019-11-13,US,2019-11-21
WE BUY IPHONES WE BUY IPHONES !!  XS mmax pro max pro  xs 11, Nov 13, &excats=134-40&min_price=5000001, California, Los Angeles, For Sale-Wanted, Wanted, https://losangeles.craigslist.org/lac/wad/d/los-angeles-we-buy-iphones-we-buy/7019689348.html,,2019-11-13,US,2019-11-21
SELLING THAT SMARTPHONE or IPHONE, Nov 13, &excats=134-40&min_price=5000001, California, Los Angeles, For Sale-Wanted, Wanted, https://losangeles.craigslist.org/lac/wad/d/los-angeles-selling-that-smartphone-or/7019433948.html,,2019-11-13,US,2019-11-21
cash FOR MAC CASH FOR MacBook Pro CASH FOR MacBook Air, Nov 13, &excats=134-40&min_price=5000001, California, Orange County, For Sale-Wanted, Wanted, https://orangecounty.craigslist.org/wad/d/anaheim-cash-for-mac-cash-for-macbook/7019534065.html,,2019-11-13,US,2019-11-21
OC USED HIGH QUALITY JAPANESE ENGINE TRANSMISSIONS MOTORS & PARTS, Nov 13, &excats=134-40&min_price=5000001, California, Orange County, For Sale-Wanted, Auto Parts by Dealer, https://orangecounty.craigslist.org/ptd/d/buena-park-oc-used-high-quality/7019390695.html,,2019-11-13,US,2019-11-21
UPDATE! Parts & Project Cars & Trucks 1920&#39;s-80&#39;s 100&#39;s of Cars, Nov 13, &excats=134-40&min_price=5000001, California, Palm Springs, For Sale-Wanted, Auto Parts by Dealer, https://palmsprings.craigslist.org/ptd/d/great-bend-update-parts-project-cars/7019679721.html,,2019-11-13,US,2019-11-21
Golf Serigraph - Myrtle Beach Dunes Golf - Golf Series, Nov 13, &excats=134-40&min_price=5000001, California, Palm Springs, For Sale-Wanted, Sporting Goods, https://palmsprings.craigslist.org/spo/d/thousand-palms-golf-serigraph-myrtle/7019296735.html,,2019-11-13,US,2019-11-21
WTB: 2015 Toyota Prius C, Nov 13, &excats=134-40&min_price=5000001, California, Sacramento, For Sale-Wanted, Cars And Trucks, https://sacramento.craigslist.org/cto/d/antelope-wtb-2015-toyota-prius/7019590755.html,,2019-11-13,US,2019-11-21
I Pay Cash For AppleWatches & Other Electronics, Nov 13, &excats=134-40&min_price=5000001, Kansas, Wichita, For Sale-Wanted, Wanted, https://wichita.craigslist.org/wan/d/wichita-pay-cash-for-applewatches-other/7019303316.html,,2019-11-13,US,2019-11-21
Suzuki x90 parts, Nov 13, &excats=134-40&min_price=5000001, Virginia, Richmond, For Sale-Wanted, Auto Parts by Owner, https://richmond.craigslist.org/pts/d/chesterfield-suzuki-x90-parts/7019111698.html,,2019-11-13,US,2019-11-21
Car lift wanted, Nov 13, &excats=134-40&min_price=5000001, Idaho, Boise, For Sale-Wanted, Wanted, https://boise.craigslist.org/wan/d/boise-car-lift-wanted/7001201539.html,Want,2019-11-13,US,2019-11-21
Car lift &quot;wanted&quot;, Nov 13, &excats=134-40&min_price=5000001, Idaho, Boise, For Sale-Wanted, Tools, https://boise.craigslist.org/tls/d/boise-car-lift-wanted/7001202897.html,Want,2019-11-13,US,2019-11-21
ford 351W engines and parts, Nov 13, &excats=134-40&min_price=5000001, Georgia, Atlanta, For Sale-Wanted, Auto Parts by Owner, https://atlanta.craigslist.org/sat/pts/d/experiment-ford-351w-engines-and-parts/7017174727.html,,2019-11-13,US,2019-11-21
??Trees Cut ?TREE REMOVAL TRIMMING TREE SERVICE TREE PRUNING TREE, Nov 13, &excats=134-40&min_price=5000001, Georgia, Atlanta, For Sale-Wanted, Farm and Garden, https://atlanta.craigslist.org/nat/grq/d/marietta-trees-cut-tree-removal/7019144153.html,,2019-11-13,US,2019-11-21
??MOONSHINE??OLD MOUNTAIN &FOOTHILL Blend Dont tel D SHERIFF, Nov 13, &excats=134-40&min_price=5000001, Georgia, Atlanta, For Sale-Wanted, Farm and Garden, https://atlanta.craigslist.org/nat/grq/d/marietta-moonshineold-mountain-foothill/7019124183.html,,2019-11-13,US,2019-11-21
1928-31 Ford Model A parts, Nov 13, &excats=134-40&min_price=5000001, Georgia, Valdosta, For Sale-Wanted, Auto Parts by Owner, https://valdosta.craigslist.org/pts/d/alma-ford-model-parts/7014686829.html,,2019-11-13,US,2019-11-21
SALE! SALE! SALE!, Nov 13, &excats=134-40&min_price=5000001, New Mexico, Albuquerque, For Sale-Wanted, Materials, https://albuquerque.craigslist.org/mat/d/albuquerque-sale-sale-sale/7005520077.html,,2019-11-13,US,2019-11-21
Cash for Comic Books, Nov 13, &excats=134-40&min_price=5000001, Delaware, Delaware, For Sale-Wanted, Wanted, https://delaware.craigslist.org/wan/d/wilmington-cash-for-comic-books/7000492358.html,,2019-11-13,US,2019-11-21
Bridal boutique inventory, Nov 13, &excats=134-40&min_price=5000001, Michigan, Grand Rapids, For Sale-Wanted, Clothes, https://grandrapids.craigslist.org/clo/d/manistee-bridal-boutique-inventory/7019323890.html,,2019-11-13,US,2019-11-21
Bridal Boutique Inventory, Nov 13, &excats=134-40&min_price=5000001, Michigan, Holland, For Sale-Wanted, Clothes, https://holland.craigslist.org/clo/d/manistee-bridal-boutique-inventory/7019313777.html,,2019-11-13,US,2019-11-21
UPDATE! Parts & Project Cars & Trucks 1920&#39;s-80&#39;s 100&#39;s of Cars, Nov 13, &excats=134-40&min_price=5000001, Oregon, Oregon Coast, For Sale-Wanted, Auto Parts by Dealer, https://oregoncoast.craigslist.org/ptd/d/great-bend-update-parts-project-cars/7019670631.html,,2019-11-13,US,2019-11-21
Pepsi signs, Nov 13, &excats=134-40&min_price=5000001, Oregon, Oregon Coast, For Sale-Wanted, Collectibles, https://oregoncoast.craigslist.org/clt/d/bandon-pepsi-signs/7019511234.html,,2019-11-13,US,2019-11-21
WTB OXGEN BOTTLES, Nov 12, &excats=134-40&min_price=5000001, Arkansas, Jonesboro, For Sale-Wanted, Tools, https://jonesboro.craigslist.org/tls/d/bono-wtb-oxgen-bottles/6998977826.html,,2019-11-12,US,2019-11-21
Brand new catalytic converters, Nov 12, &excats=134-40&min_price=5000001, Connecticut, New Haven, For Sale-Wanted, Auto Parts by Owner, https://newhaven.craigslist.org/pts/d/new-haven-brand-new-catalytic-converters/7018884921.html,,2019-11-12,US,2019-11-21
Want military bayonet helmets knives WW2 WWII Nazi Japanese swords WW1, Nov 12, &excats=134-40&min_price=5000001, Arizona, Phoenix, For Sale-Wanted, Books, https://phoenix.craigslist.org/evl/bkd/d/paradise-valley-want-military-bayonet/7018954607.html,Want,2019-11-12,US,2019-11-21
Wanted vintage old toys GI Joe Star Wars redline Hot Wheels Wheel toys, Nov 12, &excats=134-40&min_price=5000001, Arizona, Phoenix, For Sale-Wanted, Antiques By Dealer, https://phoenix.craigslist.org/cph/atd/d/phoenix-wanted-vintage-old-toys-gi-joe/7018953167.html,Want,2019-11-12,US,2019-11-21
JDM USED HIGH QUALITY JAPANESE ENGINE TRANSMISSIONS MOTORS & PARTS -, Nov 12, &excats=134-40&min_price=5000001, Arizona, Phoenix, For Sale-Wanted, Auto Parts by Dealer, https://phoenix.craigslist.org/nph/ptd/d/buena-park-jdm-used-high-quality/7018670359.html,,2019-11-12,US,2019-11-21
buying military bayonets helmets knives ww2 wwii nazi Japanese swords, Nov 12, &excats=134-40&min_price=5000001, Arizona, Phoenix, For Sale-Wanted, Collectibles, https://phoenix.craigslist.org/evl/cbd/d/paradise-valley-buying-military/7018504617.html,,2019-11-12,US,2019-11-21
Wanted vintage old toys GI Joe Star Wars redline Hot Wheels Wheel toys, Nov 12, &excats=134-40&min_price=5000001, Arizona, Phoenix, For Sale-Wanted, Wanted, https://phoenix.craigslist.org/cph/wad/d/phoenix-wanted-vintage-old-toys-gi-joe/7018501727.html,Want,2019-11-12,US,2019-11-21
Gym Style Mats, Nov 12, &excats=134-40&min_price=5000001, Arizona, Tucson, For Sale-Wanted, General, https://tucson.craigslist.org/for/d/marana-gym-style-mats/7018700406.html,,2019-11-12,US,2019-11-21
I COLLECT 30&#39;s 40&#39;s 50&#39;s 60&#39;s 70&#39;s Motorcycles, Nov 12, &excats=134-40&min_price=5000001, Illinois, Peoria, For Sale-Wanted, Wanted, https://peoria.craigslist.org/wad/d/peoria-collect-30s-40s-50s-60s-70s/7018631414.html,,2019-11-12,US,2019-11-21
Need a buyer!!!, Nov 12, &excats=134-40&min_price=5000001, North Carolina, Asheville, For Sale-Wanted, Wanted, https://asheville.craigslist.org/wan/d/canton-need-buyer/7018638930.html,Want,2019-11-12,US,2019-11-21
TOP CASH FOR JUNK VEHICLES!!!, Nov 12, &excats=134-40&min_price=5000001, North Carolina, Fayetteville, For Sale-Wanted, Cars And by Dealer, https://fayetteville.craigslist.org/ctd/d/fayetteville-top-cash-for-junk-vehicles/7018601446.html,,2019-11-12,US,2019-11-21
old oil can, Nov 12, &excats=134-40&min_price=5000001, New York, Albany, For Sale-Wanted, Antique By Owner, https://albany.craigslist.org/atq/d/rensselaer-old-oil-can/6999217525.html,,2019-11-12,US,2019-11-21
Wanted: Dodge D250/B350 Dead or Alive, Nov 12, &excats=134-40&min_price=5000001, New York, Hudson Valley, For Sale-Wanted, Wanted, https://hudsonvalley.craigslist.org/wan/d/poughkeepsie-wanted-dodge-d250-b350/7018463157.html,Want,2019-11-12,US,2019-11-21
Wood working clamps, Nov 12, &excats=134-40&min_price=5000001, Iowa, Des Moines, For Sale-Wanted, Tools, https://desmoines.craigslist.org/tls/d/marshalltown-wood-working-clamps/7018908359.html,,2019-11-12,US,2019-11-21
2003 explorer, Nov 12, &excats=134-40&min_price=5000001, Iowa, Sioux City, For Sale-Wanted, Auto Parts by Owner, https://siouxcity.craigslist.org/pts/d/sioux-city-2003-explorer/7001217563.html,,2019-11-12,US,2019-11-21
98 1ton, Nov 12, &excats=134-40&min_price=5000001, Iowa, Sioux City, For Sale-Wanted, Auto Parts by Owner, https://siouxcity.craigslist.org/pts/d/sioux-city-98-1ton/7001214397.html,,2019-11-12,US,2019-11-21
Major Jewelry Supply Blowout Sale, Nov 12, &excats=134-40&min_price=5000001, Pennsylvania, Harrisburg, For Sale-Wanted, Art by Owner, https://harrisburg.craigslist.org/art/d/carlisle-major-jewelry-supply-blowout/7019030391.html,,2019-11-12,US,2019-11-21
Electric Home Brew setup/equipment, Nov 12, &excats=134-40&min_price=5000001, Maine, Maine, For Sale-Wanted, General, https://maine.craigslist.org/for/d/cumberland-center-electric-home-brew/7018640262.html,,2019-11-12,US,2019-11-21
Auto body repair, Nov 12, &excats=134-40&min_price=5000001, New Jersey, South Jersey, For Sale-Wanted, Tools, https://southjersey.craigslist.org/tls/d/cologne-auto-body-repair/7018409423.html,,2019-11-12,US,2019-11-21
CASH TODAY FOR YOUR ROLEX WATCH -, Nov 12, &excats=134-40&min_price=5000001, Florida, Jacksonville, For Sale-Wanted, Jewelry, https://jacksonville.craigslist.org/jwl/d/jacksonville-cash-today-for-your-rolex/7018511640.html,,2019-11-12,US,2019-11-21
Buying Rolex watches today, Nov 12, &excats=134-40&min_price=5000001, Florida, Jacksonville, For Sale-Wanted, Jewelry, https://jacksonville.craigslist.org/jwl/d/jacksonville-buying-rolex-watches-today/7018511383.html,,2019-11-12,US,2019-11-21
Gold Buyers Diamond Buyers Rolex Buyers Jewelry Buyers Cash ., Nov 12, &excats=134-40&min_price=5000001, Florida, Lakeland, For Sale-Wanted, Jewelry, https://lakeland.craigslist.org/jwl/d/lakeland-gold-buyers-diamond-buyers/7018499743.html,,2019-11-12,US,2019-11-21
Gold Buyers Diamond Buyers Rolex Buyers Jewelry Buyers Cash ., Nov 12, &excats=134-40&min_price=5000001, Florida, Lakeland, For Sale-Wanted, Jewelry, https://lakeland.craigslist.org/jwl/d/lakeland-gold-buyers-diamond-buyers/7018499835.html,,2019-11-12,US,2019-11-21
Mercury 2001 250HP (2 stroke), Nov 12, &excats=134-40&min_price=5000001, Florida, Ocala, For Sale-Wanted, Boat Parts, https://ocala.craigslist.org/bpo/d/madden-mercury-hp-2-stroke/7019035986.html,,2019-11-12,US,2019-11-21
????Iphone wanted????cash????????, Nov 12, &excats=134-40&min_price=5000001, Florida, Orlando, For Sale-Wanted, Wanted, https://orlando.craigslist.org/wad/d/dearing-iphone-wantedcash/7018703138.html,Want,2019-11-12,US,2019-11-21
JDM USED HIGH QUALITY JAPANESE ENGINE TRANSMISSIONS MOTORS & PARTS -, Nov 12, &excats=134-40&min_price=5000001, Florida, Orlando, For Sale-Wanted, Auto Parts by Dealer, https://orlando.craigslist.org/ptd/d/buena-park-jdm-used-high-quality/7018671163.html,,2019-11-12,US,2019-11-21
Furniture, Nov 12, &excats=134-40&min_price=5000001, Florida, Panama City, For Sale-Wanted, Furniture, https://panamacity.craigslist.org/fuo/d/panama-city-beach-furniture/7019021059.html,,2019-11-12,US,2019-11-21
Furniture To Go, Nov 12, &excats=134-40&min_price=5000001, Florida, Space Coast, For Sale-Wanted, Furniture, https://spacecoast.craigslist.org/fuo/d/cocoa-furniture-to-go/7019034525.html,,2019-11-12,US,2019-11-21
Holiday Salt and Pepper Shaker, Nov 12, &excats=134-40&min_price=5000001, Florida, Space Coast, For Sale-Wanted, Collectibles, https://spacecoast.craigslist.org/clt/d/palm-bay-holiday-salt-and-pepper-shaker/7000573206.html,,2019-11-12,US,2019-11-21
JDM USED HIGH QUALITY JAPANESE ENGINE TRANSMISSIONS MOTORS & PARTS -, Nov 12, &excats=134-40&min_price=5000001, Texas, Houston, For Sale-Wanted, Auto Parts by Dealer, https://houston.craigslist.org/ptd/d/buena-park-jdm-used-high-quality/7018669854.html,,2019-11-12,US,2019-11-21
Pontoon Boat, Nov 12, &excats=134-40&min_price=5000001, Texas, Wichita Falls, For Sale-Wanted, Boat Parts, https://wichitafalls.craigslist.org/boa/d/vernon-pontoon-boat/7019041020.html,,2019-11-12,US,2019-11-21
BEDSLIDE, Nov 12, &excats=134-40&min_price=5000001, Nevada, Las Vegas, For Sale-Wanted, Tools, https://lasvegas.craigslist.org/tls/d/las-vegas-bedslide/7014265635.html,,2019-11-12,US,2019-11-21
The Smithy Lithograph, Nov 12, &excats=134-40&min_price=5000001, Nevada, Las Vegas, For Sale-Wanted, Antique By Owner, https://lasvegas.craigslist.org/atq/d/las-vegas-the-smithy-lithograph/6999007484.html,,2019-11-12,US,2019-11-21
looking to buy old aluminum christmas trees & color wheel, Nov 12, &excats=134-40&min_price=5000001, Kentucky, Louisville, For Sale-Wanted, Toys And Games, https://louisville.craigslist.org/tag/d/charlestown-looking-to-buy-old-aluminum/7009090852.html,Want,2019-11-12,US,2019-11-21
Great Dane Puppies 12 Weeks, Nov 12, &excats=134-40&min_price=5000001, Kentucky, Louisville, For Sale-Wanted, General, https://louisville.craigslist.org/for/d/sellersburg-great-dane-puppies-12-weeks/7018886496.html,,2019-11-12,US,2019-11-21
WANT TO BUY ROLEX AND OTHER SWISS WATCHES, Nov 12, &excats=134-40&min_price=5000001, Tennessee, Memphis, For Sale-Wanted, Wanted, https://memphis.craigslist.org/wan/d/memphis-want-to-buy-rolex-and-other/7018895737.html,Want,2019-11-12,US,2019-11-21
CASH FOR BRAND NEW AND USED IPHONES, Nov 12, &excats=134-40&min_price=5000001, California, Los Angeles, For Sale-Wanted, Wanted, https://losangeles.craigslist.org/lac/wad/d/los-angeles-cash-for-brand-new-and-used/7018781769.html,,2019-11-12,US,2019-11-21
JDM USED HIGH QUALITY JAPANESE ENGINE TRANSMISSIONS MOTORS & PARTS -, Nov 12, &excats=134-40&min_price=5000001, California, Los Angeles, For Sale-Wanted, Auto Parts by Dealer, https://losangeles.craigslist.org/sgv/ptd/d/buena-park-jdm-used-high-quality/7018667629.html,,2019-11-12,US,2019-11-21
JDM USED HIGH QUALITY JAPANESE ENGINE TRANSMISSIONS MOTORS & PARTS -, Nov 12, &excats=134-40&min_price=5000001, California, Orange County, For Sale-Wanted, Auto Parts by Dealer, https://orangecounty.craigslist.org/ptd/d/buena-park-jdm-used-high-quality/7018668825.html,,2019-11-12,US,2019-11-21
We Buy New & Used Apple Products ??Cash ??, Nov 12, &excats=134-40&min_price=5000001, California, Palm Springs, For Sale-Wanted, Electronic, https://palmsprings.craigslist.org/eld/d/indio-we-buy-new-used-apple-products/7018815231.html,,2019-11-12,US,2019-11-21
We Buy New & Used Apple Products ??Cash ??, Nov 12, &excats=134-40&min_price=5000001, California, Palm Springs, For Sale-Wanted, Wanted, https://palmsprings.craigslist.org/wad/d/el-centro-we-buy-new-used-apple/7018812840.html,,2019-11-12,US,2019-11-21
I Pay Cash for Iphones 7 & Newer and Other Newer Electronics, Nov 12, &excats=134-40&min_price=5000001, Kansas, Wichita, For Sale-Wanted, Wanted, https://wichita.craigslist.org/wan/d/wichita-pay-cash-for-iphones-7-newer/7018737018.html,,2019-11-12,US,2019-11-21
Antiques and collectables, Nov 12, &excats=134-40&min_price=5000001, Virginia, Danville, For Sale-Wanted, Antique By Owner, https://danville.craigslist.org/atq/d/axton-antiques-and-collectables/6998991605.html,,2019-11-12,US,2019-11-21
Wanted Alpine stud service, Nov 12, &excats=134-40&min_price=5000001, Virginia, Lynchburg, For Sale-Wanted, Farm and Garden, https://lynchburg.craigslist.org/grd/d/lynchburg-wanted-alpine-stud-service/7018425392.html,Want,2019-11-12,US,2019-11-21
Leveling kits etc Ford Chevy dodge, Nov 12, &excats=134-40&min_price=5000001, Idaho, Boise, For Sale-Wanted, Auto Parts by Owner, https://boise.craigslist.org/pts/d/boise-leveling-kits-etc-ford-chevy-dodge/7018725468.html,,2019-11-12,US,2019-11-21
??MOONSHINE??OLD MOUNTAIN &FOOTHILL Blend Dont tel D SHERIFF, Nov 12, &excats=134-40&min_price=5000001, Georgia, Atlanta, For Sale-Wanted, Farm and Garden, https://atlanta.craigslist.org/nat/grq/d/marietta-moonshineold-mountain-foothill/7018665368.html,,2019-11-12,US,2019-11-21
Many Items, Nov 12, &excats=134-40&min_price=5000001, Alabama, Mobile, For Sale-Wanted, General, https://mobile.craigslist.org/for/d/semmes-many-items/7018998801.html,,2019-11-12,US,2019-11-21
Jags/Auburn basketball tickets wanted, Nov 12, &excats=134-40&min_price=5000001, Alabama, Mobile, For Sale-Wanted, Wanted, https://mobile.craigslist.org/wan/d/mobile-jags-auburn-basketball-tickets/7016419689.html,Want,2019-11-12,US,2019-11-21
Shipping Container / Cargo Container / Connex Container /, Nov 12, &excats=134-40&min_price=5000001, Washington, Bellingham, For Sale-Wanted, General, https://bellingham.craigslist.org/fod/d/shipping-container-cargo-container/7018669369.html,,2019-11-12,US,2019-11-21
Shipping Container / Cargo Container / Connex Container /, Nov 12, &excats=134-40&min_price=5000001, Washington, Wenatchee, For Sale-Wanted, General, https://wenatchee.craigslist.org/fod/d/shipping-container-cargo-container/7018680490.html,,2019-11-12,US,2019-11-21
Shipping Container / Cargo Container / Connex Container /, Nov 12, &excats=134-40&min_price=5000001, Washington, Yakima, For Sale-Wanted, General, https://yakima.craigslist.org/fod/d/shipping-container-cargo-container/7018682953.html,,2019-11-12,US,2019-11-21
Structural steel, Nov 12, &excats=134-40&min_price=5000001, Michigan, Port Huron, For Sale-Wanted, Materials, https://porthuron.craigslist.org/mat/d/clawson-structural-steel/7018613349.html,,2019-11-12,US,2019-11-21
Portable Cattle Working Equipment, Nov 12, &excats=134-40&min_price=5000001, Nebraska, Grand Island, For Sale-Wanted, Farm and Garden, https://grandisland.craigslist.org/grd/d/bloomfield-portable-cattle-working/7018791564.html,,2019-11-12,US,2019-11-21
Cows/calves and heifers, Nov 12, &excats=134-40&min_price=5000001, Nebraska, Grand Island, For Sale-Wanted, Farm and Garden, https://grandisland.craigslist.org/grd/d/geneva-cows-calves-and-heifers/7018460941.html,,2019-11-12,US,2019-11-21
Livestock, Nov 12, &excats=134-40&min_price=5000001, Nebraska, North Platte, For Sale-Wanted, Farm and Garden, https://northplatte.craigslist.org/grd/d/geneva-livestock/7019028506.html,,2019-11-12,US,2019-11-21
Wanted vintage old toys GI Joe Star Wars redline Hot Wheels Wheel toys, Nov 11, &excats=134-40&min_price=5000001, Arizona, Phoenix, For Sale-Wanted, Toys And Games, https://phoenix.craigslist.org/cph/tad/d/phoenix-wanted-vintage-old-toys-gi-joe/7018150381.html,Want,2019-11-11,US,2019-11-21
WANTED old military war helmets German Japanese WWI WWII WW2 helmet gi, Nov 11, &excats=134-40&min_price=5000001, Arizona, Phoenix, For Sale-Wanted, Sporting Goods, https://phoenix.craigslist.org/evl/sgd/d/paradise-valley-wanted-old-military-war/7018148431.html,Want,2019-11-11,US,2019-11-21
buying military bayonets helmets knives ww2 wwii nazi Japanese swords, Nov 11, &excats=134-40&min_price=5000001, Arizona, Phoenix, For Sale-Wanted, Furniture, https://phoenix.craigslist.org/evl/fud/d/paradise-valley-buying-military/7018144878.html,,2019-11-11,US,2019-11-21
buying military bayonets helmets knives ww2 wwii nazi Japanese swords, Nov 11, &excats=134-40&min_price=5000001, Arizona, Phoenix, For Sale-Wanted, Tools, https://phoenix.craigslist.org/evl/tld/d/paradise-valley-buying-military/7018141813.html,,2019-11-11,US,2019-11-21
buying military bayonets helmets knives WW2 WWII nazi Japanese swords, Nov 11, &excats=134-40&min_price=5000001, Arizona, Phoenix, For Sale-Wanted, Wanted, https://phoenix.craigslist.org/evl/wad/d/paradise-valley-buying-military/7018136168.html,,2019-11-11,US,2019-11-21
buying military bayonets helmets knives ww2 wwii nazi Japanese swords, Nov 11, &excats=134-40&min_price=5000001, Arizona, Tucson, For Sale-Wanted, Wanted, https://tucson.craigslist.org/wad/d/paradise-valley-buying-military/7018138751.html,,2019-11-11,US,2019-11-21
Multiple faucets for sale, Nov 11, &excats=134-40&min_price=5000001, Arizona, Tucson, For Sale-Wanted, General, https://tucson.craigslist.org/for/d/tucson-multiple-faucets-for-sale/7012854511.html,,2019-11-11,US,2019-11-21
Stoplight, Nov 11, &excats=134-40&min_price=5000001, Wisconsin, Green Bay, For Sale-Wanted, General, https://greenbay.craigslist.org/for/d/green-bay-stoplight/7018162908.html,,2019-11-11,US,2019-11-21
1965-68 La Crosse Octoberfest Official Programs, Nov 11, &excats=134-40&min_price=5000001, Wisconsin, La Crosse, For Sale-Wanted, Collectibles, https://lacrosse.craigslist.org/clt/d/holmen-la-crosse-octoberfest-official/7018373235.html,,2019-11-11,US,2019-11-21
2016 Chevrolet Silverado 1500 4WD Crew Cab 143.5&quot; LTZ w/1LZ, Nov 11, &excats=134-40&min_price=5000001, Colorado, Boulder, For Sale-Wanted, Cars And by Dealer, https://boulder.craigslist.org/ctd/d/denver-2016-chevrolet-silverado-wd-crew/7018333043.html,,2019-11-11,US,2019-11-21
2014 Chevrolet Silverado 1500 4WD Crew Cab 143.5&quot; High Country, Nov 11, &excats=134-40&min_price=5000001, Colorado, Boulder, For Sale-Wanted, Cars And by Dealer, https://boulder.craigslist.org/ctd/d/denver-2014-chevrolet-silverado-wd-crew/7018332811.html,,2019-11-11,US,2019-11-21
2014 Chevrolet Silverado 1500 4WD Crew Cab 143.5&quot; LTZ w/1LZ, Nov 11, &excats=134-40&min_price=5000001, Colorado, Boulder, For Sale-Wanted, Cars And by Dealer, https://boulder.craigslist.org/ctd/d/denver-2014-chevrolet-silverado-wd-crew/7018332643.html,,2019-11-11,US,2019-11-21
2017 Ram 1500 Night 4x2 Regular Cab 6&#39;4&quot; Box, Nov 11, &excats=134-40&min_price=5000001, Colorado, Boulder, For Sale-Wanted, Cars And by Dealer, https://boulder.craigslist.org/ctd/d/denver-2017-ram-1500-night-4x2-regular/7018332465.html,,2019-11-11,US,2019-11-21
2015 Ram 1500 4WD Crew Cab 140.5&quot; Laramie, Nov 11, &excats=134-40&min_price=5000001, Colorado, Boulder, For Sale-Wanted, Cars And by Dealer, https://boulder.craigslist.org/ctd/d/denver-2015-ram-wd-crew-cab-1405-laramie/7018332234.html,,2019-11-11,US,2019-11-21
2014 Ram 1500 4WD Quad Cab 140.5&quot; Lone Star, Nov 11, &excats=134-40&min_price=5000001, Colorado, Boulder, For Sale-Wanted, Cars And by Dealer, https://boulder.craigslist.org/ctd/d/denver-2014-ram-wd-quad-cab-1405-lone/7018332036.html,,2019-11-11,US,2019-11-21
2013 Ram 1500 4WD Quad Cab 140.5&quot; Laramie, Nov 11, &excats=134-40&min_price=5000001, Colorado, Boulder, For Sale-Wanted, Cars And by Dealer, https://boulder.craigslist.org/ctd/d/denver-2013-ram-wd-quad-cab-1405-laramie/7018331849.html,,2019-11-11,US,2019-11-21
2016 Ford F-150 4WD SuperCrew 145&quot; Lariat, Nov 11, &excats=134-40&min_price=5000001, Colorado, Boulder, For Sale-Wanted, Cars And by Dealer, https://boulder.craigslist.org/ctd/d/denver-2016-ford-150-4wd-supercrew-145/7018331643.html,,2019-11-11,US,2019-11-21
2016 Ford F-150 4WD SuperCrew 145&quot; Lariat, Nov 11, &excats=134-40&min_price=5000001, Colorado, Boulder, For Sale-Wanted, Cars And by Dealer, https://boulder.craigslist.org/ctd/d/denver-2016-ford-150-4wd-supercrew-145/7018331436.html,,2019-11-11,US,2019-11-21
2015 Ram 1500 4WD Quad Cab 140.5&quot; Sport, Nov 11, &excats=134-40&min_price=5000001, Colorado, Boulder, For Sale-Wanted, Cars And by Dealer, https://boulder.craigslist.org/ctd/d/denver-2015-ram-wd-quad-cab-1405-sport/7018331246.html,,2019-11-11,US,2019-11-21
2017 Ram 1500 Night 4x4 Crew Cab 5&#39;7&quot; Box, Nov 11, &excats=134-40&min_price=5000001, Colorado, Boulder, For Sale-Wanted, Cars And by Dealer, https://boulder.craigslist.org/ctd/d/denver-2017-ram-1500-night-4x4-crew-cab/7018331039.html,,2019-11-11,US,2019-11-21
2006 Toyota Tacoma Access 128&quot; V6 Auto 4WD, Nov 11, &excats=134-40&min_price=5000001, Colorado, Boulder, For Sale-Wanted, Cars And by Dealer, https://boulder.craigslist.org/ctd/d/denver-2006-toyota-tacoma-access-128-v6/7018330855.html,,2019-11-11,US,2019-11-21
2011 Chevrolet Silverado 2500HD 2WD Crew Cab 167.7&quot; Work Truck, Nov 11, &excats=134-40&min_price=5000001, Colorado, Boulder, For Sale-Wanted, Cars And by Dealer, https://boulder.craigslist.org/ctd/d/denver-2011-chevrolet-silverado-2500hd/7018330634.html,,2019-11-11,US,2019-11-21
2011 Ram Dakota 4WD Ext Cab Bighorn/Lonestar, Nov 11, &excats=134-40&min_price=5000001, Colorado, Boulder, For Sale-Wanted, Cars And by Dealer, https://boulder.craigslist.org/ctd/d/denver-2011-ram-dakota-4wd-ext-cab/7018330432.html,,2019-11-11,US,2019-11-21
Wanted Suzuki GT750, Nov 11, &excats=134-40&min_price=5000001, Colorado, Denver, For Sale-Wanted, Wanted, https://denver.craigslist.org/wan/d/littleton-wanted-suzuki-gt750/7018332906.html,Want,2019-11-11,US,2019-11-21
IPHONES/SAMSUNG PHONES/WATCHES/MACBOOK PROS WANTED!!!, Nov 11, &excats=134-40&min_price=5000001, Colorado, Denver, For Sale-Wanted, Cell Phones, https://denver.craigslist.org/mob/d/aurora-iphones-samsung-phones-watches/7017937949.html,Want,2019-11-11,US,2019-11-21
2016 Chevrolet Silverado 1500 4WD Crew Cab 143.5&quot; LTZ w/1LZ, Nov 11, &excats=134-40&min_price=5000001, Colorado, Denver, For Sale-Wanted, Cars And by Dealer, https://cosprings.craigslist.org/ctd/d/denver-2016-chevrolet-silverado-wd-crew/7018339951.html,,2019-11-11,US,2019-11-21
PROJECT CAR WANTED!!!, Nov 11, &excats=134-40&min_price=5000001, Illinois, Peoria, For Sale-Wanted, Wanted, https://peoria.craigslist.org/wan/d/peoria-project-car-wanted/7018228849.html,Want,2019-11-11,US,2019-11-21
1990-2005 Miata oem and performance parts, Nov 11, &excats=134-40&min_price=5000001, North Carolina, Charlotte, For Sale-Wanted, Auto Parts by Owner, https://charlotte.craigslist.org/pts/d/dearing-miata-oem-and-performance-parts/6999400418.html,,2019-11-11,US,2019-11-21
Kitchen items(negotiable), Nov 11, &excats=134-40&min_price=5000001, North Carolina, Charlotte, For Sale-Wanted, Household, https://charlotte.craigslist.org/hsh/d/charlotte-kitchen-itemsnegotiable/7018003017.html,,2019-11-11,US,2019-11-21
Busch beer hanging light, Nov 11, &excats=134-40&min_price=5000001, Ohio, Cincinnati, For Sale-Wanted, General, https://cincinnati.craigslist.org/for/d/cincinnati-busch-beer-hanging-light/7003437208.html,,2019-11-11,US,2019-11-21
4 sabres most games, Nov 11, &excats=134-40&min_price=5000001, New York, Buffalo, For Sale-Wanted, Antique By Owner, https://buffalo.craigslist.org/atq/d/buffalo-4-sabres-most-games/7000408745.html,,2019-11-11,US,2019-11-21
Hydroponic grow equipment. Fans CFL lights reflectors  inline fans led light, Nov 11, &excats=134-40&min_price=5000001, New York, Buffalo, For Sale-Wanted, Farm and Garden, https://buffalo.craigslist.org/grd/d/lockport-hydroponic-grow-equipment-fans/7016512454.html,,2019-11-11,US,2019-11-21
Hydroponic grow equipment. Fans CFL lights reflectors  inline fans led light, Nov 11, &excats=134-40&min_price=5000001, New York, Buffalo, For Sale-Wanted, Farm and Garden, https://buffalo.craigslist.org/grd/d/lockport-hydroponic-grow-equipment-fans/7016512525.html,,2019-11-11,US,2019-11-21
UPDATE! Parts & Project Cars & Trucks 1920&#39;s-80&#39;s 100&#39;s of Cars, Nov 11, &excats=134-40&min_price=5000001, New York, Oneonta, For Sale-Wanted, Auto Parts by Dealer, https://oneonta.craigslist.org/ptd/d/great-bend-update-parts-project-cars/7018335004.html,,2019-11-11,US,2019-11-21
15   800-900 pound Holstein steers, Nov 11, &excats=134-40&min_price=5000001, Iowa, Des Moines, For Sale-Wanted, Farm and Garden, https://desmoines.craigslist.org/grd/d/strawberry-point-pound-holstein-steers/7018360636.html,,2019-11-11,US,2019-11-21
11 Gleaner grain tables 2003 - 2015 various models, Nov 11, &excats=134-40&min_price=5000001, Iowa, Des Moines, For Sale-Wanted, Farm and Garden, https://desmoines.craigslist.org/grq/d/arthur-11-gleaner-grain-tables-various/7018114944.html,,2019-11-11,US,2019-11-21
20 older Gleaner grain tables various models, Nov 11, &excats=134-40&min_price=5000001, Iowa, Des Moines, For Sale-Wanted, Farm and Garden, https://desmoines.craigslist.org/grq/d/arthur-20-older-gleaner-grain-tables/7018111578.html,,2019-11-11,US,2019-11-21
26 older Massey Ferguson grain tables various models, Nov 11, &excats=134-40&min_price=5000001, Iowa, Des Moines, For Sale-Wanted, Farm and Garden, https://desmoines.craigslist.org/grq/d/arthur-26-older-massey-ferguson-grain/7018107968.html,,2019-11-11,US,2019-11-21
19 Massey Ferguson 3000-6 8 12 cornheads, Nov 11, &excats=134-40&min_price=5000001, Iowa, Des Moines, For Sale-Wanted, Farm and Garden, https://desmoines.craigslist.org/grq/d/arthur-19-massey-ferguson-cornheads/7018094899.html,,2019-11-11,US,2019-11-21
15 Gleaner 3000-6 & 3000-8 / 2003 - 2014 cornheads, Nov 11, &excats=134-40&min_price=5000001, Iowa, Des Moines, For Sale-Wanted, Farm and Garden, https://desmoines.craigslist.org/grq/d/arthur-15-gleaner-cornheads/7018094039.html,,2019-11-11,US,2019-11-21
35 older Massey Ferguson corn heads various models, Nov 11, &excats=134-40&min_price=5000001, Iowa, Des Moines, For Sale-Wanted, Farm and Garden, https://desmoines.craigslist.org/grq/d/arthur-35-older-massey-ferguson-corn/7018082904.html,,2019-11-11,US,2019-11-21
23 older Gleaner cornheads various models, Nov 11, &excats=134-40&min_price=5000001, Iowa, Des Moines, For Sale-Wanted, Farm and Garden, https://desmoines.craigslist.org/grq/d/arthur-23-older-gleaner-cornheads/7018081965.html,,2019-11-11,US,2019-11-21
03-05 Dodge Ram 1500 PARTS, Nov 11, &excats=134-40&min_price=5000001, Iowa, Des Moines, For Sale-Wanted, Auto Parts by Owner, https://desmoines.craigslist.org/pts/d/conesville-dodge-ram-1500-parts/7004881077.html,,2019-11-11,US,2019-11-21
Women&#39;s Coats/Men&#39;s Levi Vest, Nov 11, &excats=134-40&min_price=5000001, Iowa, Des Moines, For Sale-Wanted, Clothes, https://desmoines.craigslist.org/clo/d/des-moines-womens-coats-mens-levi-vest/7010157242.html,,2019-11-11,US,2019-11-21
Women&#39;s Dress Clothes, Nov 11, &excats=134-40&min_price=5000001, Iowa, Des Moines, For Sale-Wanted, Clothes, https://desmoines.craigslist.org/clo/d/des-moines-womens-dress-clothes/7010165684.html,,2019-11-11,US,2019-11-21
Bike parts, Nov 11, &excats=134-40&min_price=5000001, Pennsylvania, Philadelphia, For Sale-Wanted, Bike Parts, https://philadelphia.craigslist.org/bop/d/brookhaven-bike-parts/7018153717.html,,2019-11-11,US,2019-11-21
DISNEY PIXAR CARS LOT, Nov 11, &excats=134-40&min_price=5000001, Pennsylvania, Pittsburgh, For Sale-Wanted, Baby Kids by Owner, https://pittsburgh.craigslist.org/bab/d/irwin-disney-pixar-cars-lot/7017999360.html,,2019-11-11,US,2019-11-21
Buying All Vintage Baseball/Football/Basketball Cards! Cash Today!!, Nov 11, &excats=134-40&min_price=5000001, Pennsylvania, Pittsburgh, For Sale-Wanted, Collectibles, https://pittsburgh.craigslist.org/clt/d/buying-all-vintage-baseball-football/6997921329.html,,2019-11-11,US,2019-11-21
SCUBA / UW Scooters...Valves..Regs..MORE..TRADES, Nov 11, &excats=134-40&min_price=5000001, Maine, Maine, For Sale-Wanted, Sporting Goods, https://maine.craigslist.org/spo/d/boothbay-harbor-scuba-uw/7001529213.html,,2019-11-11,US,2019-11-21
BRAND NEW MATTRESS&#39;S BOX SPRINGS BED RAILS, Nov 11, &excats=134-40&min_price=5000001, Missouri, Joplin, For Sale-Wanted, Household, https://joplin.craigslist.org/hsh/d/carthage-brand-new-mattresss-box/7017894434.html,,2019-11-11,US,2019-11-21
18 Massey Ferguson grain tables various models 2003-2009, Nov 11, &excats=134-40&min_price=5000001, Missouri, Kansas City, For Sale-Wanted, Farm and Garden, https://kansascity.craigslist.org/grq/d/arthur-18-massey-ferguson-grain-tables/7018081089.html,,2019-11-11,US,2019-11-21
*so much more than tools! Take a look and see!*, Nov 11, &excats=134-40&min_price=5000001, Missouri, Springfield, For Sale-Wanted, Tools, https://springfield.craigslist.org/tls/d/springfield-so-much-more-than-tools/7013578416.html,,2019-11-11,US,2019-11-21
1970s Lot Of 8 Jim Beam  Wild Turkey Decanters, Nov 11, &excats=134-40&min_price=5000001, Missouri, Springfield, For Sale-Wanted, Collectibles, https://springfield.craigslist.org/clt/d/bolivar-1970s-lot-of-8-jim-beam-wild/7006477073.html,,2019-11-11,US,2019-11-21
Pokemon  Digimon games and figures Lego minifigures also, Nov 11, &excats=134-40&min_price=5000001, Missouri, Springfield, For Sale-Wanted, Toys And Games, https://springfield.craigslist.org/tag/d/springfield-pokemon-digimon-games-and/7006197366.html,,2019-11-11,US,2019-11-21
Just in over 400 game boy advance games to see, Nov 11, &excats=134-40&min_price=5000001, Missouri, Springfield, For Sale-Wanted, Video Gaming, https://springfield.craigslist.org/vgm/d/springfield-just-in-over-400-game-boy/7006170902.html,,2019-11-11,US,2019-11-21
antique  primitivesignsmore, Nov 11, &excats=134-40&min_price=5000001, Missouri, St Louis, For Sale-Wanted, Antique By Owner, https://stlouis.craigslist.org/atq/d/macon-antique-primitivesignsmore/6997957505.html,,2019-11-11,US,2019-11-21
ISO3 POINTSPRAY BLASTERFOR BRUSH (FAN TYPE), Nov 11, &excats=134-40&min_price=5000001, Oklahoma, Oklahoma City, For Sale-Wanted, Farm and Garden, https://oklahomacity.craigslist.org/grd/d/iso3-pointspray-blasterfor-brush-fan/7018273886.html,,2019-11-11,US,2019-11-21
Tcl roku smart TV 32inch, Nov 11, &excats=134-40&min_price=5000001, Indiana, Bloomington, For Sale-Wanted, Electronics, https://bloomington.craigslist.org/ele/d/bedford-tcl-roku-smart-tv-32inch/7017728167.html,,2019-11-11,US,2019-11-21
Games Puzzles Etc, Nov 11, &excats=134-40&min_price=5000001, Indiana, Indianapolis, For Sale-Wanted, Toys And Games, https://indianapolis.craigslist.org/tag/d/indianapolis-games-puzzles-etc/7008263853.html,,2019-11-11,US,2019-11-21
2005 Glastron Power Boat, Nov 11, &excats=134-40&min_price=5000001, Florida, Jacksonville, For Sale-Wanted, Boat Parts, https://jacksonville.craigslist.org/boa/d/fernandina-beach-2005-glastron-power/7018334928.html,,2019-11-11,US,2019-11-21
Gold Buyers Diamond Buyers Rolex Buyers Jewelry Buyers Cash ., Nov 11, &excats=134-40&min_price=5000001, Florida, Lakeland, For Sale-Wanted, Jewelry, https://lakeland.craigslist.org/jwl/d/lakeland-gold-buyers-diamond-buyers/7017799565.html,,2019-11-11,US,2019-11-21
PARTING 02 CAMARO SS, Nov 11, &excats=134-40&min_price=5000001, Florida, Lakeland, For Sale-Wanted, Auto Parts by Owner, https://lakeland.craigslist.org/pts/d/tarpon-springs-parting-02-camaro-ss/6999254632.html,,2019-11-11,US,2019-11-21
2018 slingshot polaris ls, Nov 11, &excats=134-40&min_price=5000001, Florida, Orlando, For Sale-Wanted, Motorcycle Parts, https://orlando.craigslist.org/mpo/d/kissimmee-2018-slingshot-polaris-ls/7012630553.html,,2019-11-11,US,2019-11-21
????Iphone wanted????cash????????, Nov 11, &excats=134-40&min_price=5000001, Florida, Orlando, For Sale-Wanted, Wanted, https://orlando.craigslist.org/wad/d/dearing-iphone-wantedcash/7017775738.html,Want,2019-11-11,US,2019-11-21
$$ WE BUY ALL IPHONE 11 11 PRO MAX BRAND NEW --WILL PAY TOP CASH $$$, Nov 11, &excats=134-40&min_price=5000001, Texas, Austin, For Sale-Wanted, Wanted, https://austin.craigslist.org/wad/d/austin-we-buy-all-iphone-pro-max-brand/7017982592.html,,2019-11-11,US,2019-11-21
$$ WE BUY ALL IPHONE 11 11 PRO MAX BRAND NEW --WILL PAY TOP CASH $$$, Nov 11, &excats=134-40&min_price=5000001, Texas, Austin, For Sale-Wanted, Wanted, https://austin.craigslist.org/wad/d/austin-we-buy-all-iphone-pro-max-brand/7017787367.html,,2019-11-11,US,2019-11-21
Dorper Twins, Nov 11, &excats=134-40&min_price=5000001, Texas, Brownsville, For Sale-Wanted, Farm and Garden, https://brownsville.craigslist.org/grd/d/weslaco-dorper-twins/7018214688.html,,2019-11-11,US,2019-11-21
carpas mesas sillas jumping ballons party rentals, Nov 11, &excats=134-40&min_price=5000001, Texas, El Paso, For Sale-Wanted, General, https://elpaso.craigslist.org/for/d/el-paso-carpas-mesas-sillas-jumping/7018235309.html,,2019-11-11,US,2019-11-21
carpas mesas sillas jumping ballons party rentals, Nov 11, &excats=134-40&min_price=5000001, Texas, El Paso, For Sale-Wanted, General, https://elpaso.craigslist.org/for/d/el-paso-carpas-mesas-sillas-jumping/6999666702.html,,2019-11-11,US,2019-11-21
2002 /- Silverado 2500 - 3500, Nov 11, &excats=134-40&min_price=5000001, Texas, Houston, For Sale-Wanted, Wanted, https://houston.craigslist.org/wan/d/dickinson-silverado/7018350170.html,,2019-11-11,US,2019-11-21
historic local porcelain sign, Nov 11, &excats=134-40&min_price=5000001, Texas, Houston, For Sale-Wanted, Antique By Owner, https://houston.craigslist.org/atq/d/irving-historic-local-porcelain-sign/7000684019.html,,2019-11-11,US,2019-11-21
Roofing and remodeling, Nov 11, &excats=134-40&min_price=5000001, Texas, Lubbock, For Sale-Wanted, General, https://lubbock.craigslist.org/for/d/lubbock-roofing-and-remodeling/7000455714.html,,2019-11-11,US,2019-11-21
Paying Cash for Magic the Gathering and Pokemon Cards, Nov 11, &excats=134-40&min_price=5000001, Massachusetts, Boston, For Sale-Wanted, Wanted, https://boston.craigslist.org/sob/wad/d/paying-cash-for-magic-the-gathering-and/7018318545.html,,2019-11-11,US,2019-11-21
Blantons  bourbon, Nov 11, &excats=134-40&min_price=5000001, Kentucky, Lexington, For Sale-Wanted, Collectibles, https://lexington.craigslist.org/clt/d/lexington-blantons-bourbon/7017881093.html,,2019-11-11,US,2019-11-21
Sports Cards, Nov 11, &excats=134-40&min_price=5000001, California, Gold Country, For Sale-Wanted, Collectibles, https://goldcountry.craigslist.org/clt/d/standard-sports-cards/7017893190.html,,2019-11-11,US,2019-11-21
We pay top dollar for Motorhome Fifth Wheel Travel Trailer, Nov 11, &excats=134-40&min_price=5000001, California, Sacramento, For Sale-Wanted, NA, https://sacramento.craigslist.org/trb/d/rio-linda-we-pay-top-dollar-for/7018176025.html,,2019-11-11,US,2019-11-21
LOW PRICE AUTO BOY REPAIRS, Nov 11, &excats=134-40&min_price=5000001, California, Sacramento, For Sale-Wanted, Wanted, https://sacramento.craigslist.org/wad/d/sacramento-low-price-auto-boy-repairs/7018172744.html,,2019-11-11,US,2019-11-21
1974  Pontiac  GTO  Barn Find, Nov 11, &excats=134-40&min_price=5000001, California, Stockton, For Sale-Wanted, Cars And Trucks, https://sfbay.craigslist.org/eby/cto/d/stockton-1974-pontiac-gto-barn-find/7018360746.html,Want,2019-11-11,US,2019-11-21
2016 Chevrolet Silverado 1500 4WD Crew Cab 143.5&quot; LTZ w/1LZ, Nov 11, &excats=134-40&min_price=5000001, Wyoming, Wyoming, For Sale-Wanted, Cars And by Dealer, https://wyoming.craigslist.org/ctd/d/denver-2016-chevrolet-silverado-wd-crew/7018318067.html,,2019-11-11,US,2019-11-21
2014 Chevrolet Silverado 1500 4WD Crew Cab 143.5&quot; High Country, Nov 11, &excats=134-40&min_price=5000001, Wyoming, Wyoming, For Sale-Wanted, Cars And by Dealer, https://wyoming.craigslist.org/ctd/d/denver-2014-chevrolet-silverado-wd-crew/7018317940.html,,2019-11-11,US,2019-11-21
2014 Chevrolet Silverado 1500 4WD Crew Cab 143.5&quot; LTZ w/1LZ, Nov 11, &excats=134-40&min_price=5000001, Wyoming, Wyoming, For Sale-Wanted, Cars And by Dealer, https://wyoming.craigslist.org/ctd/d/denver-2014-chevrolet-silverado-wd-crew/7018317834.html,,2019-11-11,US,2019-11-21
2017 Ram 1500 Night 4x2 Regular Cab 6&#39;4&quot; Box, Nov 11, &excats=134-40&min_price=5000001, Wyoming, Wyoming, For Sale-Wanted, Cars And by Dealer, https://wyoming.craigslist.org/ctd/d/denver-2017-ram-1500-night-4x2-regular/7018317711.html,,2019-11-11,US,2019-11-21
2015 Ram 1500 4WD Crew Cab 140.5&quot; Laramie, Nov 11, &excats=134-40&min_price=5000001, Wyoming, Wyoming, For Sale-Wanted, Cars And by Dealer, https://wyoming.craigslist.org/ctd/d/denver-2015-ram-wd-crew-cab-1405-laramie/7018317548.html,,2019-11-11,US,2019-11-21
2014 Ram 1500 4WD Quad Cab 140.5&quot; Lone Star, Nov 11, &excats=134-40&min_price=5000001, Wyoming, Wyoming, For Sale-Wanted, Cars And by Dealer, https://wyoming.craigslist.org/ctd/d/denver-2014-ram-wd-quad-cab-1405-lone/7018317419.html,,2019-11-11,US,2019-11-21
2013 Ram 1500 4WD Quad Cab 140.5&quot; Laramie, Nov 11, &excats=134-40&min_price=5000001, Wyoming, Wyoming, For Sale-Wanted, Cars And by Dealer, https://wyoming.craigslist.org/ctd/d/denver-2013-ram-wd-quad-cab-1405-laramie/7018317286.html,,2019-11-11,US,2019-11-21
2016 Ford F-150 4WD SuperCrew 145&quot; Lariat, Nov 11, &excats=134-40&min_price=5000001, Wyoming, Wyoming, For Sale-Wanted, Cars And by Dealer, https://wyoming.craigslist.org/ctd/d/denver-2016-ford-150-4wd-supercrew-145/7018317140.html,,2019-11-11,US,2019-11-21
2016 Ford F-150 4WD SuperCrew 145&quot; Lariat, Nov 11, &excats=134-40&min_price=5000001, Wyoming, Wyoming, For Sale-Wanted, Cars And by Dealer, https://wyoming.craigslist.org/ctd/d/denver-2016-ford-150-4wd-supercrew-145/7018317006.html,,2019-11-11,US,2019-11-21
2015 Ram 1500 4WD Quad Cab 140.5&quot; Sport, Nov 11, &excats=134-40&min_price=5000001, Wyoming, Wyoming, For Sale-Wanted, Cars And by Dealer, https://wyoming.craigslist.org/ctd/d/denver-2015-ram-wd-quad-cab-1405-sport/7018316844.html,,2019-11-11,US,2019-11-21
2017 Ram 1500 Night 4x4 Crew Cab 5&#39;7&quot; Box, Nov 11, &excats=134-40&min_price=5000001, Wyoming, Wyoming, For Sale-Wanted, Cars And by Dealer, https://wyoming.craigslist.org/ctd/d/denver-2017-ram-1500-night-4x4-crew-cab/7018316729.html,,2019-11-11,US,2019-11-21
2006 Toyota Tacoma Access 128&quot; V6 Auto 4WD, Nov 11, &excats=134-40&min_price=5000001, Wyoming, Wyoming, For Sale-Wanted, Cars And by Dealer, https://wyoming.craigslist.org/ctd/d/denver-2006-toyota-tacoma-access-128-v6/7018316594.html,,2019-11-11,US,2019-11-21
2011 Chevrolet Silverado 2500HD 2WD Crew Cab 167.7&quot; Work Truck, Nov 11, &excats=134-40&min_price=5000001, Wyoming, Wyoming, For Sale-Wanted, Cars And by Dealer, https://wyoming.craigslist.org/ctd/d/denver-2011-chevrolet-silverado-2500hd/7018316459.html,,2019-11-11,US,2019-11-21
2011 Ram Dakota 4WD Ext Cab Bighorn/Lonestar, Nov 11, &excats=134-40&min_price=5000001, Wyoming, Wyoming, For Sale-Wanted, Cars And by Dealer, https://wyoming.craigslist.org/ctd/d/denver-2011-ram-dakota-4wd-ext-cab/7018316333.html,,2019-11-11,US,2019-11-21
Military gear, Nov 11, &excats=134-40&min_price=5000001, Virginia, Richmond, For Sale-Wanted, Sporting Goods, https://richmond.craigslist.org/spo/d/fort-lee-military-gear/7018322969.html,,2019-11-11,US,2019-11-21
Wanted: Chainsaws Garden Tractors snowmobiles and Engines, Nov 11, &excats=134-40&min_price=5000001, Idaho, Twin Falls, For Sale-Wanted, Wanted, https://twinfalls.craigslist.org/wan/d/twin-falls-wanted-chainsaws-garden/6999798860.html,Want,2019-11-11,US,2019-11-21
(JOHN DEERE) END OF YEAR COMPACT CONSTRUCTION SALE, Nov 11, &excats=134-40&min_price=5000001, Georgia, Atlanta, For Sale-Wanted, Farm and Garden, https://atlanta.craigslist.org/nat/grq/d/dacula-john-deere-end-of-year-compact/7017848735.html,,2019-11-11,US,2019-11-21
??Trees Cut ?TREE REMOVAL TRIMMING TREE SERVICE TREE PRUNING TREE, Nov 11, &excats=134-40&min_price=5000001, Georgia, Atlanta, For Sale-Wanted, Farm and Garden, https://atlanta.craigslist.org/nat/grq/d/marietta-trees-cut-tree-removal/7017758394.html,,2019-11-11,US,2019-11-21
FORD DUALLY ALUMINUM WHEELS WANTED, Nov 11, &excats=134-40&min_price=5000001, New Mexico, Albuquerque, For Sale-Wanted, Wanted, https://albuquerque.craigslist.org/wan/d/albuquerque-ford-dually-aluminum-wheels/7005334407.html,Want,2019-11-11,US,2019-11-21
AERON CHAIRS WANTED ii Buy Aeron Chairs Herman Miller, Nov 11, &excats=134-40&min_price=5000001, District of Columbia, Washington, For Sale-Wanted, Furniture, https://washingtondc.craigslist.org/nva/fud/d/olney-aeron-chairs-wanted-ii-buy-aeron/7017883254.html,Want,2019-11-11,US,2019-11-21
Barn Wood, Nov 11, &excats=134-40&min_price=5000001, Michigan, Lansing, For Sale-Wanted, Wanted, https://lansing.craigslist.org/wan/d/dewitt-barn-wood/7018288821.html,,2019-11-11,US,2019-11-21
Trade, Nov 10, &excats=134-40&min_price=5000001, Arizona, Prescott, For Sale-Wanted, Sporting Goods, https://prescott.craigslist.org/spo/d/prescott-trade/7007066473.html,,2019-11-10,US,2019-11-21
Tools and other items, Nov 10, &excats=134-40&min_price=5000001, Wisconsin, Milwaukee, For Sale-Wanted, Tools, https://milwaukee.craigslist.org/tls/d/milwaukee-tools-and-other-items/7017177965.html,,2019-11-10,US,2019-11-21
Found a bow in the Bowler area, Nov 10, &excats=134-40&min_price=5000001, Wisconsin, Wausau, For Sale-Wanted, Sporting Goods, https://wausau.craigslist.org/spo/d/bowler-found-bow-in-the-bowler-area/7017598506.html,,2019-11-10,US,2019-11-21
2014 Ford Expedition EL 4WD 4dr Limited, Nov 10, &excats=134-40&min_price=5000001, Colorado, Denver, For Sale-Wanted, Cars And by Dealer, https://denver.craigslist.org/ctd/d/denver-2014-ford-expedition-el-4wd-4dr/7017595307.html,,2019-11-10,US,2019-11-21
2014 Nissan Maxima 4dr Sdn 3.5 SV Premium, Nov 10, &excats=134-40&min_price=5000001, Colorado, Denver, For Sale-Wanted, Cars And by Dealer, https://denver.craigslist.org/ctd/d/denver-2014-nissan-maxima-4dr-sdn-35-sv/7017439015.html,,2019-11-10,US,2019-11-21
2008 HUMMER H2 4WD 4dr SUV, Nov 10, &excats=134-40&min_price=5000001, Colorado, Denver, For Sale-Wanted, Cars And by Dealer, https://denver.craigslist.org/ctd/d/denver-2008-hummer-h2-4wd-4dr-suv/7017409311.html,,2019-11-10,US,2019-11-21
2011 Lincoln MKX FWD 4dr, Nov 10, &excats=134-40&min_price=5000001, Colorado, Denver, For Sale-Wanted, Cars And by Dealer, https://denver.craigslist.org/ctd/d/denver-2011-lincoln-mkx-fwd-4dr/7017379236.html,,2019-11-10,US,2019-11-21
2011 Ram 1500 4WD Reg Cab 140.5&quot; ST, Nov 10, &excats=134-40&min_price=5000001, Colorado, Denver, For Sale-Wanted, Cars And by Dealer, https://denver.craigslist.org/ctd/d/denver-2011-ram-wd-reg-cab-1405-st/7017350300.html,,2019-11-10,US,2019-11-21
2012 Ford F-150 4WD SuperCrew 145 XL, Nov 10, &excats=134-40&min_price=5000001, Colorado, Denver, For Sale-Wanted, Cars And by Dealer, https://denver.craigslist.org/ctd/d/denver-2012-ford-150-4wd-supercrew-145/7017350132.html,,2019-11-10,US,2019-11-21
Sir T&#39;s Trailorium LLC., Nov 10, &excats=134-40&min_price=5000001, Colorado, Denver, For Sale-Wanted, General, https://denver.craigslist.org/for/d/colorado-springs-sir-ts-trailorium-llc/7017201376.html,,2019-11-10,US,2019-11-21
Zion Prizm rare red/black snakeskin auto, Nov 10, &excats=134-40&min_price=5000001, Louisiana, New Orleans, For Sale-Wanted, Collectibles, https://neworleans.craigslist.org/clt/d/milwaukee-zion-prizm-rare-red-black/7017560625.html,,2019-11-10,US,2019-11-21
Cinder blocks, Nov 10, &excats=134-40&min_price=5000001, North Carolina, Boone, For Sale-Wanted, Materials, https://boone.craigslist.org/mat/d/jefferson-cinder-blocks/7017700033.html,,2019-11-10,US,2019-11-21
BUYING VIDEO GAMES AND CONSOLES $$$ FOR CHRISTMAS, Nov 10, &excats=134-40&min_price=5000001, Ohio, Columbus, For Sale-Wanted, Video Gaming, https://columbus.craigslist.org/vgm/d/hilliard-buying-video-games-and/7017317454.html,,2019-11-10,US,2019-11-21
BUYING VIDEO GAMES AND CONSOLES $$$ FOR CHRISTMAS, Nov 10, &excats=134-40&min_price=5000001, Ohio, Columbus, For Sale-Wanted, Wanted, https://columbus.craigslist.org/wan/d/hilliard-buying-video-games-and/7017316088.html,,2019-11-10,US,2019-11-21
Grey&#39;s Anatomy scrub sets, Nov 10, &excats=134-40&min_price=5000001, New York, Albany, For Sale-Wanted, Clothes, https://albany.craigslist.org/clo/d/greys-anatomy-scrub-sets/7008145988.html,,2019-11-10,US,2019-11-21
Sterling silver rings, Nov 10, &excats=134-40&min_price=5000001, New York, Binghamton, For Sale-Wanted, Jewelry, https://binghamton.craigslist.org/jwl/d/binghamton-sterling-silver-rings/6999683527.html,,2019-11-10,US,2019-11-21
4 Cemetary lots, Nov 10, &excats=134-40&min_price=5000001, Iowa, Cedar Rapids, For Sale-Wanted, General, https://cedarrapids.craigslist.org/for/d/fairfax-4-cemetary-lots/7017439096.html,,2019-11-10,US,2019-11-21
Home or hunting lodge, Nov 10, &excats=134-40&min_price=5000001, Iowa, Sioux City, For Sale-Wanted, Farm and Garden, https://siouxcity.craigslist.org/grd/d/bloomfield-home-or-hunting-lodge/6998962988.html,,2019-11-10,US,2019-11-21
WTB Paying cash for vintage toys video games action figures and more, Nov 10, &excats=134-40&min_price=5000001, Pennsylvania, Pittsburgh, For Sale-Wanted, Wanted, https://pittsburgh.craigslist.org/wan/d/monroeville-wtb-paying-cash-for-vintage/7011285525.html,,2019-11-10,US,2019-11-21
Collectibles for everyone..., Nov 10, &excats=134-40&min_price=5000001, Pennsylvania, Pittsburgh, For Sale-Wanted, General, https://pittsburgh.craigslist.org/for/d/pittsburgh-collectibles-for-everyone/7017423219.html,,2019-11-10,US,2019-11-21
Hockey gear Ice/Roller/Deck/Street, Nov 10, &excats=134-40&min_price=5000001, Pennsylvania, York, For Sale-Wanted, Sporting Goods, https://york.craigslist.org/spo/d/red-lion-hockey-gear-ice-roller-deck/7017175209.html,,2019-11-10,US,2019-11-21
Harley M50, Nov 10, &excats=134-40&min_price=5000001, Missouri, Kansas City, For Sale-Wanted, Motorcycle Parts, https://kansascity.craigslist.org/mpo/d/moberly-harley-m50/7017467376.html,,2019-11-10,US,2019-11-21
Coca-Cola Menu Sign 6ft, Nov 10, &excats=134-40&min_price=5000001, Missouri, Springfield, For Sale-Wanted, Collectibles, https://springfield.craigslist.org/clt/d/ozark-coca-cola-menu-sign-6ft/7003634434.html,,2019-11-10,US,2019-11-21
Harley m50, Nov 10, &excats=134-40&min_price=5000001, Missouri, St Louis, For Sale-Wanted, Motorcycle Parts, https://stlouis.craigslist.org/mpo/d/moberly-harley-m50/7017457796.html,,2019-11-10,US,2019-11-21
Dodge parts, Nov 10, &excats=134-40&min_price=5000001, Oklahoma, Tulsa, For Sale-Wanted, Auto Parts by Owner, https://tulsa.craigslist.org/pts/d/chelsea-dodge-parts/7017547527.html,,2019-11-10,US,2019-11-21
WANTED Roseville pottery, Nov 10, &excats=134-40&min_price=5000001, Vermont, Vermont, For Sale-Wanted, Wanted, https://vermont.craigslist.org/wan/d/south-barre-wanted-roseville-pottery/7010145443.html,Want,2019-11-10,US,2019-11-21
90% Loan To Cost Construction Loan, Nov 10, &excats=134-40&min_price=5000001, New Jersey, South Jersey, For Sale-Wanted, Heavy Equipment, https://southjersey.craigslist.org/hvo/d/cherry-hill-90-loan-to-cost/7017547762.html,,2019-11-10,US,2019-11-21
????Iphone wanted????cash????????, Nov 10, &excats=134-40&min_price=5000001, Florida, Orlando, For Sale-Wanted, Wanted, https://orlando.craigslist.org/wad/d/dearing-iphone-wantedcash/7017492674.html,Want,2019-11-10,US,2019-11-21
????Iphone wanted????cash????????, Nov 10, &excats=134-40&min_price=5000001, Florida, Orlando, For Sale-Wanted, Wanted, https://orlando.craigslist.org/wad/d/dearing-iphone-wantedcash/7017261955.html,Want,2019-11-10,US,2019-11-21
$$ WE BUY ALL IPHONE 11 11 PRO MAX BRAND NEW --WILL PAY TOP CASH $$$, Nov 10, &excats=134-40&min_price=5000001, Texas, Austin, For Sale-Wanted, Wanted, https://austin.craigslist.org/wad/d/austin-we-buy-all-iphone-pro-max-brand/7017271982.html,,2019-11-10,US,2019-11-21
Trying to sell my Soul, Nov 10, &excats=134-40&min_price=5000001, Nevada, Las Vegas, For Sale-Wanted, General, https://lasvegas.craigslist.org/for/d/las-vegas-trying-to-sell-my-soul/7017688740.html,,2019-11-10,US,2019-11-21
Cash for cars any year any make, Nov 10, &excats=134-40&min_price=5000001, Nevada, Las Vegas, For Sale-Wanted, Wanted, https://lasvegas.craigslist.org/wan/d/las-vegas-cash-for-cars-any-year-any/7012431218.html,,2019-11-10,US,2019-11-21
Faux brick, Nov 10, &excats=134-40&min_price=5000001, South Carolina, Columbia, For Sale-Wanted, Materials, https://columbia.craigslist.org/mat/d/gaston-faux-brick/7017436227.html,,2019-11-10,US,2019-11-21
Jeeps for sale!! Wranglers and CJ7, Nov 10, &excats=134-40&min_price=5000001, Kentucky, Lexington, For Sale-Wanted, Cars And Trucks, https://lexington.craigslist.org/cto/d/london-jeeps-for-sale-wranglers-and-cj7/7017687540.html,,2019-11-10,US,2019-11-21
Parting out 2008 nissan altima 2.5, Nov 10, &excats=134-40&min_price=5000001, California, Inland Empire, For Sale-Wanted, Auto Parts by Owner, https://inlandempire.craigslist.org/pts/d/riverside-parting-out-2008-nissan/7000299909.html,,2019-11-10,US,2019-11-21
CASH CASH CASH FOR IPHONES & SMARTPHONES, Nov 10, &excats=134-40&min_price=5000001, California, Los Angeles, For Sale-Wanted, Wanted, https://losangeles.craigslist.org/lac/wad/d/los-angeles-cash-cash-cash-for-iphones/7017594353.html,,2019-11-10,US,2019-11-21
97 Lincoln Viii, Nov 10, &excats=134-40&min_price=5000001, California, Merced, For Sale-Wanted, Wanted, https://merced.craigslist.org/wan/d/chowchilla-97-lincoln-viii/7017682394.html,,2019-11-10,US,2019-11-21
Free, Nov 10, &excats=134-40&min_price=5000001, California, Merced, For Sale-Wanted, Farm and Garden, https://merced.craigslist.org/grd/d/dearing-free/7017408333.html,,2019-11-10,US,2019-11-21
Restaurant equipment, Nov 10, &excats=134-40&min_price=5000001, California, Modesto, For Sale-Wanted, Appliance by Owner, https://modesto.craigslist.org/app/d/turlock-restaurant-equipment/7005334142.html,,2019-11-10,US,2019-11-21
North Main Street Santa Ana, Nov 10, &excats=134-40&min_price=5000001, California, Orange County, For Sale-Wanted, General, https://orangecounty.craigslist.org/for/d/santa-ana-north-main-street-santa-ana/7017606102.html,,2019-11-10,US,2019-11-21
Living Room Couch Chairs  And Hutch$40/20, Nov 10, &excats=134-40&min_price=5000001, California, Orange County, For Sale-Wanted, Furniture, https://orangecounty.craigslist.org/fuo/d/orange-living-room-couch-chairs-and/7017446495.html,,2019-11-10,US,2019-11-21
DMV Cleared license plates, Nov 10, &excats=134-40&min_price=5000001, California, Orange County, For Sale-Wanted, Auto Parts by Owner, https://orangecounty.craigslist.org/pts/d/irvine-dmv-cleared-license-plates/7017206697.html,,2019-11-10,US,2019-11-21
Electric guitar signed by Slash from Guns and Roses., Nov 10, &excats=134-40&min_price=5000001, California, Palm Springs, For Sale-Wanted, Collectibles, https://palmsprings.craigslist.org/clt/d/thousand-palms-electric-guitar-signed/7017381433.html,,2019-11-10,US,2019-11-21
LOW PRICE AUTO BOY REPAIRS, Nov 10, &excats=134-40&min_price=5000001, California, Sacramento, For Sale-Wanted, Wanted, https://sacramento.craigslist.org/wad/d/sacramento-low-price-auto-boy-repairs/7017374482.html,,2019-11-10,US,2019-11-21
Top Cash for Vintage and Rare Guitars & Gear Free Pro Appraisals, Nov 10, &excats=134-40&min_price=5000001, Wyoming, Wyoming, For Sale-Wanted, NA, https://wyoming.craigslist.org/msd/d/cheyenne-top-cash-for-vintage-and-rare/7017183041.html,,2019-11-10,US,2019-11-21
Need I need a job-Ful Things & More, Nov 10, &excats=134-40&min_price=5000001, Virginia, Richmond, For Sale-Wanted, Jewelry, https://richmond.craigslist.org/jwl/d/henrico-need-need-job-ful-things-more/7017583365.html,Want,2019-11-10,US,2019-11-21
Silver and Gold, Nov 10, &excats=134-40&min_price=5000001, Idaho, Boise, For Sale-Wanted, Wanted, https://boise.craigslist.org/wan/d/caldwell-silver-and-gold/7017185929.html,,2019-11-10,US,2019-11-21
2007 bmw 328i coupe parts only, Nov 10, &excats=134-40&min_price=5000001, Georgia, Atlanta, For Sale-Wanted, Auto Parts by Owner, https://atlanta.craigslist.org/atl/pts/d/hoschton-2007-bmw-328i-coupe-parts-only/7017554368.html,,2019-11-10,US,2019-11-21
??Trees Cut ?TREE REMOVAL TRIMMING TREE SERVICE TREE PRUNING TREE, Nov 10, &excats=134-40&min_price=5000001, Georgia, Atlanta, For Sale-Wanted, Farm and Garden, https://atlanta.craigslist.org/nat/grq/d/marietta-trees-cut-tree-removal/7017211318.html,,2019-11-10,US,2019-11-21
Company looking to buy electrical surplus material, Nov 09, &excats=134-40&min_price=5000001, Arkansas, Little Rock, For Sale-Wanted, Wanted, https://littlerock.craigslist.org/wan/d/fort-worth-company-looking-to-buy/7016564862.html,Want,2019-11-09,US,2019-11-21
Log splitter, Nov 09, &excats=134-40&min_price=5000001, Connecticut, Hartford, For Sale-Wanted, Farm and Garden, https://hartford.craigslist.org/grd/d/pequabuck-log-splitter/7017113580.html,,2019-11-09,US,2019-11-21
Buying all Luxury watches for cash, Nov 09, &excats=134-40&min_price=5000001, Connecticut, Hartford, For Sale-Wanted, Jewelry, https://hartford.craigslist.org/jwl/d/southington-buying-all-luxury-watches/7017079049.html,,2019-11-09,US,2019-11-21
Refrigerador Range & dishwasher, Nov 09, &excats=134-40&min_price=5000001, Arizona, Tucson, For Sale-Wanted, Appliance by Owner, https://tucson.craigslist.org/app/d/sahuarita-refrigerador-range-dishwasher/7016807709.html,,2019-11-09,US,2019-11-21
We&#39;d Love to Buy Your Manufactured Home, Nov 09, &excats=134-40&min_price=5000001, Arizona, Tucson, For Sale-Wanted, Wanted, https://tucson.craigslist.org/wad/d/tucson-wed-love-to-buy-your/7016781662.html,,2019-11-09,US,2019-11-21
Wedding Items, Nov 09, &excats=134-40&min_price=5000001, Wisconsin, La Crosse, For Sale-Wanted, General, https://lacrosse.craigslist.org/for/d/west-salem-wedding-items/7016796776.html,,2019-11-09,US,2019-11-21
Wedding Signs, Nov 09, &excats=134-40&min_price=5000001, Wisconsin, La Crosse, For Sale-Wanted, General, https://lacrosse.craigslist.org/for/d/west-salem-wedding-signs/7016776100.html,,2019-11-09,US,2019-11-21
American Girl Collection, Nov 09, &excats=134-40&min_price=5000001, Wisconsin, Madison, For Sale-Wanted, Toys And Games, https://madison.craigslist.org/tag/d/platteville-american-girl-collection/7017117993.html,,2019-11-09,US,2019-11-21
2010 Ford F-150 4WD SuperCrew 145&quot; XL King Ranch, Nov 09, &excats=134-40&min_price=5000001, Colorado, Denver, For Sale-Wanted, Cars And by Dealer, https://denver.craigslist.org/ctd/d/denver-2010-ford-150-4wd-supercrew-145/7017066959.html,,2019-11-09,US,2019-11-21
2015 Chevrolet Silverado 1500 4WD Double Cab 143.5&quot; LS, Nov 09, &excats=134-40&min_price=5000001, Colorado, Denver, For Sale-Wanted, Cars And by Dealer, https://denver.craigslist.org/ctd/d/denver-2015-chevrolet-silverado-wd/7017028113.html,,2019-11-09,US,2019-11-21
2014 Kia Sorento 2WD 4dr I4 LX, Nov 09, &excats=134-40&min_price=5000001, Colorado, Denver, For Sale-Wanted, Cars And by Dealer, https://denver.craigslist.org/ctd/d/denver-2014-kia-sorento-2wd-4dr-i4-lx/7016960695.html,,2019-11-09,US,2019-11-21
2014 Ford Expedition EL 4WD 4dr Limited, Nov 09, &excats=134-40&min_price=5000001, Colorado, Denver, For Sale-Wanted, Cars And by Dealer, https://denver.craigslist.org/ctd/d/denver-2014-ford-expedition-el-4wd-4dr/7016907659.html,,2019-11-09,US,2019-11-21
2018 Dodge Journey SE FWD, Nov 09, &excats=134-40&min_price=5000001, Colorado, Denver, For Sale-Wanted, Cars And by Dealer, https://denver.craigslist.org/ctd/d/denver-2018-dodge-journey-se-fwd/7016895393.html,,2019-11-09,US,2019-11-21
2011 Ram 1500 4WD Reg Cab 140.5&quot; ST, Nov 09, &excats=134-40&min_price=5000001, Colorado, Denver, For Sale-Wanted, Cars And by Dealer, https://denver.craigslist.org/ctd/d/denver-2011-ram-wd-reg-cab-1405-st/7016883519.html,,2019-11-09,US,2019-11-21
2016 Dodge Journey AWD 4dr Crossroad, Nov 09, &excats=134-40&min_price=5000001, Colorado, Denver, For Sale-Wanted, Cars And by Dealer, https://denver.craigslist.org/ctd/d/denver-2016-dodge-journey-awd-4dr/7016871094.html,,2019-11-09,US,2019-11-21
2015 Ford F-150 4WD SuperCrew 145&quot; XLT, Nov 09, &excats=134-40&min_price=5000001, Colorado, Denver, For Sale-Wanted, Cars And by Dealer, https://denver.craigslist.org/ctd/d/denver-2015-ford-150-4wd-supercrew-145/7016859093.html,,2019-11-09,US,2019-11-21
2016 Ford F-150 4WD SuperCrew 145&quot; XLT, Nov 09, &excats=134-40&min_price=5000001, Colorado, Denver, For Sale-Wanted, Cars And by Dealer, https://denver.craigslist.org/ctd/d/denver-2016-ford-150-4wd-supercrew-145/7016833778.html,,2019-11-09,US,2019-11-21
2006 Land Rover Range Rover Sport 4dr Wgn HSE, Nov 09, &excats=134-40&min_price=5000001, Colorado, Denver, For Sale-Wanted, Cars And by Dealer, https://denver.craigslist.org/ctd/d/denver-2006-land-rover-range-rover/7016807781.html,,2019-11-09,US,2019-11-21
Top Cash for Vintage and Rare Guitars & Gear Free Pro Appraisals, Nov 09, &excats=134-40&min_price=5000001, Colorado, Pueblo, For Sale-Wanted, Wanted, https://pueblo.craigslist.org/wad/d/pueblo-top-cash-for-vintage-and-rare/7017182733.html,,2019-11-09,US,2019-11-21
1977 potiac firebird formula limited edition parts, Nov 09, &excats=134-40&min_price=5000001, Minnesota, Mankato, For Sale-Wanted, Auto Parts by Owner, https://mankato.craigslist.org/pts/d/mankato-1977-potiac-firebird-formula/7017087583.html,,2019-11-09,US,2019-11-21
Wanted Carpenter, Nov 09, &excats=134-40&min_price=5000001, North Carolina, Asheville, For Sale-Wanted, Wanted, https://asheville.craigslist.org/wan/d/hendersonville-wanted-carpenter/7016979124.html,Want,2019-11-09,US,2019-11-21
We are your Premier powersports Dealer of the SOUTHERN TIER!, Nov 09, &excats=134-40&min_price=5000001, New York, Binghamton, For Sale-Wanted, ATVs UTVs by Dealer, https://binghamton.craigslist.org/snd/d/vestal-we-are-your-premier-powersports/7016928500.html,,2019-11-09,US,2019-11-21
Enterprise computer systems, Nov 09, &excats=134-40&min_price=5000001, New York, Buffalo, For Sale-Wanted, Computers, https://buffalo.craigslist.org/sys/d/newfane-enterprise-computer-systems/7016562455.html,,2019-11-09,US,2019-11-21
2000 Ford EXLTdition XLT, Nov 09, &excats=134-40&min_price=5000001, Iowa, Des Moines, For Sale-Wanted, Auto Parts by Owner, https://desmoines.craigslist.org/pts/d/berwick-2000-ford-exltdition-xlt/7009643720.html,,2019-11-09,US,2019-11-21
Giant American Girl Collection, Nov 09, &excats=134-40&min_price=5000001, Iowa, Dubuque, For Sale-Wanted, Toys And Games, https://dubuque.craigslist.org/tag/d/platteville-giant-american-girl/7017097962.html,,2019-11-09,US,2019-11-21
Buying Magic the Gathering collections!, Nov 09, &excats=134-40&min_price=5000001, Maine, Maine, For Sale-Wanted, Wanted, https://maine.craigslist.org/wan/d/merrimack-buying-magic-the-gathering/7016718035.html,,2019-11-09,US,2019-11-21
Diecast semi&#39;s trucks and cars lots to see, Nov 09, &excats=134-40&min_price=5000001, Missouri, Springfield, For Sale-Wanted, Collectibles, https://springfield.craigslist.org/clt/d/bolivar-diecast-semis-trucks-and-cars/7003498617.html,,2019-11-09,US,2019-11-21
My company is looking to buy electrical surplus material new are used, Nov 09, &excats=134-40&min_price=5000001, Oklahoma, Lawton, For Sale-Wanted, Wanted, https://lawton.craigslist.org/wan/d/fort-worth-my-company-is-looking-to-buy/7016563816.html,Want,2019-11-09,US,2019-11-21
UPDATE! Parts & Project Cars & Trucks 1920&#39;s-80&#39;s 100&#39;s of Cars, Nov 09, &excats=134-40&min_price=5000001, Oklahoma, Oklahoma City, For Sale-Wanted, Auto Parts by Dealer, https://oklahomacity.craigslist.org/ptd/d/great-bend-update-parts-project-cars/7017157584.html,,2019-11-09,US,2019-11-21
Reclaimed Boxcar and Live Edge Slab FurnitureMaterials Barn Doors  Mantels!, Nov 09, &excats=134-40&min_price=5000001, Oklahoma, Tulsa, For Sale-Wanted, General, https://tulsa.craigslist.org/fod/d/oklahoma-city-reclaimed-boxcar-and-live/7016973492.html,,2019-11-09,US,2019-11-21
MATTRESS & Bedroom Furniture *** STORE CLOSING SALE ***, Nov 09, &excats=134-40&min_price=5000001, Vermont, Vermont, For Sale-Wanted, Furniture, https://vermont.craigslist.org/fud/d/saint-albans-mattress-bedroom-furniture/7016698701.html,,2019-11-09,US,2019-11-21
????Iphone wanted????cash????????, Nov 09, &excats=134-40&min_price=5000001, Florida, Orlando, For Sale-Wanted, Wanted, https://orlando.craigslist.org/wad/d/dearing-iphone-wantedcash/7016834266.html,Want,2019-11-09,US,2019-11-21
AUDI S4 B8 B8.5 VW 3.0T SUPERCHARGE RS4 RS3 STOCK OEM, Nov 09, &excats=134-40&min_price=5000001, Florida, Orlando, For Sale-Wanted, Auto Parts by Owner, https://spacecoast.craigslist.org/pts/d/orlando-audi-s4-b8-b85-vw-30t/7016600781.html,,2019-11-09,US,2019-11-21
SEADOO RXPX Parts RXP sea doo GTX GTI XP Air filter grab handle engine, Nov 09, &excats=134-40&min_price=5000001, Florida, Space Coast, For Sale-Wanted, Boat Parts, https://spacecoast.craigslist.org/bpo/d/cape-canaveral-seadoo-rxpx-parts-rxp/7016601010.html,,2019-11-09,US,2019-11-21
AUDI S4 B8 B8.5 VW 3.0T SUPERCHARGE RS4 RS3 STOCK OEM, Nov 09, &excats=134-40&min_price=5000001, Florida, Space Coast, For Sale-Wanted, Auto Parts by Owner, https://spacecoast.craigslist.org/pts/d/orlando-audi-s4-b8-b85-vw-30t/7016600781.html,,2019-11-09,US,2019-11-21
MK4 Parts JETTA VW 2001 TDI GTI GOLF 1.8T VOLKSWAGEN, Nov 09, &excats=134-40&min_price=5000001, Florida, Space Coast, For Sale-Wanted, Auto Parts by Owner, https://spacecoast.craigslist.org/pts/d/cape-canaveral-mk4-parts-jetta-vw-2001/7016600352.html,,2019-11-09,US,2019-11-21
We Buy Steinway Pianos, Nov 09, &excats=134-40&min_price=5000001, Texas, Abilene, For Sale-Wanted, NA, https://abilene.craigslist.org/msd/d/dallas-we-buy-steinway-pianos/7016881841.html,,2019-11-09,US,2019-11-21
$$ WE BUY ALL IPHONE 11 11 PRO MAX BRAND NEW --WILL PAY TOP CASH $$$, Nov 09, &excats=134-40&min_price=5000001, Texas, Austin, For Sale-Wanted, Wanted, https://austin.craigslist.org/wad/d/austin-we-buy-all-iphone-pro-max-brand/7016757113.html,,2019-11-09,US,2019-11-21
$$ WE BUY ALL IPHONE 11 11 PRO MAX BRAND NEW --WILL PAY TOP CASH $$$, Nov 09, &excats=134-40&min_price=5000001, Texas, Austin, For Sale-Wanted, Wanted, https://austin.craigslist.org/wad/d/austin-we-buy-all-iphone-pro-max-brand/7016634085.html,,2019-11-09,US,2019-11-21
Top Best IPhone Buyer, Nov 09, &excats=134-40&min_price=5000001, Texas, El Paso, For Sale-Wanted, Cell Phones by Dealer, https://elpaso.craigslist.org/mod/d/el-paso-top-best-iphone-buyer/7017077859.html,,2019-11-09,US,2019-11-21
2015 International COMMERCIAL, Nov 09, &excats=134-40&min_price=5000001, Texas, El Paso, For Sale-Wanted, Cars And by Dealer, https://elpaso.craigslist.org/ctd/d/el-paso-2015-international-commercial/7016571960.html,,2019-11-09,US,2019-11-21
WE buy all types of equipment new or used we pay cash, Nov 09, &excats=134-40&min_price=5000001, Texas, Houston, For Sale-Wanted, Wanted, https://houston.craigslist.org/wan/d/houston-we-buy-all-types-of-equipment/7013081173.html,,2019-11-09,US,2019-11-21
We buy all types of equipment new or used we pay cash, Nov 09, &excats=134-40&min_price=5000001, Texas, San Antonio, For Sale-Wanted, Wanted, https://sanantonio.craigslist.org/wan/d/we-buy-all-types-of-equipment-new-or/7013081595.html,,2019-11-09,US,2019-11-21
We Buy Steinway Pianos, Nov 09, &excats=134-40&min_price=5000001, Texas, Wichita Falls, For Sale-Wanted, NA, https://wichitafalls.craigslist.org/msd/d/dallas-we-buy-steinway-pianos/7016879484.html,,2019-11-09,US,2019-11-21
Metal signs advertising, Nov 09, &excats=134-40&min_price=5000001, Nevada, Las Vegas, For Sale-Wanted, Collectibles, https://lasvegas.craigslist.org/clt/d/las-vegas-metal-signs-advertising/7001835605.html,,2019-11-09,US,2019-11-21
Large variety of jewelry, Nov 09, &excats=134-40&min_price=5000001, Nevada, Las Vegas, For Sale-Wanted, Jewelry, https://lasvegas.craigslist.org/jwl/d/las-vegas-large-variety-of-jewelry/7001828377.html,,2019-11-09,US,2019-11-21
Asian collectibles, Nov 09, &excats=134-40&min_price=5000001, Nevada, Las Vegas, For Sale-Wanted, Furniture, https://lasvegas.craigslist.org/fuo/d/las-vegas-asian-collectibles/7001834610.html,,2019-11-09,US,2019-11-21
Registered Angus Bulls, Nov 09, &excats=134-40&min_price=5000001, Kentucky, Louisville, For Sale-Wanted, Farm and Garden, https://louisville.craigslist.org/grd/d/shelbyville-registered-angus-bulls/6999695606.html,,2019-11-09,US,2019-11-21
$$ Buying Baseball Football Basketball cards Comics US Coins Knives $$, Nov 09, &excats=134-40&min_price=5000001, California, Chico, For Sale-Wanted, General, https://chico.craigslist.org/for/d/rio-linda-buying-baseball-football/6998065554.html,,2019-11-09,US,2019-11-21
Cleaning out the shed, Nov 09, &excats=134-40&min_price=5000001, California, Inland Empire, For Sale-Wanted, Antique By Owner, https://inlandempire.craigslist.org/atq/d/hesperia-cleaning-out-the-shed/7017016001.html,,2019-11-09,US,2019-11-21
Woodworking Magazines, Nov 09, &excats=134-40&min_price=5000001, California, Inland Empire, For Sale-Wanted, Tools, https://inlandempire.craigslist.org/tls/d/ontario-woodworking-magazines/7016793654.html,,2019-11-09,US,2019-11-21
DMV Cleared license plates, Nov 09, &excats=134-40&min_price=5000001, California, Orange County, For Sale-Wanted, Auto Parts by Owner, https://orangecounty.craigslist.org/pts/d/irvine-dmv-cleared-license-plates/7017089911.html,,2019-11-09,US,2019-11-21
DMV Cleared license plates, Nov 09, &excats=134-40&min_price=5000001, California, Orange County, For Sale-Wanted, Auto Parts by Owner, https://orangecounty.craigslist.org/pts/d/irvine-dmv-cleared-license-plates/7017005052.html,,2019-11-09,US,2019-11-21
DMV Cleared license plates, Nov 09, &excats=134-40&min_price=5000001, California, Orange County, For Sale-Wanted, Auto Parts by Owner, https://orangecounty.craigslist.org/pts/d/irvine-dmv-cleared-license-plates/7016988753.html,,2019-11-09,US,2019-11-21
cash FOR MAC CASH FOR MacBook Pro CASH FOR MacBook Air, Nov 09, &excats=134-40&min_price=5000001, California, Orange County, For Sale-Wanted, Wanted, https://orangecounty.craigslist.org/wad/d/anaheim-cash-for-mac-cash-for-macbook/7016974606.html,,2019-11-09,US,2019-11-21
We Buy New & Used Apple Products ??Cash ??, Nov 09, &excats=134-40&min_price=5000001, California, Palm Springs, For Sale-Wanted, Wanted, https://palmsprings.craigslist.org/wad/d/beaumont-we-buy-new-used-apple-products/7016993297.html,,2019-11-09,US,2019-11-21
We Buy New & Used Apple Products ??Cash ??, Nov 09, &excats=134-40&min_price=5000001, California, Palm Springs, For Sale-Wanted, Cell Phones by Dealer, https://palmsprings.craigslist.org/mod/d/palm-springs-we-buy-new-used-apple/7016991436.html,,2019-11-09,US,2019-11-21
We Buy Houses ??Cash ??, Nov 09, &excats=134-40&min_price=5000001, California, Palm Springs, For Sale-Wanted, Wanted, https://palmsprings.craigslist.org/wad/d/desert-hot-springs-we-buy-houses-cash/7016989089.html,,2019-11-09,US,2019-11-21
Wanted all types of RVs pay top $, Nov 09, &excats=134-40&min_price=5000001, California, Sacramento, For Sale-Wanted, RVs, https://sacramento.craigslist.org/rvs/d/wheatland-wanted-all-types-of-rvs-pay/7016778492.html,Want,2019-11-09,US,2019-11-21
WTB: Arcade and Pinball Games, Nov 09, &excats=134-40&min_price=5000001, Virginia, Fredericksburg, For Sale-Wanted, Wanted, https://fredericksburg.craigslist.org/wan/d/fredericksburg-wtb-arcade-and-pinball/7017139728.html,,2019-11-09,US,2019-11-21
Mens wedding band, Nov 09, &excats=134-40&min_price=5000001, Virginia, Richmond, For Sale-Wanted, Jewelry, https://richmond.craigslist.org/jwl/d/henrico-mens-wedding-band/7015680427.html,,2019-11-09,US,2019-11-21
Need-Ful Things & More, Nov 09, &excats=134-40&min_price=5000001, Virginia, Richmond, For Sale-Wanted, Jewelry, https://richmond.craigslist.org/jwl/d/henrico-need-ful-things-more/7017081657.html,Want,2019-11-09,US,2019-11-21
Need-ful Things & More, Nov 09, &excats=134-40&min_price=5000001, Virginia, Richmond, For Sale-Wanted, Jewelry, https://richmond.craigslist.org/jwl/d/henrico-need-ful-things-more/7017081083.html,Want,2019-11-09,US,2019-11-21
Need-Ful Things & More, Nov 09, &excats=134-40&min_price=5000001, Virginia, Richmond, For Sale-Wanted, Jewelry, https://richmond.craigslist.org/jwl/d/henrico-need-ful-things-more/7017080251.html,Want,2019-11-09,US,2019-11-21
Need-Ful Things & More, Nov 09, &excats=134-40&min_price=5000001, Virginia, Richmond, For Sale-Wanted, Jewelry, https://richmond.craigslist.org/jwl/d/henrico-need-ful-things-more/7017073409.html,Want,2019-11-09,US,2019-11-21
Need-Ful Things & More, Nov 09, &excats=134-40&min_price=5000001, Virginia, Richmond, For Sale-Wanted, Jewelry, https://richmond.craigslist.org/jwl/d/henrico-need-ful-things-more/7017075317.html,Want,2019-11-09,US,2019-11-21
Need-Ful Things & More, Nov 09, &excats=134-40&min_price=5000001, Virginia, Richmond, For Sale-Wanted, Jewelry, https://richmond.craigslist.org/jwl/d/henrico-need-ful-things-more/7017074412.html,Want,2019-11-09,US,2019-11-21
1957 Chevy (BLACK WIDOW CLONE), Nov 09, &excats=134-40&min_price=5000001, Georgia, Atlanta, For Sale-Wanted, Cars And Trucks, https://atlanta.craigslist.org/atl/cto/d/trussville-1957-chevy-black-widow-clone/7017096290.html,,2019-11-09,US,2019-11-21
Vintage Porcelain Sign, Nov 09, &excats=134-40&min_price=5000001, New Mexico, Albuquerque, For Sale-Wanted, Antique By Owner, https://albuquerque.craigslist.org/atq/d/albuquerque-vintage-porcelain-sign/7016837522.html,,2019-11-09,US,2019-11-21
wanted Porsche 911&#39;s and 912&#39;s by restorer and collector, Nov 09, &excats=134-40&min_price=5000001, New Mexico, Albuquerque, For Sale-Wanted, Wanted, https://albuquerque.craigslist.org/wan/d/van-nuys-wanted-porsche-911s-and-912s/7016691182.html,Want,2019-11-09,US,2019-11-21
Boat trailer and motor, Nov 09, &excats=134-40&min_price=5000001, Michigan, Flint, For Sale-Wanted, Antique By Owner, https://flint.craigslist.org/atq/d/fenton-boat-trailer-and-motor/7017040692.html,,2019-11-09,US,2019-11-21
Home Gym Equipment (prices negotiable), Nov 09, &excats=134-40&min_price=5000001, Nebraska, Lincoln, For Sale-Wanted, Sporting Goods, https://lincoln.craigslist.org/spo/d/lincoln-home-gym-equipment-prices/7016721435.html,,2019-11-09,US,2019-11-21
Shipping Containers / Storage Containers / Cargo Containers(Container), Nov 09, &excats=134-40&min_price=5000001, Oregon, Bend, For Sale-Wanted, General, https://bend.craigslist.org/fod/d/shipping-containers-storage-containers/7016829186.html,,2019-11-09,US,2019-11-21
CLIP ON FORKS FOR 24hrs TRACTOR, Nov 09, &excats=134-40&min_price=5000001, Oregon, Bend, For Sale-Wanted, Wanted, https://bend.craigslist.org/wan/d/bend-clip-on-forks-for-24hrs-tractor/7008070044.html,,2019-11-09,US,2019-11-21
Shipping Containers / Storage Containers / Cargo Containers(Container), Nov 09, &excats=134-40&min_price=5000001, Oregon, Eugene, For Sale-Wanted, General, https://eugene.craigslist.org/fod/d/shipping-containers-storage-containers/7016831806.html,,2019-11-09,US,2019-11-21
Shipping Containers / Storage Containers / Cargo Containers(Container), Nov 09, &excats=134-40&min_price=5000001, Oregon, Portland, For Sale-Wanted, General, https://portland.craigslist.org/mlt/fod/d/shipping-containers-storage-containers/7016834395.html,,2019-11-09,US,2019-11-21
Shipping Containers / Storage Containers / Cargo Containers(Container), Nov 09, &excats=134-40&min_price=5000001, Oregon, Salem, For Sale-Wanted, General, https://salem.craigslist.org/fod/d/shipping-containers-storage-containers/7016836897.html,,2019-11-09,US,2019-11-21
2013 Ford F-150 4WD SuperCrew 145&quot; SVT Raptor, Nov 08, &excats=134-40&min_price=5000001, Colorado, Boulder, For Sale-Wanted, Cars And by Dealer, https://boulder.craigslist.org/ctd/d/denver-2013-ford-150-4wd-supercrew-145/7016517010.html,,2019-11-08,US,2019-11-21
2015 GMC Sierra 1500 4WD Double Cab 143.5 SLE, Nov 08, &excats=134-40&min_price=5000001, Colorado, Boulder, For Sale-Wanted, Cars And by Dealer, https://boulder.craigslist.org/ctd/d/denver-2015-gmc-sierra-wd-double-cab/7016516803.html,,2019-11-08,US,2019-11-21
2014 Toyota Tundra 4WD Truck CrewMax 5.7L FFV V8 6-Spd AT SR5, Nov 08, &excats=134-40&min_price=5000001, Colorado, Denver, For Sale-Wanted, Cars And by Dealer, https://denver.craigslist.org/ctd/d/denver-2014-toyota-tundra-4wd-truck/7016506048.html,,2019-11-08,US,2019-11-21
Wanted Jeep stereo/cd player, Nov 08, &excats=134-40&min_price=5000001, Colorado, Denver, For Sale-Wanted, Wanted, https://denver.craigslist.org/wan/d/denver-wanted-jeep-stereo-cd-player/7016486425.html,Want,2019-11-08,US,2019-11-21
2014 Nissan Murano AWD 4dr SL, Nov 08, &excats=134-40&min_price=5000001, Colorado, Denver, For Sale-Wanted, Cars And by Dealer, https://denver.craigslist.org/ctd/d/denver-2014-nissan-murano-awd-4dr-sl/7016427217.html,,2019-11-08,US,2019-11-21
2003 Subaru Forester 4dr 2.5 XS Auto, Nov 08, &excats=134-40&min_price=5000001, Colorado, Denver, For Sale-Wanted, Cars And by Dealer, https://denver.craigslist.org/ctd/d/denver-2003-subaru-forester-4dr-25-xs/7016324832.html,,2019-11-08,US,2019-11-21
2015 Chevrolet Tahoe 4WD 4dr LS, Nov 08, &excats=134-40&min_price=5000001, Colorado, Denver, For Sale-Wanted, Cars And by Dealer, https://denver.craigslist.org/ctd/d/denver-2015-chevrolet-tahoe-4wd-4dr-ls/7016289407.html,,2019-11-08,US,2019-11-21
2011 Cadillac CTS Sedan 4dr Sdn 3.0L Luxury RWD, Nov 08, &excats=134-40&min_price=5000001, Colorado, Denver, For Sale-Wanted, Cars And by Dealer, https://denver.craigslist.org/ctd/d/denver-2011-cadillac-cts-sedan-4dr-sdn/7016277399.html,,2019-11-08,US,2019-11-21
2014 GMC Acadia AWD 4dr Denali, Nov 08, &excats=134-40&min_price=5000001, Colorado, Denver, For Sale-Wanted, Cars And by Dealer, https://denver.craigslist.org/ctd/d/denver-2014-gmc-acadia-awd-4dr-denali/7016265194.html,,2019-11-08,US,2019-11-21
2015 GMC Sierra 1500 4WD Double Cab 143.5 SLE, Nov 08, &excats=134-40&min_price=5000001, Colorado, Denver, For Sale-Wanted, Cars And by Dealer, https://denver.craigslist.org/ctd/d/denver-2015-gmc-sierra-wd-double-cab/7016239991.html,,2019-11-08,US,2019-11-21
2010 Chevrolet Tahoe 4WD 4dr 1500 LTZ, Nov 08, &excats=134-40&min_price=5000001, Colorado, Denver, For Sale-Wanted, Cars And by Dealer, https://denver.craigslist.org/ctd/d/denver-2010-chevrolet-tahoe-4wd-4dr/7016186980.html,,2019-11-08,US,2019-11-21
2007 Chevrolet TrailBlazer 2WD 4dr LS, Nov 08, &excats=134-40&min_price=5000001, Colorado, Denver, For Sale-Wanted, Cars And by Dealer, https://denver.craigslist.org/ctd/d/denver-2007-chevrolet-trailblazer-2wd/7016186734.html,,2019-11-08,US,2019-11-21
2017 Chevrolet Silverado 1500 4WD Crew Cab 143.5&quot; LTZ w/1LZ, Nov 08, &excats=134-40&min_price=5000001, Colorado, Denver, For Sale-Wanted, Cars And by Dealer, https://denver.craigslist.org/ctd/d/denver-2017-chevrolet-silverado-wd-crew/7016103936.html,,2019-11-08,US,2019-11-21
6 hen on nest, Nov 08, &excats=134-40&min_price=5000001, Ohio, Columbus, For Sale-Wanted, Collectibles, https://columbus.craigslist.org/clt/d/utica-6-hen-on-nest/7015897586.html,,2019-11-08,US,2019-11-21
ELECTRIC BED FOR SALE, Nov 08, &excats=134-40&min_price=5000001, New York, Ithaca, For Sale-Wanted, Furniture, https://ithaca.craigslist.org/fuo/d/east-homer-electric-bed-for-sale/7009908923.html,,2019-11-08,US,2019-11-21
Wanted, Nov 08, &excats=134-40&min_price=5000001, West Virginia, Morgantown, For Sale-Wanted, Wanted, https://morgantown.craigslist.org/wan/d/mannington-wanted/7015909362.html,Want,2019-11-08,US,2019-11-21
Set of Thomas West Federal North Western Report(s) Law Books, Nov 08, &excats=134-40&min_price=5000001, Iowa, Des Moines, For Sale-Wanted, General, https://desmoines.craigslist.org/for/d/des-moines-set-of-thomas-west-federal/6997730366.html,,2019-11-08,US,2019-11-21
2003 ninja 636, Nov 08, &excats=134-40&min_price=5000001, Maine, Maine, For Sale-Wanted, Wanted, https://maine.craigslist.org/wan/d/bedford-2003-ninja-636/7016454695.html,,2019-11-08,US,2019-11-21
Jackson County property tax, Nov 08, &excats=134-40&min_price=5000001, Missouri, Kansas City, For Sale-Wanted, Antique By Owner, https://kansascity.craigslist.org/atq/d/raymore-jackson-county-property-tax/7016176289.html,,2019-11-08,US,2019-11-21
Lots of Goosebumps  R. L. Stine books to choose from, Nov 08, &excats=134-40&min_price=5000001, Missouri, Springfield, For Sale-Wanted, Books, https://springfield.craigslist.org/bks/d/ozark-lots-of-goosebumps-l-stine-books/6998103171.html,,2019-11-08,US,2019-11-21
1978 and 1979 Pontiac Grand LeMans Parts, Nov 08, &excats=134-40&min_price=5000001, Indiana, Indianapolis, For Sale-Wanted, Auto Parts by Owner, https://indianapolis.craigslist.org/pts/d/indianapolis-1978-and-1979-pontiac/6997557109.html,,2019-11-08,US,2019-11-21
Handcrafted crochet., Nov 08, &excats=134-40&min_price=5000001, Florida, Ocala, For Sale-Wanted, Art by Owner, https://ocala.craigslist.org/art/d/homosassa-handcrafted-crochet/7015943655.html,,2019-11-08,US,2019-11-21
We buy phones ???????????? cash, Nov 08, &excats=134-40&min_price=5000001, Florida, Orlando, For Sale-Wanted, Wanted, https://orlando.craigslist.org/wad/d/dearing-we-buy-phones-cash/7016428954.html,,2019-11-08,US,2019-11-21
For Sale 2004 & 2010 F150 trucks, Nov 08, &excats=134-40&min_price=5000001, Florida, Pensacola, For Sale-Wanted, Cars And Trucks, https://pensacola.craigslist.org/cto/d/pensacola-for-sale-f150-trucks/7016083085.html,,2019-11-08,US,2019-11-21
For Sale 2004 & 2010 F150 trucks, Nov 08, &excats=134-40&min_price=5000001, Florida, Pensacola, For Sale-Wanted, Cars And Trucks, https://pensacola.craigslist.org/cto/d/pensacola-for-sale-f150-trucks/7016069809.html,,2019-11-08,US,2019-11-21
LOOKING FOR PRE-80s SPORTS CARD COLLECTIONS, Nov 08, &excats=134-40&min_price=5000001, Texas, Austin, For Sale-Wanted, Wanted, https://austin.craigslist.org/wan/d/austin-looking-for-pre-80s-sports-card/7016338678.html,Want,2019-11-08,US,2019-11-21
$$ WE BUY ALL IPHONE 11 11 PRO MAX BRAND NEW --WILL PAY TOP CASH $$$, Nov 08, &excats=134-40&min_price=5000001, Texas, Austin, For Sale-Wanted, Wanted, https://austin.craigslist.org/wad/d/austin-we-buy-all-iphone-pro-max-brand/7016096154.html,,2019-11-08,US,2019-11-21
$$ WE BUY ALL IPHONE 11 11 PRO MAX BRAND NEW --WILL PAY TOP CASH $$$, Nov 08, &excats=134-40&min_price=5000001, Texas, Austin, For Sale-Wanted, Wanted, https://austin.craigslist.org/wad/d/austin-we-buy-all-iphone-pro-max-brand/7015990539.html,,2019-11-08,US,2019-11-21
2016 ram 3500 parts, Nov 08, &excats=134-40&min_price=5000001, Texas, College Station, For Sale-Wanted, Auto Parts by Owner, https://collegestation.craigslist.org/pts/d/bryan-2016-ram-3500-parts/7004075949.html,,2019-11-08,US,2019-11-21
carpas mesas sillas jumping ballons party rentals, Nov 08, &excats=134-40&min_price=5000001, Texas, El Paso, For Sale-Wanted, General, https://elpaso.craigslist.org/for/d/el-paso-carpas-mesas-sillas-jumping/7016356152.html,,2019-11-08,US,2019-11-21
Saskatchewan, Nov 08, &excats=134-40&min_price=5000001, Texas, Houston, For Sale-Wanted, Collectibles, https://houston.craigslist.org/cbd/d/houston-saskatchewan/7016271183.html,,2019-11-08,US,2019-11-21
PRESSURE WASHING SERVICE, Nov 08, &excats=134-40&min_price=5000001, Texas, Houston, For Sale-Wanted, Household, https://houston.craigslist.org/hsh/d/baytown-pressure-washing-service/7003327988.html,,2019-11-08,US,2019-11-21
Wedding or prom dress, Nov 08, &excats=134-40&min_price=5000001, Massachusetts, South Coast, For Sale-Wanted, Clothes, https://southcoast.craigslist.org/clo/d/new-bedford-wedding-or-prom-dress/7010118885.html,,2019-11-08,US,2019-11-21
NEED PARKING PASS - USC vs APP, Nov 08, &excats=134-40&min_price=5000001, South Carolina, Columbia, For Sale-Wanted, Tickets, https://columbia.craigslist.org/tix/d/columbia-need-parking-pass-usc-vs-app/7016009899.html,Want,2019-11-08,US,2019-11-21
Ky picker looking to make contact with local antique dealers, Nov 08, &excats=134-40&min_price=5000001, Tennessee, Knoxville, For Sale-Wanted, Wanted, https://knoxville.craigslist.org/wan/d/knoxville-ky-picker-looking-to-make/7016230929.html,Want,2019-11-08,US,2019-11-21
Misc. Glass Mirrors Windows & Commercial Doors, Nov 08, &excats=134-40&min_price=5000001, Tennessee, Nashville, For Sale-Wanted, Health And Beauty, https://nashville.craigslist.org/hab/d/north-little-rock-misc-glass-mirrors/7016501123.html,,2019-11-08,US,2019-11-21
Built 5.3ls swap, Nov 08, &excats=134-40&min_price=5000001, Tennessee, Nashville, For Sale-Wanted, Auto Parts by Owner, https://nashville.craigslist.org/pts/d/wann-built-53ls-swap/7015958587.html,,2019-11-08,US,2019-11-21
WE PAY CASH CASH CASH FOR BRAND NEW AND USED IPHONES, Nov 08, &excats=134-40&min_price=5000001, California, Los Angeles, For Sale-Wanted, Wanted, https://losangeles.craigslist.org/lac/wad/d/los-angeles-we-pay-cash-cash-cash-for/7016323369.html,,2019-11-08,US,2019-11-21
Jockstrap, Nov 08, &excats=134-40&min_price=5000001, California, Palm Springs, For Sale-Wanted, Clothes, https://palmsprings.craigslist.org/clo/d/palm-springs-jockstrap/7016239744.html,,2019-11-08,US,2019-11-21
LOW PRICE AUTO BOY REPAIRS, Nov 08, &excats=134-40&min_price=5000001, California, Sacramento, For Sale-Wanted, Wanted, https://sacramento.craigslist.org/wad/d/sacramento-low-price-auto-boy-repairs/7016324244.html,,2019-11-08,US,2019-11-21
We pay top dollar for Motorhome Fifth Wheel Travel Trailer, Nov 08, &excats=134-40&min_price=5000001, California, Sacramento, For Sale-Wanted, NA, https://sacramento.craigslist.org/trb/d/rio-linda-we-pay-top-dollar-for/7016171872.html,,2019-11-08,US,2019-11-21
Buying old comics comic collections. Will pay cash!, Nov 08, &excats=134-40&min_price=5000001, California, Santa Barbara, For Sale-Wanted, Wanted, https://santabarbara.craigslist.org/wan/d/santa-barbara-buying-old-comics-comic/7012920516.html,,2019-11-08,US,2019-11-21
Registered Black Angus Bulls, Nov 08, &excats=134-40&min_price=5000001, Kansas, Topeka, For Sale-Wanted, Farm and Garden, https://topeka.craigslist.org/grd/d/dearing-registered-black-angus-bulls/7016305146.html,,2019-11-08,US,2019-11-21
AppleWatches Wanted, Nov 08, &excats=134-40&min_price=5000001, Kansas, Wichita, For Sale-Wanted, Wanted, https://wichita.craigslist.org/wan/d/wichita-applewatches-wanted/7016186651.html,Want,2019-11-08,US,2019-11-21
2013 Ford F-150 4WD SuperCrew 145&quot; SVT Raptor, Nov 08, &excats=134-40&min_price=5000001, Wyoming, Wyoming, For Sale-Wanted, Cars And by Dealer, https://wyoming.craigslist.org/ctd/d/denver-2013-ford-150-4wd-supercrew-145/7016505957.html,,2019-11-08,US,2019-11-21
2015 GMC Sierra 1500 4WD Double Cab 143.5 SLE, Nov 08, &excats=134-40&min_price=5000001, Wyoming, Wyoming, For Sale-Wanted, Cars And by Dealer, https://wyoming.craigslist.org/ctd/d/denver-2015-gmc-sierra-wd-double-cab/7016505856.html,,2019-11-08,US,2019-11-21
Moving sale, Nov 08, &excats=134-40&min_price=5000001, Virginia, Fredericksburg, For Sale-Wanted, NA, https://fredericksburg.craigslist.org/tro/d/fredericksburg-moving-sale/7016282825.html,,2019-11-08,US,2019-11-21
searching for comics comic books to buy cash paid looking for large lo, Nov 08, &excats=134-40&min_price=5000001, Virginia, Richmond, For Sale-Wanted, General, https://richmond.craigslist.org/for/d/hampton-searching-for-comics-comic/6998940354.html,Want,2019-11-08,US,2019-11-21
?? I wish the buck stopped here. I could use a feW....??Tree Service, Nov 08, &excats=134-40&min_price=5000001, Georgia, Atlanta, For Sale-Wanted, Farm and Garden, https://atlanta.craigslist.org/nat/grq/d/roswell-wish-the-buck-stopped-here/7015916904.html,,2019-11-08,US,2019-11-21
Wanted factory mag wheel for 2018 Dodge Caravan, Nov 08, &excats=134-40&min_price=5000001, Georgia, Augusta, For Sale-Wanted, Wanted, https://augusta.craigslist.org/wan/d/hephzibah-wanted-factory-mag-wheel-for/6997157945.html,Want,2019-11-08,US,2019-11-21
Looking for Porcelain Signs / Road Signs, Nov 08, &excats=134-40&min_price=5000001, New Mexico, Albuquerque, For Sale-Wanted, Wanted, https://albuquerque.craigslist.org/wan/d/albuquerque-looking-for-porcelain-signs/7016530998.html,Want,2019-11-08,US,2019-11-21
nice furnature one owner, Nov 08, &excats=134-40&min_price=5000001, New Mexico, Albuquerque, For Sale-Wanted, Antique By Owner, https://albuquerque.craigslist.org/atq/d/albuquerque-nice-furnature-one-owner/7014823145.html,,2019-11-08,US,2019-11-21
Furniture & Wood Repair Service, Nov 08, &excats=134-40&min_price=5000001, Alabama, Birmingham, For Sale-Wanted, Antique By Owner, https://bham.craigslist.org/atq/d/birmingham-furniture-wood-repair-service/7016245161.html,,2019-11-08,US,2019-11-21
Quick attach snow plow blades, Nov 08, &excats=134-40&min_price=5000001, Washington, Wenatchee, For Sale-Wanted, Farm and Garden, https://wenatchee.craigslist.org/grd/d/monitor-quick-attach-snow-plow-blades/7016562149.html,,2019-11-08,US,2019-11-21
2019 Lund 1675 Adventure SS, Nov 08, &excats=134-40&min_price=5000001, Michigan, Flint, For Sale-Wanted, Boat Parts by Dealer, https://flint.craigslist.org/bod/d/south-range-2019-lund-1675-adventure-ss/7016018611.html,,2019-11-08,US,2019-11-21
4 ft glass tubes, Nov 08, &excats=134-40&min_price=5000001, Nebraska, Lincoln, For Sale-Wanted, Materials, https://lincoln.craigslist.org/mat/d/lincoln-4-ft-glass-tubes/7015909693.html,,2019-11-08,US,2019-11-21
4 ft glass tubes, Nov 08, &excats=134-40&min_price=5000001, Nebraska, Lincoln, For Sale-Wanted, Materials, https://lincoln.craigslist.org/mat/d/lincoln-4-ft-glass-tubes/7015909638.html,,2019-11-08,US,2019-11-21
4 ft glass tubes, Nov 08, &excats=134-40&min_price=5000001, Nebraska, Lincoln, For Sale-Wanted, Materials, https://lincoln.craigslist.org/mat/d/lincoln-4-ft-glass-tubes/7015909488.html,,2019-11-08,US,2019-11-21
Geo furnace, Nov 08, &excats=134-40&min_price=5000001, Oregon, Bend, For Sale-Wanted, General, https://bend.craigslist.org/for/d/madras-geo-furnace/7016457008.html,,2019-11-08,US,2019-11-21
Guitars for sale/ trade, Nov 08, &excats=134-40&min_price=5000001, Oregon, Bend, For Sale-Wanted, Musical Instruments, https://bend.craigslist.org/msg/d/bend-guitars-for-sale-trade/7015998007.html,,2019-11-08,US,2019-11-21
NEW CAR AUDIO EQUIPMENT, Nov 08, &excats=134-40&min_price=5000001, Oregon, Eugene, For Sale-Wanted, Electronic, https://eugene.craigslist.org/eld/d/eugene-new-car-audio-equipment/7015964305.html,,2019-11-08,US,2019-11-21
Antique & Vintage Doors Century Old Barn Doors - All from the Midwest, Nov 07, &excats=134-40&min_price=5000001, Arizona, Phoenix, For Sale-Wanted, Materials, https://phoenix.craigslist.org/nph/mat/d/prescott-antique-vintage-doors-century/7015659727.html,,2019-11-07,US,2019-11-21
Table set for 2, Nov 07, &excats=134-40&min_price=5000001, Arizona, Phoenix, For Sale-Wanted, Furniture, https://phoenix.craigslist.org/evl/fuo/d/scottsdale-table-set-for-2/7015633511.html,,2019-11-07,US,2019-11-21
Patio furniture and accessories, Nov 07, &excats=134-40&min_price=5000001, Arizona, Phoenix, For Sale-Wanted, Furniture, https://phoenix.craigslist.org/evl/fuo/d/scottsdale-patio-furniture-and/7015627991.html,,2019-11-07,US,2019-11-21
WANTED NORDIC RAGE 25, Nov 07, &excats=134-40&min_price=5000001, Arizona, Phoenix, For Sale-Wanted, Boat Parts, https://phoenix.craigslist.org/wvl/boa/d/phoenix-wanted-nordic-rage-25/7007192547.html,Want,2019-11-07,US,2019-11-21
Antique & Vintage Doors Century Old Barn Doors - All from the Midwest, Nov 07, &excats=134-40&min_price=5000001, Arizona, Prescott, For Sale-Wanted, Materials, https://phoenix.craigslist.org/nph/mat/d/prescott-antique-vintage-doors-century/7015659727.html,,2019-11-07,US,2019-11-21
Redlines Christmas Money, Nov 07, &excats=134-40&min_price=5000001, Colorado, Denver, For Sale-Wanted, Toys And Games, https://denver.craigslist.org/tag/d/parker-redlines-christmas-money/7015341627.html,,2019-11-07,US,2019-11-21
Something for everyone!!, Nov 07, &excats=134-40&min_price=5000001, Colorado, Denver, For Sale-Wanted, General, https://denver.craigslist.org/for/d/arvada-something-for-everyone/7015293144.html,,2019-11-07,US,2019-11-21
Dressers night stands etc., Nov 07, &excats=134-40&min_price=5000001, Colorado, Pueblo, For Sale-Wanted, Furniture, https://pueblo.craigslist.org/fuo/d/pueblo-dressers-night-stands-etc/7015776174.html,,2019-11-07,US,2019-11-21
UPDATE! Parts & Project Cars & Trucks 1920&#39;s-80&#39;s 100&#39;s of Cars, Nov 07, &excats=134-40&min_price=5000001, Illinois, Decatur, For Sale-Wanted, Auto Parts by Dealer, https://decatur.craigslist.org/ptd/d/great-bend-update-parts-project-cars/7015849133.html,,2019-11-07,US,2019-11-21
2009 Nissan Altima, Nov 07, &excats=134-40&min_price=5000001, Louisiana, Baton Rouge, For Sale-Wanted, Auto Parts by Owner, https://batonrouge.craigslist.org/pts/d/wann-2009-nissan-altima/7002640814.html,,2019-11-07,US,2019-11-21
Will buy your gold and silver coins, Nov 07, &excats=134-40&min_price=5000001, North Carolina, Asheville, For Sale-Wanted, Wanted, https://asheville.craigslist.org/wan/d/asheville-will-buy-your-gold-and-silver/6999532979.html,,2019-11-07,US,2019-11-21
10 11 12 MERCEDES SPRINTER VANS, Nov 07, &excats=134-40&min_price=5000001, Ohio, Cleveland, For Sale-Wanted, Cars And Trucks, https://cleveland.craigslist.org/cto/d/erie-mercedes-sprinter-vans/7015550425.html,,2019-11-07,US,2019-11-21
10 11 12 MERCEDES SPRINTER VANS, Nov 07, &excats=134-40&min_price=5000001, Ohio, Cleveland, For Sale-Wanted, Cars And by Dealer, https://cleveland.craigslist.org/ctd/d/erie-mercedes-sprinter-vans/7015545838.html,,2019-11-07,US,2019-11-21
L@@King FOR A STORM WINDOW  36&quot; X 46&quot; APPROX., Nov 07, &excats=134-40&min_price=5000001, New York, Buffalo, For Sale-Wanted, Wanted, https://buffalo.craigslist.org/wan/d/buffalo-lking-for-storm-window-approx/6998962569.html,,2019-11-07,US,2019-11-21
10 11 12 MERCEDES SPRINTER VANS, Nov 07, &excats=134-40&min_price=5000001, New York, Buffalo, For Sale-Wanted, Cars And Trucks, https://buffalo.craigslist.org/cto/d/erie-mercedes-sprinter-vans/7015549558.html,,2019-11-07,US,2019-11-21
Vintage frames, Nov 07, &excats=134-40&min_price=5000001, New York, Buffalo, For Sale-Wanted, Antique By Owner, https://buffalo.craigslist.org/atq/d/east-amherst-vintage-frames/7015359588.html,,2019-11-07,US,2019-11-21
Moving sale, Nov 07, &excats=134-40&min_price=5000001, New York, Rochester, For Sale-Wanted, Antique By Owner, https://rochester.craigslist.org/atq/d/williamson-moving-sale/6995786875.html,,2019-11-07,US,2019-11-21
Buying Vehicles quick appraisal, Nov 07, &excats=134-40&min_price=5000001, New York, Syracuse, For Sale-Wanted, Wanted, https://syracuse.craigslist.org/wad/d/south-butler-buying-vehicles-quick/7015293549.html,,2019-11-07,US,2019-11-21
10 11 12 MERCEDES SPRINTER VANS, Nov 07, &excats=134-40&min_price=5000001, Pennsylvania, Erie, For Sale-Wanted, Cars And Trucks, https://erie.craigslist.org/cto/d/erie-mercedes-sprinter-vans/7015548513.html,,2019-11-07,US,2019-11-21
10 11 12 MERCEDES SPRINTER VANS, Nov 07, &excats=134-40&min_price=5000001, Pennsylvania, Erie, For Sale-Wanted, Cars And Trucks, https://buffalo.craigslist.org/cto/d/erie-mercedes-sprinter-vans/7015549558.html,,2019-11-07,US,2019-11-21
Wanted Steelers  Rams tickets, Nov 07, &excats=134-40&min_price=5000001, Pennsylvania, Pittsburgh, For Sale-Wanted, Tickets, https://pittsburgh.craigslist.org/tix/d/pittsburgh-wanted-steelers-rams-tickets/7013919247.html,Want,2019-11-07,US,2019-11-21
1990 Force 50 Outboard- Best Offer, Nov 07, &excats=134-40&min_price=5000001, Maine, Maine, For Sale-Wanted, Boat Parts, https://maine.craigslist.org/bpo/d/harrison-1990-force-50-outboard-best/6997665609.html,,2019-11-07,US,2019-11-21
1999 E450 16 ft. box van, Nov 07, &excats=134-40&min_price=5000001, Oklahoma, Lawton, For Sale-Wanted, Auto Parts by Owner, https://lawton.craigslist.org/pts/d/lawton-1999-e-ft-box-van/7015406199.html,,2019-11-07,US,2019-11-21
Random stuff sale, Nov 07, &excats=134-40&min_price=5000001, Oklahoma, Tulsa, For Sale-Wanted, General, https://tulsa.craigslist.org/for/d/tahlequah-random-stuff-sale/7015828914.html,,2019-11-07,US,2019-11-21
DEALMAKER MECHANIC SPECIALS STARTING AT $500 CASH, Nov 07, &excats=134-40&min_price=5000001, Oklahoma, Tulsa, For Sale-Wanted, Cars And by Dealer, https://tulsa.craigslist.org/ctd/d/tulsa-dealmaker-mechanic-specials/7015481474.html,,2019-11-07,US,2019-11-21
Desks - new I have a variety, Nov 07, &excats=134-40&min_price=5000001, Indiana, Fort Wayne, For Sale-Wanted, General, https://fortwayne.craigslist.org/for/d/angola-desks-new-have-variety/6997438439.html,,2019-11-07,US,2019-11-21
NEW File Cabinets Many Sizes, Nov 07, &excats=134-40&min_price=5000001, Indiana, Fort Wayne, For Sale-Wanted, General, https://fortwayne.craigslist.org/for/d/angola-new-file-cabinets-many-sizes/6997427481.html,,2019-11-07,US,2019-11-21
Farmhouse Furniture!! See all Pics!!, Nov 07, &excats=134-40&min_price=5000001, Indiana, Indianapolis, For Sale-Wanted, Furniture, https://indianapolis.craigslist.org/fuo/d/indianapolis-farmhouse-furniture-see/7015737608.html,,2019-11-07,US,2019-11-21
Looking for Bagpipes, Nov 07, &excats=134-40&min_price=5000001, New Jersey, Jersey Shore, For Sale-Wanted, Wanted, https://jerseyshore.craigslist.org/wan/d/waretown-looking-for-bagpipes/7015366766.html,Want,2019-11-07,US,2019-11-21
Old Toy Trucks and Cars for sale, Nov 07, &excats=134-40&min_price=5000001, Florida, Lakeland, For Sale-Wanted, Collectibles, https://lakeland.craigslist.org/clt/d/lakeland-old-toy-trucks-and-cars-for/7005794677.html,,2019-11-07,US,2019-11-21
Iphone ipads macs Apple Watch ??????, Nov 07, &excats=134-40&min_price=5000001, Florida, Orlando, For Sale-Wanted, Cell Phones by Dealer, https://orlando.craigslist.org/mod/d/orlando-iphone-ipads-macs-apple-watch/7015614051.html,,2019-11-07,US,2019-11-21
We buy phones ???????????? cash, Nov 07, &excats=134-40&min_price=5000001, Florida, Orlando, For Sale-Wanted, Wanted, https://orlando.craigslist.org/wad/d/dearing-we-buy-phones-cash/7015268224.html,,2019-11-07,US,2019-11-21
I PICKUP UNWANTED SCRAP METAL, Nov 07, &excats=134-40&min_price=5000001, Florida, Orlando, For Sale-Wanted, Wanted, https://orlando.craigslist.org/wan/d/altamonte-springs-pickup-unwanted-scrap/7009285683.html,Want,2019-11-07,US,2019-11-21
$$ WE BUY ALL IPHONE 11 11 PRO MAX BRAND NEW --WILL PAY TOP CASH $$$, Nov 07, &excats=134-40&min_price=5000001, Texas, Austin, For Sale-Wanted, Wanted, https://austin.craigslist.org/wad/d/austin-we-buy-all-iphone-pro-max-brand/7015473459.html,,2019-11-07,US,2019-11-21
$$ WE BUY ALL IPHONE 11 11 PRO MAX BRAND NEW --WILL PAY TOP CASH $$$, Nov 07, &excats=134-40&min_price=5000001, Texas, Austin, For Sale-Wanted, Wanted, https://austin.craigslist.org/wad/d/austin-we-buy-all-iphone-pro-max-brand/7015309605.html,,2019-11-07,US,2019-11-21
Equipment for sale, Nov 07, &excats=134-40&min_price=5000001, Texas, Corpus Christi, For Sale-Wanted, Heavy Equipment, https://corpuschristi.craigslist.org/hvo/d/kingsville-equipment-for-sale/7015819269.html,,2019-11-07,US,2019-11-21
carpas mesas sillas jumping ballons party rentals, Nov 07, &excats=134-40&min_price=5000001, Texas, El Paso, For Sale-Wanted, General, https://elpaso.craigslist.org/for/d/el-paso-carpas-mesas-sillas-jumping/7015710126.html,,2019-11-07,US,2019-11-21
Golf Serigraph - Myrtle Beach Dunes Golf - By Mark King, Nov 07, &excats=134-40&min_price=5000001, Nevada, Las Vegas, For Sale-Wanted, Sporting Goods, https://lasvegas.craigslist.org/spo/d/las-vegas-golf-serigraph-myrtle-beach/7015460872.html,,2019-11-07,US,2019-11-21
Electric guitar signed by Slash from Guns and Roses, Nov 07, &excats=134-40&min_price=5000001, Nevada, Las Vegas, For Sale-Wanted, Collectibles, https://lasvegas.craigslist.org/clt/d/henderson-electric-guitar-signed-by/7015352745.html,,2019-11-07,US,2019-11-21
CASH TODAY FOR ANTIQUE CARS/TRUCKS, Nov 07, &excats=134-40&min_price=5000001, Tennessee, Jackson, For Sale-Wanted, Cars And Trucks, https://jacksontn.craigslist.org/cto/d/eads-cash-today-for-antique-cars-trucks/7015441268.html,,2019-11-07,US,2019-11-21
New and 90&#39;s ROOKIES, Nov 07, &excats=134-40&min_price=5000001, Tennessee, Knoxville, For Sale-Wanted, Collectibles, https://knoxville.craigslist.org/clt/d/morristown-new-and-90s-rookies/7015405492.html,,2019-11-07,US,2019-11-21
harley parts cheap, Nov 07, &excats=134-40&min_price=5000001, California, Merced, For Sale-Wanted, Motorcycle Parts, https://merced.craigslist.org/mpo/d/merced-harley-parts-cheap/7015559234.html,,2019-11-07,US,2019-11-21
Electric signed by Slash from Guns and Roses, Nov 07, &excats=134-40&min_price=5000001, California, Orange County, For Sale-Wanted, Musical Instruments, https://orangecounty.craigslist.org/msg/d/anaheim-electric-signed-by-slash-from/7015247020.html,,2019-11-07,US,2019-11-21
WANTED RVs trailers motorhomes pop-ups fifth wheel toy haulers trucks, Nov 07, &excats=134-40&min_price=5000001, California, Sacramento, For Sale-Wanted, RVs, https://sacramento.craigslist.org/rvd/d/sacramento-wanted-rvs-trailers/7015479686.html,Want,2019-11-07,US,2019-11-21
We pay top dollar for Motorhome Fifth Wheel Travel Trailer, Nov 07, &excats=134-40&min_price=5000001, California, Sacramento, For Sale-Wanted, NA, https://sacramento.craigslist.org/trb/d/sacramento-we-pay-top-dollar-for/7015477171.html,,2019-11-07,US,2019-11-21
Baby stuff, Nov 07, &excats=134-40&min_price=5000001, California, Santa Maria, For Sale-Wanted, Baby Kids by Owner, https://santamaria.craigslist.org/bab/d/santa-maria-baby-stuff/7015555818.html,,2019-11-07,US,2019-11-21
I Buy MacBooks and Other Apple/Samsung Products, Nov 07, &excats=134-40&min_price=5000001, Kansas, Wichita, For Sale-Wanted, Wanted, https://wichita.craigslist.org/wan/d/wichita-buy-macbooks-and-other-apple/7015443157.html,,2019-11-07,US,2019-11-21
66 Ford, Nov 07, &excats=134-40&min_price=5000001, Virginia, Roanoke, For Sale-Wanted, Cars And Trucks, https://roanoke.craigslist.org/cto/d/roanoke-66-ford/7015467406.html,,2019-11-07,US,2019-11-21
??Trees Cut ?TREE REMOVAL TRIMMING TREE SERVICE TREE PRUNING TREE, Nov 07, &excats=134-40&min_price=5000001, Georgia, Atlanta, For Sale-Wanted, Farm and Garden, https://atlanta.craigslist.org/nat/grq/d/marietta-trees-cut-tree-removal/7015640169.html,,2019-11-07,US,2019-11-21
??PLOPPLOPFIZZFIZZ O WATA RELIEF IS 2 Hav D DEAD TREE GONE TREE, Nov 07, &excats=134-40&min_price=5000001, Georgia, Atlanta, For Sale-Wanted, Farm and Garden, https://atlanta.craigslist.org/nat/grq/d/marietta-plopplopfizzfizz-wata-relief/7015440691.html,,2019-11-07,US,2019-11-21
??Trees Cut ?TREE REMOVAL TRIMMING TREE SERVICE TREE PRUNING TREE, Nov 07, &excats=134-40&min_price=5000001, Georgia, Atlanta, For Sale-Wanted, Farm and Garden, https://atlanta.craigslist.org/nat/grq/d/marietta-trees-cut-tree-removal/7015264905.html,,2019-11-07,US,2019-11-21
Antique and more antiques at the mall, Nov 07, &excats=134-40&min_price=5000001, Utah, Salt Lake City, For Sale-Wanted, Antique By Owner, https://saltlakecity.craigslist.org/atq/d/salt-lake-city-antique-and-more/6995755253.html,,2019-11-07,US,2019-11-21
New and Used Desktops and Laptops, Nov 07, &excats=134-40&min_price=5000001, Oregon, Bend, For Sale-Wanted, Computers, https://bend.craigslist.org/sys/d/redmond-new-and-used-desktops-and/7015729004.html,,2019-11-07,US,2019-11-21
Shipping Containers / Storage Containers / Cargo Containers(Container), Nov 07, &excats=134-40&min_price=5000001, Oregon, Bend, For Sale-Wanted, General, https://bend.craigslist.org/fod/d/shipping-containers-storage-containers/7015495475.html,,2019-11-07,US,2019-11-21
Shipping Containers / Storage Containers / Cargo Containers(Container), Nov 07, &excats=134-40&min_price=5000001, Oregon, Eugene, For Sale-Wanted, General, https://eugene.craigslist.org/fod/d/shipping-containers-storage-containers/7015498101.html,,2019-11-07,US,2019-11-21
Shipping Containers / Storage Containers / Cargo Containers(Container), Nov 07, &excats=134-40&min_price=5000001, Oregon, Portland, For Sale-Wanted, General, https://portland.craigslist.org/mlt/fod/d/shipping-containers-storage-containers/7015500730.html,,2019-11-07,US,2019-11-21
Shipping Containers / Storage Containers / Cargo Containers(Container), Nov 07, &excats=134-40&min_price=5000001, Oregon, Salem, For Sale-Wanted, General, https://salem.craigslist.org/fod/d/shipping-containers-storage-containers/7015503197.html,,2019-11-07,US,2019-11-21
We buy Golf CLubs  shafts Range Finders and more, Nov 06, &excats=134-40&min_price=5000001, Arizona, Phoenix, For Sale-Wanted, Sporting Goods, https://phoenix.craigslist.org/evl/spo/d/phoenix-we-buy-golf-clubs-shafts-range/6995028354.html,Want,2019-11-06,US,2019-11-21
ELECTRIC TOOLS - VARIETY, Nov 06, &excats=134-40&min_price=5000001, Arizona, Phoenix, For Sale-Wanted, Tools, https://phoenix.craigslist.org/evl/tls/d/apache-junction-electric-tools-variety/7007013795.html,,2019-11-06,US,2019-11-21
Woodturning tools, Nov 06, &excats=134-40&min_price=5000001, Arizona, Phoenix, For Sale-Wanted, Tools, https://phoenix.craigslist.org/cph/tls/d/glendale-woodturning-tools/7014987736.html,,2019-11-06,US,2019-11-21
BACKHOE WORK NEEDED, Nov 06, &excats=134-40&min_price=5000001, Arizona, Yuma, For Sale-Wanted, Wanted, https://yuma.craigslist.org/wan/d/yuma-backhoe-work-needed/7005897540.html,Want,2019-11-06,US,2019-11-21
TILE LAYER FOR SHOWER, Nov 06, &excats=134-40&min_price=5000001, Arizona, Yuma, For Sale-Wanted, Wanted, https://yuma.craigslist.org/wan/d/yuma-tile-layer-for-shower/7005896532.html,,2019-11-06,US,2019-11-21
Looking for swamp coolers and ac units, Nov 06, &excats=134-40&min_price=5000001, Colorado, Pueblo, For Sale-Wanted, Wanted, https://pueblo.craigslist.org/wan/d/pueblo-looking-for-swamp-coolers-and-ac/7007790330.html,Want,2019-11-06,US,2019-11-21
swamp coolers and AC unit&#39;s  And swamp cooler&#39;s face covers, Nov 06, &excats=134-40&min_price=5000001, Colorado, Pueblo, For Sale-Wanted, Wanted, https://pueblo.craigslist.org/wan/d/pueblo-swamp-coolers-and-ac-units-and/7009088129.html,,2019-11-06,US,2019-11-21
Any calf, Nov 06, &excats=134-40&min_price=5000001, Illinois, Rockford, For Sale-Wanted, Farm and Garden, https://rockford.craigslist.org/grd/d/freeport-any-calf/7014692424.html,,2019-11-06,US,2019-11-21
Wanted B&S 12.5  cylinder head, Nov 06, &excats=134-40&min_price=5000001, Minnesota, St Cloud, For Sale-Wanted, Wanted, https://stcloud.craigslist.org/wan/d/saint-cloud-wanted-bs-125-cylinder-head/6998944065.html,Want,2019-11-06,US,2019-11-21
Family in need of food, Nov 06, &excats=134-40&min_price=5000001, North Carolina, Fayetteville, For Sale-Wanted, Wanted, https://fayetteville.craigslist.org/wan/d/orrum-family-in-need-of-food/7015169271.html,Want,2019-11-06,US,2019-11-21
Family in need of food, Nov 06, &excats=134-40&min_price=5000001, North Carolina, Fayetteville, For Sale-Wanted, Wanted, https://fayetteville.craigslist.org/wan/d/orrum-family-in-need-of-food/7015168437.html,Want,2019-11-06,US,2019-11-21
Are you wealthy?, Nov 06, &excats=134-40&min_price=5000001, Mississippi, Hattiesburg, For Sale-Wanted, Wanted, https://hattiesburg.craigslist.org/wan/d/hattiesburg-are-you-wealthy/7006526880.html,,2019-11-06,US,2019-11-21
Tools, Nov 06, &excats=134-40&min_price=5000001, New York, Buffalo, For Sale-Wanted, Tools, https://buffalo.craigslist.org/tls/d/spring-brook-tools/7015174148.html,,2019-11-06,US,2019-11-21
Mobile mechanic or Drop Off To Me, Nov 06, &excats=134-40&min_price=5000001, New York, Long Island, For Sale-Wanted, Auto Parts by Owner, https://longisland.craigslist.org/pts/d/brookhaven-mobile-mechanic-or-drop-off/7014609160.html,,2019-11-06,US,2019-11-21
TOP CASH PAID FOR GOOD USED FURNITURE, Nov 06, &excats=134-40&min_price=5000001, West Virginia, Morgantown, For Sale-Wanted, Wanted, https://morgantown.craigslist.org/wad/d/clarksburg-top-cash-paid-for-good-used/7015103119.html,,2019-11-06,US,2019-11-21
Wanted- giveaway unwanted building materials, Nov 06, &excats=134-40&min_price=5000001, West Virginia, Morgantown, For Sale-Wanted, Wanted, https://morgantown.craigslist.org/wan/d/mannington-wanted-giveaway-unwanted/7014587960.html,Want,2019-11-06,US,2019-11-21
WANTED: ALL VINTAGE HOT WHEELS, Nov 06, &excats=134-40&min_price=5000001, Pennsylvania, Lancaster, For Sale-Wanted, Wanted, https://lancaster.craigslist.org/wan/d/furlong-wanted-all-vintage-hot-wheels/7000746859.html,Want,2019-11-06,US,2019-11-21
WANTED: ALL VINTAGE HOT WHEELS, Nov 06, &excats=134-40&min_price=5000001, Pennsylvania, Lancaster, For Sale-Wanted, Wanted, https://lancaster.craigslist.org/wan/d/furlong-wanted-all-vintage-hot-wheels/7000746533.html,Want,2019-11-06,US,2019-11-21
WANTED: ALL VINTAGE HOT WHEELS, Nov 06, &excats=134-40&min_price=5000001, Pennsylvania, Lancaster, For Sale-Wanted, Wanted, https://lancaster.craigslist.org/wan/d/furlong-wanted-all-vintage-hot-wheels/7000746220.html,Want,2019-11-06,US,2019-11-21
WANTED: ALL VINTAGE HOT WHEELS, Nov 06, &excats=134-40&min_price=5000001, Pennsylvania, Lancaster, For Sale-Wanted, Wanted, https://lancaster.craigslist.org/wan/d/furlong-wanted-all-vintage-hot-wheels/7000745841.html,Want,2019-11-06,US,2019-11-21
WANTED: ALL VINTAGE HOT WHEELS, Nov 06, &excats=134-40&min_price=5000001, Pennsylvania, Lancaster, For Sale-Wanted, Wanted, https://lancaster.craigslist.org/wan/d/furlong-wanted-all-vintage-hot-wheels/7000723086.html,Want,2019-11-06,US,2019-11-21
WANTED: ALL VINTAGE HOT WHEELS, Nov 06, &excats=134-40&min_price=5000001, Pennsylvania, Lancaster, For Sale-Wanted, Wanted, https://lancaster.craigslist.org/wan/d/furlong-wanted-all-vintage-hot-wheels/7000722352.html,Want,2019-11-06,US,2019-11-21
Looking for 2 VIP stadium tour, Nov 06, &excats=134-40&min_price=5000001, Pennsylvania, Philadelphia, For Sale-Wanted, Wanted, https://philadelphia.craigslist.org/wan/d/philadelphia-looking-for-2-vip-stadium/7014592460.html,Want,2019-11-06,US,2019-11-21
Army uniforns...., Nov 06, &excats=134-40&min_price=5000001, Pennsylvania, Pittsburgh, For Sale-Wanted, General, https://pittsburgh.craigslist.org/for/d/pittsburgh-army-uniforns/7015071394.html,,2019-11-06,US,2019-11-21
Change Machines / Bill Changers, Nov 06, &excats=134-40&min_price=5000001, Pennsylvania, Poconos, For Sale-Wanted, General, https://poconos.craigslist.org/for/d/east-stroudsburg-change-machines-bill/7001286962.html,,2019-11-06,US,2019-11-21
Cigarette Signs clocks thermometers, Nov 06, &excats=134-40&min_price=5000001, Missouri, St Louis, For Sale-Wanted, General, https://stlouis.craigslist.org/for/d/saint-louis-cigarette-signs-clocks/7011969285.html,,2019-11-06,US,2019-11-21
Large retractable Maps, Nov 06, &excats=134-40&min_price=5000001, New Jersey, Jersey Shore, For Sale-Wanted, Collectibles, https://jerseyshore.craigslist.org/clt/d/forked-river-large-retractable-maps/7015203180.html,,2019-11-06,US,2019-11-21
You can buy these products and many more on my new website, Nov 06, &excats=134-40&min_price=5000001, Florida, Jacksonville, For Sale-Wanted, Household, https://jacksonville.craigslist.org/hsh/d/jacksonville-you-can-buy-these-products/7014575703.html,,2019-11-06,US,2019-11-21
We pay cash ???? for phones ??????, Nov 06, &excats=134-40&min_price=5000001, Florida, Orlando, For Sale-Wanted, Wanted, https://orlando.craigslist.org/wad/d/dearing-we-pay-cash-for-phones/7015044228.html,,2019-11-06,US,2019-11-21
Iphone 7 7 plus 8 X XR 11 pro max, Nov 06, &excats=134-40&min_price=5000001, Florida, Orlando, For Sale-Wanted, Cell Phones by Dealer, https://orlando.craigslist.org/mod/d/dearing-iphone-7-7-plus-8-xr-11-pro-max/7014796078.html,,2019-11-06,US,2019-11-21
$$ WE BUY ALL IPHONE 11 11 PRO MAX BRAND NEW --WILL PAY TOP CASH $$$, Nov 06, &excats=134-40&min_price=5000001, Texas, Austin, For Sale-Wanted, Wanted, https://austin.craigslist.org/wad/d/austin-we-buy-all-iphone-pro-max-brand/7014735416.html,,2019-11-06,US,2019-11-21
Audi A4 s-line trade for 3 phase 480v generator, Nov 06, &excats=134-40&min_price=5000001, Texas, Houston, For Sale-Wanted, Cars And Trucks, https://houston.craigslist.org/cto/d/elgin-audi-a4-line-trade-for-3-phase/7015135834.html,,2019-11-06,US,2019-11-21
De venta herramientas varias, Nov 06, &excats=134-40&min_price=5000001, Nevada, Las Vegas, For Sale-Wanted, Tools, https://lasvegas.craigslist.org/tls/d/las-vegas-de-venta-herramientas-varias/7015113304.html,,2019-11-06,US,2019-11-21
Large variety of jewelry, Nov 06, &excats=134-40&min_price=5000001, Nevada, Las Vegas, For Sale-Wanted, Jewelry, https://lasvegas.craigslist.org/jwl/d/las-vegas-large-variety-of-jewelry/7001833752.html,,2019-11-06,US,2019-11-21
Blantons bourbon, Nov 06, &excats=134-40&min_price=5000001, Kentucky, Lexington, For Sale-Wanted, Collectibles, https://louisville.craigslist.org/clt/d/lexington-blantons-bourbon/7015098441.html,,2019-11-06,US,2019-11-21
Blantons bourbon, Nov 06, &excats=134-40&min_price=5000001, Kentucky, Louisville, For Sale-Wanted, Collectibles, https://louisville.craigslist.org/clt/d/lexington-blantons-bourbon/7015098441.html,,2019-11-06,US,2019-11-21
WE PAY CASH FOR BRAND NEW AND USED SMARTPHONES , Nov 06, &excats=134-40&min_price=5000001, California, Los Angeles, For Sale-Wanted, Wanted, https://losangeles.craigslist.org/lac/wad/d/los-angeles-we-pay-cash-for-brand-new/7014931004.html,,2019-11-06,US,2019-11-21
WTB - Blizzard Entertainment Collections / Blizzcon items & Loot Cards, Nov 06, &excats=134-40&min_price=5000001, California, Orange County, For Sale-Wanted, Wanted, https://orangecounty.craigslist.org/wan/d/laguna-niguel-wtb-blizzard/7014989978.html,,2019-11-06,US,2019-11-21
We pay top dollar for Motorhome Fifth Wheel Travel Trailer, Nov 06, &excats=134-40&min_price=5000001, California, Sacramento, For Sale-Wanted, NA, https://sacramento.craigslist.org/trb/d/sacramento-we-pay-top-dollar-for/7014879534.html,,2019-11-06,US,2019-11-21
WANTED RVs trailers motorhomes pop-ups fifth wheel toy haulers trucks, Nov 06, &excats=134-40&min_price=5000001, California, Sacramento, For Sale-Wanted, RVs, https://sacramento.craigslist.org/rvd/d/sacramento-wanted-rvs-trailers/7014878345.html,Want,2019-11-06,US,2019-11-21
Vintage Unbuilt Airplane Kits, Nov 06, &excats=134-40&min_price=5000001, California, Santa Barbara, For Sale-Wanted, NA, https://santabarbara.craigslist.org/avo/d/buellton-vintage-unbuilt-airplane-kits/7014999453.html,,2019-11-06,US,2019-11-21
!LoOk!-FAST-CASH-4-YOUR-JUNKER!!, Nov 06, &excats=134-40&min_price=5000001, Kansas, Wichita, For Sale-Wanted, Wanted, https://wichita.craigslist.org/wan/d/wichita-look-fast-cash-4-your-junker/6995905328.html,,2019-11-06,US,2019-11-21
Dolls, Nov 06, &excats=134-40&min_price=5000001, Virginia, Lynchburg, For Sale-Wanted, Toys And Games, https://lynchburg.craigslist.org/tag/d/evington-dolls/7015088946.html,,2019-11-06,US,2019-11-21
LeBlond Regal 15 Servo Shift Metal Lathe Part Out, Nov 06, &excats=134-40&min_price=5000001, Virginia, Lynchburg, For Sale-Wanted, Tools, https://lynchburg.craigslist.org/tls/d/forest-leblond-regal-15-servo-shift/7014932350.html,,2019-11-06,US,2019-11-21
??Trees Cut ?TREE REMOVAL TRIMMING TREE SERVICE TREE PRUNING TREE, Nov 06, &excats=134-40&min_price=5000001, Georgia, Atlanta, For Sale-Wanted, Farm and Garden, https://atlanta.craigslist.org/nat/grq/d/marietta-trees-cut-tree-removal/7014585052.html,,2019-11-06,US,2019-11-21
Ps4, Nov 06, &excats=134-40&min_price=5000001, Michigan, Grand Rapids, For Sale-Wanted, Electronics, https://grandrapids.craigslist.org/ele/d/sparta-ps4/7015037198.html,,2019-11-06,US,2019-11-21
2019 Topps Baseball, Nov 06, &excats=134-40&min_price=5000001, Michigan, Lansing, For Sale-Wanted, Collectibles, https://lansing.craigslist.org/clt/d/mount-pleasant-2019-topps-baseball/7014736817.html,,2019-11-06,US,2019-11-21
OLYMPUS, Nov 05, &excats=134-40&min_price=5000001, Connecticut, Hartford, For Sale-Wanted, Photo And Video, https://hartford.craigslist.org/pho/d/vernon-rockville-olympus/7014480730.html,,2019-11-05,US,2019-11-21
Buying Nascar Fire Suits Sheet Metal Crew Shirts and More, Nov 05, &excats=134-40&min_price=5000001, North Carolina, Charlotte, For Sale-Wanted, Wanted, https://charlotte.craigslist.org/wan/d/lowell-buying-nascar-fire-suits-sheet/7014219543.html,,2019-11-05,US,2019-11-21
Cash for Junk Vehicles!! No Title OK!!, Nov 05, &excats=134-40&min_price=5000001, North Carolina, Fayetteville, For Sale-Wanted, Wanted, https://fayetteville.craigslist.org/wad/d/fayetteville-cash-for-junk-vehicles-no/7014036805.html,,2019-11-05,US,2019-11-21
CAMRY WANTED, Nov 05, &excats=134-40&min_price=5000001, Ohio, Cincinnati, For Sale-Wanted, Wanted, https://cincinnati.craigslist.org/wan/d/west-college-corner-camry-wanted/7014260592.html,Want,2019-11-05,US,2019-11-21
Assorted Wood Boards, Nov 05, &excats=134-40&min_price=5000001, Ohio, Toledo, For Sale-Wanted, Materials, https://toledo.craigslist.org/mat/d/defiance-assorted-wood-boards/7014446858.html,,2019-11-05,US,2019-11-21
GE Refrigerator, Nov 05, &excats=134-40&min_price=5000001, New York, Catskills, For Sale-Wanted, Appliance by Owner, https://catskills.craigslist.org/app/d/kiamesha-lake-ge-refrigerator/6998971628.html,,2019-11-05,US,2019-11-21
70s Clothing WANTED, Nov 05, &excats=134-40&min_price=5000001, West Virginia, Morgantown, For Sale-Wanted, Clothes, https://morgantown.craigslist.org/clo/d/morgantown-70s-clothing-wanted/7014226570.html,Want,2019-11-05,US,2019-11-21
Livestock Equipment, Nov 05, &excats=134-40&min_price=5000001, Iowa, Sioux City, For Sale-Wanted, Farm and Garden, https://siouxcity.craigslist.org/grd/d/bloomfield-livestock-equipment/7013990603.html,,2019-11-05,US,2019-11-21
Bears coins Dolls regan bear sports memorabilia - auction, Nov 05, &excats=134-40&min_price=5000001, Pennsylvania, Lancaster, For Sale-Wanted, Collectibles, https://lancaster.craigslist.org/clt/d/quarryville-bears-coins-dolls-regan/7014300109.html,,2019-11-05,US,2019-11-21
88-98 chevy parts, Nov 05, &excats=134-40&min_price=5000001, Maine, Maine, For Sale-Wanted, Auto Parts by Owner, https://maine.craigslist.org/pts/d/skowhegan-chevy-parts/6997393571.html,,2019-11-05,US,2019-11-21
Wanted Broken arcades / jukeboxes /pinballs/ skee ball, Nov 05, &excats=134-40&min_price=5000001, Missouri, St Louis, For Sale-Wanted, Wanted, https://stlouis.craigslist.org/wan/d/cedar-hill-wanted-broken-arcades/6995744390.html,Want,2019-11-05,US,2019-11-21
Portmeirion, Nov 05, &excats=134-40&min_price=5000001, Missouri, St Louis, For Sale-Wanted, General, https://stlouis.craigslist.org/for/d/saint-louis-portmeirion/7014444092.html,,2019-11-05,US,2019-11-21
Galaxy, Nov 05, &excats=134-40&min_price=5000001, Missouri, St Louis, For Sale-Wanted, Art by Owner, https://stlouis.craigslist.org/art/d/union-galaxy/7014237092.html,,2019-11-05,US,2019-11-21
DEALMAKER MECHANIC SPECIALS STARTING AT $500 CASH, Nov 05, &excats=134-40&min_price=5000001, Oklahoma, Tulsa, For Sale-Wanted, Cars And by Dealer, https://tulsa.craigslist.org/ctd/d/tulsa-dealmaker-mechanic-specials/7014254620.html,,2019-11-05,US,2019-11-21
1994 CHEVROLET CORVETTE...1987 CHEVROLET CORVETTE, Nov 05, &excats=134-40&min_price=5000001, Oklahoma, Tulsa, For Sale-Wanted, Cars And by Dealer, https://tulsa.craigslist.org/ctd/d/tulsa-1994-chevrolet-corvette1987/7014155581.html,,2019-11-05,US,2019-11-21
MATTRESS & Bedroom Furniture *** STORE CLOSING SALE ***, Nov 05, &excats=134-40&min_price=5000001, Vermont, Vermont, For Sale-Wanted, Furniture, https://vermont.craigslist.org/fud/d/saint-albans-mattress-bedroom-furniture/7014024846.html,,2019-11-05,US,2019-11-21
CASH TODAY FOR YOUR ROLEX WATCH, Nov 05, &excats=134-40&min_price=5000001, Florida, Jacksonville, For Sale-Wanted, Jewelry, https://jacksonville.craigslist.org/jwl/d/jacksonville-cash-today-for-your-rolex/7014511171.html,,2019-11-05,US,2019-11-21
Gold Buyers Diamond Buyers Rolex Buyers Jewelry Buyers Cash ., Nov 05, &excats=134-40&min_price=5000001, Florida, Lakeland, For Sale-Wanted, Jewelry, https://lakeland.craigslist.org/jwl/d/lakeland-gold-buyers-diamond-buyers/7014471968.html,,2019-11-05,US,2019-11-21
lots of dream sickle angles, Nov 05, &excats=134-40&min_price=5000001, Florida, Lakeland, For Sale-Wanted, Household, https://lakeland.craigslist.org/hsh/d/eagle-lake-lots-of-dream-sickle-angles/7014435303.html,,2019-11-05,US,2019-11-21
POLE BARN, Nov 05, &excats=134-40&min_price=5000001, Florida, Panama City, For Sale-Wanted, Farm and Garden, https://panamacity.craigslist.org/grq/d/panama-city-pole-barn/7014124994.html,,2019-11-05,US,2019-11-21
$$ WE BUY ALL IPHONE 11 11 PRO MAX BRAND NEW --WILL PAY TOP CASH $$$, Nov 05, &excats=134-40&min_price=5000001, Texas, Austin, For Sale-Wanted, Wanted, https://austin.craigslist.org/wad/d/austin-we-buy-all-iphone-pro-max-brand/7014533651.html,,2019-11-05,US,2019-11-21
98 CHEVY TRUCK PARTS, Nov 05, &excats=134-40&min_price=5000001, Texas, El Paso, For Sale-Wanted, Auto Parts by Owner, https://elpaso.craigslist.org/pts/d/anthony-98-chevy-truck-parts/7006576186.html,,2019-11-05,US,2019-11-21
Sale horizon area aguadulce, Nov 05, &excats=134-40&min_price=5000001, Texas, El Paso, For Sale-Wanted, NA, https://elpaso.craigslist.org/wto/d/el-paso-sale-horizon-area-aguadulce/6994590460.html,,2019-11-05,US,2019-11-21
baby gently used clothes, Nov 05, &excats=134-40&min_price=5000001, Texas, El Paso, For Sale-Wanted, Clothes, https://elpaso.craigslist.org/clo/d/baby-gently-used-clothes/7014100773.html,,2019-11-05,US,2019-11-21
Nutritional Cookbooks, Nov 05, &excats=134-40&min_price=5000001, Texas, Victoria, For Sale-Wanted, Books, https://victoriatx.craigslist.org/bks/d/goliad-nutritional-cookbooks/6998749954.html,,2019-11-05,US,2019-11-21
Tupperware Vintage, Nov 05, &excats=134-40&min_price=5000001, Nevada, Las Vegas, For Sale-Wanted, Household, https://lasvegas.craigslist.org/hsh/d/las-vegas-tupperware-vintage/6994715467.html,,2019-11-05,US,2019-11-21
Antique Candy Dish, Nov 05, &excats=134-40&min_price=5000001, Nevada, Las Vegas, For Sale-Wanted, Antique By Owner, https://lasvegas.craigslist.org/atq/d/las-vegas-antique-candy-dish/6994701230.html,,2019-11-05,US,2019-11-21
Brand new tools, Nov 05, &excats=134-40&min_price=5000001, Nevada, Las Vegas, For Sale-Wanted, Tools, https://lasvegas.craigslist.org/tls/d/henderson-brand-new-tools/7014020088.html,,2019-11-05,US,2019-11-21
02 envoy parts all removed already, Nov 05, &excats=134-40&min_price=5000001, Kentucky, Louisville, For Sale-Wanted, Auto Parts by Owner, https://louisville.craigslist.org/pts/d/salem-02-envoy-parts-all-removed-already/7014123932.html,,2019-11-05,US,2019-11-21
Airless paint sprayer, Nov 05, &excats=134-40&min_price=5000001, Tennessee, Knoxville, For Sale-Wanted, Tools, https://knoxville.craigslist.org/tls/d/knoxville-airless-paint-sprayer/7013923771.html,,2019-11-05,US,2019-11-21
WE BUY IPHONES- WE PAYCASH, Nov 05, &excats=134-40&min_price=5000001, California, Los Angeles, For Sale-Wanted, Wanted, https://losangeles.craigslist.org/lac/wad/d/los-angeles-we-buy-iphones-we-paycash/7014408438.html,,2019-11-05,US,2019-11-21
WE BUY IPHONES AND SAMSUNGS, Nov 05, &excats=134-40&min_price=5000001, California, Los Angeles, For Sale-Wanted, Wanted, https://losangeles.craigslist.org/lac/wad/d/los-angeles-we-buy-iphones-and-samsungs/7014357432.html,,2019-11-05,US,2019-11-21
HUNTER R811 ALIGNMENT MACHINE, Nov 05, &excats=134-40&min_price=5000001, California, Merced, For Sale-Wanted, Auto Parts by Owner, https://merced.craigslist.org/pts/d/merced-hunter-r811-alignment-machine/7014424158.html,,2019-11-05,US,2019-11-21
cash FOR MAC CASH FOR MacBook Pro CASH FOR MacBook Air, Nov 05, &excats=134-40&min_price=5000001, California, Orange County, For Sale-Wanted, Wanted, https://orangecounty.craigslist.org/wad/d/anaheim-cash-for-mac-cash-for-macbook/7014442406.html,,2019-11-05,US,2019-11-21
WANTED RVs trailers motorhomes pop-ups fifth wheel toy haulers trucks, Nov 05, &excats=134-40&min_price=5000001, California, Sacramento, For Sale-Wanted, RVs, https://sacramento.craigslist.org/rvd/d/sacramento-wanted-rvs-trailers/7014222533.html,Want,2019-11-05,US,2019-11-21
We pay top dollar for Motorhome Fifth Wheel Travel Trailer, Nov 05, &excats=134-40&min_price=5000001, California, Sacramento, For Sale-Wanted, NA, https://sacramento.craigslist.org/trb/d/sacramento-we-pay-top-dollar-for/7014214989.html,,2019-11-05,US,2019-11-21
We pay top dollar for Motorhome Fifth Wheel Travel Trailer, Nov 05, &excats=134-40&min_price=5000001, California, Sacramento, For Sale-Wanted, NA, https://sacramento.craigslist.org/trb/d/sacramento-we-pay-top-dollar-for/7014038597.html,,2019-11-05,US,2019-11-21
I Buy AppleWatches and Other Electronics, Nov 05, &excats=134-40&min_price=5000001, Kansas, Wichita, For Sale-Wanted, Wanted, https://wichita.craigslist.org/wan/d/wichita-buy-applewatches-and-other/7014296637.html,,2019-11-05,US,2019-11-21
I Buy Apple/Samsung Smartphones, Nov 05, &excats=134-40&min_price=5000001, Kansas, Wichita, For Sale-Wanted, Wanted, https://wichita.craigslist.org/wan/d/wichita-buy-apple-samsung-smartphones/7014295173.html,,2019-11-05,US,2019-11-21
!!LoOk!!Fast-CASH-4YOUR-JUNKER!!, Nov 05, &excats=134-40&min_price=5000001, Kansas, Wichita, For Sale-Wanted, Wanted, https://wichita.craigslist.org/wan/d/wichita-lookfast-cash-4your-junker/7001430619.html,,2019-11-05,US,2019-11-21
??Trees Cut ?TREE REMOVAL TRIMMING TREE SERVICE TREE PRUNING TREE, Nov 05, &excats=134-40&min_price=5000001, Georgia, Atlanta, For Sale-Wanted, Farm and Garden, https://atlanta.craigslist.org/nat/grq/d/marietta-trees-cut-tree-removal/7014145876.html,,2019-11-05,US,2019-11-21
??Trees Cut ?TREE REMOVAL TRIMMING TREE SERVICE TREE PRUNING TREE, Nov 05, &excats=134-40&min_price=5000001, Georgia, Atlanta, For Sale-Wanted, Farm and Garden, https://atlanta.craigslist.org/nat/grq/d/marietta-trees-cut-tree-removal/7013925978.html,,2019-11-05,US,2019-11-21
??MOONSHINE??OLD MOUNTAIN &FOOTHILL Blend Dont tel D SHERIFF, Nov 05, &excats=134-40&min_price=5000001, Georgia, Atlanta, For Sale-Wanted, Farm and Garden, https://atlanta.craigslist.org/nat/grq/d/marietta-moonshineold-mountain-foothill/7013925040.html,,2019-11-05,US,2019-11-21
Farm Stuff, Nov 05, &excats=134-40&min_price=5000001, Georgia, Atlanta, For Sale-Wanted, Farm and Garden, https://atlanta.craigslist.org/sat/grd/d/fayetteville-farm-stuff/6994202011.html,,2019-11-05,US,2019-11-21
Christmas Warehouse Clearance Sale, Nov 05, &excats=134-40&min_price=5000001, Alabama, Dothan, For Sale-Wanted, General, https://dothan.craigslist.org/for/d/enterprise-christmas-warehouse/7014519633.html,,2019-11-05,US,2019-11-21
2 Large Storage Containers, Nov 05, &excats=134-40&min_price=5000001, Alabama, Mobile, For Sale-Wanted, Wanted, https://mobile.craigslist.org/wan/d/grand-bay-2-large-storage-containers/7014110634.html,,2019-11-05,US,2019-11-21
mid-year corvette parts, Nov 05, &excats=134-40&min_price=5000001, Washington, Wenatchee, For Sale-Wanted, Auto Parts by Owner, https://wenatchee.craigslist.org/pts/d/east-wenatchee-mid-year-corvette-parts/7014432751.html,,2019-11-05,US,2019-11-21
1951 Chevy Olds Pontiac 2 door hardtop stainless, Nov 04, &excats=134-40&min_price=5000001, Arizona, Phoenix, For Sale-Wanted, Auto Parts by Owner, https://phoenix.craigslist.org/cph/pts/d/scottsdale-1951-chevy-olds-pontiac-2/7013757242.html,,2019-11-04,US,2019-11-21
Lots of LIKE NEW STUFF, Nov 04, &excats=134-40&min_price=5000001, Arizona, Phoenix, For Sale-Wanted, General, https://phoenix.craigslist.org/nph/for/d/phoenix-lots-of-like-new-stuff/7013707117.html,,2019-11-04,US,2019-11-21
Interested in an Old VW Karmann Ghia for Restoration, Nov 04, &excats=134-40&min_price=5000001, Colorado, Denver, For Sale-Wanted, Wanted, https://denver.craigslist.org/wan/d/interested-in-an-old-vw-karmann-ghia/7013758982.html,,2019-11-04,US,2019-11-21
2016 Jeep Grand Cherokee 4WD 4dr Limited, Nov 04, &excats=134-40&min_price=5000001, Colorado, Denver, For Sale-Wanted, Cars And by Dealer, https://denver.craigslist.org/ctd/d/denver-2016-jeep-grand-cherokee-4wd-4dr/7013524358.html,,2019-11-04,US,2019-11-21
2015 GMC Sierra 1500 4WD Crew Cab 143.5&quot;, Nov 04, &excats=134-40&min_price=5000001, Colorado, Denver, For Sale-Wanted, Cars And by Dealer, https://denver.craigslist.org/ctd/d/denver-2015-gmc-sierra-wd-crew-cab-1435/7013524021.html,,2019-11-04,US,2019-11-21
2003 Harley Electra Glide, Nov 04, &excats=134-40&min_price=5000001, Illinois, Chicago, For Sale-Wanted, Motorcycles, https://chicago.craigslist.org/nwc/mcy/d/mchenry-2003-harley-electra-glide/7013237940.html,,2019-11-04,US,2019-11-21
2012 Dodge Charger R/T, Nov 04, &excats=134-40&min_price=5000001, North Carolina, Charlotte, For Sale-Wanted, Cars And Trucks, https://charlotte.craigslist.org/cto/d/mount-mourne-2012-dodge-charger-t/7013433881.html,,2019-11-04,US,2019-11-21
Miscellaneous Tools Various Prices, Nov 04, &excats=134-40&min_price=5000001, North Carolina, Wilmington, For Sale-Wanted, Tools, https://wilmington.craigslist.org/tls/d/wilmington-miscellaneous-tools-various/6997855285.html,,2019-11-04,US,2019-11-21
TAKE DOWN BARN, Nov 04, &excats=134-40&min_price=5000001, Ohio, Sandusky, For Sale-Wanted, Wanted, https://sandusky.craigslist.org/wan/d/berlin-heights-take-down-barn/7013727848.html,,2019-11-04,US,2019-11-21
Antiques collectible auction (Worth the 1 hr trip from Albany)Sat 12/7, Nov 04, &excats=134-40&min_price=5000001, New York, Albany, For Sale-Wanted, Antiques By Dealer, https://albany.craigslist.org/atd/d/saint-johnsville-antiques-collectible/7013325237.html,,2019-11-04,US,2019-11-21
HARLEY XLCR CAFE RACER, Nov 04, &excats=134-40&min_price=5000001, New York, Buffalo, For Sale-Wanted, Motorcycles, https://buffalo.craigslist.org/mcy/d/buffalo-harley-xlcr-cafe-racer/7006474808.html,,2019-11-04,US,2019-11-21
Equipment for sale, Nov 04, &excats=134-40&min_price=5000001, New York, Long Island, For Sale-Wanted, Farm and Garden, https://longisland.craigslist.org/grd/d/central-islip-equipment-for-sale/6999203765.html,,2019-11-04,US,2019-11-21
$$$ RIDING MOWERS/PARTS FALL CLEARENCE$$$, Nov 04, &excats=134-40&min_price=5000001, New York, Syracuse, For Sale-Wanted, Farm and Garden, https://syracuse.craigslist.org/grd/d/fulton-riding-mowers-parts-fall/6994130058.html,,2019-11-04,US,2019-11-21
ISO - 1997-2006 Jeep Wrangler Sahara, Nov 04, &excats=134-40&min_price=5000001, West Virginia, Morgantown, For Sale-Wanted, Wanted, https://morgantown.craigslist.org/wan/d/morgantown-iso-jeep-wrangler-sahara/7013594688.html,,2019-11-04,US,2019-11-21
Lg premier pro, Nov 04, &excats=134-40&min_price=5000001, Iowa, Des Moines, For Sale-Wanted, Cell Phones, https://desmoines.craigslist.org/mob/d/des-moines-lg-premier-pro/7013775022.html,,2019-11-04,US,2019-11-21
WTB WHEEL HORSE MOWER DECK, Nov 04, &excats=134-40&min_price=5000001, Pennsylvania, Pittsburgh, For Sale-Wanted, Wanted, https://pittsburgh.craigslist.org/wan/d/rices-landing-wtb-wheel-horse-mower-deck/7013629796.html,,2019-11-04,US,2019-11-21
Old U.S. stamps and Confederated just in at Valley 65, Nov 04, &excats=134-40&min_price=5000001, Missouri, Springfield, For Sale-Wanted, Collectibles, https://springfield.craigslist.org/clt/d/ozark-old-us-stamps-and-confederated/7013761879.html,,2019-11-04,US,2019-11-21
CT 70  parts, Nov 04, &excats=134-40&min_price=5000001, Oklahoma, Tulsa, For Sale-Wanted, Motorcycle Parts, https://tulsa.craigslist.org/mpo/d/owasso-ct-70-parts/6994162331.html,,2019-11-04,US,2019-11-21
CT 70  parts, Nov 04, &excats=134-40&min_price=5000001, Oklahoma, Tulsa, For Sale-Wanted, General, https://tulsa.craigslist.org/for/d/owasso-ct-70-parts/6994163588.html,,2019-11-04,US,2019-11-21
Chevy Malibu, Nov 04, &excats=134-40&min_price=5000001, Indiana, Terre Haute, For Sale-Wanted, Auto Parts by Owner, https://terrehaute.craigslist.org/pts/d/terre-haute-chevy-malibu/7013729081.html,,2019-11-04,US,2019-11-21
Tires n Rims, Nov 04, &excats=134-40&min_price=5000001, New Jersey, Jersey Shore, For Sale-Wanted, NA, https://jerseyshore.craigslist.org/wto/d/bloomfield-tires-rims/7013309807.html,,2019-11-04,US,2019-11-21
Subaru, Nov 04, &excats=134-40&min_price=5000001, New Jersey, Jersey Shore, For Sale-Wanted, Auto Parts by Owner, https://jerseyshore.craigslist.org/pts/d/bloomfield-subaru/7013309378.html,,2019-11-04,US,2019-11-21
Barn salvage lumber hog panels doors, Nov 04, &excats=134-40&min_price=5000001, New Jersey, South Jersey, For Sale-Wanted, Farm and Garden, https://southjersey.craigslist.org/grd/d/dorothy-barn-salvage-lumber-hog-panels/7013433740.html,,2019-11-04,US,2019-11-21
Gold Buyers Diamond Buyers Rolex Buyers Jewelry Buyers Cash ., Nov 04, &excats=134-40&min_price=5000001, Florida, Lakeland, For Sale-Wanted, Jewelry, https://lakeland.craigslist.org/jwl/d/lakeland-gold-buyers-diamond-buyers/7013853847.html,,2019-11-04,US,2019-11-21
Gold Buyers Diamond Buyers Rolex Buyers Jewelry Buyers Cash ., Nov 04, &excats=134-40&min_price=5000001, Florida, Lakeland, For Sale-Wanted, Jewelry, https://lakeland.craigslist.org/jwl/d/lakeland-gold-buyers-diamond-buyers/7013853905.html,,2019-11-04,US,2019-11-21
94 Ford Mustang GT Part Out, Nov 04, &excats=134-40&min_price=5000001, Florida, Lakeland, For Sale-Wanted, Auto Parts by Owner, https://lakeland.craigslist.org/pts/d/winter-haven-94-ford-mustang-gt-part-out/7013276675.html,,2019-11-04,US,2019-11-21
We buy phones ???????????? cash, Nov 04, &excats=134-40&min_price=5000001, Florida, Orlando, For Sale-Wanted, Wanted, https://orlando.craigslist.org/wad/d/dearing-we-buy-phones-cash/7013813097.html,,2019-11-04,US,2019-11-21
$$ WE BUY ALL IPHONE 11 11 PRO MAX BRAND NEW --WILL PAY TOP CASH $$$, Nov 04, &excats=134-40&min_price=5000001, Texas, Austin, For Sale-Wanted, Wanted, https://austin.craigslist.org/wad/d/austin-we-buy-all-iphone-pro-max-brand/7013418871.html,,2019-11-04,US,2019-11-21
2006 GMC Denali, Nov 04, &excats=134-40&min_price=5000001, Texas, Austin, For Sale-Wanted, Cars And by Dealer, https://austin.craigslist.org/ctd/d/austin-2006-gmc-denali/7013408453.html,,2019-11-04,US,2019-11-21
$$ WE BUY ALL IPHONE 11 11 PRO MAX BRAND NEW --WILL PAY TOP CASH $$$, Nov 04, &excats=134-40&min_price=5000001, Texas, Austin, For Sale-Wanted, Wanted, https://austin.craigslist.org/wad/d/austin-we-buy-all-iphone-pro-max-brand/7013212615.html,,2019-11-04,US,2019-11-21
Venta de carros facil financiamiento, Nov 04, &excats=134-40&min_price=5000001, Texas, Brownsville, For Sale-Wanted, Cars And Trucks, https://brownsville.craigslist.org/cto/d/harlingen-venta-de-carros-facil/7013582369.html,,2019-11-04,US,2019-11-21
carpas mesas sillas jumping ballons party rentals, Nov 04, &excats=134-40&min_price=5000001, Texas, El Paso, For Sale-Wanted, General, https://elpaso.craigslist.org/for/d/el-paso-carpas-mesas-sillas-jumping/7013816619.html,,2019-11-04,US,2019-11-21
PHOTO BOOTH EL PASO TX, Nov 04, &excats=134-40&min_price=5000001, Texas, El Paso, For Sale-Wanted, General, https://elpaso.craigslist.org/for/d/photo-booth-el-paso-tx/6996108016.html,,2019-11-04,US,2019-11-21
bus PARTY BUS EL PASO TX XV SWEET 16 MORE, Nov 04, &excats=134-40&min_price=5000001, Texas, El Paso, For Sale-Wanted, General, https://elpaso.craigslist.org/for/d/el-paso-bus-party-bus-el-paso-tx-xv/7007828272.html,,2019-11-04,US,2019-11-21
carpas mesas sillas jumping ballons party rentals, Nov 04, &excats=134-40&min_price=5000001, Texas, El Paso, For Sale-Wanted, General, https://elpaso.craigslist.org/for/d/el-paso-carpas-mesas-sillas-jumping/6994147891.html,,2019-11-04,US,2019-11-21
Windows for sale, Nov 04, &excats=134-40&min_price=5000001, Texas, Houston, For Sale-Wanted, Materials, https://houston.craigslist.org/mat/d/houston-windows-for-sale/7013484632.html,,2019-11-04,US,2019-11-21
Looking for front bumper, Nov 04, &excats=134-40&min_price=5000001, Texas, Lubbock, For Sale-Wanted, Wanted, https://lubbock.craigslist.org/wan/d/lubbock-looking-for-front-bumper/7013257628.html,Want,2019-11-04,US,2019-11-21
Ill Work for cash anything, Nov 04, &excats=134-40&min_price=5000001, Texas, Waco, For Sale-Wanted, Wanted, https://waco.craigslist.org/wan/d/waco-ill-work-for-cash-anything/7013356112.html,,2019-11-04,US,2019-11-21
1989 Ford F-150 - UPDATED, Nov 04, &excats=134-40&min_price=5000001, South Carolina, Myrtle Beach, For Sale-Wanted, General, https://myrtlebeach.craigslist.org/for/d/conway-1989-ford-updated/7003504966.html,,2019-11-04,US,2019-11-21
Dixies PC and LapTop repair / sales, Nov 04, &excats=134-40&min_price=5000001, Kentucky, Louisville, For Sale-Wanted, Computers, https://louisville.craigslist.org/sys/d/georgetown-dixies-pc-and-laptop-repair/7010673083.html,,2019-11-04,US,2019-11-21
Terreno en Falcn texas, Nov 04, &excats=134-40&min_price=5000001, California, Palm Springs, For Sale-Wanted, Farm and Garden, https://palmsprings.craigslist.org/grd/d/salineno-terreno-en-falcn-texas/7013631436.html,,2019-11-04,US,2019-11-21
We Buy New & Used Apple Products ??Cash ??, Nov 04, &excats=134-40&min_price=5000001, California, Palm Springs, For Sale-Wanted, Wanted, https://palmsprings.craigslist.org/wad/d/indio-we-buy-new-used-apple-products/7013564718.html,,2019-11-04,US,2019-11-21
We Buy New & Used Apple Products ??Cash ??, Nov 04, &excats=134-40&min_price=5000001, California, Palm Springs, For Sale-Wanted, Electronic, https://palmsprings.craigslist.org/eld/d/palm-springs-we-buy-new-used-apple/7013560518.html,,2019-11-04,US,2019-11-21
We Buy Houses ??Cash ??, Nov 04, &excats=134-40&min_price=5000001, California, Palm Springs, For Sale-Wanted, Wanted, https://palmsprings.craigslist.org/wad/d/desert-hot-springs-we-buy-houses-cash/7013553836.html,,2019-11-04,US,2019-11-21
LOW PRICE AUTO BOY REPAIRS, Nov 04, &excats=134-40&min_price=5000001, California, Sacramento, For Sale-Wanted, Wanted, https://sacramento.craigslist.org/wad/d/sacramento-low-price-auto-boy-repairs/7013629868.html,,2019-11-04,US,2019-11-21
WE BUY RVs trailers motorhomes pop-ups fifth wheel toy haulers, Nov 04, &excats=134-40&min_price=5000001, California, Sacramento, For Sale-Wanted, Wanted, https://sacramento.craigslist.org/wad/d/sacramento-we-buy-rvs-trailers/7013340782.html,,2019-11-04,US,2019-11-21
We pay top dollar for Motorhome Fifth Wheel Travel Trailer, Nov 04, &excats=134-40&min_price=5000001, California, Sacramento, For Sale-Wanted, NA, https://sacramento.craigslist.org/trb/d/sacramento-we-pay-top-dollar-for/7013333254.html,,2019-11-04,US,2019-11-21
LOW PRICE AUTO BOY REPAIRS, Nov 04, &excats=134-40&min_price=5000001, California, Sacramento, For Sale-Wanted, Wanted, https://sacramento.craigslist.org/wad/d/sacramento-low-price-auto-boy-repairs/7013330889.html,,2019-11-04,US,2019-11-21
2014 GMC SIERRA, Nov 04, &excats=134-40&min_price=5000001, California, Santa Barbara, For Sale-Wanted, Cars And by Dealer, https://santabarbara.craigslist.org/ctd/d/oxnard-2014-gmc-sierra/7013551694.html,,2019-11-04,US,2019-11-21
!!!!WaNtEd-\SCRAP/-Automobiles!!!!, Nov 04, &excats=134-40&min_price=5000001, Kansas, Wichita, For Sale-Wanted, Wanted, https://wichita.craigslist.org/wan/d/wichita-wanted-scrap-automobiles/7008619839.html,Want,2019-11-04,US,2019-11-21
Patron barrel chair, Nov 04, &excats=134-40&min_price=5000001, Idaho, East Idaho, For Sale-Wanted, General, https://eastidaho.craigslist.org/for/d/pocatello-patron-barrel-chair/7013563915.html,,2019-11-04,US,2019-11-21
??PLOPPLOPFIZZFIZZ O WATA RELIEF IS 2 Hav D DEAD TREE GONE TREE, Nov 04, &excats=134-40&min_price=5000001, Georgia, Atlanta, For Sale-Wanted, Farm and Garden, https://atlanta.craigslist.org/nat/grq/d/marietta-plopplopfizzfizz-wata-relief/7012562803.html,,2019-11-04,US,2019-11-21
??Trees Cut ?TREE REMOVAL TRIMMING TREE SERVICE TREE PRUNING TREE, Nov 04, &excats=134-40&min_price=5000001, Georgia, Atlanta, For Sale-Wanted, Farm and Garden, https://atlanta.craigslist.org/nat/grq/d/marietta-trees-cut-tree-removal/7012562950.html,,2019-11-04,US,2019-11-21
Honda Generators in all sizes not just tractors but we got those too, Nov 04, &excats=134-40&min_price=5000001, Georgia, Atlanta, For Sale-Wanted, Farm and Garden, https://atlanta.craigslist.org/eat/grq/d/dacula-honda-generators-in-all-sizes/7013266083.html,,2019-11-04,US,2019-11-21
70s 80s model, Nov 04, &excats=134-40&min_price=5000001, Georgia, Atlanta, For Sale-Wanted, Wanted, https://atlanta.craigslist.org/nat/wan/d/cleveland-70s-80s-model/7013255755.html,,2019-11-04,US,2019-11-21
motorised bike, Nov 04, &excats=134-40&min_price=5000001, New Mexico, Albuquerque, For Sale-Wanted, Bikes, https://albuquerque.craigslist.org/bik/d/los-lunas-motorised-bike/7013690893.html,,2019-11-04,US,2019-11-21
Birthday, Nov 04, &excats=134-40&min_price=5000001, Washington, Bellingham, For Sale-Wanted, ATVs UTVs by Owner, https://bellingham.craigslist.org/snw/d/lynden-birthday/7013442789.html,,2019-11-04,US,2019-11-21
Art by Princess, Nov 03, &excats=134-40&min_price=5000001, Arizona, Phoenix, For Sale-Wanted, Art by Owner, https://phoenix.craigslist.org/nph/art/d/cave-creek-art-by-princess/7013115926.html,,2019-11-03,US,2019-11-21
Rehoming, Nov 03, &excats=134-40&min_price=5000001, Wisconsin, Madison, For Sale-Wanted, General, https://madison.craigslist.org/for/d/reedsburg-rehoming/7012640756.html,,2019-11-03,US,2019-11-21
want books by Rupert Sheldrake esp.Sense of Being Stared At, Nov 03, &excats=134-40&min_price=5000001, Colorado, Boulder, For Sale-Wanted, Wanted, https://boulder.craigslist.org/wan/d/boulder-want-books-by-rupert-sheldrake/7012933613.html,Want,2019-11-03,US,2019-11-21
2012 Ram 1500 4WD Crew Cab 140.5&quot; Big Horn, Nov 03, &excats=134-40&min_price=5000001, Colorado, Denver, For Sale-Wanted, Cars And by Dealer, https://denver.craigslist.org/ctd/d/denver-2012-ram-wd-crew-cab-1405-big/7012908825.html,,2019-11-03,US,2019-11-21
2016 Kia Soul 5dr Wgn Auto , Nov 03, &excats=134-40&min_price=5000001, Colorado, Denver, For Sale-Wanted, Cars And by Dealer, https://denver.craigslist.org/ctd/d/denver-2016-kia-soul-5dr-wgn-auto/7012888963.html,,2019-11-03,US,2019-11-21
2015 Chevrolet Tahoe 4WD 4dr LS, Nov 03, &excats=134-40&min_price=5000001, Colorado, Denver, For Sale-Wanted, Cars And by Dealer, https://denver.craigslist.org/ctd/d/denver-2015-chevrolet-tahoe-4wd-4dr-ls/7012868605.html,,2019-11-03,US,2019-11-21
2006 Land Rover Range Rover Sport 4dr Wgn HSE, Nov 03, &excats=134-40&min_price=5000001, Colorado, Denver, For Sale-Wanted, Cars And by Dealer, https://denver.craigslist.org/ctd/d/denver-2006-land-rover-range-rover/7012868470.html,,2019-11-03,US,2019-11-21
2014 GMC Acadia AWD 4dr Denali, Nov 03, &excats=134-40&min_price=5000001, Colorado, Denver, For Sale-Wanted, Cars And by Dealer, https://denver.craigslist.org/ctd/d/denver-2014-gmc-acadia-awd-4dr-denali/7012858291.html,,2019-11-03,US,2019-11-21
2016 Toyota RAV4 AWD 4dr XLE, Nov 03, &excats=134-40&min_price=5000001, Colorado, Denver, For Sale-Wanted, Cars And by Dealer, https://denver.craigslist.org/ctd/d/denver-2016-toyota-rav4-awd-4dr-xle/7012847762.html,,2019-11-03,US,2019-11-21
2010 Lexus IS 250 4dr Sdn Auto AWD, Nov 03, &excats=134-40&min_price=5000001, Colorado, Denver, For Sale-Wanted, Cars And by Dealer, https://denver.craigslist.org/ctd/d/denver-2010-lexus-is-250-4dr-sdn-auto/7012741247.html,,2019-11-03,US,2019-11-21
2016 Jeep Grand Cherokee 4WD 4dr Limited, Nov 03, &excats=134-40&min_price=5000001, Colorado, Denver, For Sale-Wanted, Cars And by Dealer, https://denver.craigslist.org/ctd/d/denver-2016-jeep-grand-cherokee-4wd-4dr/7012720353.html,,2019-11-03,US,2019-11-21
2016 Nissan Rogue AWD 4dr SV, Nov 03, &excats=134-40&min_price=5000001, Colorado, Denver, For Sale-Wanted, Cars And by Dealer, https://denver.craigslist.org/ctd/d/denver-2016-nissan-rogue-awd-4dr-sv/7012709933.html,,2019-11-03,US,2019-11-21
COCA COLA COOLER- WORKS GREAT !, Nov 03, &excats=134-40&min_price=5000001, North Carolina, Greensboro, For Sale-Wanted, General, https://greensboro.craigslist.org/for/d/high-point-coca-cola-cooler-works-great/6996710053.html,,2019-11-03,US,2019-11-21
Carvers Toy Box, Nov 03, &excats=134-40&min_price=5000001, New York, Binghamton, For Sale-Wanted, Farm and Garden, https://binghamton.craigslist.org/grd/d/guilford-carvers-toy-box/7012694296.html,,2019-11-03,US,2019-11-21
Carvers Toy Box, Nov 03, &excats=134-40&min_price=5000001, New York, Binghamton, For Sale-Wanted, Art by Owner, https://binghamton.craigslist.org/art/d/guilford-carvers-toy-box/7012641386.html,,2019-11-03,US,2019-11-21
Buying scrap gold or usable jewelry!!!!!!!!!!!!, Nov 03, &excats=134-40&min_price=5000001, New York, Buffalo, For Sale-Wanted, Wanted, https://buffalo.craigslist.org/wan/d/buffalo-buying-scrap-gold-or-usable/7012674990.html,,2019-11-03,US,2019-11-21
Carvers Toy Box, Nov 03, &excats=134-40&min_price=5000001, New York, Oneonta, For Sale-Wanted, Furniture, https://oneonta.craigslist.org/fuo/d/mc-donough-carvers-toy-box/7012734467.html,,2019-11-03,US,2019-11-21
Carvers Toy Box, Nov 03, &excats=134-40&min_price=5000001, New York, Oneonta, For Sale-Wanted, Collectibles, https://oneonta.craigslist.org/clt/d/mc-donough-carvers-toy-box/7012715631.html,,2019-11-03,US,2019-11-21
Carvers Toy Box, Nov 03, &excats=134-40&min_price=5000001, New York, Oneonta, For Sale-Wanted, Art by Owner, https://oneonta.craigslist.org/art/d/guilford-carvers-toy-box/7012707091.html,,2019-11-03,US,2019-11-21
SIGNSANTIQUESMORE, Nov 03, &excats=134-40&min_price=5000001, Iowa, Des Moines, For Sale-Wanted, Antique By Owner, https://desmoines.craigslist.org/atq/d/columbia-signsantiquesmore/6993490540.html,,2019-11-03,US,2019-11-21
like new wood working tools, Nov 03, &excats=134-40&min_price=5000001, Pennsylvania, Erie, For Sale-Wanted, Tools, https://erie.craigslist.org/tld/d/corry-like-new-wood-working-tools/7012790721.html,,2019-11-03,US,2019-11-21
Aquarium stuff, Nov 03, &excats=134-40&min_price=5000001, Pennsylvania, Philadelphia, For Sale-Wanted, Household, https://philadelphia.craigslist.org/hsh/d/souderton-aquarium-stuff/7013071619.html,,2019-11-03,US,2019-11-21
Biz hub pro and blue print equipment, Nov 03, &excats=134-40&min_price=5000001, Pennsylvania, Pittsburgh, For Sale-Wanted, Electronics, https://pittsburgh.craigslist.org/ele/d/pittsburgh-biz-hub-pro-and-blue-print/7003569869.html,,2019-11-03,US,2019-11-21
600 RACCOON HUNTING TROPHIES, Nov 03, &excats=134-40&min_price=5000001, Pennsylvania, Pittsburgh, For Sale-Wanted, Sporting Goods, https://pittsburgh.craigslist.org/spo/d/pittsburgh-600-raccoon-hunting-trophies/6993340988.html,,2019-11-03,US,2019-11-21
ANTIQUESSIGNSPRIMITIVE, Nov 03, &excats=134-40&min_price=5000001, Missouri, Kansas City, For Sale-Wanted, Antique By Owner, https://kansascity.craigslist.org/atq/d/columbia-antiquessignsprimitive/6993550441.html,,2019-11-03,US,2019-11-21
Sports card collectors dream lots to choose from, Nov 03, &excats=134-40&min_price=5000001, Missouri, Springfield, For Sale-Wanted, Collectibles, https://springfield.craigslist.org/clt/d/springfield-sports-card-collectors/6994951760.html,,2019-11-03,US,2019-11-21
Standing timber, Nov 03, &excats=134-40&min_price=5000001, Missouri, Springfield, For Sale-Wanted, Wanted, https://springfield.craigslist.org/wan/d/la-russell-standing-timber/7005796909.html,,2019-11-03,US,2019-11-21
Standing timber, Nov 03, &excats=134-40&min_price=5000001, Missouri, Springfield, For Sale-Wanted, Wanted, https://springfield.craigslist.org/wan/d/la-russell-standing-timber/7005798306.html,,2019-11-03,US,2019-11-21
Dakoda. Parts, Nov 03, &excats=134-40&min_price=5000001, Missouri, St Louis, For Sale-Wanted, Auto Parts by Owner, https://stlouis.craigslist.org/pts/d/saint-charles-dakoda-parts/6996045994.html,,2019-11-03,US,2019-11-21
WTB 6&quot; holiday colors deco mesh, Nov 03, &excats=134-40&min_price=5000001, Indiana, Terre Haute, For Sale-Wanted, Wanted, https://terrehaute.craigslist.org/wan/d/reelsville-wtb-6-holiday-colors-deco/7013072121.html,,2019-11-03,US,2019-11-21
$$ WE BUY ALL IPHONE 11 11 PRO MAX BRAND NEW --WILL PAY TOP CASH $$$, Nov 03, &excats=134-40&min_price=5000001, Texas, Austin, For Sale-Wanted, Wanted, https://austin.craigslist.org/wad/d/austin-we-buy-all-iphone-pro-max-brand/7012683976.html,,2019-11-03,US,2019-11-21
Human Soul, Nov 03, &excats=134-40&min_price=5000001, Nevada, Las Vegas, For Sale-Wanted, General, https://lasvegas.craigslist.org/for/d/las-vegas-human-soul/7012799523.html,,2019-11-03,US,2019-11-21
Want to buy crashed/neglected sportbikes, Nov 03, &excats=134-40&min_price=5000001, South Carolina, Myrtle Beach, For Sale-Wanted, Motorcycles, https://myrtlebeach.craigslist.org/mcy/d/myrtle-beach-want-to-buy-crashed/7005280890.html,Want,2019-11-03,US,2019-11-21
1992 Chevy, Nov 03, &excats=134-40&min_price=5000001, Kentucky, Lexington, For Sale-Wanted, ATVs UTVs by Owner, https://lexington.craigslist.org/snw/d/calvin-1992-chevy/7013054679.html,,2019-11-03,US,2019-11-21
Roadside Assistance service, Nov 03, &excats=134-40&min_price=5000001, California, Bakersfield, For Sale-Wanted, NA, https://bakersfield.craigslist.org/wto/d/frazier-park-roadside-assistance-service/7012806884.html,,2019-11-03,US,2019-11-21
Baby clothes!!!!, Nov 03, &excats=134-40&min_price=5000001, California, Chico, For Sale-Wanted, Baby Kids by Owner, https://chico.craigslist.org/bab/d/oroville-baby-clothes/7013107318.html,,2019-11-03,US,2019-11-21
Mopa Lux @Mopa Design Luxurious Home Furnishing, Nov 03, &excats=134-40&min_price=5000001, California, San Diego, For Sale-Wanted, Furniture, https://sandiego.craigslist.org/nsd/fud/d/rancho-santa-fe-mopa-lux-mopa-design/7012740347.html,,2019-11-03,US,2019-11-21
Wedding Decorations, Nov 03, &excats=134-40&min_price=5000001, Kansas, Wichita, For Sale-Wanted, Household, https://wichita.craigslist.org/hsh/d/wichita-wedding-decorations/7012989913.html,,2019-11-03,US,2019-11-21
I Buy Newer Samsung Smartphones, Nov 03, &excats=134-40&min_price=5000001, Kansas, Wichita, For Sale-Wanted, Wanted, https://wichita.craigslist.org/wan/d/wichita-buy-newer-samsung-smartphones/7012956973.html,,2019-11-03,US,2019-11-21
2007 Kenworth T800 Log Truck, Nov 03, &excats=134-40&min_price=5000001, Idaho, Boise, For Sale-Wanted, Heavy Equipment, https://boise.craigslist.org/hvo/d/summerville-2007-kenworth-t800-log-truck/7006575896.html,,2019-11-03,US,2019-11-21
Several pieces..., Nov 03, &excats=134-40&min_price=5000001, Georgia, Atlanta, For Sale-Wanted, Furniture, https://atlanta.craigslist.org/nat/fuo/d/holly-springs-several-pieces/7012642295.html,,2019-11-03,US,2019-11-21
Misc., Nov 03, &excats=134-40&min_price=5000001, Washington, Bellingham, For Sale-Wanted, General, https://bellingham.craigslist.org/for/d/lynden-misc/7012946514.html,,2019-11-03,US,2019-11-21
SNOWPLOWING- GEORGETOWN HUDSONVILLE, Nov 03, &excats=134-40&min_price=5000001, Michigan, Grand Rapids, For Sale-Wanted, General, https://grandrapids.craigslist.org/for/d/hudsonville-snowplowing-georgetown/7012598705.html,,2019-11-03,US,2019-11-21
2007 Kenworth T800 Heavy Duty, Nov 03, &excats=134-40&min_price=5000001, Oregon, East Oregon, For Sale-Wanted, Heavy Equipment, https://eastoregon.craigslist.org/hvo/d/summerville-2007-kenworth-t800-heavy/7012675342.html,,2019-11-03,US,2019-11-21
Wanted Coin Operated Kiddie Ride, Nov 03, &excats=134-40&min_price=5000001, Oregon, Oregon Coast, For Sale-Wanted, Wanted, https://oregoncoast.craigslist.org/wan/d/port-orchard-wanted-coin-operated/7011821268.html,Want,2019-11-03,US,2019-11-21
1988 Holiday Rambler Imperial, Nov 03, &excats=134-40&min_price=5000001, Oregon, Portland, For Sale-Wanted, RVs, https://portland.craigslist.org/mlt/rvs/d/kelso-1988-holiday-rambler-imperial/7013123571.html,,2019-11-03,US,2019-11-21
fat black kid 4 sale, Nov 02, &excats=134-40&min_price=5000001, Arizona, Phoenix, For Sale-Wanted, Heavy Equipment, https://phoenix.craigslist.org/cph/hvo/d/cashion-fat-black-kid-4-sale/7012161408.html,,2019-11-02,US,2019-11-21
Western Red Cedar, Nov 02, &excats=134-40&min_price=5000001, Wisconsin, Eau Claire, For Sale-Wanted, Materials, https://eauclaire.craigslist.org/mat/d/elk-mound-western-red-cedar/7012312695.html,,2019-11-02,US,2019-11-21
Tons of arts an craft supplies, Nov 02, &excats=134-40&min_price=5000001, Wisconsin, Janesville, For Sale-Wanted, Art by Owner, https://janesville.craigslist.org/art/d/janesville-tons-of-arts-an-craft/7012207835.html,,2019-11-02,US,2019-11-21
Moving sale, Nov 02, &excats=134-40&min_price=5000001, Wisconsin, Janesville, For Sale-Wanted, Household, https://janesville.craigslist.org/hsh/d/janesville-moving-sale/7012105533.html,,2019-11-02,US,2019-11-21
Tools  New and used AC partsrelays brake parts more, Nov 02, &excats=134-40&min_price=5000001, Wisconsin, Sheboygan, For Sale-Wanted, Tools, https://sheboygan.craigslist.org/tls/d/kiel-tools-new-and-used-ac-partsrelays/6996232928.html,,2019-11-02,US,2019-11-21
FORD 350 1993 &other things, Nov 02, &excats=134-40&min_price=5000001, Colorado, Denver, For Sale-Wanted, Cars And Trucks, https://denver.craigslist.org/cto/d/golden-ford-other-things/7012493061.html,,2019-11-02,US,2019-11-21
2011 Ram 1500 4WD Reg Cab 140.5&quot; ST, Nov 02, &excats=134-40&min_price=5000001, Colorado, Denver, For Sale-Wanted, Cars And by Dealer, https://denver.craigslist.org/ctd/d/denver-2011-ram-wd-reg-cab-1405-st/7012291919.html,,2019-11-02,US,2019-11-21
2019 Chevrolet Camaro 2dr Cpe LT w/1LT, Nov 02, &excats=134-40&min_price=5000001, Colorado, Denver, For Sale-Wanted, Cars And by Dealer, https://denver.craigslist.org/ctd/d/denver-2019-chevrolet-camaro-2dr-cpe-lt/7012280039.html,,2019-11-02,US,2019-11-21
2008 Chrysler Pacifica 4dr Wgn Touring FWD, Nov 02, &excats=134-40&min_price=5000001, Colorado, Denver, For Sale-Wanted, Cars And by Dealer, https://denver.craigslist.org/ctd/d/denver-2008-chrysler-pacifica-4dr-wgn/7012256606.html,,2019-11-02,US,2019-11-21
2014 Toyota Tundra 4WD Truck CrewMax 5.7L FFV V8 6-Spd AT SR5, Nov 02, &excats=134-40&min_price=5000001, Colorado, Denver, For Sale-Wanted, Cars And by Dealer, https://denver.craigslist.org/ctd/d/denver-2014-toyota-tundra-4wd-truck/7012244849.html,,2019-11-02,US,2019-11-21
2016 Nissan Rogue AWD 4dr SV, Nov 02, &excats=134-40&min_price=5000001, Colorado, Denver, For Sale-Wanted, Cars And by Dealer, https://denver.craigslist.org/ctd/d/denver-2016-nissan-rogue-awd-4dr-sv/7012182437.html,,2019-11-02,US,2019-11-21
2015 INFINITI QX60 AWD 4dr, Nov 02, &excats=134-40&min_price=5000001, Colorado, Denver, For Sale-Wanted, Cars And by Dealer, https://denver.craigslist.org/ctd/d/denver-2015-infiniti-qx60-awd-4dr/7012181859.html,,2019-11-02,US,2019-11-21
2015 GMC Sierra 1500 4WD Crew Cab 143.5&quot;, Nov 02, &excats=134-40&min_price=5000001, Colorado, Denver, For Sale-Wanted, Cars And by Dealer, https://denver.craigslist.org/ctd/d/denver-2015-gmc-sierra-wd-crew-cab-1435/7012155688.html,,2019-11-02,US,2019-11-21
2016 Mercedes-Benz E-Class 4dr Sdn E 350 Luxury 4MATIC, Nov 02, &excats=134-40&min_price=5000001, Colorado, Denver, For Sale-Wanted, Cars And by Dealer, https://denver.craigslist.org/ctd/d/denver-2016-mercedes-benz-class-4dr-sdn/7012155303.html,,2019-11-02,US,2019-11-21
2008 Mercedes-Benz CL-Class 2dr Cpe 6.3L V8 AMG, Nov 02, &excats=134-40&min_price=5000001, Colorado, Denver, For Sale-Wanted, Cars And by Dealer, https://denver.craigslist.org/ctd/d/denver-2008-mercedes-benz-cl-class-2dr/7012142037.html,,2019-11-02,US,2019-11-21
Top Cash for Vintage and Rare Guitars & Gear Free Pro Appraisals, Nov 02, &excats=134-40&min_price=5000001, Colorado, Pueblo, For Sale-Wanted, Wanted, https://pueblo.craigslist.org/wad/d/pueblo-top-cash-for-vintage-and-rare/7012489548.html,,2019-11-02,US,2019-11-21
COMMERCIAL REFRIGERATORS, Nov 02, &excats=134-40&min_price=5000001, Illinois, Rockford, For Sale-Wanted, Appliance by Owner, https://rockford.craigslist.org/app/d/kirkland-commercial-refrigerators/7012501490.html,,2019-11-02,US,2019-11-21
Vintage amps:  Fender Ampeg National 50&#39;s 60&#39;s, Nov 02, &excats=134-40&min_price=5000001, Louisiana, New Orleans, For Sale-Wanted, Musical Instruments, https://neworleans.craigslist.org/msg/d/new-orleans-vintage-amps-fender-ampeg/7012136687.html,,2019-11-02,US,2019-11-21
DO YOU NEED A CAR! I CAN HELP! I HAVE OVER 500 Vehicles, Nov 02, &excats=134-40&min_price=5000001, Mississippi, Jackson, For Sale-Wanted, Cars And Trucks, https://jackson.craigslist.org/cto/d/jackson-do-you-need-car-can-help-have/7012089078.html,Want,2019-11-02,US,2019-11-21
Moving sale, Nov 02, &excats=134-40&min_price=5000001, New York, Long Island, For Sale-Wanted, Books, https://longisland.craigslist.org/bks/d/island-park-moving-sale/7012234934.html,,2019-11-02,US,2019-11-21
Collections for sale, Nov 02, &excats=134-40&min_price=5000001, New York, Rochester, For Sale-Wanted, Collectibles, https://rochester.craigslist.org/clt/d/bergen-collections-for-sale/7012345498.html,,2019-11-02,US,2019-11-21
2011 VOLKSWAGEN CC SHARP 99% FINANCE APPROVED, Nov 02, &excats=134-40&min_price=5000001, Pennsylvania, Philadelphia, For Sale-Wanted, Cars And by Dealer, https://philadelphia.craigslist.org/ctd/d/feasterville-trevose-2011-volkswagen-cc/7012259927.html,,2019-11-02,US,2019-11-21
48-53 Dodge Truck Parts, Nov 02, &excats=134-40&min_price=5000001, Pennsylvania, Pittsburgh, For Sale-Wanted, Auto Parts by Owner, https://pittsburgh.craigslist.org/pts/d/ambridge-dodge-truck-parts/7009619449.html,,2019-11-02,US,2019-11-21
MEYERS PUMPS, Nov 02, &excats=134-40&min_price=5000001, Pennsylvania, Pittsburgh, For Sale-Wanted, Auto Parts by Owner, https://pittsburgh.craigslist.org/pts/d/midland-meyers-pumps/7012406772.html,,2019-11-02,US,2019-11-21
Horse drawn farm machinery wanted, Nov 02, &excats=134-40&min_price=5000001, Maine, Maine, For Sale-Wanted, Wanted, https://maine.craigslist.org/wan/d/frankfort-horse-drawn-farm-machinery/6998591160.html,Want,2019-11-02,US,2019-11-21
FS: Real pearl necklace&#39;s and bracelet, Nov 02, &excats=134-40&min_price=5000001, Maine, Maine, For Sale-Wanted, Jewelry, https://maine.craigslist.org/jwl/d/orono-fs-real-pearl-necklaces-and/7002289304.html,,2019-11-02,US,2019-11-21
COOLER WEATHER GOT ME RIDICULOUS DISCOUNTS, Nov 02, &excats=134-40&min_price=5000001, Missouri, Joplin, For Sale-Wanted, Antique By Owner, https://joplin.craigslist.org/atq/d/cooler-weather-got-me-ridiculous/6993352795.html,,2019-11-02,US,2019-11-21
If you like to read just built 2 big booths full of books, Nov 02, &excats=134-40&min_price=5000001, Missouri, Springfield, For Sale-Wanted, Books, https://springfield.craigslist.org/bks/d/nixa-if-you-like-to-read-just-built-2/7012375628.html,,2019-11-02,US,2019-11-21
Wanted 2 tickets Blues vs. Jets, Nov 02, &excats=134-40&min_price=5000001, Missouri, St Louis, For Sale-Wanted, Tickets, https://stlouis.craigslist.org/tix/d/saint-charles-wanted-2-tickets-blues-vs/7012231598.html,Want,2019-11-02,US,2019-11-21
91 International Dump truck, Nov 02, &excats=134-40&min_price=5000001, Oklahoma, Tulsa, For Sale-Wanted, Heavy Equipment, https://tulsa.craigslist.org/hvo/d/welling-91-international-dump-truck/7012206147.html,,2019-11-02,US,2019-11-21
91 International Dump truck, Nov 02, &excats=134-40&min_price=5000001, Oklahoma, Tulsa, For Sale-Wanted, Heavy Equipment, https://tulsa.craigslist.org/hvo/d/welling-91-international-dump-truck/7012205662.html,,2019-11-02,US,2019-11-21
WE PAY CASH 4 Antiques and Collectibles      SEEEEEE, Nov 02, &excats=134-40&min_price=5000001, Maryland, Baltimore, For Sale-Wanted, Wanted, https://baltimore.craigslist.org/wan/d/we-pay-cash-4-antiques-and-collectibles/6999240392.html,,2019-11-02,US,2019-11-21
Lenovo yoga 360 tablet trade or sale, Nov 02, &excats=134-40&min_price=5000001, Indiana, Indianapolis, For Sale-Wanted, Computers, https://indianapolis.craigslist.org/sys/d/rushville-lenovo-yoga-360-tablet-trade/7012499697.html,,2019-11-02,US,2019-11-21
Moving sale, Nov 02, &excats=134-40&min_price=5000001, Florida, Jacksonville, For Sale-Wanted, Furniture, https://jacksonville.craigslist.org/fuo/d/jacksonville-moving-sale/7012134569.html,,2019-11-02,US,2019-11-21
Formula 1 parking wanted, Nov 02, &excats=134-40&min_price=5000001, Texas, Austin, For Sale-Wanted, Tickets, https://austin.craigslist.org/tix/d/austin-formula-1-parking-wanted/7012524743.html,Want,2019-11-02,US,2019-11-21
Archery Items and Supplies, Nov 02, &excats=134-40&min_price=5000001, Texas, Austin, For Sale-Wanted, Sporting Goods, https://austin.craigslist.org/spo/d/round-rock-archery-items-and-supplies/6995617978.html,,2019-11-02,US,2019-11-21
$$ WE BUY ALL IPHONE 11 11 PRO MAX BRAND NEW --WILL PAY TOP CASH $$$, Nov 02, &excats=134-40&min_price=5000001, Texas, Austin, For Sale-Wanted, Wanted, https://austin.craigslist.org/wad/d/austin-we-buy-all-iphone-pro-max-brand/7012315457.html,,2019-11-02,US,2019-11-21
Bunch of appliances, Nov 02, &excats=134-40&min_price=5000001, Texas, Austin, For Sale-Wanted, Appliance by Owner, https://austin.craigslist.org/app/d/austin-bunch-of-appliances/7012231295.html,,2019-11-02,US,2019-11-21
$$ WE BUY ALL IPHONE 11 11 PRO MAX BRAND NEW --WILL PAY TOP CASH $$$, Nov 02, &excats=134-40&min_price=5000001, Texas, Austin, For Sale-Wanted, Wanted, https://austin.craigslist.org/wad/d/austin-we-buy-all-iphone-pro-max-brand/7011991632.html,,2019-11-02,US,2019-11-21
Anacleto accordion fa/sol, Nov 02, &excats=134-40&min_price=5000001, Texas, San Antonio, For Sale-Wanted, Musical Instruments, https://sanantonio.craigslist.org/msg/d/san-antonio-anacleto-accordion-fa-sol/7012222059.html,,2019-11-02,US,2019-11-21
Cash For All European cars Mercedes BMW any and all cars, Nov 02, &excats=134-40&min_price=5000001, Nevada, Las Vegas, For Sale-Wanted, Wanted, https://lasvegas.craigslist.org/wan/d/henderson-cash-for-all-european-cars/6993690535.html,,2019-11-02,US,2019-11-21
Reg. Black Gelbvieh Bulls  - CharolairsBulls, Nov 02, &excats=134-40&min_price=5000001, Kentucky, Lexington, For Sale-Wanted, Farm and Garden, https://lexington.craigslist.org/grd/d/leitchfield-reg-black-gelbvieh-bulls/6992751681.html,,2019-11-02,US,2019-11-21
Land Rover LR3 - HSE, Nov 02, &excats=134-40&min_price=5000001, Tennessee, Memphis, For Sale-Wanted, Cars And by Dealer, https://memphis.craigslist.org/ctd/d/mount-pleasant-land-rover-lr3-hse/7012340065.html,,2019-11-02,US,2019-11-21
used halloween decorations, Nov 02, &excats=134-40&min_price=5000001, Tennessee, Nashville, For Sale-Wanted, Wanted, https://nashville.craigslist.org/wan/d/nashville-used-halloween-decorations/7012169228.html,,2019-11-02,US,2019-11-21
SELLING YOUR IPHONE 11? PRO OR PRO MAX, Nov 02, &excats=134-40&min_price=5000001, California, Los Angeles, For Sale-Wanted, Wanted, https://losangeles.craigslist.org/lac/wad/d/los-angeles-selling-your-iphone-11-pro/7012415922.html,,2019-11-02,US,2019-11-21
wanted sliding mirror doors, Nov 02, &excats=134-40&min_price=5000001, California, Orange County, For Sale-Wanted, Wanted, https://orangecounty.craigslist.org/wan/d/newport-beach-wanted-sliding-mirror/7012502346.html,Want,2019-11-02,US,2019-11-21
Golf Serigraph - Myrtle Beach Dunes Golf - Golf Series, Nov 02, &excats=134-40&min_price=5000001, California, Orange County, For Sale-Wanted, Sporting Goods, https://orangecounty.craigslist.org/spo/d/golf-serigraph-myrtle-beach-dunes-golf/7012373720.html,,2019-11-02,US,2019-11-21
Vintage an antique  japan dishes nice nacs an jewelry etc, Nov 02, &excats=134-40&min_price=5000001, Kansas, Wichita, For Sale-Wanted, Antique By Owner, https://wichita.craigslist.org/atq/d/wichita-vintage-an-antique-japan-dishes/7012214319.html,,2019-11-02,US,2019-11-21
Top Cash for Vintage and Rare Guitars & Gear Free Pro Appraisals, Nov 02, &excats=134-40&min_price=5000001, Wyoming, Wyoming, For Sale-Wanted, Wanted, https://wyoming.craigslist.org/wad/d/cheyenne-top-cash-for-vintage-and-rare/7012490757.html,,2019-11-02,US,2019-11-21
Top Cash for Vintage and Rare Guitars & Gear Free Pro Appraisals, Nov 02, &excats=134-40&min_price=5000001, Wyoming, Wyoming, For Sale-Wanted, NA, https://wyoming.craigslist.org/msd/d/cheyenne-top-cash-for-vintage-and-rare/7012490134.html,,2019-11-02,US,2019-11-21
Need-ful Things & More, Nov 02, &excats=134-40&min_price=5000001, Virginia, Richmond, For Sale-Wanted, General, https://richmond.craigslist.org/for/d/henrico-need-ful-things-more/7012115254.html,Want,2019-11-02,US,2019-11-21
Basketballs Basketballs and more Bassketballs, Nov 02, &excats=134-40&min_price=5000001, Virginia, Richmond, For Sale-Wanted, Sporting Goods, https://richmond.craigslist.org/spo/d/midlothian-basketballs-basketballs-and/7000615609.html,,2019-11-02,US,2019-11-21
Outboard boat, Nov 02, &excats=134-40&min_price=5000001, Georgia, Atlanta, For Sale-Wanted, Wanted, https://atlanta.craigslist.org/eat/wan/d/winder-outboard-boat/7012308659.html,,2019-11-02,US,2019-11-21
DumpTruck Landscaping Bed MitsubishiFUSODiesel 1Ton Dually, Nov 02, &excats=134-40&min_price=5000001, New Mexico, Albuquerque, For Sale-Wanted, Heavy Equipment, https://albuquerque.craigslist.org/hvo/d/albuquerque-dumptruck-landscaping-bed/7012080149.html,,2019-11-02,US,2019-11-21
Jewelry Showcases and 2 Large Safes, Nov 02, &excats=134-40&min_price=5000001, Alabama, Mobile, For Sale-Wanted, General, https://mobile.craigslist.org/fod/d/anderson-jewelry-showcases-and-2-large/7012160040.html,,2019-11-02,US,2019-11-21
contractorsprop rentersflipperssave on cabs and countertops!!, Nov 02, &excats=134-40&min_price=5000001, Delaware, Delaware, For Sale-Wanted, Materials, https://delaware.craigslist.org/mad/d/wilmington-contractorsprop/7011948180.html,,2019-11-02,US,2019-11-21
Tow Yard closing sale Coburg Oregon, Nov 02, &excats=134-40&min_price=5000001, Oregon, Eugene, For Sale-Wanted, General, https://eugene.craigslist.org/for/d/eugene-tow-yard-closing-sale-coburg/7012048418.html,,2019-11-02,US,2019-11-21
Want to buy old motorcycles quad scooter parts, Nov 02, &excats=134-40&min_price=5000001, Oregon, Salem, For Sale-Wanted, Motorcycles, https://salem.craigslist.org/mcy/d/salem-want-to-buy-old-motorcycles-quad/7012089752.html,Want,2019-11-02,US,2019-11-21
PRICE REDUCED!!!7iDP KNEE AND ELBOW PADS, Nov 01, &excats=134-40&min_price=5000001, Wisconsin, Green Bay, For Sale-Wanted, Bike Parts, https://greenbay.craigslist.org/bop/d/luxemburg-price-reduced7idp-knee-and/6993597481.html,,2019-11-01,US,2019-11-21
Indiana Hoosiers Basketball, Nov 01, &excats=134-40&min_price=5000001, Wisconsin, Milwaukee, For Sale-Wanted, Wanted, https://milwaukee.craigslist.org/wan/d/oconomowoc-indiana-hoosiers-basketball/7011328907.html,,2019-11-01,US,2019-11-21
Rayovac Display, Nov 01, &excats=134-40&min_price=5000001, Wisconsin, Wausau, For Sale-Wanted, Antique By Owner, https://wausau.craigslist.org/atq/d/schofield-rayovac-display/7011822133.html,,2019-11-01,US,2019-11-21
Antique Baby Stroller/Walker, Nov 01, &excats=134-40&min_price=5000001, Wisconsin, Wausau, For Sale-Wanted, Antique By Owner, https://wausau.craigslist.org/atq/d/schofield-antique-baby-stroller-walker/7011793895.html,,2019-11-01,US,2019-11-21
Red Wagons, Nov 01, &excats=134-40&min_price=5000001, Wisconsin, Wausau, For Sale-Wanted, Antique By Owner, https://wausau.craigslist.org/atq/d/schofield-red-wagons/7011793781.html,,2019-11-01,US,2019-11-21
Lamp, Nov 01, &excats=134-40&min_price=5000001, Wisconsin, Wausau, For Sale-Wanted, Antique By Owner, https://wausau.craigslist.org/atq/d/schofield-lamp/7011793438.html,,2019-11-01,US,2019-11-21
2017 Chevrolet Silverado 1500 4WD Crew Cab 143.5&quot; LTZ w/1LZ, Nov 01, &excats=134-40&min_price=5000001, Colorado, Denver, For Sale-Wanted, Cars And by Dealer, https://denver.craigslist.org/ctd/d/denver-2017-chevrolet-silverado-wd-crew/7011758334.html,,2019-11-01,US,2019-11-21
2013 Ford F-150 4WD SuperCrew 145&quot; SVT Raptor, Nov 01, &excats=134-40&min_price=5000001, Colorado, Denver, For Sale-Wanted, Cars And by Dealer, https://denver.craigslist.org/ctd/d/denver-2013-ford-150-4wd-supercrew-145/7011748740.html,,2019-11-01,US,2019-11-21
2008 HUMMER H2 4WD 4dr SUV, Nov 01, &excats=134-40&min_price=5000001, Colorado, Denver, For Sale-Wanted, Cars And by Dealer, https://denver.craigslist.org/ctd/d/denver-2008-hummer-h2-4wd-4dr-suv/7011748417.html,,2019-11-01,US,2019-11-21
2016 Volkswagen Jetta Sedan 4dr 1.4 TSI Auto Comfortline *Ltd Avail*, Nov 01, &excats=134-40&min_price=5000001, Colorado, Denver, For Sale-Wanted, Cars And by Dealer, https://denver.craigslist.org/ctd/d/denver-2016-volkswagen-jetta-sedan-4dr/7011728185.html,,2019-11-01,US,2019-11-21
2015 GMC Acadia AWD 4dr Denali, Nov 01, &excats=134-40&min_price=5000001, Colorado, Denver, For Sale-Wanted, Cars And by Dealer, https://denver.craigslist.org/ctd/d/denver-2015-gmc-acadia-awd-4dr-denali/7011684180.html,,2019-11-01,US,2019-11-21
2013 Ram 1500 4WD Quad Cab 140.5&quot; Laramie, Nov 01, &excats=134-40&min_price=5000001, Colorado, Denver, For Sale-Wanted, Cars And by Dealer, https://denver.craigslist.org/ctd/d/denver-2013-ram-wd-quad-cab-1405-laramie/7011545198.html,,2019-11-01,US,2019-11-21
2013 BMW 5 Series 4dr Sdn 535i xDrive AWD, Nov 01, &excats=134-40&min_price=5000001, Colorado, Denver, For Sale-Wanted, Cars And by Dealer, https://denver.craigslist.org/ctd/d/denver-2013-bmw-5-series-4dr-sdn-535i/7011438249.html,,2019-11-01,US,2019-11-21
2012 Ford F-150 4WD SuperCrew 145 XL, Nov 01, &excats=134-40&min_price=5000001, Colorado, Denver, For Sale-Wanted, Cars And by Dealer, https://denver.craigslist.org/ctd/d/denver-2012-ford-150-4wd-supercrew-145/7011437786.html,,2019-11-01,US,2019-11-21
Notre Dame/Virginia Tech tickets and/or parking wanted, Nov 01, &excats=134-40&min_price=5000001, Illinois, Chicago, For Sale-Wanted, Tickets, https://southbend.craigslist.org/tix/d/chicago-notre-dame-virginia-tech/7011287802.html,Want,2019-11-01,US,2019-11-21
Wanted Catalytic Converters, Nov 01, &excats=134-40&min_price=5000001, North Carolina, Fayetteville, For Sale-Wanted, Wanted, https://fayetteville.craigslist.org/wad/d/fayetteville-wanted-catalytic-converters/7011361934.html,Want,2019-11-01,US,2019-11-21
sea doo honda yamaha kawasaki jet ski, Nov 01, &excats=134-40&min_price=5000001, Ohio, Cleveland, For Sale-Wanted, Boat Parts by Dealer, https://cleveland.craigslist.org/bod/d/tallmadge-sea-doo-honda-yamaha-kawasaki/7011323470.html,,2019-11-01,US,2019-11-21
Used reals, Nov 01, &excats=134-40&min_price=5000001, Ohio, Columbus, For Sale-Wanted, Sporting Goods, https://columbus.craigslist.org/spo/d/lancaster-used-reals/7006989649.html,,2019-11-01,US,2019-11-21
toyota camry, Nov 01, &excats=134-40&min_price=5000001, Ohio, Sandusky, For Sale-Wanted, Wanted, https://sandusky.craigslist.org/wan/d/sandusky-toyota-camry/7011222212.html,,2019-11-01,US,2019-11-21
sea doo honda yamaha kawasaki jet ski, Nov 01, &excats=134-40&min_price=5000001, Ohio, Youngstown, For Sale-Wanted, Boat Parts by Dealer, https://youngstown.craigslist.org/bod/d/tallmadge-sea-doo-honda-yamaha-kawasaki/7011323157.html,,2019-11-01,US,2019-11-21
2013 Dodge Challenger, Nov 01, &excats=134-40&min_price=5000001, Mississippi, Meridian, For Sale-Wanted, Cars And Trucks, https://meridian.craigslist.org/cto/d/marion-2013-dodge-challenger/7011612354.html,,2019-11-01,US,2019-11-21
Tractor parts and equipment!!!!, Nov 01, &excats=134-40&min_price=5000001, Pennsylvania, Lancaster, For Sale-Wanted, Farm and Garden, https://lancaster.craigslist.org/grd/d/littlestown-tractor-parts-and-equipment/7011885224.html,,2019-11-01,US,2019-11-21
Tractor and tractor parts!!!!, Nov 01, &excats=134-40&min_price=5000001, Pennsylvania, Lancaster, For Sale-Wanted, Farm and Garden, https://lancaster.craigslist.org/grd/d/littlestown-tractor-and-tractor-parts/7011884216.html,,2019-11-01,US,2019-11-21
Wedding decor, Nov 01, &excats=134-40&min_price=5000001, Pennsylvania, Pittsburgh, For Sale-Wanted, Art by Owner, https://pittsburgh.craigslist.org/art/d/wedding-decor/7011634577.html,,2019-11-01,US,2019-11-21
TREE SERVICE/AFFORDABLE, Nov 01, &excats=134-40&min_price=5000001, Maine, Maine, For Sale-Wanted, General, https://maine.craigslist.org/for/d/tree-service-affordable/7001301004.html,,2019-11-01,US,2019-11-21
1996 BMW 750il 7 Series V12 V-12 low miles, Nov 01, &excats=134-40&min_price=5000001, Missouri, St Joseph, For Sale-Wanted, Auto Parts by Owner, https://stjoseph.craigslist.org/pts/d/hiawatha-1996-bmw-750il-7-series-v12-12/6993823561.html,,2019-11-01,US,2019-11-21
Custom To Order Chainsaw Carving!, Nov 01, &excats=134-40&min_price=5000001, Oklahoma, Oklahoma City, For Sale-Wanted, Art by Owner, https://oklahomacity.craigslist.org/art/d/oklahoma-city-custom-to-order-chainsaw/7009201093.html,,2019-11-01,US,2019-11-21
Ive Got The Scrap But No Ride To The Scrap Yard !!!$ Even Split !, Nov 01, &excats=134-40&min_price=5000001, Oklahoma, Oklahoma City, For Sale-Wanted, Wanted, https://oklahomacity.craigslist.org/wan/d/oklahoma-city-ive-got-the-scrap-but-no/7009328534.html,,2019-11-01,US,2019-11-21
WE PAY CASH 4 Antiques and Collectibles      SEEEEEE, Nov 01, &excats=134-40&min_price=5000001, Maryland, Baltimore, For Sale-Wanted, Wanted, https://baltimore.craigslist.org/wan/d/we-pay-cash-4-antiques-and-collectibles/7002572532.html,,2019-11-01,US,2019-11-21
Young Living Essential Oils and products, Nov 01, &excats=134-40&min_price=5000001, Indiana, Evansville, For Sale-Wanted, General, https://evansville.craigslist.org/for/d/newburgh-young-living-essential-oils/7011222824.html,,2019-11-01,US,2019-11-21
Wanted Classic Cars, Nov 01, &excats=134-40&min_price=5000001, Florida, Lakeland, For Sale-Wanted, Wanted, https://lakeland.craigslist.org/wan/d/lancaster-wanted-classic-cars/7011681833.html,Want,2019-11-01,US,2019-11-21
BMW RED INTERIOR FOR E46 SEDAN!!!!!!, Nov 01, &excats=134-40&min_price=5000001, Florida, Tallahassee, For Sale-Wanted, Auto Parts by Owner, https://tallahassee.craigslist.org/pts/d/tallahassee-bmw-red-interior-for-e46/7011680484.html,,2019-11-01,US,2019-11-21
$$ WE BUY ALL IPHONE 11 11 PRO MAX BRAND NEW --WILL PAY TOP CASH $$$, Nov 01, &excats=134-40&min_price=5000001, Texas, Austin, For Sale-Wanted, Wanted, https://austin.craigslist.org/wad/d/austin-we-buy-all-iphone-pro-max-brand/7011514122.html,,2019-11-01,US,2019-11-21
$$ WE BUY ALL IPHONE 11 11 PRO MAX BRAND NEW --WILL PAY TOP CASH $$$, Nov 01, &excats=134-40&min_price=5000001, Texas, Austin, For Sale-Wanted, Wanted, https://austin.craigslist.org/wad/d/austin-we-buy-all-iphone-pro-max-brand/7011314515.html,,2019-11-01,US,2019-11-21
carpas mesas sillas jumping ballons party rentals, Nov 01, &excats=134-40&min_price=5000001, Texas, El Paso, For Sale-Wanted, General, https://elpaso.craigslist.org/for/d/el-paso-carpas-mesas-sillas-jumping/7011813362.html,,2019-11-01,US,2019-11-21
I Buy sports card and comic book collections!, Nov 01, &excats=134-40&min_price=5000001, Texas, Houston, For Sale-Wanted, Collectibles, https://houston.craigslist.org/clt/d/tomball-buy-sports-card-and-comic-book/6991608035.html,,2019-11-01,US,2019-11-21
Hog Removal, Nov 01, &excats=134-40&min_price=5000001, Texas, Lubbock, For Sale-Wanted, Wanted, https://lubbock.craigslist.org/wan/d/wolfforth-hog-removal/7011670218.html,,2019-11-01,US,2019-11-21
REWARD!!!, Nov 01, &excats=134-40&min_price=5000001, Texas, San Antonio, For Sale-Wanted, Wanted, https://sanantonio.craigslist.org/wan/d/san-antonio-reward/7011901951.html,,2019-11-01,US,2019-11-21
Pedals n Amp... come n&#39;  git em!, Nov 01, &excats=134-40&min_price=5000001, Texas, San Antonio, For Sale-Wanted, Musical Instruments, https://sanantonio.craigslist.org/msg/d/cibolo-pedals-amp-come-git-em/6992248855.html,,2019-11-01,US,2019-11-21
Vintage Encyclopedia set, Nov 01, &excats=134-40&min_price=5000001, Texas, Victoria, For Sale-Wanted, Antique By Owner, https://victoriatx.craigslist.org/atq/d/nada-vintage-encyclopedia-set/7011728232.html,,2019-11-01,US,2019-11-21
Electric guitar signed by Slash from Guns and Roses, Nov 01, &excats=134-40&min_price=5000001, Nevada, Las Vegas, For Sale-Wanted, Collectibles, https://lasvegas.craigslist.org/clt/d/henderson-electric-guitar-signed-by/7011897619.html,,2019-11-01,US,2019-11-21
Mopar Air Cleaners Dodge Plymouth Chrysler, Nov 01, &excats=134-40&min_price=5000001, Tennessee, Knoxville, For Sale-Wanted, Auto Parts by Owner, https://knoxville.craigslist.org/pts/d/lenoir-city-mopar-air-cleaners-dodge/7011340948.html,,2019-11-01,US,2019-11-21
Electric signed by Slash from Guns and Roses, Nov 01, &excats=134-40&min_price=5000001, California, Orange County, For Sale-Wanted, Musical Instruments, https://orangecounty.craigslist.org/msg/d/anaheim-electric-signed-by-slash-from/7011896628.html,,2019-11-01,US,2019-11-21
We Buy Houses ??Cash ??, Nov 01, &excats=134-40&min_price=5000001, California, Palm Springs, For Sale-Wanted, Wanted, https://palmsprings.craigslist.org/wad/d/desert-hot-springs-we-buy-houses-cash/7011792373.html,,2019-11-01,US,2019-11-21
We Buy New & Used Apple Products ??Cash ??, Nov 01, &excats=134-40&min_price=5000001, California, Palm Springs, For Sale-Wanted, Wanted, https://palmsprings.craigslist.org/wad/d/desert-hot-springs-we-buy-new-used/7011785900.html,,2019-11-01,US,2019-11-21
We Buy New & Used Apple Products ??Cash ??, Nov 01, &excats=134-40&min_price=5000001, California, Palm Springs, For Sale-Wanted, Electronic, https://palmsprings.craigslist.org/eld/d/palm-springs-we-buy-new-used-apple/7011783909.html,,2019-11-01,US,2019-11-21
WASHERS & DRYERS pre-owned, Nov 01, &excats=134-40&min_price=5000001, California, Santa Maria, For Sale-Wanted, Heavy Equipment, https://santamaria.craigslist.org/hvo/d/lompoc-washers-dryers-pre-owned/7011849512.html,,2019-11-01,US,2019-11-21
I Buy MacBooks and other newer Electronics, Nov 01, &excats=134-40&min_price=5000001, Kansas, Wichita, For Sale-Wanted, Wanted, https://wichita.craigslist.org/wan/d/wichita-buy-macbooks-and-other-newer/7011677041.html,,2019-11-01,US,2019-11-21
Bunch of items, Nov 01, &excats=134-40&min_price=5000001, Virginia, Richmond, For Sale-Wanted, General, https://richmond.craigslist.org/for/d/mechanicsville-bunch-of-items/7011606230.html,,2019-11-01,US,2019-11-21
Canon, Nov 01, &excats=134-40&min_price=5000001, Virginia, Richmond, For Sale-Wanted, Electronics, https://richmond.craigslist.org/ele/d/mechanicsville-canon/7011395114.html,,2019-11-01,US,2019-11-21
Indoor SAMPLE SALE- perfect for holiday shopping!, Nov 01, &excats=134-40&min_price=5000001, Idaho, Boise, For Sale-Wanted, Baby Kids by Owner, https://boise.craigslist.org/bab/d/boise-indoor-sample-sale-perfect-for/7011562697.html,,2019-11-01,US,2019-11-21
Rare collectable bourbon (stagg welleretl), Nov 01, &excats=134-40&min_price=5000001, Georgia, Atlanta, For Sale-Wanted, Collectibles, https://atlanta.craigslist.org/atl/clt/d/cartersville-rare-collectable-bourbon/7011892510.html,,2019-11-01,US,2019-11-21
KBB  authorized purchace center, Nov 01, &excats=134-40&min_price=5000001, Michigan, Flint, For Sale-Wanted, Wanted, https://flint.craigslist.org/wad/d/davison-kbb-authorized-purchace-center/7011301909.html,,2019-11-01,US,2019-11-21
Shipping Containers / Storage Containers / Cargo Containers(Container), Nov 01, &excats=134-40&min_price=5000001, Oregon, Bend, For Sale-Wanted, General, https://bend.craigslist.org/fod/d/shipping-containers-storage-containers/7011387020.html,,2019-11-01,US,2019-11-21
Shipping Containers / Storage Containers / Cargo Containers(Container), Nov 01, &excats=134-40&min_price=5000001, Oregon, Eugene, For Sale-Wanted, General, https://eugene.craigslist.org/fod/d/shipping-containers-storage-containers/7011388450.html,,2019-11-01,US,2019-11-21
Shipping Containers / Storage Containers / Cargo Containers(Container), Nov 01, &excats=134-40&min_price=5000001, Oregon, Portland, For Sale-Wanted, General, https://portland.craigslist.org/mlt/fod/d/shipping-containers-storage-containers/7011391021.html,,2019-11-01,US,2019-11-21
Shipping Containers / Storage Containers / Cargo Containers(Container), Nov 01, &excats=134-40&min_price=5000001, Oregon, Salem, For Sale-Wanted, General, https://salem.craigslist.org/fod/d/shipping-containers-storage-containers/7011393338.html,,2019-11-01,US,2019-11-21
Vintage Baby Clothes, Oct 31, &excats=134-40&min_price=5000001, Arizona, Phoenix, For Sale-Wanted, Clothes, https://phoenix.craigslist.org/evl/clo/d/tempe-vintage-baby-clothes/7011052399.html,,2019-10-31,US,2019-11-21
Wanted dead or alive, Oct 31, &excats=134-40&min_price=5000001, Colorado, Pueblo, For Sale-Wanted, General, https://pueblo.craigslist.org/for/d/rye-wanted-dead-or-alive/7003127672.html,Want,2019-10-31,US,2019-11-21
WE WANT YOUR STUFF, Oct 31, &excats=134-40&min_price=5000001, Ohio, Cincinnati, For Sale-Wanted, Wanted, https://cincinnati.craigslist.org/wan/d/dayton-we-want-your-stuff/7010783996.html,Want,2019-10-31,US,2019-11-21
Ice Box &quot;Victor&quot; Rare, Oct 31, &excats=134-40&min_price=5000001, Ohio, Cleveland, For Sale-Wanted, Antique By Owner, https://cleveland.craigslist.org/atq/d/cleveland-ice-box-victor-rare/7010780180.html,,2019-10-31,US,2019-11-21
180 EISENHOWER SILVER DOLLARS, Oct 31, &excats=134-40&min_price=5000001, New York, Hudson Valley, For Sale-Wanted, Collectibles, https://hudsonvalley.craigslist.org/clt/d/rhinebeck-180-eisenhower-silver-dollars/6991693001.html,,2019-10-31,US,2019-11-21
Sheet metal shop, Oct 31, &excats=134-40&min_price=5000001, Pennsylvania, Pittsburgh, For Sale-Wanted, Tools, https://pittsburgh.craigslist.org/tls/d/apollo-sheet-metal-shop/6995102969.html,,2019-10-31,US,2019-11-21
Gold Buyers Diamond Buyers Rolex Buyers Jewelry Buyers Cash ., Oct 31, &excats=134-40&min_price=5000001, Florida, Lakeland, For Sale-Wanted, Jewelry, https://lakeland.craigslist.org/jwl/d/lakeland-gold-buyers-diamond-buyers/7011188431.html,,2019-10-31,US,2019-11-21
Gold Buyers Diamond Buyers Rolex Buyers Jewelry Buyers Cash ., Oct 31, &excats=134-40&min_price=5000001, Florida, Lakeland, For Sale-Wanted, Jewelry, https://lakeland.craigslist.org/jwl/d/lakeland-gold-buyers-diamond-buyers/7011188374.html,,2019-10-31,US,2019-11-21
Gold Buyers Diamond Buyers Rolex Buyers Jewelry Buyers Cash ., Oct 31, &excats=134-40&min_price=5000001, Florida, Lakeland, For Sale-Wanted, Jewelry, https://lakeland.craigslist.org/jwl/d/lakeland-gold-buyers-diamond-buyers/7011167648.html,,2019-10-31,US,2019-11-21
Gold Buyers Diamond Buyers Rolex Buyers Jewelry Buyers Cash ., Oct 31, &excats=134-40&min_price=5000001, Florida, Lakeland, For Sale-Wanted, Jewelry, https://lakeland.craigslist.org/jwl/d/lakeland-gold-buyers-diamond-buyers/7011167502.html,,2019-10-31,US,2019-11-21
$$ WE BUY ALL IPHONE 11 11 PRO MAX BRAND NEW --WILL PAY TOP CASH $$$, Oct 31, &excats=134-40&min_price=5000001, Texas, Austin, For Sale-Wanted, Wanted, https://austin.craigslist.org/wad/d/austin-we-buy-all-iphone-pro-max-brand/7010827209.html,,2019-10-31,US,2019-11-21
2012 Honda Civic, Oct 31, &excats=134-40&min_price=5000001, Texas, Austin, For Sale-Wanted, Cars And by Dealer, https://austin.craigslist.org/ctd/d/austin-2012-honda-civic/7010796231.html,,2019-10-31,US,2019-11-21
$$ WE BUY ALL IPHONE 11 11 PRO MAX BRAND NEW --WILL PAY TOP CASH $$$, Oct 31, &excats=134-40&min_price=5000001, Texas, Austin, For Sale-Wanted, Wanted, https://austin.craigslist.org/wad/d/austin-we-buy-all-iphone-pro-max-brand/7010703761.html,,2019-10-31,US,2019-11-21
bus PARTY BUS EL PASO TX XV SWEET 16 MORE, Oct 31, &excats=134-40&min_price=5000001, Texas, El Paso, For Sale-Wanted, General, https://elpaso.craigslist.org/for/d/el-paso-bus-party-bus-el-paso-tx-xv/6995101669.html,,2019-10-31,US,2019-11-21
Parting 06 crew 4x4  f150, Oct 31, &excats=134-40&min_price=5000001, Texas, Houston, For Sale-Wanted, Auto Parts by Owner, https://houston.craigslist.org/pts/d/flint-parting-06-crew-4x4-f150/6994123552.html,,2019-10-31,US,2019-11-21
Pastured pork, Oct 31, &excats=134-40&min_price=5000001, Texas, Houston, For Sale-Wanted, Farm and Garden, https://houston.craigslist.org/grd/d/huntsville-pastured-pork/7011008374.html,,2019-10-31,US,2019-11-21
Maggie Sottero Wedding Dress, Oct 31, &excats=134-40&min_price=5000001, Texas, Lubbock, For Sale-Wanted, General, https://lubbock.craigslist.org/for/d/lubbock-maggie-sottero-wedding-dress/7010786247.html,,2019-10-31,US,2019-11-21
Golf Serigraph - Myrtle Beach Dunes Golf - By Mark King, Oct 31, &excats=134-40&min_price=5000001, Nevada, Las Vegas, For Sale-Wanted, Sporting Goods, https://lasvegas.craigslist.org/spo/d/henderson-golf-serigraph-myrtle-beach/7011225765.html,,2019-10-31,US,2019-11-21
Want to buy motorcycle luggage trailer, Oct 31, &excats=134-40&min_price=5000001, South Carolina, Charleston, For Sale-Wanted, Motorcycle Parts, https://charleston.craigslist.org/mpo/d/johns-island-want-to-buy-motorcycle/7011041661.html,Want,2019-10-31,US,2019-11-21
POLE BARNS, Oct 31, &excats=134-40&min_price=5000001, Kentucky, Lexington, For Sale-Wanted, Farm and Garden, https://lexington.craigslist.org/grd/d/pine-ridge-pole-barns/6996137089.html,,2019-10-31,US,2019-11-21
chickens  ducks and a turkey, Oct 31, &excats=134-40&min_price=5000001, Kentucky, Lexington, For Sale-Wanted, Farm and Garden, https://lexington.craigslist.org/grd/d/georgetown-chickens-ducks-and-turkey/7008282059.html,,2019-10-31,US,2019-11-21
Stereo Speakers, Oct 31, &excats=134-40&min_price=5000001, Kentucky, Louisville, For Sale-Wanted, Wanted, https://louisville.craigslist.org/wan/d/louisville-stereo-speakers/7010739883.html,,2019-10-31,US,2019-11-21
ALL MODELS PRICED TOO LOW TO LAST!!!, Oct 31, &excats=134-40&min_price=5000001, Kentucky, Louisville, For Sale-Wanted, Boat Parts by Dealer, https://louisville.craigslist.org/bod/d/richmond-all-models-priced-too-low-to/7010778044.html,,2019-10-31,US,2019-11-21
Wanted Bucket Seats early 60s GM, Oct 31, &excats=134-40&min_price=5000001, California, Inland Empire, For Sale-Wanted, Auto Parts by Owner, https://inlandempire.craigslist.org/pts/d/hemet-wanted-bucket-seats-early-60s-gm/7008484381.html,Want,2019-10-31,US,2019-11-21
CASH CASH CASH FOR IPHONE 11 pro  pro max, Oct 31, &excats=134-40&min_price=5000001, California, Los Angeles, For Sale-Wanted, Wanted, https://losangeles.craigslist.org/lac/wad/d/los-angeles-cash-cash-cash-for-iphone/7011061744.html,,2019-10-31,US,2019-11-21
iPhone 11-SELLING THAT IPHONE? CASH FOR SMARTPHONES, Oct 31, &excats=134-40&min_price=5000001, California, Los Angeles, For Sale-Wanted, Wanted, https://losangeles.craigslist.org/lac/wad/d/los-angeles-iphone-11-selling-that/7010979679.html,,2019-10-31,US,2019-11-21
Baseball Football Basketball Cards BUYING Comic Coins & Knife $$$, Oct 31, &excats=134-40&min_price=5000001, California, Stockton, For Sale-Wanted, Collectibles, https://stockton.craigslist.org/clt/d/stockton-baseball-football-basketball/6991069502.html,,2019-10-31,US,2019-11-21
Buying Baseball Football Basketball cards $$ Comics Coins & Knives $$, Oct 31, &excats=134-40&min_price=5000001, California, Stockton, For Sale-Wanted, General, https://stockton.craigslist.org/for/d/stockton-buying-baseball-football/6991068403.html,,2019-10-31,US,2019-11-21
Baseball Basketball Football Cards WANTED Comics Coins Knives $$$, Oct 31, &excats=134-40&min_price=5000001, California, Stockton, For Sale-Wanted, Wanted, https://stockton.craigslist.org/wan/d/stockton-baseball-basketball-football/6991068048.html,Want,2019-10-31,US,2019-11-21
DOUBLE TT Horse and Tack Sale, Oct 31, &excats=134-40&min_price=5000001, Kansas, Wichita, For Sale-Wanted, Farm and Garden, https://wichita.craigslist.org/grd/d/el-dorado-double-tt-horse-and-tack-sale/7011163719.html,,2019-10-31,US,2019-11-21
SNOW SHOVELS, Oct 31, &excats=134-40&min_price=5000001, Kansas, Wichita, For Sale-Wanted, Tools, https://wichita.craigslist.org/tls/d/snow-shovels/7010894121.html,,2019-10-31,US,2019-11-21
Hay Equipment, Oct 31, &excats=134-40&min_price=5000001, Idaho, Boise, For Sale-Wanted, Farm and Garden, https://boise.craigslist.org/grd/d/fruitland-hay-equipment/7010944117.html,,2019-10-31,US,2019-11-21
??Trees Cut ?TREE REMOVAL TRIMMING TREE SERVICE TREE PRUNING TREE, Oct 31, &excats=134-40&min_price=5000001, Georgia, Atlanta, For Sale-Wanted, Farm and Garden, https://atlanta.craigslist.org/nat/grq/d/marietta-trees-cut-tree-removal/7010892085.html,,2019-10-31,US,2019-11-21
GATORS!!! We&#39;ve got the GATOR your looking for..., Oct 31, &excats=134-40&min_price=5000001, Georgia, Atlanta, For Sale-Wanted, Farm and Garden, https://atlanta.craigslist.org/eat/grq/d/dacula-gators-weve-got-the-gator-your/7010867969.html,Want,2019-10-31,US,2019-11-21
??PLOPPLOPFIZZFIZZ O WATA RELIEF IS 2 Hav D DEAD TREE GONE TREE, Oct 31, &excats=134-40&min_price=5000001, Georgia, Atlanta, For Sale-Wanted, Farm and Garden, https://atlanta.craigslist.org/nat/grq/d/marietta-plopplopfizzfizz-wata-relief/7010768940.html,,2019-10-31,US,2019-11-21
Security Cameras, Oct 31, &excats=134-40&min_price=5000001, New Mexico, Albuquerque, For Sale-Wanted, Electronics, https://santafe.craigslist.org/ele/d/albuquerque-security-cameras/7010781528.html,,2019-10-31,US,2019-11-21
Sink, Oct 31, &excats=134-40&min_price=5000001, Oregon, Bend, For Sale-Wanted, Wanted, https://bend.craigslist.org/wan/d/madras-sink/7011224879.html,,2019-10-31,US,2019-11-21
MOVING SALE ALL NEEDS GONE BY FRIDAY, Oct 30, &excats=134-40&min_price=5000001, Arkansas, Fort Smith, For Sale-Wanted, General, https://fortsmith.craigslist.org/for/d/alma-moving-sale-all-needs-gone-by/7010551673.html,Want,2019-10-30,US,2019-11-21
Multiple Woodworking Tools, Oct 30, &excats=134-40&min_price=5000001, Connecticut, New Haven, For Sale-Wanted, Tools, https://newhaven.craigslist.org/tls/d/greens-farms-multiple-woodworking-tools/7009970858.html,,2019-10-30,US,2019-11-21
65 HOME PORTFOLIO SALE, Oct 30, &excats=134-40&min_price=5000001, Arizona, Phoenix, For Sale-Wanted, General, https://phoenix.craigslist.org/nph/for/d/phoenix-65-home-portfolio-sale/7010532083.html,,2019-10-30,US,2019-11-21
Portable dance floor, Oct 30, &excats=134-40&min_price=5000001, Wisconsin, La Crosse, For Sale-Wanted, Materials, https://lacrosse.craigslist.org/mat/d/frederic-portable-dance-floor/7010523240.html,,2019-10-30,US,2019-11-21
ANTIQUE HAND CRAFTED ROCKING HORSE, Oct 30, &excats=134-40&min_price=5000001, Wisconsin, Milwaukee, For Sale-Wanted, Antique By Owner, https://milwaukee.craigslist.org/atq/d/burlington-antique-hand-crafted-rocking/6999748049.html,,2019-10-30,US,2019-11-21
Assorted Star Wars collectibles, Oct 30, &excats=134-40&min_price=5000001, Colorado, Denver, For Sale-Wanted, Collectibles, https://denver.craigslist.org/clt/d/castle-rock-assorted-star-wars/6991326497.html,,2019-10-30,US,2019-11-21
commercial 3 glass door cooler, Oct 30, &excats=134-40&min_price=5000001, Illinois, Quad Cities, For Sale-Wanted, Appliance by Owner, https://quadcities.craigslist.org/app/d/davenport-commercial-3-glass-door-cooler/7009922689.html,,2019-10-30,US,2019-11-21
97-01 HONDA RECON 250EX ENGINE PARTS, Oct 30, &excats=134-40&min_price=5000001, Ohio, Columbus, For Sale-Wanted, Motorcycle Parts, https://columbus.craigslist.org/mpo/d/marion-honda-recon-250ex-engine-parts/7008098539.html,,2019-10-30,US,2019-11-21
Moving on November 15th Accepting offers, Oct 30, &excats=134-40&min_price=5000001, New York, Long Island, For Sale-Wanted, Furniture, https://longisland.craigslist.org/fuo/d/moving-on-november-15th-accepting-offers/7010184276.html,,2019-10-30,US,2019-11-21
GARAGE WANTED, Oct 30, &excats=134-40&min_price=5000001, New York, Long Island, For Sale-Wanted, Wanted, https://longisland.craigslist.org/wan/d/ronkonkoma-garage-wanted/6992313542.html,Want,2019-10-30,US,2019-11-21
1998 Dodge Ram 4x4 3500, Oct 30, &excats=134-40&min_price=5000001, Iowa, Des Moines, For Sale-Wanted, Cars And Trucks, https://desmoines.craigslist.org/cto/d/guthrie-center-1998-dodge-ram-4x4-3500/7010493548.html,,2019-10-30,US,2019-11-21
commercial 3 glass door cooler, Oct 30, &excats=134-40&min_price=5000001, Iowa, Quad Cities, For Sale-Wanted, Appliance by Owner, https://quadcities.craigslist.org/app/d/davenport-commercial-3-glass-door-cooler/7009922689.html,,2019-10-30,US,2019-11-21
Subs 4 Sale, Oct 30, &excats=134-40&min_price=5000001, Missouri, St Louis, For Sale-Wanted, Health And Beauty, https://stlouis.craigslist.org/hab/d/saint-louis-subs-4-sale/7010404648.html,,2019-10-30,US,2019-11-21
1994 CHEVROLET CORVETTE...1987 CHEVROLET CORVETTE, Oct 30, &excats=134-40&min_price=5000001, Oklahoma, Tulsa, For Sale-Wanted, Cars And by Dealer, https://tulsa.craigslist.org/ctd/d/tulsa-1994-chevrolet-corvette1987/7010304937.html,,2019-10-30,US,2019-11-21
Pictures and Nic Nacs, Oct 30, &excats=134-40&min_price=5000001, Oklahoma, Tulsa, For Sale-Wanted, Household, https://tulsa.craigslist.org/hsh/d/beggs-pictures-and-nic-nacs/7010000998.html,,2019-10-30,US,2019-11-21
2010 ford f150, Oct 30, &excats=134-40&min_price=5000001, Maryland, Baltimore, For Sale-Wanted, Auto Parts by Owner, https://baltimore.craigslist.org/pts/d/baltimore-2010-ford-f150/7009948264.html,,2019-10-30,US,2019-11-21
1988 jeep wrangler cylinder head complete, Oct 30, &excats=134-40&min_price=5000001, Maryland, Frederick, For Sale-Wanted, Auto Parts by Owner, https://frederick.craigslist.org/pts/d/frederick-1988-jeep-wrangler-cylinder/6990603404.html,,2019-10-30,US,2019-11-21
shimano stradic, Oct 30, &excats=134-40&min_price=5000001, Florida, Space Coast, For Sale-Wanted, Sporting Goods, https://spacecoast.craigslist.org/spo/d/satellite-beach-shimano-stradic/6995098848.html,,2019-10-30,US,2019-11-21
$$ WE BUY ALL IPHONE 11 11 PRO MAX BRAND NEW --WILL PAY TOP CASH $$$, Oct 30, &excats=134-40&min_price=5000001, Texas, Austin, For Sale-Wanted, Wanted, https://austin.craigslist.org/wad/d/austin-we-buy-all-iphone-pro-max-brand/7010138358.html,,2019-10-30,US,2019-11-21
I BUY GIFT CARDS. SELL YOURS FOR CASH, Oct 30, &excats=134-40&min_price=5000001, Texas, Houston, For Sale-Wanted, Wanted, https://houston.craigslist.org/wan/d/baytown-buy-gift-cards-sell-yours-for/7010385088.html,,2019-10-30,US,2019-11-21
Mobile Home dishwasher & 4Ton central unit, Oct 30, &excats=134-40&min_price=5000001, Texas, Houston, For Sale-Wanted, Appliance by Owner, https://houston.craigslist.org/app/d/premont-mobile-home-dishwasher-4ton/7010305515.html,,2019-10-30,US,2019-11-21
TERRENO DE VENTA EN FALCON  TX, Oct 30, &excats=134-40&min_price=5000001, Texas, San Antonio, For Sale-Wanted, General, https://sanantonio.craigslist.org/for/d/mcallen-terreno-de-venta-en-falcon-tx/7009983584.html,,2019-10-30,US,2019-11-21
buying att new i phones, Oct 30, &excats=134-40&min_price=5000001, California, Inland Empire, For Sale-Wanted, Cell Phones, https://inlandempire.craigslist.org/mob/d/moreno-valley-buying-att-new-phones/7010286877.html,,2019-10-30,US,2019-11-21
CASH CASH CASH FOR BRAND NEW AND USED SMARTPHONES, Oct 30, &excats=134-40&min_price=5000001, California, Los Angeles, For Sale-Wanted, Wanted, https://losangeles.craigslist.org/lac/wad/d/los-angeles-cash-cash-cash-for-brand/7010534635.html,,2019-10-30,US,2019-11-21
Cash For Diabetic Test Strips, Oct 30, &excats=134-40&min_price=5000001, California, Los Angeles, For Sale-Wanted, Wanted, https://losangeles.craigslist.org/wst/wad/d/santa-monica-cash-for-diabetic-test/7010523510.html,,2019-10-30,US,2019-11-21
1960 and Older Coins, Oct 30, &excats=134-40&min_price=5000001, California, Modesto, For Sale-Wanted, Wanted, https://modesto.craigslist.org/wan/d/modesto-1960-and-older-coins/7010236026.html,,2019-10-30,US,2019-11-21
OC USED HIGH QUALITY JAPANESE ENGINE TRANSMISSIONS MOTORS & PARTS, Oct 30, &excats=134-40&min_price=5000001, California, Orange County, For Sale-Wanted, Auto Parts by Dealer, https://orangecounty.craigslist.org/ptd/d/buena-park-oc-used-high-quality/7010206954.html,,2019-10-30,US,2019-11-21
We pay better cash prices then anyone! Mobile 24 7!, Oct 30, &excats=134-40&min_price=5000001, California, Sacramento, For Sale-Wanted, Wanted, https://sacramento.craigslist.org/wad/d/sacramento-we-pay-better-cash-prices/7010339784.html,,2019-10-30,US,2019-11-21
We pay top dollar for Motorhome Fifth Wheel Travel Trailer, Oct 30, &excats=134-40&min_price=5000001, California, Sacramento, For Sale-Wanted, NA, https://sacramento.craigslist.org/trb/d/sacramento-we-pay-top-dollar-for/7010228444.html,,2019-10-30,US,2019-11-21
LOW PRICE AUTO BOY REPAIRS, Oct 30, &excats=134-40&min_price=5000001, California, Sacramento, For Sale-Wanted, Wanted, https://sacramento.craigslist.org/wad/d/sacramento-low-price-auto-boy-repairs/7010218589.html,,2019-10-30,US,2019-11-21
HAY FOR SALE, Oct 30, &excats=134-40&min_price=5000001, Kansas, Topeka, For Sale-Wanted, Farm and Garden, https://topeka.craigslist.org/grd/d/hoyt-hay-for-sale/7010509285.html,,2019-10-30,US,2019-11-21
WANTED: 1970s VW Bus/Transporter, Oct 30, &excats=134-40&min_price=5000001, Idaho, Boise, For Sale-Wanted, Wanted, https://boise.craigslist.org/wan/d/caldwell-wanted-1970s-vw-bus-transporter/6998434612.html,Want,2019-10-30,US,2019-11-21
??Trees Cut ?TREE REMOVAL TRIMMING TREE SERVICE TREE PRUNING TREE, Oct 30, &excats=134-40&min_price=5000001, Georgia, Atlanta, For Sale-Wanted, Farm and Garden, https://atlanta.craigslist.org/nat/grq/d/marietta-trees-cut-tree-removal/7010390504.html,,2019-10-30,US,2019-11-21
cant afford bladder meds?, Oct 30, &excats=134-40&min_price=5000001, Michigan, Ann Arbor, For Sale-Wanted, Health And Beauty, https://annarbor.craigslist.org/hab/d/canton-cant-afford-bladder-meds/6992187392.html,,2019-10-30,US,2019-11-21
KBB  authorized purchace center, Oct 30, &excats=134-40&min_price=5000001, Michigan, Flint, For Sale-Wanted, Wanted, https://flint.craigslist.org/wad/d/davison-kbb-authorized-purchace-center/7010142545.html,,2019-10-30,US,2019-11-21
Wanted Old Music Band Promotional Posters & Flyers, Oct 30, &excats=134-40&min_price=5000001, Oregon, Roseburg, For Sale-Wanted, Wanted, https://roseburg.craigslist.org/wan/d/winchester-wanted-old-music-band/6990852755.html,Want,2019-10-30,US,2019-11-21
Qaib Thai, Oct 29, &excats=134-40&min_price=5000001, Wisconsin, Eau Claire, For Sale-Wanted, Farm and Garden, https://eauclaire.craigslist.org/grd/d/elk-mound-qaib-thai/7009210370.html,,2019-10-29,US,2019-11-21
2014 JEEP CHEROKEE SPORT, Oct 29, &excats=134-40&min_price=5000001, Colorado, Denver, For Sale-Wanted, Cars And by Dealer, https://denver.craigslist.org/ctd/d/denver-2014-jeep-cherokee-sport/7009714472.html,,2019-10-29,US,2019-11-21
Bay Boats for sale!, Oct 29, &excats=134-40&min_price=5000001, Louisiana, Lake Charles, For Sale-Wanted, Boat Parts by Dealer, https://lakecharles.craigslist.org/bod/d/marrero-bay-boats-for-sale/7009747516.html,,2019-10-29,US,2019-11-21
4-6 Parsons Chairs, Oct 29, &excats=134-40&min_price=5000001, North Carolina, Greensboro, For Sale-Wanted, Wanted, https://greensboro.craigslist.org/wan/d/ocracoke-4-6-parsons-chairs/7009241073.html,,2019-10-29,US,2019-11-21
Vintage lighted beer signs and beer mirrored signs, Oct 29, &excats=134-40&min_price=5000001, New York, Albany, For Sale-Wanted, Antique By Owner, https://albany.craigslist.org/atq/d/glenmont-vintage-lighted-beer-signs-and/7007829531.html,,2019-10-29,US,2019-11-21
Scrap metal converters alternators starters, Oct 29, &excats=134-40&min_price=5000001, Iowa, Des Moines, For Sale-Wanted, Wanted, https://desmoines.craigslist.org/wan/d/scrap-metal-converters-alternators/7009232035.html,,2019-10-29,US,2019-11-21
in search of 5 tickets for sight and sound miracle of Christmas, Oct 29, &excats=134-40&min_price=5000001, Pennsylvania, Lancaster, For Sale-Wanted, Tickets, https://lancaster.craigslist.org/tix/d/lancaster-in-search-of-5-tickets-for/7009852802.html,,2019-10-29,US,2019-11-21
Shipping Container Cargo Container Storage  hauling, Oct 29, &excats=134-40&min_price=5000001, Missouri, St Louis, For Sale-Wanted, General, https://stlouis.craigslist.org/fod/d/new-haven-shipping-container-cargo/7009574712.html,,2019-10-29,US,2019-11-21
custom motorcycle, Oct 29, &excats=134-40&min_price=5000001, Maryland, Baltimore, For Sale-Wanted, Motorcycles, https://baltimore.craigslist.org/mcy/d/abingdon-custom-motorcycle/7009468205.html,,2019-10-29,US,2019-11-21
2000 thru 2006 jeep wrangler tj lj, Oct 29, &excats=134-40&min_price=5000001, Indiana, Evansville, For Sale-Wanted, Cars And by Dealer, https://evansville.craigslist.org/ctd/d/evansville-2000-thru-2006-jeep-wrangler/7009489963.html,,2019-10-29,US,2019-11-21
jeep wranler T J  and L j s, Oct 29, &excats=134-40&min_price=5000001, Indiana, Evansville, For Sale-Wanted, Cars And by Dealer, https://carbondale.craigslist.org/ctd/d/evansville-jeep-wranler-j-and-j/7009501509.html,,2019-10-29,US,2019-11-21
Rabbits, Oct 29, &excats=134-40&min_price=5000001, Indiana, Terre Haute, For Sale-Wanted, Farm and Garden, https://terrehaute.craigslist.org/grd/d/marshall-rabbits/7009521667.html,,2019-10-29,US,2019-11-21
1985 Civic 1992 Civic, Oct 29, &excats=134-40&min_price=5000001, New Jersey, Jersey Shore, For Sale-Wanted, Cars And Trucks, https://jerseyshore.craigslist.org/cto/d/fort-monmouth-1985-civic-1992-civic/7009317381.html,,2019-10-29,US,2019-11-21
All kinds of video games and systems, Oct 29, &excats=134-40&min_price=5000001, Florida, Ocala, For Sale-Wanted, Video Gaming, https://ocala.craigslist.org/vgm/d/leesburg-all-kinds-of-video-games-and/6991153533.html,,2019-10-29,US,2019-11-21
Gold Buyers Diamond Buyers Rolex Buyers Jewelry Buyers Cash ., Oct 29, &excats=134-40&min_price=5000001, Florida, Orlando, For Sale-Wanted, Jewelry, https://orlando.craigslist.org/jwl/d/kissimmee-gold-buyers-diamond-buyers/7006986795.html,,2019-10-29,US,2019-11-21
polydactyl cats, Oct 29, &excats=134-40&min_price=5000001, Texas, Austin, For Sale-Wanted, Farm and Garden, https://austin.craigslist.org/grd/d/austin-polydactyl-cats/7009875184.html,,2019-10-29,US,2019-11-21
$$ WE BUY ALL IPHONE 11 11 PRO MAX BRAND NEW --WILL PAY TOP CASH $$$, Oct 29, &excats=134-40&min_price=5000001, Texas, Austin, For Sale-Wanted, Wanted, https://austin.craigslist.org/wad/d/austin-we-buy-all-iphone-pro-max-brand/7009581545.html,,2019-10-29,US,2019-11-21
6.0 Used Injectors, Oct 29, &excats=134-40&min_price=5000001, Texas, Corpus Christi, For Sale-Wanted, Auto Parts by Owner, https://corpuschristi.craigslist.org/pts/d/corpus-christi-60-used-injectors/7009600961.html,,2019-10-29,US,2019-11-21
bus PARTY BUS EL PASO TX XV SWEET 16 MORE, Oct 29, &excats=134-40&min_price=5000001, Texas, El Paso, For Sale-Wanted, General, https://elpaso.craigslist.org/for/d/el-paso-bus-party-bus-el-paso-tx-xv/6996872620.html,,2019-10-29,US,2019-11-21
carpas mesas sillas jumping ballons party rentals, Oct 29, &excats=134-40&min_price=5000001, Texas, El Paso, For Sale-Wanted, General, https://elpaso.craigslist.org/for/d/el-paso-carpas-mesas-sillas-jumping/6997237467.html,,2019-10-29,US,2019-11-21
250 comics mostly DC, Oct 29, &excats=134-40&min_price=5000001, Texas, Houston, For Sale-Wanted, Collectibles, https://houston.craigslist.org/clt/d/houston-250-comics-mostly-dc/7009726029.html,,2019-10-29,US,2019-11-21
buying older Classic and European &American Vintage cars any condition, Oct 29, &excats=134-40&min_price=5000001, Texas, Houston, For Sale-Wanted, Auto Parts by Owner, https://houston.craigslist.org/pts/d/houston-buying-older-classic-and/6990305011.html,,2019-10-29,US,2019-11-21
Inflatable Bouncers and Slides - Commercial Quality, Oct 29, &excats=134-40&min_price=5000001, South Carolina, Columbia, For Sale-Wanted, General, https://columbia.craigslist.org/for/d/lexington-inflatable-bouncers-and/6997355667.html,,2019-10-29,US,2019-11-21
2002 Kawasaki Voyager trade, Oct 29, &excats=134-40&min_price=5000001, South Carolina, Florence, For Sale-Wanted, Motorcycles, https://florencesc.craigslist.org/mcy/d/mc-coll-2002-kawasaki-voyager-trade/7009303147.html,,2019-10-29,US,2019-11-21
wanted dodge charger trunk lid etc, Oct 29, &excats=134-40&min_price=5000001, California, Inland Empire, For Sale-Wanted, Auto Parts by Owner, https://inlandempire.craigslist.org/pts/d/rancho-cucamonga-wanted-dodge-charger/7009408225.html,Want,2019-10-29,US,2019-11-21
-WE PAY CASH FOR BRAND NEW AND USED PHONES , Oct 29, &excats=134-40&min_price=5000001, California, Los Angeles, For Sale-Wanted, Wanted, https://losangeles.craigslist.org/lac/wad/d/los-angeles-we-pay-cash-for-brand-new/7009764046.html,,2019-10-29,US,2019-11-21
MacBook Pro or Air wanted, Oct 29, &excats=134-40&min_price=5000001, California, Orange County, For Sale-Wanted, Wanted, https://orangecounty.craigslist.org/wan/d/costa-mesa-macbook-pro-or-air-wanted/7009550036.html,Want,2019-10-29,US,2019-11-21
Italian travertine Dining Tables and Coffee Table, Oct 29, &excats=134-40&min_price=5000001, California, Orange County, For Sale-Wanted, Furniture, https://orangecounty.craigslist.org/fuo/d/newport-coast-italian-travertine-dining/7009549797.html,,2019-10-29,US,2019-11-21
TOP CASH FOR HONDA NISSAN TOYOTA WANTED, Oct 29, &excats=134-40&min_price=5000001, California, Sacramento, For Sale-Wanted, Wanted, https://sacramento.craigslist.org/wad/d/sacramento-top-cash-for-honda-nissan/7009470390.html,Want,2019-10-29,US,2019-11-21
We pay top dollar for Motorhome Fifth Wheel Travel Trailer, Oct 29, &excats=134-40&min_price=5000001, California, Sacramento, For Sale-Wanted, NA, https://sacramento.craigslist.org/trb/d/sacramento-we-pay-top-dollar-for/7009435871.html,,2019-10-29,US,2019-11-21
LOW PRICE AUTO BOY REPAIRS, Oct 29, &excats=134-40&min_price=5000001, California, Sacramento, For Sale-Wanted, Wanted, https://sacramento.craigslist.org/wad/d/sacramento-low-price-auto-boy-repairs/7009432138.html,,2019-10-29,US,2019-11-21
Baseball Basketball Football Cards WANTED Comics Coins Knives $$$, Oct 29, &excats=134-40&min_price=5000001, California, Stockton, For Sale-Wanted, Wanted, https://stockton.craigslist.org/wan/d/stockton-baseball-basketball-football/6990492206.html,Want,2019-10-29,US,2019-11-21
Baseball Football Basketball Cards BUYING Comic Coins & Knife $$$, Oct 29, &excats=134-40&min_price=5000001, California, Stockton, For Sale-Wanted, Collectibles, https://stockton.craigslist.org/clt/d/stockton-baseball-football-basketball/6990492977.html,,2019-10-29,US,2019-11-21
Wedding Decor - Lanterns Table Runner Reserved signs, Oct 29, &excats=134-40&min_price=5000001, Virginia, Charlottesville, For Sale-Wanted, General, https://charlottesville.craigslist.org/for/d/harrisonburg-wedding-decor-lanterns/7009282478.html,,2019-10-29,US,2019-11-21
Wedding Decor - Lanterns Table Runner Reserved signs, Oct 29, &excats=134-40&min_price=5000001, Virginia, Harrisonburg, For Sale-Wanted, General, https://charlottesville.craigslist.org/for/d/harrisonburg-wedding-decor-lanterns/7009282478.html,,2019-10-29,US,2019-11-21
Plantation styled desk marble top washstand TV console/sta, Oct 29, &excats=134-40&min_price=5000001, Virginia, Lynchburg, For Sale-Wanted, Furniture, https://lynchburg.craigslist.org/fuo/d/evington-plantation-styled-desk-marble/7009789866.html,,2019-10-29,US,2019-11-21
Halloween and party props, Oct 29, &excats=134-40&min_price=5000001, Idaho, Boise, For Sale-Wanted, General, https://boise.craigslist.org/for/d/eagle-halloween-and-party-props/7009423812.html,,2019-10-29,US,2019-11-21
Christmas stuff & baby swing!, Oct 29, &excats=134-40&min_price=5000001, Idaho, East Idaho, For Sale-Wanted, Household, https://eastidaho.craigslist.org/hsh/d/idaho-falls-christmas-stuff-baby-swing/7009374702.html,,2019-10-29,US,2019-11-21
Gator XUV 835M, Oct 29, &excats=134-40&min_price=5000001, Georgia, Atlanta, For Sale-Wanted, ATVs UTVs by Dealer, https://atlanta.craigslist.org/atl/snd/d/dacula-gator-xuv-835m/7009409889.html,,2019-10-29,US,2019-11-21
LIFE SIZE CHILD&#39;S PLAY 2 CHUCKY DOLL, Oct 29, &excats=134-40&min_price=5000001, Georgia, Atlanta, For Sale-Wanted, Collectibles, https://atlanta.craigslist.org/eat/clt/d/pendergrass-life-size-childs-play-2/6991725918.html,,2019-10-29,US,2019-11-21
??Trees Cut ?TREE REMOVAL TRIMMING TREE SERVICE TREE PRUNING TREE, Oct 29, &excats=134-40&min_price=5000001, Georgia, Atlanta, For Sale-Wanted, Farm and Garden, https://atlanta.craigslist.org/nat/grq/d/marietta-trees-cut-tree-removal/7009245679.html,,2019-10-29,US,2019-11-21
??PLOPPLOPFIZZFIZZ O WATA RELIEF IS 2 Hav D DEAD TREE GONE TREE, Oct 29, &excats=134-40&min_price=5000001, Georgia, Atlanta, For Sale-Wanted, Farm and Garden, https://atlanta.craigslist.org/nat/grq/d/marietta-plopplopfizzfizz-wata-relief/7009245437.html,,2019-10-29,US,2019-11-21
Selling  iPhones & Galaxys, Oct 29, &excats=134-40&min_price=5000001, Alabama, Birmingham, For Sale-Wanted, Electronics, https://bham.craigslist.org/ele/d/birmingham-selling-iphones-galaxys/6989557723.html,,2019-10-29,US,2019-11-21
I want to purchase your rental property, Oct 29, &excats=134-40&min_price=5000001, Michigan, Grand Rapids, For Sale-Wanted, Wanted, https://grandrapids.craigslist.org/wan/d/grand-rapids-want-to-purchase-your/7009513348.html,Want,2019-10-29,US,2019-11-21
Silverado Sierra Suburban, Oct 29, &excats=134-40&min_price=5000001, Michigan, Port Huron, For Sale-Wanted, Auto Parts by Owner, https://porthuron.craigslist.org/pts/d/saint-clair-silverado-sierra-suburban/7009216713.html,,2019-10-29,US,2019-11-21
Need Car Trailered, Oct 29, &excats=134-40&min_price=5000001, Oregon, Salem, For Sale-Wanted, Auto Parts by Owner, https://salem.craigslist.org/pts/d/saint-benedict-need-car-trailered/7009869696.html,Want,2019-10-29,US,2019-11-21
*15278- 2018 Chevrolet Malibu LS Clean CARFAX w/BackUp Camera 18 chevy, Oct 28, &excats=134-40&min_price=5000001, Arizona, Phoenix, For Sale-Wanted, Cars And by Dealer, https://phoenix.craigslist.org/nph/ctd/d/phoenix-chevrolet-malibu-ls-clean/7009159176.html,,2019-10-28,US,2019-11-21
2006 Winnebago Aspect class B, Oct 28, &excats=134-40&min_price=5000001, Arizona, Yuma, For Sale-Wanted, RVs, https://yuma.craigslist.org/rvd/d/yuma-2006-winnebago-aspect-class/7008770851.html,,2019-10-28,US,2019-11-21
Join Shreveport Guitar Trader!, Oct 28, &excats=134-40&min_price=5000001, Louisiana, Shreveport, For Sale-Wanted, Musical Instruments, https://shreveport.craigslist.org/msg/d/join-shreveport-guitar-trader/6992399211.html,,2019-10-28,US,2019-11-21
Bunk beds plastic organizers with drawers recliner etc, Oct 28, &excats=134-40&min_price=5000001, North Carolina, Charlotte, For Sale-Wanted, General, https://charlotte.craigslist.org/for/d/salisbury-bunk-beds-plastic-organizers/7009169587.html,,2019-10-28,US,2019-11-21
Cash for Junk Vehicles!! No Title OK!!, Oct 28, &excats=134-40&min_price=5000001, North Carolina, Fayetteville, For Sale-Wanted, Wanted, https://fayetteville.craigslist.org/wad/d/fayetteville-cash-for-junk-vehicles-no/7008903563.html,,2019-10-28,US,2019-11-21
GENERATORS NEW & USED FROM 10KW TO 2000KW DIESELNATURAL & LP GAS, Oct 28, &excats=134-40&min_price=5000001, North Carolina, Wilmington, For Sale-Wanted, Heavy Equipment, https://wilmington.craigslist.org/hvo/d/wilmington-generators-new-used-from/6988907437.html,,2019-10-28,US,2019-11-21
Cheap Pullup Diapers & Medical Equip, Oct 28, &excats=134-40&min_price=5000001, Ohio, Youngstown, For Sale-Wanted, Health And Beauty, https://youngstown.craigslist.org/hab/d/youngstown-cheap-pullup-diapers-medical/7009164077.html,,2019-10-28,US,2019-11-21
ROLLER BUILT IN U.S.A TO LAST, Oct 28, &excats=134-40&min_price=5000001, New York, Buffalo, For Sale-Wanted, Farm and Garden, https://buffalo.craigslist.org/grq/d/waterloo-roller-built-in-usa-to-last/7008669022.html,,2019-10-28,US,2019-11-21
89 - 91 Honda Civic & CRX Parts, Oct 28, &excats=134-40&min_price=5000001, New York, Hudson Valley, For Sale-Wanted, Auto Parts by Owner, https://hudsonvalley.craigslist.org/pts/d/vails-gate-honda-civic-crx-parts/6988811577.html,,2019-10-28,US,2019-11-21
rx7 parts, Oct 28, &excats=134-40&min_price=5000001, New York, Hudson Valley, For Sale-Wanted, Auto Parts by Owner, https://hudsonvalley.craigslist.org/pts/d/rx7-parts/6993286710.html,,2019-10-28,US,2019-11-21
Porsche wanted dead or alive, Oct 28, &excats=134-40&min_price=5000001, Pennsylvania, Philadelphia, For Sale-Wanted, Auto Parts by Owner, https://philadelphia.craigslist.org/pts/d/philadelphia-porsche-wanted-dead-or/6994994046.html,Want,2019-10-28,US,2019-11-21
Brewing Packaging Materials, Oct 28, &excats=134-40&min_price=5000001, Pennsylvania, York, For Sale-Wanted, Materials, https://york.craigslist.org/mat/d/dallastown-brewing-packaging-materials/7008926746.html,,2019-10-28,US,2019-11-21
Vinyl Printing, Oct 28, &excats=134-40&min_price=5000001, Vermont, Vermont, For Sale-Wanted, Art by Owner, https://vermont.craigslist.org/art/d/vergennes-vinyl-printing/7008790363.html,,2019-10-28,US,2019-11-21
I BUY ALL JUNK CARS, Oct 28, &excats=134-40&min_price=5000001, Florida, Jacksonville, For Sale-Wanted, Wanted, https://jacksonville.craigslist.org/wan/d/jacksonville-buy-all-junk-cars/7008626110.html,,2019-10-28,US,2019-11-21
Seeking to purchase Quality Antiques & Estate Contents, Oct 28, &excats=134-40&min_price=5000001, Florida, Ocala, For Sale-Wanted, Wanted, https://ocala.craigslist.org/wad/d/ocala-seeking-to-purchase-quality/7009113643.html,Want,2019-10-28,US,2019-11-21
Purchasing Quality Antiques & Estate Cleanouts, Oct 28, &excats=134-40&min_price=5000001, Florida, Ocala, For Sale-Wanted, Antiques By Dealer, https://ocala.craigslist.org/atd/d/ocala-purchasing-quality-antiques/7009094795.html,,2019-10-28,US,2019-11-21
seadoo spark reflash tune 60hp to 100hp sea doo, Oct 28, &excats=134-40&min_price=5000001, Florida, Orlando, For Sale-Wanted, Boat Parts, https://orlando.craigslist.org/bpo/d/orlando-seadoo-spark-reflash-tune-60hp/7002976737.html,,2019-10-28,US,2019-11-21
Buying Xbox Playstation 4 PS4 Nintendo switch surface pro gopro, Oct 28, &excats=134-40&min_price=5000001, Florida, Orlando, For Sale-Wanted, Wanted, https://orlando.craigslist.org/wad/d/orlando-buying-xbox-playstation-4-ps4/7008507689.html,,2019-10-28,US,2019-11-21
I have several nice pieces of nice furniture.Come see I will be home m, Oct 28, &excats=134-40&min_price=5000001, Florida, Pensacola, For Sale-Wanted, Furniture, https://pensacola.craigslist.org/fuo/d/pensacola-have-several-nice-pieces-of/7009176426.html,,2019-10-28,US,2019-11-21
Hog Hunting (Wanted), Oct 28, &excats=134-40&min_price=5000001, Texas, Amarillo, For Sale-Wanted, Wanted, https://amarillo.craigslist.org/wan/d/amarillo-hog-hunting-wanted/7009127688.html,Want,2019-10-28,US,2019-11-21
$$ WE BUY ALL IPHONE 11 11 PRO MAX BRAND NEW --WILL PAY TOP CASH $$$, Oct 28, &excats=134-40&min_price=5000001, Texas, Austin, For Sale-Wanted, Wanted, https://austin.craigslist.org/wad/d/austin-we-buy-all-iphone-pro-max-brand/7008774878.html,,2019-10-28,US,2019-11-21
$$ WE BUY ALL IPHONE 11 11 PRO MAX BRAND NEW --WILL PAY TOP CASH $$$, Oct 28, &excats=134-40&min_price=5000001, Texas, Austin, For Sale-Wanted, Wanted, https://austin.craigslist.org/wad/d/austin-we-buy-all-iphone-pro-max-brand/7008615747.html,,2019-10-28,US,2019-11-21
carpas mesas sillas jumping ballons party rentals, Oct 28, &excats=134-40&min_price=5000001, Texas, El Paso, For Sale-Wanted, General, https://elpaso.craigslist.org/for/d/el-paso-carpas-mesas-sillas-jumping/6989605840.html,,2019-10-28,US,2019-11-21
#1 GENUINE MILITARY SURPLUS STORE IN SAN ANTONIO &quot;ARMED FORCES SUPPLY&quot;, Oct 28, &excats=134-40&min_price=5000001, Texas, Houston, For Sale-Wanted, Sporting Goods, https://houston.craigslist.org/sgd/d/converse-1-genuine-military-surplus/7009118651.html,,2019-10-28,US,2019-11-21
TERRENO SALE EN FALCN AIRE, Oct 28, &excats=134-40&min_price=5000001, Texas, Houston, For Sale-Wanted, General, https://houston.craigslist.org/for/d/mcallen-terreno-sale-en-falcn-aire/7008561267.html,,2019-10-28,US,2019-11-21
ETS?? CLEARING CIF?? NEED TA50 ??? WE GOT IT ALL - ARMED FORCES SUPPLY, Oct 28, &excats=134-40&min_price=5000001, Texas, San Antonio, For Sale-Wanted, Sporting Goods, https://sanantonio.craigslist.org/sgd/d/converse-ets-clearing-cif-need-ta50-we/7009123670.html,Want,2019-10-28,US,2019-11-21
WE BUY MILITARY SURPLUS ARMED FORCES SUPPLY IN CONVERSE TX, Oct 28, &excats=134-40&min_price=5000001, Texas, San Antonio, For Sale-Wanted, Wanted, https://sanantonio.craigslist.org/wad/d/converse-we-buy-military-surplus-armed/7009122143.html,,2019-10-28,US,2019-11-21
MEALS READY TO EAT / MRE / MRE&#39;S / ARMED FORCES SUPPLY, Oct 28, &excats=134-40&min_price=5000001, Texas, San Antonio, For Sale-Wanted, Video Gaming, https://sanantonio.craigslist.org/vgd/d/converse-meals-ready-to-eat-mre-mres/7009117293.html,,2019-10-28,US,2019-11-21
WE BUY MILITARY SURPLUS ARMED FORCES SUPPLY IN CONVERSE TX, Oct 28, &excats=134-40&min_price=5000001, Texas, San Antonio, For Sale-Wanted, Wanted, https://sanantonio.craigslist.org/wad/d/converse-we-buy-military-surplus-armed/7009114835.html,,2019-10-28,US,2019-11-21
FORT SAM / Armed Forces Supply Military Supply Store  (The Real Deal), Oct 28, &excats=134-40&min_price=5000001, Texas, San Antonio, For Sale-Wanted, Wanted, https://sanantonio.craigslist.org/wad/d/converse-fort-sam-armed-forces-supply/7009114021.html,,2019-10-28,US,2019-11-21
WE GOT SMOKE! / MILITARY / PAINTBALL  / ARMED FORCES SUPPLY / AIRSOFT, Oct 28, &excats=134-40&min_price=5000001, Texas, San Antonio, For Sale-Wanted, Sporting Goods, https://sanantonio.craigslist.org/sgd/d/converse-we-got-smoke-military/7009113081.html,,2019-10-28,US,2019-11-21
NEW MILITARY VETERAN HATS $9.95 ARMED FORCES SUPPLY / MILITARY SUPLUS, Oct 28, &excats=134-40&min_price=5000001, Texas, San Antonio, For Sale-Wanted, Sporting Goods, https://sanantonio.craigslist.org/sgd/d/converse-new-military-veteran-hats-995/7009111320.html,,2019-10-28,US,2019-11-21
WANTED: MILITARY GEAR AND UNIFORMS CASH PAID! ARMED FORCES SUPPLY, Oct 28, &excats=134-40&min_price=5000001, Texas, San Antonio, For Sale-Wanted, Wanted, https://sanantonio.craigslist.org/wad/d/converse-wanted-military-gear-and/7009109294.html,Want,2019-10-28,US,2019-11-21
WE GOT SMOKE! / MILITARY GRADE SMOKE  / ARMED FORCES SUPPLY / AIRSOFT, Oct 28, &excats=134-40&min_price=5000001, Texas, San Antonio, For Sale-Wanted, Sporting Goods, https://sanantonio.craigslist.org/sgd/d/converse-we-got-smoke-military-grade/7009107763.html,,2019-10-28,US,2019-11-21
Cattle Ranch for Sale, Oct 28, &excats=134-40&min_price=5000001, Nevada, Elko, For Sale-Wanted, Farm and Garden, https://elko.craigslist.org/grd/d/lund-cattle-ranch-for-sale/7008724403.html,,2019-10-28,US,2019-11-21
Cattle Ranch for Sale, Oct 28, &excats=134-40&min_price=5000001, Nevada, Las Vegas, For Sale-Wanted, Farm and Garden, https://lasvegas.craigslist.org/grd/d/lund-cattle-ranch-for-sale/7008708686.html,,2019-10-28,US,2019-11-21
Large Framed Hand Drawn Detailed Street Map of Belgium, Oct 28, &excats=134-40&min_price=5000001, Nevada, Las Vegas, For Sale-Wanted, Collectibles, https://lasvegas.craigslist.org/clt/d/las-vegas-large-framed-hand-drawn/7008508321.html,,2019-10-28,US,2019-11-21
212 Acres  - prime  hunting land, Oct 28, &excats=134-40&min_price=5000001, Kentucky, Lexington, For Sale-Wanted, Farm and Garden, https://lexington.craigslist.org/grd/d/212-acres-prime-hunting-land/7009112016.html,,2019-10-28,US,2019-11-21
212 Acres  - prime  hunting land, Oct 28, &excats=134-40&min_price=5000001, Kentucky, Lexington, For Sale-Wanted, Farm and Garden, https://lexington.craigslist.org/grd/d/212-acres-prime-hunting-land/7009111344.html,,2019-10-28,US,2019-11-21
Washer machine, Oct 28, &excats=134-40&min_price=5000001, Tennessee, Nashville, For Sale-Wanted, Appliance by Owner, https://nashville.craigslist.org/app/d/readyville-washer-machine/7009071812.html,,2019-10-28,US,2019-11-21
Looking for drummer, Oct 28, &excats=134-40&min_price=5000001, Tennessee, Nashville, For Sale-Wanted, Musical Instruments, https://nashville.craigslist.org/msg/d/franklin-looking-for-drummer/6997701525.html,Want,2019-10-28,US,2019-11-21
8 1/2 acres with older Mobil , Oct 28, &excats=134-40&min_price=5000001, California, Chico, For Sale-Wanted, General, https://chico.craigslist.org/for/d/corning-acres-with-older-mobil/6992833350.html,,2019-10-28,US,2019-11-21
Lots of nice furniture, Oct 28, &excats=134-40&min_price=5000001, California, Chico, For Sale-Wanted, Furniture, https://chico.craigslist.org/fuo/d/stirling-city-lots-of-nice-furniture/7008910635.html,,2019-10-28,US,2019-11-21
CASH FOR BRAND NEW AND USED SMARTPHONES, Oct 28, &excats=134-40&min_price=5000001, California, Los Angeles, For Sale-Wanted, Wanted, https://losangeles.craigslist.org/lac/wad/d/los-angeles-cash-for-brand-new-and-used/7008934863.html,,2019-10-28,US,2019-11-21
We pay top dollar for Motorhome Fifth Wheel Travel Trailer, Oct 28, &excats=134-40&min_price=5000001, California, Sacramento, For Sale-Wanted, NA, https://sacramento.craigslist.org/trb/d/sacramento-we-pay-top-dollar-for/7008771008.html,,2019-10-28,US,2019-11-21
LOW PRICE AUTO BOY REPAIRS, Oct 28, &excats=134-40&min_price=5000001, California, Sacramento, For Sale-Wanted, Wanted, https://sacramento.craigslist.org/wad/d/sacramento-low-price-auto-boy-repairs/7008741455.html,,2019-10-28,US,2019-11-21
Buying Baseball Football Basketball cards $$ Comics Coins & Knives $$, Oct 28, &excats=134-40&min_price=5000001, California, Stockton, For Sale-Wanted, General, https://stockton.craigslist.org/for/d/stockton-buying-baseball-football/6990493446.html,,2019-10-28,US,2019-11-21
buying halloween props decorations electronics no dealers please easy, Oct 28, &excats=134-40&min_price=5000001, Virginia, Richmond, For Sale-Wanted, General, https://richmond.craigslist.org/for/d/richmond-buying-halloween-props/6988907736.html,,2019-10-28,US,2019-11-21
Ford F-150 Harley-Davidson Parts or repair, Oct 28, &excats=134-40&min_price=5000001, Virginia, Roanoke, For Sale-Wanted, Auto Parts by Owner, https://roanoke.craigslist.org/pts/d/roanoke-ford-150-harley-davidson-parts/7009005647.html,,2019-10-28,US,2019-11-21
??Trees Cut ?TREE REMOVAL TRIMMING TREE SERVICE TREE PRUNING TREE, Oct 28, &excats=134-40&min_price=5000001, Georgia, Atlanta, For Sale-Wanted, Farm and Garden, https://atlanta.craigslist.org/nat/grq/d/marietta-trees-cut-tree-removal/7008878716.html,,2019-10-28,US,2019-11-21
i buy costume jewelry, Oct 28, &excats=134-40&min_price=5000001, Georgia, Atlanta, For Sale-Wanted, Wanted, https://atlanta.craigslist.org/atl/wan/d/flowery-branch-buy-costume-jewelry/7008689307.html,,2019-10-28,US,2019-11-21
??MOONSHINE??OLD MOUNTAIN &FOOTHILL Blend Dont tel D SHERIFF, Oct 28, &excats=134-40&min_price=5000001, Georgia, Atlanta, For Sale-Wanted, Farm and Garden, https://atlanta.craigslist.org/nat/grq/d/marietta-moonshineold-mountain-foothill/7008684311.html,,2019-10-28,US,2019-11-21
2002 kit road ranger, Oct 28, &excats=134-40&min_price=5000001, Montana, Billings, For Sale-Wanted, RVs, https://billings.craigslist.org/rvs/d/billings-2002-kit-road-ranger/7008950188.html,,2019-10-28,US,2019-11-21
Vintage Navajo Rugs, Oct 28, &excats=134-40&min_price=5000001, New Mexico, Albuquerque, For Sale-Wanted, Antique By Owner, https://albuquerque.craigslist.org/atq/d/placitas-vintage-navajo-rugs/7008841251.html,,2019-10-28,US,2019-11-21
Selling  iPhones & Galaxys, Oct 28, &excats=134-40&min_price=5000001, Alabama, Birmingham, For Sale-Wanted, Electronics, https://bham.craigslist.org/ele/d/birmingham-selling-iphones-galaxys/6990377741.html,,2019-10-28,US,2019-11-21
Upholstery  all kinds., Oct 28, &excats=134-40&min_price=5000001, Alabama, Mobile, For Sale-Wanted, Motorcycle Parts, https://mobile.craigslist.org/mpo/d/upholstery-all-kinds/6994998761.html,,2019-10-28,US,2019-11-21
Upholstery  all kinds., Oct 28, &excats=134-40&min_price=5000001, Alabama, Mobile, For Sale-Wanted, Motorcycle Parts, https://mobile.craigslist.org/mpo/d/upholstery-all-kinds/6994998929.html,,2019-10-28,US,2019-11-21
Reptiles and Supplies, Oct 28, &excats=134-40&min_price=5000001, Delaware, Delaware, For Sale-Wanted, General, https://delaware.craigslist.org/for/d/magnolia-reptiles-and-supplies/7008786517.html,,2019-10-28,US,2019-11-21
SKID LOADERS READY FOR SNOW, Oct 28, &excats=134-40&min_price=5000001, Nebraska, Lincoln, For Sale-Wanted, Heavy Equipment, https://lincoln.craigslist.org/hvo/d/lincoln-skid-loaders-ready-for-snow/7006480909.html,,2019-10-28,US,2019-11-21
Old Hickory, Oct 28, &excats=134-40&min_price=5000001, Oregon, East Oregon, For Sale-Wanted, ATVs UTVs by Owner, https://eastoregon.craigslist.org/snw/d/la-grande-old-hickory/7008720243.html,,2019-10-28,US,2019-11-21
Farm Animals Wanted Goats Sheep Chickens Calves or Donkeys, Oct 27, &excats=134-40&min_price=5000001, Arkansas, Little Rock, For Sale-Wanted, Farm and Garden, https://littlerock.craigslist.org/grd/d/searcy-farm-animals-wanted-goats-sheep/7008428141.html,Want,2019-10-27,US,2019-11-21
Taxidermy big big bear rug sale, Oct 27, &excats=134-40&min_price=5000001, Arizona, Phoenix, For Sale-Wanted, Sporting Goods, https://phoenix.craigslist.org/nph/spo/d/las-vegas-taxidermy-big-big-bear-rug/7008421920.html,,2019-10-27,US,2019-11-21
2016 Chevrolet Traverse AWD 4dr LT w/1LT, Oct 27, &excats=134-40&min_price=5000001, Colorado, Denver, For Sale-Wanted, Cars And by Dealer, https://denver.craigslist.org/ctd/d/denver-2016-chevrolet-traverse-awd-4dr/7008310087.html,,2019-10-27,US,2019-11-21
2016 Toyota Highlander AWD 4dr V6 LE, Oct 27, &excats=134-40&min_price=5000001, Colorado, Denver, For Sale-Wanted, Cars And by Dealer, https://denver.craigslist.org/ctd/d/denver-2016-toyota-highlander-awd-4dr/7008263782.html,,2019-10-27,US,2019-11-21
2015 GMC Acadia AWD 4dr Denali, Oct 27, &excats=134-40&min_price=5000001, Colorado, Denver, For Sale-Wanted, Cars And by Dealer, https://denver.craigslist.org/ctd/d/denver-2015-gmc-acadia-awd-4dr-denali/7008193219.html,,2019-10-27,US,2019-11-21
2015 INFINITI QX60 AWD 4dr, Oct 27, &excats=134-40&min_price=5000001, Colorado, Denver, For Sale-Wanted, Cars And by Dealer, https://denver.craigslist.org/ctd/d/denver-2015-infiniti-qx60-awd-4dr/7008062463.html,,2019-10-27,US,2019-11-21
**Pumpkins for Sale**, Oct 27, &excats=134-40&min_price=5000001, Minnesota, St Cloud, For Sale-Wanted, General, https://stcloud.craigslist.org/for/d/saint-cloud-pumpkins-for-sale/6991794887.html,,2019-10-27,US,2019-11-21
Cherry slabs, Oct 27, &excats=134-40&min_price=5000001, North Carolina, Asheville, For Sale-Wanted, Materials, https://asheville.craigslist.org/mat/d/asheville-cherry-slabs/7008445694.html,,2019-10-27,US,2019-11-21
Old stamps, Oct 27, &excats=134-40&min_price=5000001, North Carolina, Charlotte, For Sale-Wanted, Antique By Owner, https://charlotte.craigslist.org/atq/d/charlotte-old-stamps/7008424259.html,,2019-10-27,US,2019-11-21
Engines, Oct 27, &excats=134-40&min_price=5000001, New York, Buffalo, For Sale-Wanted, Auto Parts by Owner, https://buffalo.craigslist.org/pts/d/buffalo-engines/7008132984.html,,2019-10-27,US,2019-11-21
PAYING CASH FOR COSTUME JEWELRY!!!!!!!!!!!!!!, Oct 27, &excats=134-40&min_price=5000001, New York, Buffalo, For Sale-Wanted, Wanted, https://buffalo.craigslist.org/wan/d/buffalo-paying-cash-for-costume-jewelry/7008029863.html,,2019-10-27,US,2019-11-21
Cash for stoneware crocks and jugs, Oct 27, &excats=134-40&min_price=5000001, New York, Finger Lakes, For Sale-Wanted, Wanted, https://fingerlakes.craigslist.org/wan/d/waterloo-cash-for-stoneware-crocks-and/7004327976.html,,2019-10-27,US,2019-11-21
FURNITURE GALORE!, Oct 27, &excats=134-40&min_price=5000001, New York, Rochester, For Sale-Wanted, Furniture, https://rochester.craigslist.org/fuo/d/webster-furniture-galore/7008116787.html,,2019-10-27,US,2019-11-21
Fiberglass building material, Oct 27, &excats=134-40&min_price=5000001, West Virginia, Morgantown, For Sale-Wanted, Farm and Garden, https://morgantown.craigslist.org/grd/d/elkins-fiberglass-building-material/7008271498.html,,2019-10-27,US,2019-11-21
1990 Mercedes Benz 500sl SL500 r129 black trunk lid, Oct 27, &excats=134-40&min_price=5000001, Pennsylvania, Philadelphia, For Sale-Wanted, Auto Parts by Owner, https://philadelphia.craigslist.org/pts/d/centreville-1990-mercedes-benz-500sl/6988899087.html,,2019-10-27,US,2019-11-21
I BUY ALL VEHICLES FAST CASH, Oct 27, &excats=134-40&min_price=5000001, Pennsylvania, Philadelphia, For Sale-Wanted, Wanted, https://philadelphia.craigslist.org/wan/d/philadelphia-buy-all-vehicles-fast-cash/7007979111.html,,2019-10-27,US,2019-11-21
any car or truck fast cash running or not, Oct 27, &excats=134-40&min_price=5000001, Pennsylvania, Philadelphia, For Sale-Wanted, Wanted, https://philadelphia.craigslist.org/wan/d/berlin-any-car-or-truck-fast-cash/7007978103.html,,2019-10-27,US,2019-11-21
2000 Volkswagen golf 1.8t vw parts or whole runs, Oct 27, &excats=134-40&min_price=5000001, Pennsylvania, Pittsburgh, For Sale-Wanted, Auto Parts by Owner, https://pittsburgh.craigslist.org/pts/d/southwest-2000-volkswagen-golf-18t-vw/6995446185.html,,2019-10-27,US,2019-11-21
Mahogany corner cupboards (2), Oct 27, &excats=134-40&min_price=5000001, Pennsylvania, Williamsport, For Sale-Wanted, Antique By Owner, https://williamsport.craigslist.org/atq/d/montoursville-mahogany-corner-cupboards/6993185838.html,,2019-10-27,US,2019-11-21
Auger bits, Oct 27, &excats=134-40&min_price=5000001, Missouri, Springfield, For Sale-Wanted, Tools, https://springfield.craigslist.org/tls/d/morrisville-auger-bits/7003498439.html,,2019-10-27,US,2019-11-21
$1000000 Estates Purchased-with CASH, Oct 27, &excats=134-40&min_price=5000001, Oklahoma, Oklahoma City, For Sale-Wanted, Wanted, https://oklahomacity.craigslist.org/wan/d/oklahoma-city-estates-purchased-with/7008385938.html,,2019-10-27,US,2019-11-21
Mechanical Bull, Oct 27, &excats=134-40&min_price=5000001, Indiana, Fort Wayne, For Sale-Wanted, Sporting Goods, https://fortwayne.craigslist.org/spo/d/fort-wayne-mechanical-bull/7008425302.html,,2019-10-27,US,2019-11-21
I Repair mowers, Oct 27, &excats=134-40&min_price=5000001, Indiana, Terre Haute, For Sale-Wanted, Farm and Garden, https://terrehaute.craigslist.org/grd/d/terre-haute-repair-mowers/7008013691.html,,2019-10-27,US,2019-11-21
MATTRESS & Bedroom Furniture *** STORE CLOSING SALE ***, Oct 27, &excats=134-40&min_price=5000001, Vermont, Vermont, For Sale-Wanted, Furniture, https://vermont.craigslist.org/fud/d/saint-albans-mattress-bedroom-furniture/7008073458.html,,2019-10-27,US,2019-11-21
Motorcycle Parts, Oct 27, &excats=134-40&min_price=5000001, New Jersey, Jersey Shore, For Sale-Wanted, Motorcycle Parts, https://jerseyshore.craigslist.org/mpo/d/freehold-motorcycle-parts/6993663392.html,,2019-10-27,US,2019-11-21
I BUY ALL VEHICLES FAST CASH, Oct 27, &excats=134-40&min_price=5000001, New Jersey, Jersey Shore, For Sale-Wanted, Auto Parts by Owner, https://jerseyshore.craigslist.org/pts/d/berlin-buy-all-vehicles-fast-cash/7007934051.html,,2019-10-27,US,2019-11-21
2000 xk8 part out jaguar, Oct 27, &excats=134-40&min_price=5000001, New Jersey, South Jersey, For Sale-Wanted, Auto Parts by Owner, https://southjersey.craigslist.org/pts/d/centreville-2000-xk8-part-out-jaguar/6988145376.html,,2019-10-27,US,2019-11-21
Cash in hand for all atvs dirtbikes sportbike Harley wrecked any shape, Oct 27, &excats=134-40&min_price=5000001, New Jersey, South Jersey, For Sale-Wanted, Wanted, https://southjersey.craigslist.org/wan/d/newtown-cash-in-hand-for-all-atvs/7008058936.html,,2019-10-27,US,2019-11-21
2006 BMW E60 M5 parts, Oct 27, &excats=134-40&min_price=5000001, Florida, Jacksonville, For Sale-Wanted, Auto Parts by Owner, https://jacksonville.craigslist.org/pts/d/jacksonville-2006-bmw-e60-m5-parts/6991652062.html,,2019-10-27,US,2019-11-21
Have a lot of mustang parts and 351 windsor parts need gone, Oct 27, &excats=134-40&min_price=5000001, Florida, Lakeland, For Sale-Wanted, Auto Parts by Owner, https://lakeland.craigslist.org/pts/d/eagle-lake-have-lot-of-mustang-parts/7008060570.html,Want,2019-10-27,US,2019-11-21
Bull Mastiff Wanted, Oct 27, &excats=134-40&min_price=5000001, Florida, Pensacola, For Sale-Wanted, Wanted, https://pensacola.craigslist.org/wan/d/cantonment-bull-mastiff-wanted/7006559047.html,Want,2019-10-27,US,2019-11-21
$$ WE BUY ALL IPHONE 11 11 PRO MAX BRAND NEW --WILL PAY TOP CASH $$$, Oct 27, &excats=134-40&min_price=5000001, Texas, Austin, For Sale-Wanted, Wanted, https://austin.craigslist.org/wad/d/austin-we-buy-all-iphone-pro-max-brand/7008021732.html,,2019-10-27,US,2019-11-21
Venta de garage nov 23, Oct 27, &excats=134-40&min_price=5000001, Texas, El Paso, For Sale-Wanted, General, https://elpaso.craigslist.org/for/d/el-paso-venta-de-garage-nov-23/6987964624.html,,2019-10-27,US,2019-11-21
Warehouse Sale, Oct 27, &excats=134-40&min_price=5000001, Texas, Lubbock, For Sale-Wanted, Furniture, https://lubbock.craigslist.org/fuo/d/lubbock-warehouse-sale/7008230775.html,,2019-10-27,US,2019-11-21
Two sets of Ping irons, Oct 27, &excats=134-40&min_price=5000001, Nevada, Las Vegas, For Sale-Wanted, Sporting Goods, https://lasvegas.craigslist.org/spo/d/henderson-two-sets-of-ping-irons/7008344864.html,,2019-10-27,US,2019-11-21
82 bronze Lincoln cent, Oct 27, &excats=134-40&min_price=5000001, South Carolina, Charleston, For Sale-Wanted, Collectibles, https://charleston.craigslist.org/clt/d/charleston-82-bronze-lincoln-cent/6996973500.html,,2019-10-27,US,2019-11-21
Meyer  Snow Plow (6) to chhose from, Oct 27, &excats=134-40&min_price=5000001, Kentucky, Louisville, For Sale-Wanted, Heavy Equipment, https://louisville.craigslist.org/hvo/d/louisville-meyer-snow-plow-6-to-chhose/7008262131.html,,2019-10-27,US,2019-11-21
Honda Ridgeline Trailer Hitch, Oct 27, &excats=134-40&min_price=5000001, Tennessee, Knoxville, For Sale-Wanted, Wanted, https://knoxville.craigslist.org/wan/d/dearing-honda-ridgeline-trailer-hitch/6999825091.html,,2019-10-27,US,2019-11-21
Christmas decorations, Oct 27, &excats=134-40&min_price=5000001, Tennessee, Nashville, For Sale-Wanted, General, https://nashville.craigslist.org/for/d/franklin-christmas-decorations/7008066633.html,,2019-10-27,US,2019-11-21
??&quot;Wish could go bac 2 Day Light Familys TIME&quot; ??Mama Luv Time., Oct 27, &excats=134-40&min_price=5000001, Georgia, Atlanta, For Sale-Wanted, Farm and Garden, https://atlanta.craigslist.org/nat/grq/d/marietta-wish-could-go-bac-2-day-light/7007978492.html,,2019-10-27,US,2019-11-21
Flooring, Oct 27, &excats=134-40&min_price=5000001, Montana, Kalispell, For Sale-Wanted, General, https://kalispell.craigslist.org/for/d/kalispell-flooring/7008123566.html,,2019-10-27,US,2019-11-21
GRIZZLY  double bag dust collection, Oct 27, &excats=134-40&min_price=5000001, Montana, Kalispell, For Sale-Wanted, Tools, https://kalispell.craigslist.org/tls/d/kalispell-grizzly-double-bag-dust/7008088383.html,,2019-10-27,US,2019-11-21
to buy classicvintageantique vehicles, Oct 27, &excats=134-40&min_price=5000001, Alabama, Montgomery, For Sale-Wanted, Wanted, https://montgomery.craigslist.org/wan/d/mobile-to-buy-classicvintageantique/7003199992.html,,2019-10-27,US,2019-11-21
Gorgeous glass and china, Oct 27, &excats=134-40&min_price=5000001, Oregon, Bend, For Sale-Wanted, Collectibles, https://bend.craigslist.org/clt/d/bend-gorgeous-glass-and-china/7008427255.html,,2019-10-27,US,2019-11-21
1965/1966 Ford Mustang Parts - SBF Parts, Oct 26, &excats=134-40&min_price=5000001, Arizona, Phoenix, For Sale-Wanted, Auto Parts by Owner, https://phoenix.craigslist.org/evl/pts/d/tempe-ford-mustang-parts-sbf-parts/7007688766.html,,2019-10-26,US,2019-11-21
2006 diesel coachmen, Oct 26, &excats=134-40&min_price=5000001, Wisconsin, La Crosse, For Sale-Wanted, RVs, https://lacrosse.craigslist.org/rvs/d/richland-center-2006-diesel-coachmen/6987626809.html,,2019-10-26,US,2019-11-21
2006 coachman cross country 384ts, Oct 26, &excats=134-40&min_price=5000001, Wisconsin, Madison, For Sale-Wanted, RVs, https://madison.craigslist.org/rvs/d/richland-center-2006-coachman-cross/6997751880.html,,2019-10-26,US,2019-11-21
Bucket truck service, Oct 26, &excats=134-40&min_price=5000001, Wisconsin, Milwaukee, For Sale-Wanted, Tools, https://milwaukee.craigslist.org/tls/d/milwaukee-bucket-truck-service/6987902889.html,,2019-10-26,US,2019-11-21
2014 Ram 2500 4WD Crew Cab 169&quot; Lone Star, Oct 26, &excats=134-40&min_price=5000001, Colorado, Denver, For Sale-Wanted, Cars And by Dealer, https://denver.craigslist.org/ctd/d/denver-2014-ram-wd-crew-cab-169-lone/7007807420.html,,2019-10-26,US,2019-11-21
2015 BMW 5 Series 4dr Sdn 535d xDrive AWD, Oct 26, &excats=134-40&min_price=5000001, Colorado, Denver, For Sale-Wanted, Cars And by Dealer, https://denver.craigslist.org/ctd/d/denver-2015-bmw-5-series-4dr-sdn-535d/7007773481.html,,2019-10-26,US,2019-11-21
2016 Honda CR-V AWD 5dr EX, Oct 26, &excats=134-40&min_price=5000001, Colorado, Denver, For Sale-Wanted, Cars And by Dealer, https://denver.craigslist.org/ctd/d/denver-2016-honda-cr-awd-5dr-ex/7007754794.html,,2019-10-26,US,2019-11-21
2010 Ford F-150 4WD SuperCrew 145&quot; XL King Ranch, Oct 26, &excats=134-40&min_price=5000001, Colorado, Denver, For Sale-Wanted, Cars And by Dealer, https://denver.craigslist.org/ctd/d/denver-2010-ford-150-4wd-supercrew-145/7007667740.html,,2019-10-26,US,2019-11-21
2016 Ford F-150 4WD SuperCrew 145&quot; XLT, Oct 26, &excats=134-40&min_price=5000001, Colorado, Denver, For Sale-Wanted, Cars And by Dealer, https://denver.craigslist.org/ctd/d/denver-2016-ford-150-4wd-supercrew-145/7007667469.html,,2019-10-26,US,2019-11-21
2006 Ford Explorer 4dr 114&quot; WB 4.0L XLT 4WD, Oct 26, &excats=134-40&min_price=5000001, Colorado, Denver, For Sale-Wanted, Cars And by Dealer, https://denver.craigslist.org/ctd/d/denver-2006-ford-explorer-4dr-114-wb/7007643363.html,,2019-10-26,US,2019-11-21
2015 Ford F-150 4WD SuperCrew 145&quot; XLT, Oct 26, &excats=134-40&min_price=5000001, Colorado, Denver, For Sale-Wanted, Cars And by Dealer, https://denver.craigslist.org/ctd/d/denver-2015-ford-150-4wd-supercrew-145/7007567041.html,,2019-10-26,US,2019-11-21
2015 Ram 1500 4WD Crew Cab 140.5&quot; Sport, Oct 26, &excats=134-40&min_price=5000001, Colorado, Denver, For Sale-Wanted, Cars And by Dealer, https://denver.craigslist.org/ctd/d/denver-2015-ram-wd-crew-cab-1405-sport/7007476966.html,,2019-10-26,US,2019-11-21
Wanting to continue kids coin collection, Oct 26, &excats=134-40&min_price=5000001, North Carolina, Wilmington, For Sale-Wanted, Collectibles, https://wilmington.craigslist.org/clt/d/southport-wanting-to-continue-kids-coin/7007896468.html,Want,2019-10-26,US,2019-11-21
DEALMAKER MECHANIC SPECIALS STARTING AT $500 CASH, Oct 26, &excats=134-40&min_price=5000001, Oklahoma, Tulsa, For Sale-Wanted, Cars And by Dealer, https://tulsa.craigslist.org/ctd/d/tulsa-dealmaker-mechanic-specials/7007459549.html,,2019-10-26,US,2019-11-21
Yard sale 3130 cornwall rd, Oct 26, &excats=134-40&min_price=5000001, Maryland, Baltimore, For Sale-Wanted, Wanted, https://baltimore.craigslist.org/wan/d/dundalk-yard-sale-3130-cornwall-rd/7007437171.html,,2019-10-26,US,2019-11-21
Wanting to trade for a nice SUV or a truck or a Harley for equal value, Oct 26, &excats=134-40&min_price=5000001, Florida, Pensacola, For Sale-Wanted, General, https://pensacola.craigslist.org/for/d/pensacola-wanting-to-trade-for-nice-suv/6988059095.html,Want,2019-10-26,US,2019-11-21
$$ WE BUY ALL IPHONE 11 11 PRO MAX BRAND NEW --WILL PAY TOP CASH $$$, Oct 26, &excats=134-40&min_price=5000001, Texas, Austin, For Sale-Wanted, Wanted, https://austin.craigslist.org/wad/d/austin-we-buy-all-iphone-pro-max-brand/7007478873.html,,2019-10-26,US,2019-11-21
Dallas cowboys Autograph Jerseys, Oct 26, &excats=134-40&min_price=5000001, Texas, Lubbock, For Sale-Wanted, General, https://odessa.craigslist.org/for/d/lubbock-dallas-cowboys-autograph-jerseys/7007799284.html,,2019-10-26,US,2019-11-21
Blantons, Oct 26, &excats=134-40&min_price=5000001, Kentucky, Lexington, For Sale-Wanted, Collectibles, https://lexington.craigslist.org/clt/d/lexington-blantons/7007770492.html,,2019-10-26,US,2019-11-21
Moving Sale, Oct 26, &excats=134-40&min_price=5000001, Tennessee, Knoxville, For Sale-Wanted, Furniture, https://knoxville.craigslist.org/fuo/d/maryville-moving-sale/7007831622.html,,2019-10-26,US,2019-11-21
Bakersfield Clearance Center, Oct 26, &excats=134-40&min_price=5000001, California, Bakersfield, For Sale-Wanted, Household, https://bakersfield.craigslist.org/hsh/d/prineville-bakersfield-clearance-center/7007430888.html,,2019-10-26,US,2019-11-21
4ftx6.5ft gndola shelving units, Oct 26, &excats=134-40&min_price=5000001, California, Bakersfield, For Sale-Wanted, General, https://bakersfield.craigslist.org/for/d/prineville-4ftx65ft-gndola-shelving/7007427287.html,,2019-10-26,US,2019-11-21
90&#39;s X-Men Collection, Oct 26, &excats=134-40&min_price=5000001, California, Chico, For Sale-Wanted, Toys And Games, https://chico.craigslist.org/tag/d/chico-90s-men-collection/7007808850.html,,2019-10-26,US,2019-11-21
Wanted will pay cash for classic cars/trucks, Oct 26, &excats=134-40&min_price=5000001, California, Los Angeles, For Sale-Wanted, Cars And Trucks, https://losangeles.craigslist.org/lgb/cto/d/norwalk-wanted-will-pay-cash-for/7007895567.html,Want,2019-10-26,US,2019-11-21
BUY CISCOPOLYCOMAVAYANORTELPHONE SYSTEMNETWORKSROUTERSFIREWALLS, Oct 26, &excats=134-40&min_price=5000001, California, Orange County, For Sale-Wanted, Wanted, https://orangecounty.craigslist.org/wan/d/westminster-buy/6988380473.html,,2019-10-26,US,2019-11-21
We pay top dollar for Motorhome Fifth Wheel Travel Trailer, Oct 26, &excats=134-40&min_price=5000001, California, Sacramento, For Sale-Wanted, NA, https://sacramento.craigslist.org/trb/d/sacramento-we-pay-top-dollar-for/7007523721.html,,2019-10-26,US,2019-11-21
$$ Buying Baseball Football Basketball cards Comics US Coins Knives $$, Oct 26, &excats=134-40&min_price=5000001, California, Stockton, For Sale-Wanted, Wanted, https://stockton.craigslist.org/wan/d/rio-linda-buying-baseball-football/6987793525.html,,2019-10-26,US,2019-11-21
2006 SUZUKI GSXR 1000, Oct 26, &excats=134-40&min_price=5000001, Georgia, Atlanta, For Sale-Wanted, Motorcycle Parts, https://atlanta.craigslist.org/atl/mpo/d/atlanta-2006-suzuki-gsxr-1000/7007749957.html,,2019-10-26,US,2019-11-21
?? ?? How DO u get a SWEET 80-yr-old lady to say D F woRD Tree Servic, Oct 26, &excats=134-40&min_price=5000001, Georgia, Atlanta, For Sale-Wanted, Farm and Garden, https://atlanta.craigslist.org/nat/grq/d/marietta-how-do-get-sweet-80-yr-old/7007619743.html,,2019-10-26,US,2019-11-21
Fluids Lots of Types, Oct 26, &excats=134-40&min_price=5000001, Georgia, Atlanta, For Sale-Wanted, Farm and Garden, https://atlanta.craigslist.org/sat/grd/d/macon-fluids-lots-of-types/7007451734.html,,2019-10-26,US,2019-11-21
Antique and more antiques at the mall, Oct 26, &excats=134-40&min_price=5000001, Utah, Salt Lake City, For Sale-Wanted, Antique By Owner, https://saltlakecity.craigslist.org/atq/d/salt-lake-city-antique-and-more/6989143279.html,,2019-10-26,US,2019-11-21
Wanted: old International truck, Oct 26, &excats=134-40&min_price=5000001, New Mexico, Albuquerque, For Sale-Wanted, Wanted, https://albuquerque.craigslist.org/wan/d/corrales-wanted-old-international-truck/7007931053.html,Want,2019-10-26,US,2019-11-21
Selling  iPhones & Galaxys, Oct 26, &excats=134-40&min_price=5000001, Alabama, Birmingham, For Sale-Wanted, Electronics, https://bham.craigslist.org/ele/d/birmingham-selling-iphones-galaxys/6989559913.html,,2019-10-26,US,2019-11-21
Michigan football tickets, Oct 26, &excats=134-40&min_price=5000001, Michigan, Grand Rapids, For Sale-Wanted, Tickets, https://grandrapids.craigslist.org/tix/d/pierson-michigan-football-tickets/7007489396.html,,2019-10-26,US,2019-11-21
Xbox one games, Oct 26, &excats=134-40&min_price=5000001, Oregon, Roseburg, For Sale-Wanted, Video Gaming, https://roseburg.craigslist.org/vgm/d/roseburg-xbox-one-games/7007913599.html,,2019-10-26,US,2019-11-21
Misc jeep/rock crawler items, Oct 26, &excats=134-40&min_price=5000001, Oregon, Roseburg, For Sale-Wanted, Auto Parts by Owner, https://roseburg.craigslist.org/pts/d/roseburg-misc-jeep-rock-crawler-items/7007505353.html,,2019-10-26,US,2019-11-21
Downsizing Furniture Sale, Oct 25, &excats=134-40&min_price=5000001, Wisconsin, Wausau, For Sale-Wanted, Furniture, https://wausau.craigslist.org/fuo/d/wausau-downsizing-furniture-sale/7006594552.html,,2019-10-25,US,2019-11-21
Rare Horror movies and posters, Oct 25, &excats=134-40&min_price=5000001, Colorado, Denver, For Sale-Wanted, Collectibles, https://denver.craigslist.org/clt/d/castle-rock-rare-horror-movies-and/6989283700.html,,2019-10-25,US,2019-11-21
2016 Volkswagen Jetta Sedan 4dr 1.4 TSI Auto Comfortline *Ltd Avail*, Oct 25, &excats=134-40&min_price=5000001, Colorado, Denver, For Sale-Wanted, Cars And by Dealer, https://denver.craigslist.org/ctd/d/denver-2016-volkswagen-jetta-sedan-4dr/7007103596.html,,2019-10-25,US,2019-11-21
1994 AM General, Oct 25, &excats=134-40&min_price=5000001, Colorado, Denver, For Sale-Wanted, Cars And by Dealer, https://denver.craigslist.org/ctd/d/denver-1994-am-general/7007080113.html,,2019-10-25,US,2019-11-21
BMX trade for dirt jumper, Oct 25, &excats=134-40&min_price=5000001, Colorado, Denver, For Sale-Wanted, Bikes, https://denver.craigslist.org/bik/d/conifer-bmx-trade-for-dirt-jumper/7007031717.html,,2019-10-25,US,2019-11-21
2006 Ford Explorer 4dr 114&quot; WB 4.0L XLT 4WD, Oct 25, &excats=134-40&min_price=5000001, Colorado, Denver, For Sale-Wanted, Cars And by Dealer, https://denver.craigslist.org/ctd/d/denver-2006-ford-explorer-4dr-114-wb/7006980821.html,,2019-10-25,US,2019-11-21
2003 Subaru Forester 4dr 2.5 XS Auto, Oct 25, &excats=134-40&min_price=5000001, Colorado, Denver, For Sale-Wanted, Cars And by Dealer, https://denver.craigslist.org/ctd/d/denver-2003-subaru-forester-4dr-25-xs/7006826923.html,,2019-10-25,US,2019-11-21
2008 HUMMER H2 4WD 4dr SUV, Oct 25, &excats=134-40&min_price=5000001, Colorado, Denver, For Sale-Wanted, Cars And by Dealer, https://denver.craigslist.org/ctd/d/denver-2008-hummer-h2-4wd-4dr-suv/7006826583.html,,2019-10-25,US,2019-11-21
2015 Ram 1500 4WD Crew Cab 140.5&quot; Sport, Oct 25, &excats=134-40&min_price=5000001, Colorado, Denver, For Sale-Wanted, Cars And by Dealer, https://denver.craigslist.org/ctd/d/denver-2015-ram-wd-crew-cab-1405-sport/7006799321.html,,2019-10-25,US,2019-11-21
2013 Chrysler 200 4dr Sdn LX, Oct 25, &excats=134-40&min_price=5000001, Colorado, Denver, For Sale-Wanted, Cars And by Dealer, https://denver.craigslist.org/ctd/d/denver-2013-chrysler-200-4dr-sdn-lx/7006798922.html,,2019-10-25,US,2019-11-21
Honda 300 Fourtrax parts, Oct 25, &excats=134-40&min_price=5000001, Louisiana, Monroe, For Sale-Wanted, ATVs UTVs by Owner, https://monroe.craigslist.org/snw/d/monroe-honda-300-fourtrax-parts/6987491017.html,,2019-10-25,US,2019-11-21
Wanted: Donnybrooke Brainerd Raceway (B.I.R.) Programs & Posters, Oct 25, &excats=134-40&min_price=5000001, Minnesota, Brainerd, For Sale-Wanted, Wanted, https://minneapolis.craigslist.org/hnp/wan/d/wanted-donnybrooke-brainerd-raceway-bir/6999658633.html,Want,2019-10-25,US,2019-11-21
FOREIGN COINS/PAPER MONEY, Oct 25, &excats=134-40&min_price=5000001, Ohio, Cleveland, For Sale-Wanted, Wanted, https://cleveland.craigslist.org/wan/d/wickliffe-foreign-coins-paper-money/6987125894.html,,2019-10-25,US,2019-11-21
iso 120 gallon tank, Oct 25, &excats=134-40&min_price=5000001, Ohio, Toledo, For Sale-Wanted, Wanted, https://toledo.craigslist.org/wan/d/toledo-iso-120-gallon-tank/6986308774.html,,2019-10-25,US,2019-11-21
Hazzard Family Estate Sale, Oct 25, &excats=134-40&min_price=5000001, Mississippi, Jackson, For Sale-Wanted, Antique By Owner, https://jackson.craigslist.org/atq/d/greenville-hazzard-family-estate-sale/7006769634.html,,2019-10-25,US,2019-11-21
The Pumpkin Patch ?? Lots of pumpkins, Oct 25, &excats=134-40&min_price=5000001, New York, Watertown, For Sale-Wanted, Farm and Garden, https://watertown.craigslist.org/grd/d/castorland-the-pumpkin-patch-lots-of/6992846078.html,,2019-10-25,US,2019-11-21
18 Massey Ferguson grain tables various models 2003-2009, Oct 25, &excats=134-40&min_price=5000001, Iowa, Des Moines, For Sale-Wanted, Farm and Garden, https://desmoines.craigslist.org/grq/d/arthur-18-massey-ferguson-grain-tables/7006731122.html,,2019-10-25,US,2019-11-21
WTB: paying cash for vintage toys video games action figures, Oct 25, &excats=134-40&min_price=5000001, Pennsylvania, Pittsburgh, For Sale-Wanted, Wanted, https://pittsburgh.craigslist.org/wan/d/monroeville-wtb-paying-cash-for-vintage/6987211296.html,,2019-10-25,US,2019-11-21
11 Gleaner grain tables 2003 - 2015 various models, Oct 25, &excats=134-40&min_price=5000001, Missouri, Kansas City, For Sale-Wanted, Farm and Garden, https://kansascity.craigslist.org/grq/d/arthur-11-gleaner-grain-tables-various/7006740105.html,,2019-10-25,US,2019-11-21
20 older Gleaner grain tables various models, Oct 25, &excats=134-40&min_price=5000001, Missouri, Kansas City, For Sale-Wanted, Farm and Garden, https://kansascity.craigslist.org/grq/d/arthur-20-older-gleaner-grain-tables/7006738430.html,,2019-10-25,US,2019-11-21
26 older Massey Ferguson grain tables various models, Oct 25, &excats=134-40&min_price=5000001, Missouri, Kansas City, For Sale-Wanted, Farm and Garden, https://kansascity.craigslist.org/grq/d/arthur-26-older-massey-ferguson-grain/7006729082.html,,2019-10-25,US,2019-11-21
19 Massey Ferguson 3000-6 8 12 cornheads, Oct 25, &excats=134-40&min_price=5000001, Missouri, Kansas City, For Sale-Wanted, Farm and Garden, https://kansascity.craigslist.org/grq/d/arthur-19-massey-ferguson-cornheads/7006711145.html,,2019-10-25,US,2019-11-21
15 Gleaner 3000-6 & 3000-8 / 2003 - 2014 cornheads, Oct 25, &excats=134-40&min_price=5000001, Missouri, Kansas City, For Sale-Wanted, Farm and Garden, https://kansascity.craigslist.org/grq/d/arthur-15-gleaner-cornheads/7006699896.html,,2019-10-25,US,2019-11-21
35 older Massey Ferguson corn heads various models, Oct 25, &excats=134-40&min_price=5000001, Missouri, Kansas City, For Sale-Wanted, Farm and Garden, https://kansascity.craigslist.org/grq/d/arthur-35-older-massey-ferguson-corn/7006698148.html,,2019-10-25,US,2019-11-21
23 older Gleaner cornheads various models, Oct 25, &excats=134-40&min_price=5000001, Missouri, Kansas City, For Sale-Wanted, Farm and Garden, https://kansascity.craigslist.org/grq/d/arthur-23-older-gleaner-cornheads/7006682666.html,,2019-10-25,US,2019-11-21
2010 chevy traverse engine 3.6, Oct 25, &excats=134-40&min_price=5000001, Missouri, St Louis, For Sale-Wanted, Auto Parts by Owner, https://stlouis.craigslist.org/pts/d/caseyville-2010-chevy-traverse-engine-36/6988186764.html,,2019-10-25,US,2019-11-21
Lights, Oct 25, &excats=134-40&min_price=5000001, Florida, Ocala, For Sale-Wanted, Household, https://ocala.craigslist.org/hsh/d/ocklawaha-lights/7006667546.html,,2019-10-25,US,2019-11-21
Gold Buyers Diamond Buyers Rolex Buyers Jewelry Buyers Cash ., Oct 25, &excats=134-40&min_price=5000001, Florida, Orlando, For Sale-Wanted, Jewelry, https://orlando.craigslist.org/jwl/d/kissimmee-gold-buyers-diamond-buyers/7006986945.html,,2019-10-25,US,2019-11-21
Gold Buyers Diamond Buyers Rolex Buyers Jewelry Buyers Cash ., Oct 25, &excats=134-40&min_price=5000001, Florida, Orlando, For Sale-Wanted, Jewelry, https://orlando.craigslist.org/jwl/d/kissimmee-gold-buyers-diamond-buyers/7006986637.html,,2019-10-25,US,2019-11-21
Buying iPhone X Xs Max xr Macbook IPad 10 11 pro Max 8 7 Plus iCloud, Oct 25, &excats=134-40&min_price=5000001, Florida, Orlando, For Sale-Wanted, Wanted, https://orlando.craigslist.org/wad/d/orlando-buying-iphone-xs-max-xr-macbook/7006832117.html,,2019-10-25,US,2019-11-21
$$ WE BUY ALL IPHONE 11 11 PRO MAX BRAND NEW --WILL PAY TOP CASH $$$, Oct 25, &excats=134-40&min_price=5000001, Texas, Austin, For Sale-Wanted, Wanted, https://austin.craigslist.org/wad/d/austin-we-buy-all-iphone-pro-max-brand/7007050365.html,,2019-10-25,US,2019-11-21
$$ WE BUY ALL IPHONE 11 11 PRO MAX BRAND NEW --WILL PAY TOP CASH $$$, Oct 25, &excats=134-40&min_price=5000001, Texas, Austin, For Sale-Wanted, Wanted, https://austin.craigslist.org/wad/d/austin-we-buy-all-iphone-pro-max-brand/7006667900.html,,2019-10-25,US,2019-11-21
bus PARTY BUS EL PASO TX XV SWEET 16 MORE, Oct 25, &excats=134-40&min_price=5000001, Texas, El Paso, For Sale-Wanted, General, https://elpaso.craigslist.org/for/d/el-paso-bus-party-bus-el-paso-tx-xv/6992220001.html,,2019-10-25,US,2019-11-21
carpas mesas sillas jumping ballons party rentals, Oct 25, &excats=134-40&min_price=5000001, Texas, El Paso, For Sale-Wanted, General, https://elpaso.craigslist.org/for/d/el-paso-carpas-mesas-sillas-jumping/6986631603.html,,2019-10-25,US,2019-11-21
2014 genesis hunday  coupe  turbo  parts  parting out, Oct 25, &excats=134-40&min_price=5000001, Texas, San Antonio, For Sale-Wanted, Auto Parts by Owner, https://sanantonio.craigslist.org/pts/d/san-antonio-2014-genesis-hunday-coupe/6998934933.html,,2019-10-25,US,2019-11-21
WE BUY PHONES WE BUY PHINES, Oct 25, &excats=134-40&min_price=5000001, California, Los Angeles, For Sale-Wanted, Wanted, https://losangeles.craigslist.org/lac/wad/d/los-angeles-we-buy-phones-we-buy-phines/7007161373.html,,2019-10-25,US,2019-11-21
IPHONE BUYERS!! CASH FOR YOUR BRAND NEW OR USED PHONES, Oct 25, &excats=134-40&min_price=5000001, California, Los Angeles, For Sale-Wanted, Wanted, https://losangeles.craigslist.org/lac/wad/d/los-angeles-iphone-buyers-cash-for-your/7007003763.html,,2019-10-25,US,2019-11-21
JDM USED HIGH QUALITY JAPANESE ENGINE TRANSMISSIONS MOTORS & PARTS -, Oct 25, &excats=134-40&min_price=5000001, California, Orange County, For Sale-Wanted, Auto Parts by Dealer, https://orangecounty.craigslist.org/ptd/d/buena-park-jdm-used-high-quality/7007022122.html,,2019-10-25,US,2019-11-21
Golf Serigraph - Myrtle Beach Dunes Golf - Golf Series, Oct 25, &excats=134-40&min_price=5000001, California, Palm Springs, For Sale-Wanted, Sporting Goods, https://palmsprings.craigslist.org/spo/d/thousand-palms-golf-serigraph-myrtle/7007214598.html,,2019-10-25,US,2019-11-21
WE BUY RVs trailers motorhomes pop-ups fifth wheel toy haulers, Oct 25, &excats=134-40&min_price=5000001, California, Sacramento, For Sale-Wanted, Wanted, https://sacramento.craigslist.org/wad/d/sacramento-we-buy-rvs-trailers/7006765822.html,,2019-10-25,US,2019-11-21
We pay top dollar for Motorhome Fifth Wheel Travel Trailer, Oct 25, &excats=134-40&min_price=5000001, California, Sacramento, For Sale-Wanted, NA, https://sacramento.craigslist.org/trb/d/sacramento-we-pay-top-dollar-for/7006764896.html,,2019-10-25,US,2019-11-21
LOW PRICE AUTO BOY REPAIRS, Oct 25, &excats=134-40&min_price=5000001, California, Sacramento, For Sale-Wanted, Wanted, https://sacramento.craigslist.org/wad/d/sacramento-low-price-auto-boy-repairs/7006754945.html,,2019-10-25,US,2019-11-21
2014 GMC SIERRA, Oct 25, &excats=134-40&min_price=5000001, California, Santa Barbara, For Sale-Wanted, Cars And by Dealer, https://santabarbara.craigslist.org/ctd/d/oxnard-2014-gmc-sierra/7006934387.html,,2019-10-25,US,2019-11-21
Antique pump organ, Oct 25, &excats=134-40&min_price=5000001, Idaho, Boise, For Sale-Wanted, Antique By Owner, https://boise.craigslist.org/atq/d/meridian-antique-pump-organ/6997354651.html,,2019-10-25,US,2019-11-21
I Buy All Travel Trailers 5th Wheel Motor Homes Pop Ups for CASH, Oct 25, &excats=134-40&min_price=5000001, Georgia, Atlanta, For Sale-Wanted, RVs, https://atlanta.craigslist.org/atl/rvd/d/marietta-buy-all-travel-trailers-5th/7007231875.html,,2019-10-25,US,2019-11-21
GOLD AND DIAMOND BUYERS &quot;WE PAY TOP $$$$$$&quot;, Oct 25, &excats=134-40&min_price=5000001, Georgia, Atlanta, For Sale-Wanted, Wanted, https://atlanta.craigslist.org/nat/wan/d/norcross-gold-and-diamond-buyers-we-pay/6992764922.html,,2019-10-25,US,2019-11-21
?? I wish the buck stopped here. I could use a feW....??Tree Service, Oct 25, &excats=134-40&min_price=5000001, Georgia, Atlanta, For Sale-Wanted, Farm and Garden, https://atlanta.craigslist.org/nat/grq/d/roswell-wish-the-buck-stopped-here/7006621886.html,,2019-10-25,US,2019-11-21
wanted Porsche 911&#39;s and 912&#39;s by restorer and collector, Oct 25, &excats=134-40&min_price=5000001, New Mexico, Albuquerque, For Sale-Wanted, Wanted, https://albuquerque.craigslist.org/wan/d/van-nuys-wanted-porsche-911s-and-912s/7007111999.html,Want,2019-10-25,US,2019-11-21
TRACKS & TIRES FOR VARIOUS MACHINES, Oct 25, &excats=134-40&min_price=5000001, Nebraska, Lincoln, For Sale-Wanted, Heavy Equipment, https://lincoln.craigslist.org/hvo/d/tracks-tires-for-various-machines/6987486052.html,,2019-10-25,US,2019-11-21
Xmas decorations, Oct 24, &excats=134-40&min_price=5000001, Connecticut, Hartford, For Sale-Wanted, General, https://hartford.craigslist.org/for/d/bristol-xmas-decorations/7006475217.html,,2019-10-24,US,2019-11-21
1969 El Camino Parts, Oct 24, &excats=134-40&min_price=5000001, Arizona, Tucson, For Sale-Wanted, Auto Parts by Owner, https://tucson.craigslist.org/pts/d/tucson-1969-el-camino-parts/6992334077.html,,2019-10-24,US,2019-11-21
Ski-Doo ski-doo skidoo parts, Oct 24, &excats=134-40&min_price=5000001, Minnesota, St Cloud, For Sale-Wanted, ATVs UTVs by Owner, https://stcloud.craigslist.org/snw/d/elbow-lake-ski-doo-ski-doo-skidoo-parts/7006263707.html,,2019-10-24,US,2019-11-21
Front Bumper  Chevy Cruze 2011-2014 Original, Oct 24, &excats=134-40&min_price=5000001, North Carolina, Charlotte, For Sale-Wanted, Auto Parts by Owner, https://charlotte.craigslist.org/pts/d/charlotte-front-bumper-chevy-cruze/7006358629.html,,2019-10-24,US,2019-11-21
1924 Overland Touring Sedan, Oct 24, &excats=134-40&min_price=5000001, Ohio, Mansfield, For Sale-Wanted, Antique By Owner, https://mansfield.craigslist.org/atq/d/crestline-1924-overland-touring-sedan/7006462270.html,,2019-10-24,US,2019-11-21
1950s and 60s Polaroid cameras, Oct 24, &excats=134-40&min_price=5000001, New York, Albany, For Sale-Wanted, Antique By Owner, https://albany.craigslist.org/atq/d/albany-1950s-and-60s-polaroid-cameras/7006133175.html,,2019-10-24,US,2019-11-21
Huge lot of collectibles, Oct 24, &excats=134-40&min_price=5000001, New York, Hudson Valley, For Sale-Wanted, General, https://hudsonvalley.craigslist.org/for/d/newburgh-huge-lot-of-collectibles/7006371827.html,,2019-10-24,US,2019-11-21
35000 comic books, Oct 24, &excats=134-40&min_price=5000001, Pennsylvania, Philadelphia, For Sale-Wanted, Collectibles, https://philadelphia.craigslist.org/clt/d/portland-comic-books/7006423910.html,,2019-10-24,US,2019-11-21
35000 comic books, Oct 24, &excats=134-40&min_price=5000001, Pennsylvania, Poconos, For Sale-Wanted, Collectibles, https://poconos.craigslist.org/clt/d/mount-bethel-comic-books/7006429105.html,,2019-10-24,US,2019-11-21
WANTED OLD PORSCHE & VW BUS & FERRARI & MERCEDES & DELOREAN & JAGUAR, Oct 24, &excats=134-40&min_price=5000001, Pennsylvania, Reading, For Sale-Wanted, Wanted, https://reading.craigslist.org/wad/d/dover-wanted-old-porsche-vw-bus-ferrari/7006523553.html,Want,2019-10-24,US,2019-11-21
1982 Toyota Dolphin project, Oct 24, &excats=134-40&min_price=5000001, Maine, Maine, For Sale-Wanted, RVs, https://maine.craigslist.org/rvs/d/york-1982-toyota-dolphin-project/7006465519.html,,2019-10-24,US,2019-11-21
Sahara wrangler Jeep, Oct 24, &excats=134-40&min_price=5000001, Maine, Maine, For Sale-Wanted, Auto Parts by Owner, https://maine.craigslist.org/pts/d/naples-sahara-wrangler-jeep/7005987653.html,,2019-10-24,US,2019-11-21
M&M Core buyers, Oct 24, &excats=134-40&min_price=5000001, Missouri, St Louis, For Sale-Wanted, Wanted, https://stlouis.craigslist.org/wan/d/saint-louis-mm-core-buyers/7006508798.html,,2019-10-24,US,2019-11-21
Some things I dont want anymore, Oct 24, &excats=134-40&min_price=5000001, Oklahoma, Tulsa, For Sale-Wanted, General, https://tulsa.craigslist.org/for/d/tulsa-some-things-dont-want-anymore/7006357670.html,Want,2019-10-24,US,2019-11-21
WANTED GLITTER TO BUY, Oct 24, &excats=134-40&min_price=5000001, Florida, Lakeland, For Sale-Wanted, Wanted, https://lakeland.craigslist.org/wan/d/auburndale-wanted-glitter-to-buy/7006434422.html,Want,2019-10-24,US,2019-11-21
WANTED ANY GLITTER YOU MAY HAVE, Oct 24, &excats=134-40&min_price=5000001, Florida, Lakeland, For Sale-Wanted, Art by Owner, https://lakeland.craigslist.org/art/d/auburndale-wanted-any-glitter-you-may/7006436931.html,Want,2019-10-24,US,2019-11-21
Gold Buyers Diamond Buyers Rolex Buyers Jewelry Buyers Cash ., Oct 24, &excats=134-40&min_price=5000001, Florida, Ocala, For Sale-Wanted, Jewelry, https://ocala.craigslist.org/jwl/d/ocala-gold-buyers-diamond-buyers-rolex/7005847203.html,,2019-10-24,US,2019-11-21
Buying iPhone X Xs Max xr Macbook IPad 10 11 pro Max 8 7 Plus iCloud, Oct 24, &excats=134-40&min_price=5000001, Florida, Orlando, For Sale-Wanted, Wanted, https://orlando.craigslist.org/wad/d/orlando-buying-iphone-xs-max-xr-macbook/7006554380.html,,2019-10-24,US,2019-11-21
????Iphone wanted????cash????????, Oct 24, &excats=134-40&min_price=5000001, Florida, Orlando, For Sale-Wanted, Wanted, https://orlando.craigslist.org/wad/d/dearing-iphone-wantedcash/7006545608.html,Want,2019-10-24,US,2019-11-21
We buy phones ???????????? cash, Oct 24, &excats=134-40&min_price=5000001, Florida, Orlando, For Sale-Wanted, Wanted, https://orlando.craigslist.org/wad/d/dearing-we-buy-phones-cash/7005940320.html,,2019-10-24,US,2019-11-21
Sawmill Lumber, Oct 24, &excats=134-40&min_price=5000001, Florida, Tallahassee, For Sale-Wanted, Farm and Garden, https://tallahassee.craigslist.org/grd/d/perry-sawmill-lumber/6990063869.html,,2019-10-24,US,2019-11-21
Vintage Stereo Systems with Turntable, Oct 24, &excats=134-40&min_price=5000001, Texas, Abilene, For Sale-Wanted, Electronics, https://abilene.craigslist.org/ele/d/vintage-stereo-systems-with-turntable/6998896219.html,,2019-10-24,US,2019-11-21
$$ WE BUY ALL IPHONE 11 11 PRO MAX BRAND NEW --WILL PAY TOP CASH $$$, Oct 24, &excats=134-40&min_price=5000001, Texas, Austin, For Sale-Wanted, Wanted, https://austin.craigslist.org/wad/d/austin-we-buy-all-iphone-pro-max-brand/7006353851.html,,2019-10-24,US,2019-11-21
$$ WE BUY ALL IPHONE 11 11 PRO MAX BRAND NEW --WILL PAY TOP CASH $$$, Oct 24, &excats=134-40&min_price=5000001, Texas, Austin, For Sale-Wanted, Wanted, https://austin.craigslist.org/wad/d/austin-we-buy-all-iphone-pro-max-brand/7006010893.html,,2019-10-24,US,2019-11-21
Boston terrier male puppy, Oct 24, &excats=134-40&min_price=5000001, Texas, Corpus Christi, For Sale-Wanted, General, https://corpuschristi.craigslist.org/for/d/rockport-boston-terrier-male-puppy/7006193115.html,,2019-10-24,US,2019-11-21
buying older European cars any condition, Oct 24, &excats=134-40&min_price=5000001, Texas, Houston, For Sale-Wanted, Auto Parts by Owner, https://houston.craigslist.org/pts/d/houston-buying-older-european-cars-any/6985444397.html,,2019-10-24,US,2019-11-21
98&#39; Ford Taurus engine parts, Oct 24, &excats=134-40&min_price=5000001, Texas, Waco, For Sale-Wanted, Auto Parts by Owner, https://waco.craigslist.org/pts/d/mc-gregor-98-ford-taurus-engine-parts/7006476353.html,,2019-10-24,US,2019-11-21
Domain sale, Oct 24, &excats=134-40&min_price=5000001, Nevada, Las Vegas, For Sale-Wanted, General, https://lasvegas.craigslist.org/for/d/las-vegas-domain-sale/7006215852.html,,2019-10-24,US,2019-11-21
High end stereo system Legacy Van Alstine & more, Oct 24, &excats=134-40&min_price=5000001, South Carolina, Myrtle Beach, For Sale-Wanted, Electronics, https://myrtlebeach.craigslist.org/ele/d/little-river-high-end-stereo-system/7006213253.html,,2019-10-24,US,2019-11-21
Cobalt part out, Oct 24, &excats=134-40&min_price=5000001, Kentucky, Lexington, For Sale-Wanted, Auto Parts by Owner, https://lexington.craigslist.org/pts/d/irvine-cobalt-part-out/7006101814.html,,2019-10-24,US,2019-11-21
17 Stereo items for sale, Oct 24, &excats=134-40&min_price=5000001, Kentucky, Louisville, For Sale-Wanted, Electronics, https://louisville.craigslist.org/ele/d/louisville-17-stereo-items-for-sale/7005996324.html,,2019-10-24,US,2019-11-21
Gibson Faded SG, Oct 24, &excats=134-40&min_price=5000001, Tennessee, Knoxville, For Sale-Wanted, Musical Instruments, https://knoxville.craigslist.org/msg/d/sevierville-gibson-faded-sg/6986462289.html,,2019-10-24,US,2019-11-21
2013 Dodge Dart FULL part out, Oct 24, &excats=134-40&min_price=5000001, California, Inland Empire, For Sale-Wanted, Auto Parts by Owner, https://inlandempire.craigslist.org/pts/d/temple-city-2013-dodge-dart-full-part/7006544767.html,,2019-10-24,US,2019-11-21
WE PAY CASH FOR BRAND NEW AND USED SMARTPHONES, Oct 24, &excats=134-40&min_price=5000001, California, Los Angeles, For Sale-Wanted, Wanted, https://losangeles.craigslist.org/lac/wad/d/los-angeles-we-pay-cash-for-brand-new/7006358312.html,,2019-10-24,US,2019-11-21
- WE PAY CASH FOR IPHONES IPHONE BUYER-SMARTPHONES BUYER, Oct 24, &excats=134-40&min_price=5000001, California, Los Angeles, For Sale-Wanted, Wanted, https://losangeles.craigslist.org/lac/wad/d/we-pay-cash-for-iphones-iphone-buyer/7006170357.html,,2019-10-24,US,2019-11-21
??1987 Honda Accord for parts Only ??, Oct 24, &excats=134-40&min_price=5000001, California, Orange County, For Sale-Wanted, Auto Parts by Owner, https://orangecounty.craigslist.org/pts/d/buena-park-1987-honda-accord-for-parts/7006471066.html,,2019-10-24,US,2019-11-21
MR.BACCARRAT WOW!!, Oct 24, &excats=134-40&min_price=5000001, California, Palm Springs, For Sale-Wanted, Household, https://palmsprings.craigslist.org/hsh/d/cathedral-city-mrbaccarrat-wow/6993283325.html,,2019-10-24,US,2019-11-21
WE BUY RVs trailers motorhomes pop-ups fifth wheel toy haulers, Oct 24, &excats=134-40&min_price=5000001, California, Sacramento, For Sale-Wanted, Wanted, https://sacramento.craigslist.org/wad/d/sacramento-we-buy-rvs-trailers/7006134332.html,,2019-10-24,US,2019-11-21
We pay top dollar for Motorhome Fifth Wheel Travel Trailer, Oct 24, &excats=134-40&min_price=5000001, California, Sacramento, For Sale-Wanted, NA, https://sacramento.craigslist.org/trb/d/sacramento-we-pay-top-dollar-for/7006129793.html,,2019-10-24,US,2019-11-21
LOW PRICE AUTO BOY REPAIRS, Oct 24, &excats=134-40&min_price=5000001, California, Sacramento, For Sale-Wanted, Wanted, https://sacramento.craigslist.org/wad/d/sacramento-low-price-auto-boy-repairs/7006114335.html,,2019-10-24,US,2019-11-21
Vintage Planters!, Oct 24, &excats=134-40&min_price=5000001, Virginia, Harrisonburg, For Sale-Wanted, Farm and Garden, https://harrisonburg.craigslist.org/grd/d/elkton-vintage-planters/6993742354.html,,2019-10-24,US,2019-11-21
Classic bronco 1966-1977, Oct 24, &excats=134-40&min_price=5000001, Georgia, Atlanta, For Sale-Wanted, Cars And Trucks, https://atlanta.craigslist.org/atl/cto/d/classic-bronco/7006508403.html,,2019-10-24,US,2019-11-21
?? ?? How DO u get a SWEET 80-yr-old lady to say D F woRD Tree Servic, Oct 24, &excats=134-40&min_price=5000001, Georgia, Atlanta, For Sale-Wanted, Farm and Garden, https://atlanta.craigslist.org/nat/grq/d/marietta-how-do-get-sweet-80-yr-old/7006358988.html,,2019-10-24,US,2019-11-21
John Deere 5045E Tractor, Oct 24, &excats=134-40&min_price=5000001, Georgia, Atlanta, For Sale-Wanted, Farm and Garden, https://atlanta.craigslist.org/nat/grq/d/dacula-john-deere-5045e-tractor/7006306676.html,,2019-10-24,US,2019-11-21
John Deere Z920M, Oct 24, &excats=134-40&min_price=5000001, Georgia, Atlanta, For Sale-Wanted, General, https://atlanta.craigslist.org/nat/fod/d/dacula-john-deere-z920m/7006278960.html,,2019-10-24,US,2019-11-21
SCAM, Oct 24, &excats=134-40&min_price=5000001, Georgia, Atlanta, For Sale-Wanted, Appliance by Owner, https://atlanta.craigslist.org/nat/app/d/lilburn-scam/7006050628.html,,2019-10-24,US,2019-11-21
LIFE SIZE CHILD&#39;S PLAY 2 CHUCKY DOLL, Oct 24, &excats=134-40&min_price=5000001, Georgia, Atlanta, For Sale-Wanted, Collectibles, https://atlanta.craigslist.org/eat/clt/d/pendergrass-life-size-childs-play-2/6992922541.html,,2019-10-24,US,2019-11-21
HALLOWEEN MASK   NEW SUPPLY, Oct 24, &excats=134-40&min_price=5000001, Georgia, Atlanta, For Sale-Wanted, Collectibles, https://atlanta.craigslist.org/eat/clt/d/pendergrass-halloween-mask-new-supply/6992921513.html,,2019-10-24,US,2019-11-21
?? I wish the buck stopped here. I could use a feW....??Tree Service, Oct 24, &excats=134-40&min_price=5000001, Georgia, Atlanta, For Sale-Wanted, Farm and Garden, https://atlanta.craigslist.org/nat/grq/d/roswell-wish-the-buck-stopped-here/7005921243.html,,2019-10-24,US,2019-11-21
??Uw0ke NAKED hot flashed sheet off windows fogyLAST NITE & Realized, Oct 24, &excats=134-40&min_price=5000001, Georgia, Atlanta, For Sale-Wanted, Farm and Garden, https://atlanta.craigslist.org/nat/grq/d/marietta-uw0ke-naked-hot-flashed-sheet/7005919995.html,,2019-10-24,US,2019-11-21
98&#39; 3000GT VR-4 $1 BILLION DOLLARS, Oct 23, &excats=134-40&min_price=5000001, Illinois, Chicago, For Sale-Wanted, Cars And by Dealer, https://chicago.craigslist.org/nwc/ctd/d/schaumburg-gt-vr-4-1-billion-dollars/7005515351.html,,2019-10-23,US,2019-11-21
Little bit of everything, Oct 23, &excats=134-40&min_price=5000001, Illinois, Rockford, For Sale-Wanted, General, https://rockford.craigslist.org/for/d/amboy-little-bit-of-everything/7005802715.html,,2019-10-23,US,2019-11-21
did you get sold a lemon, Oct 23, &excats=134-40&min_price=5000001, North Carolina, Charlotte, For Sale-Wanted, Cars And Trucks, https://charlotte.craigslist.org/cto/d/york-did-you-get-sold-lemon/7005628967.html,,2019-10-23,US,2019-11-21
Acura vigor, Oct 23, &excats=134-40&min_price=5000001, North Carolina, Charlotte, For Sale-Wanted, Wanted, https://charlotte.craigslist.org/wan/d/gastonia-acura-vigor/7005497588.html,,2019-10-23,US,2019-11-21
Moving must sell, Oct 23, &excats=134-40&min_price=5000001, North Carolina, Fayetteville, For Sale-Wanted, Furniture, https://fayetteville.craigslist.org/fuo/d/sanford-moving-must-sell/7005292969.html,,2019-10-23,US,2019-11-21
11 Gleaner grain tables 2003 - 2015 various models, Oct 23, &excats=134-40&min_price=5000001, Ohio, Columbus, For Sale-Wanted, Farm and Garden, https://columbus.craigslist.org/grq/d/arthur-11-gleaner-grain-tables-various/7005268313.html,,2019-10-23,US,2019-11-21
20 older Gleaner grain tables various models, Oct 23, &excats=134-40&min_price=5000001, Ohio, Columbus, For Sale-Wanted, Farm and Garden, https://columbus.craigslist.org/grq/d/arthur-20-older-gleaner-grain-tables/7005266246.html,,2019-10-23,US,2019-11-21
18 Massey Ferguson grain tables various models 2003-2009, Oct 23, &excats=134-40&min_price=5000001, Ohio, Columbus, For Sale-Wanted, Farm and Garden, https://columbus.craigslist.org/grq/d/arthur-18-massey-ferguson-grain-tables/7005261038.html,,2019-10-23,US,2019-11-21
26 older Massey Ferguson grain tables various models, Oct 23, &excats=134-40&min_price=5000001, Ohio, Columbus, For Sale-Wanted, Farm and Garden, https://columbus.craigslist.org/grq/d/arthur-26-older-massey-ferguson-grain/7005250382.html,,2019-10-23,US,2019-11-21
19 Massey Ferguson 3000-6 8 12 cornheads, Oct 23, &excats=134-40&min_price=5000001, Ohio, Columbus, For Sale-Wanted, Farm and Garden, https://columbus.craigslist.org/grq/d/arthur-19-massey-ferguson-cornheads/7005239736.html,,2019-10-23,US,2019-11-21
35 older Massey Ferguson corn heads various models, Oct 23, &excats=134-40&min_price=5000001, Ohio, Columbus, For Sale-Wanted, Farm and Garden, https://columbus.craigslist.org/grq/d/arthur-35-older-massey-ferguson-corn/7005237356.html,,2019-10-23,US,2019-11-21
15 Gleaner 3000-6 & 3000-8 / 2003 - 2014 cornheads, Oct 23, &excats=134-40&min_price=5000001, Ohio, Columbus, For Sale-Wanted, Farm and Garden, https://columbus.craigslist.org/grq/d/arthur-15-gleaner-cornheads/7005234619.html,,2019-10-23,US,2019-11-21
23 older Gleaner cornheads various models, Oct 23, &excats=134-40&min_price=5000001, Ohio, Columbus, For Sale-Wanted, Farm and Garden, https://columbus.craigslist.org/grq/d/arthur-23-older-gleaner-cornheads/7005232232.html,,2019-10-23,US,2019-11-21
3 large buildings & 1 pavilion for Material, Oct 23, &excats=134-40&min_price=5000001, New York, Finger Lakes, For Sale-Wanted, Materials, https://fingerlakes.craigslist.org/mat/d/lyons-3-large-buildings-1-pavilion-for/6990062078.html,,2019-10-23,US,2019-11-21
Sofa bed, Oct 23, &excats=134-40&min_price=5000001, New York, Long Island, For Sale-Wanted, Furniture, https://longisland.craigslist.org/fuo/d/ridge-sofa-bed/7005554085.html,,2019-10-23,US,2019-11-21
2003 CHEVROLET AVALANCHE / 4WD / RUNS GREAT / CHEAP, Oct 23, &excats=134-40&min_price=5000001, Pennsylvania, Philadelphia, For Sale-Wanted, Cars And by Dealer, https://philadelphia.craigslist.org/ctd/d/feasterville-trevose-2003-chevrolet/7005350733.html,,2019-10-23,US,2019-11-21
Electric motors, Oct 23, &excats=134-40&min_price=5000001, Pennsylvania, Pittsburgh, For Sale-Wanted, General, https://pittsburgh.craigslist.org/for/d/new-castle-electric-motors/6986900406.html,,2019-10-23,US,2019-11-21
2020 BETA MOTORCYCLES, Oct 23, &excats=134-40&min_price=5000001, Maine, Maine, For Sale-Wanted, Motorcycles, https://maine.craigslist.org/mcd/d/auburn-2020-beta-motorcycles/7005389492.html,,2019-10-23,US,2019-11-21
Icelandic roosters, Oct 23, &excats=134-40&min_price=5000001, Vermont, Vermont, For Sale-Wanted, Farm and Garden, https://vermont.craigslist.org/grd/d/essex-junction-icelandic-roosters/7005821095.html,,2019-10-23,US,2019-11-21
Buying Rolex Watches old working or not -, Oct 23, &excats=134-40&min_price=5000001, Florida, Jacksonville, For Sale-Wanted, Jewelry, https://jacksonville.craigslist.org/jwl/d/jacksonville-buying-rolex-watches-old/7005837094.html,,2019-10-23,US,2019-11-21
Gold Buyers Diamond Buyers Rolex Buyers Jewelry Buyers Cash . -, Oct 23, &excats=134-40&min_price=5000001, Florida, Ocala, For Sale-Wanted, Jewelry, https://ocala.craigslist.org/jwl/d/ocala-gold-buyers-diamond-buyers-rolex/7005847032.html,,2019-10-23,US,2019-11-21
Abstract paintings, Oct 23, &excats=134-40&min_price=5000001, Florida, Ocala, For Sale-Wanted, Art by Owner, https://ocala.craigslist.org/art/d/ocala-abstract-paintings/6993242203.html,,2019-10-23,US,2019-11-21
New Balance 7, Oct 23, &excats=134-40&min_price=5000001, Florida, Pensacola, For Sale-Wanted, Clothes, https://pensacola.craigslist.org/clo/d/pensacola-new-balance-7/7005479227.html,,2019-10-23,US,2019-11-21
$$ WE BUY ALL IPHONE 11 11 PRO MAX BRAND NEW --WILL PAY TOP CASH $$$, Oct 23, &excats=134-40&min_price=5000001, Texas, Austin, For Sale-Wanted, Wanted, https://austin.craigslist.org/wad/d/austin-we-buy-all-iphone-pro-max-brand/7005470475.html,,2019-10-23,US,2019-11-21
$$ WE BUY ALL IPHONE 11 11 PRO MAX BRAND NEW --WILL PAY TOP CASH $$$, Oct 23, &excats=134-40&min_price=5000001, Texas, Austin, For Sale-Wanted, Wanted, https://austin.craigslist.org/wad/d/austin-we-buy-all-iphone-pro-max-brand/7005247937.html,,2019-10-23,US,2019-11-21
rockolas karaokes 100 % actualizadas, Oct 23, &excats=134-40&min_price=5000001, Texas, El Paso, For Sale-Wanted, General, https://elpaso.craigslist.org/for/d/el-paso-rockolas-karaokes-100/6990700508.html,,2019-10-23,US,2019-11-21
5 month old German shepherd, Oct 23, &excats=134-40&min_price=5000001, Texas, Houston, For Sale-Wanted, General, https://houston.craigslist.org/for/d/houston-5-month-old-german-shepherd/7005844687.html,,2019-10-23,US,2019-11-21
Buy Medical Equipment Hospital Healthcare Autoclave Ultrasound, Oct 23, &excats=134-40&min_price=5000001, Texas, San Antonio, For Sale-Wanted, Wanted, https://sanantonio.craigslist.org/wad/d/san-antonio-buy-medical-equipment/7005613414.html,,2019-10-23,US,2019-11-21
18 inch stock Tahoe wheels and tires, Oct 23, &excats=134-40&min_price=5000001, Nevada, Las Vegas, For Sale-Wanted, NA, https://lasvegas.craigslist.org/wto/d/las-vegas-18-inch-stock-tahoe-wheels/7005769434.html,,2019-10-23,US,2019-11-21
Electric guitar signed by Slash from Guns and Roses., Oct 23, &excats=134-40&min_price=5000001, Nevada, Las Vegas, For Sale-Wanted, Musical Instruments, https://lasvegas.craigslist.org/msg/d/henderson-electric-guitar-signed-by/7005186514.html,,2019-10-23,US,2019-11-21
DODGEMOPARCHRYSLERPLYMOUTHCASH CASH CASH, Oct 23, &excats=134-40&min_price=5000001, California, Inland Empire, For Sale-Wanted, Wanted, https://inlandempire.craigslist.org/wan/d/rancho-cucamonga/7005738267.html,,2019-10-23,US,2019-11-21
Need this stuff gone ASAP, Oct 23, &excats=134-40&min_price=5000001, California, Inland Empire, For Sale-Wanted, Furniture, https://inlandempire.craigslist.org/fuo/d/escondido-need-this-stuff-gone-asap/7005351911.html,Want,2019-10-23,US,2019-11-21
Real cherry wood matching hutch and L desk (both desks included), Oct 23, &excats=134-40&min_price=5000001, California, Redding, For Sale-Wanted, Furniture, https://redding.craigslist.org/fuo/d/redding-real-cherry-wood-matching-hutch/6994148122.html,,2019-10-23,US,2019-11-21
LOW PRICE AUTO BOY REPAIRS, Oct 23, &excats=134-40&min_price=5000001, California, Sacramento, For Sale-Wanted, Wanted, https://sacramento.craigslist.org/wad/d/sacramento-low-price-auto-boy-repairs/7005463205.html,,2019-10-23,US,2019-11-21
Wanted cars dead or alive running or not, Oct 23, &excats=134-40&min_price=5000001, California, Stockton, For Sale-Wanted, Cars And Trucks, https://stockton.craigslist.org/cto/d/sacramento-wanted-cars-dead-or-alive/7005490697.html,Want,2019-10-23,US,2019-11-21
WANTED: OLD PORSCHE 356 911 912 VW BUS MERCEDES JAGUAR FERRARI DELOREA, Oct 23, &excats=134-40&min_price=5000001, Virginia, Lynchburg, For Sale-Wanted, Wanted, https://lynchburg.craigslist.org/wad/d/culpeper-wanted-old-porsche-vw-bus/7005777832.html,Want,2019-10-23,US,2019-11-21
Selling iPhones & Galaxys, Oct 23, &excats=134-40&min_price=5000001, Alabama, Birmingham, For Sale-Wanted, Electronics, https://bham.craigslist.org/ele/d/birmingham-selling-iphones-galaxys/6985397937.html,,2019-10-23,US,2019-11-21
Wanted wrecked or broken sleds snowmobiles, Oct 23, &excats=134-40&min_price=5000001, Washington, Bellingham, For Sale-Wanted, ATVs UTVs by Owner, https://bellingham.craigslist.org/snw/d/bellingham-wanted-wrecked-or-broken/6985317608.html,Want,2019-10-23,US,2019-11-21
2007 gmc acadia for parts, Oct 23, &excats=134-40&min_price=5000001, Michigan, Lansing, For Sale-Wanted, Auto Parts by Owner, https://lansing.craigslist.org/pts/d/fayette-2007-gmc-acadia-for-parts/6996506046.html,,2019-10-23,US,2019-11-21
bose monitor audio paradigm, Oct 22, &excats=134-40&min_price=5000001, Arkansas, Fort Smith, For Sale-Wanted, Electronics, https://fortsmith.craigslist.org/ele/d/paris-bose-monitor-audio-paradigm/6992918303.html,,2019-10-22,US,2019-11-21
new ac heatpump, Oct 22, &excats=134-40&min_price=5000001, Arizona, Phoenix, For Sale-Wanted, Materials, https://phoenix.craigslist.org/evl/mat/d/mesa-new-ac-heatpump/6984937384.html,,2019-10-22,US,2019-11-21
buying military bayonets helmets knives ww2 wwii nazi Japanese swords, Oct 22, &excats=134-40&min_price=5000001, Arizona, Phoenix, For Sale-Wanted, Antiques By Dealer, https://phoenix.craigslist.org/cph/atd/d/paradise-valley-buying-military/7004561682.html,,2019-10-22,US,2019-11-21
Wanted vintage old toys GI Joe Star Wars redline Hot Wheels Wheel toy, Oct 22, &excats=134-40&min_price=5000001, Arizona, Phoenix, For Sale-Wanted, Wanted, https://phoenix.craigslist.org/cph/wad/d/phoenix-wanted-vintage-old-toys-gi-joe/7004555069.html,Want,2019-10-22,US,2019-11-21
childcare, Oct 22, &excats=134-40&min_price=5000001, Wisconsin, Milwaukee, For Sale-Wanted, Furniture, https://milwaukee.craigslist.org/fuo/d/milwaukee-childcare/7004865697.html,,2019-10-22,US,2019-11-21
Imaginary car, Oct 22, &excats=134-40&min_price=5000001, Colorado, Boulder, For Sale-Wanted, Cars And Trucks, https://boulder.craigslist.org/cto/d/louisville-imaginary-car/7005004351.html,,2019-10-22,US,2019-11-21
CRP  cutting, Oct 22, &excats=134-40&min_price=5000001, Minnesota, Mankato, For Sale-Wanted, Farm and Garden, https://mankato.craigslist.org/grd/d/kasota-crp-cutting/7005142787.html,,2019-10-22,US,2019-11-21
Want to buy/barter 302, Oct 22, &excats=134-40&min_price=5000001, North Carolina, Asheville, For Sale-Wanted, Auto Parts by Owner, https://asheville.craigslist.org/pts/d/marshall-want-to-buy-barter-302/7004474138.html,Want,2019-10-22,US,2019-11-21
Fire wood & Cedar logs, Oct 22, &excats=134-40&min_price=5000001, Ohio, Cincinnati, For Sale-Wanted, Farm and Garden, https://cincinnati.craigslist.org/grd/d/peebles-fire-wood-cedar-logs/7005068367.html,,2019-10-22,US,2019-11-21
Hammer Tyme&#39;s 1st auction Antiques collectibles tools (loaded), Oct 22, &excats=134-40&min_price=5000001, New York, Albany, For Sale-Wanted, Antiques By Dealer, https://albany.craigslist.org/atd/d/saint-johnsville-hammer-tymes-1st/7004809435.html,,2019-10-22,US,2019-11-21
$$ CASH FOR MOTORCYCLE S$, Oct 22, &excats=134-40&min_price=5000001, New York, Hudson Valley, For Sale-Wanted, Wanted, https://hudsonvalley.craigslist.org/wan/d/garrison-cash-for-motorcycle/6990907988.html,,2019-10-22,US,2019-11-21
50 sealed classic TV guides limited edition, Oct 22, &excats=134-40&min_price=5000001, New York, Rochester, For Sale-Wanted, Collectibles, https://rochester.craigslist.org/clt/d/rochester-50-sealed-classic-tv-guides/7005018231.html,,2019-10-22,US,2019-11-21
Elvis Presley collectiions, Oct 22, &excats=134-40&min_price=5000001, New York, Rochester, For Sale-Wanted, Books, https://rochester.craigslist.org/bks/d/rochester-elvis-presley-collectiions/7005000608.html,,2019-10-22,US,2019-11-21
Tires, Oct 22, &excats=134-40&min_price=5000001, New York, Syracuse, For Sale-Wanted, NA, https://syracuse.craigslist.org/wto/d/cicero-tires/6994442432.html,,2019-10-22,US,2019-11-21
Open & box end wrenchs, Oct 22, &excats=134-40&min_price=5000001, Iowa, Mason City, For Sale-Wanted, Farm and Garden, https://masoncity.craigslist.org/grd/d/clear-lake-open-box-end-wrenchs/7004779007.html,,2019-10-22,US,2019-11-21
Jeep Jk parts, Oct 22, &excats=134-40&min_price=5000001, Pennsylvania, Philadelphia, For Sale-Wanted, Auto Parts by Owner, https://philadelphia.craigslist.org/pts/d/smyrna-jeep-jk-parts/6988108813.html,,2019-10-22,US,2019-11-21
Jeep Jk parts, Oct 22, &excats=134-40&min_price=5000001, Pennsylvania, Philadelphia, For Sale-Wanted, Auto Parts by Owner, https://philadelphia.craigslist.org/pts/d/smyrna-jeep-jk-parts/6988109157.html,,2019-10-22,US,2019-11-21
Jeep Jk parts, Oct 22, &excats=134-40&min_price=5000001, Pennsylvania, Philadelphia, For Sale-Wanted, Auto Parts by Owner, https://philadelphia.craigslist.org/pts/d/smyrna-jeep-jk-parts/6988109357.html,,2019-10-22,US,2019-11-21
Lamps, Oct 22, &excats=134-40&min_price=5000001, Pennsylvania, Pittsburgh, For Sale-Wanted, Furniture, https://pittsburgh.craigslist.org/fuo/d/allison-park-lamps/7004389090.html,,2019-10-22,US,2019-11-21
Lego We By and Sell, Oct 22, &excats=134-40&min_price=5000001, Missouri, Springfield, For Sale-Wanted, Toys And Games, https://springfield.craigslist.org/tag/d/springfield-lego-we-by-and-sell/6987854313.html,,2019-10-22,US,2019-11-21
Boy shoes - baseball cleats slippers dress shoes, Oct 22, &excats=134-40&min_price=5000001, Missouri, St Louis, For Sale-Wanted, Baby Kids by Owner, https://stlouis.craigslist.org/bab/d/fallon-boy-shoes-baseball-cleats/6986882020.html,,2019-10-22,US,2019-11-21
Buying Antiques Estates and Quality Furniture, Oct 22, &excats=134-40&min_price=5000001, Maryland, Annapolis, For Sale-Wanted, Wanted, https://annapolis.craigslist.org/wan/d/severn-buying-antiques-estates-and/6984550469.html,,2019-10-22,US,2019-11-21
PROFESSIONAL FIBERGLASS REPAIR, Oct 22, &excats=134-40&min_price=5000001, Maryland, Baltimore, For Sale-Wanted, Boat Parts, https://baltimore.craigslist.org/bpo/d/rising-sun-professional-fiberglass/7005070335.html,,2019-10-22,US,2019-11-21
Buying Antiques Estates and Quality Furniture, Oct 22, &excats=134-40&min_price=5000001, Maryland, Baltimore, For Sale-Wanted, Wanted, https://baltimore.craigslist.org/wan/d/severn-buying-antiques-estates-and/6984550494.html,,2019-10-22,US,2019-11-21
WANTED:  FT. WAYNE BREWERY ITEMS, Oct 22, &excats=134-40&min_price=5000001, Indiana, Fort Wayne, For Sale-Wanted, Collectibles, https://fortwayne.craigslist.org/clt/d/wanted-ft-wayne-brewery-items/6997358327.html,Want,2019-10-22,US,2019-11-21
CASH TODAY FOR YOUR ROLEX WATCH -, Oct 22, &excats=134-40&min_price=5000001, Florida, Jacksonville, For Sale-Wanted, Jewelry, https://jacksonville.craigslist.org/jwl/d/jacksonville-cash-today-for-your-rolex/7004907410.html,,2019-10-22,US,2019-11-21
PAYING CASH FOR ROLEX WATCHES!, Oct 22, &excats=134-40&min_price=5000001, Florida, Jacksonville, For Sale-Wanted, Jewelry, https://jacksonville.craigslist.org/jwl/d/jacksonville-paying-cash-for-rolex/7004907036.html,,2019-10-22,US,2019-11-21
CASH 4 ROLEX!, Oct 22, &excats=134-40&min_price=5000001, Florida, Jacksonville, For Sale-Wanted, Jewelry, https://jacksonville.craigslist.org/jwl/d/jacksonville-cash-4-rolex/7004907538.html,,2019-10-22,US,2019-11-21
Buying Rolex watches today, Oct 22, &excats=134-40&min_price=5000001, Florida, Jacksonville, For Sale-Wanted, Jewelry, https://jacksonville.craigslist.org/jwl/d/jacksonville-buying-rolex-watches-today/7004907294.html,,2019-10-22,US,2019-11-21
1952 Ford cruiser, Oct 22, &excats=134-40&min_price=5000001, Florida, Jacksonville, For Sale-Wanted, Auto Parts by Owner, https://jacksonville.craigslist.org/pts/d/alma-1952-ford-cruiser/6987558607.html,,2019-10-22,US,2019-11-21
Buying iPhone X Xs Max xr Macbook IPad 10 11 pro Max 8 7 Plus iCloud, Oct 22, &excats=134-40&min_price=5000001, Florida, Orlando, For Sale-Wanted, Wanted, https://orlando.craigslist.org/wad/d/orlando-buying-iphone-xs-max-xr-macbook/7005095732.html,,2019-10-22,US,2019-11-21
Buying iPhone X Xs Max xr Macbook IPad 10 11 pro Max 8 7 Plus iCloud, Oct 22, &excats=134-40&min_price=5000001, Florida, Orlando, For Sale-Wanted, Wanted, https://orlando.craigslist.org/wad/d/orlando-buying-iphone-xs-max-xr-macbook/7004923996.html,,2019-10-22,US,2019-11-21
BEANIE BABIES, Oct 22, &excats=134-40&min_price=5000001, Florida, Space Coast, For Sale-Wanted, Toys And Games, https://spacecoast.craigslist.org/tag/d/orlando-beanie-babies/7004649105.html,,2019-10-22,US,2019-11-21
$$ WE BUY ALL IPHONE 11 11 PRO MAX BRAND NEW --WILL PAY TOP CASH $$$, Oct 22, &excats=134-40&min_price=5000001, Texas, Austin, For Sale-Wanted, Wanted, https://austin.craigslist.org/wad/d/austin-we-buy-all-iphone-pro-max-brand/7004651032.html,,2019-10-22,US,2019-11-21
$$ WE BUY ALL IPHONE 11 11 PRO MAX BRAND NEW --WILL PAY TOP CASH $$$, Oct 22, &excats=134-40&min_price=5000001, Texas, Austin, For Sale-Wanted, Wanted, https://austin.craigslist.org/wad/d/austin-we-buy-all-iphone-pro-max-brand/7004496862.html,,2019-10-22,US,2019-11-21
BUYING TSHIRTS FROM ERA 70S 80S & 90S, Oct 22, &excats=134-40&min_price=5000001, Tennessee, Chattanooga, For Sale-Wanted, Wanted, https://chattanooga.craigslist.org/wan/d/pelham-buying-tshirts-from-era-70s-80s/7004390425.html,,2019-10-22,US,2019-11-21
used lumber/plywood, Oct 22, &excats=134-40&min_price=5000001, Tennessee, Jackson, For Sale-Wanted, Materials, https://jacksontn.craigslist.org/mat/d/camden-used-lumber-plywood/7004829285.html,,2019-10-22,US,2019-11-21
BUYING TSHIRTS FROM ERA 70S 80S & 90S, Oct 22, &excats=134-40&min_price=5000001, Tennessee, Knoxville, For Sale-Wanted, Wanted, https://knoxville.craigslist.org/wan/d/pelham-buying-tshirts-from-era-70s-80s/7004390306.html,,2019-10-22,US,2019-11-21
BUYING TSHIRTS FROM ERA 70S 80S & 90S, Oct 22, &excats=134-40&min_price=5000001, Tennessee, Nashville, For Sale-Wanted, Wanted, https://nashville.craigslist.org/wan/d/pelham-buying-tshirts-from-era-70s-80s/7004390778.html,,2019-10-22,US,2019-11-21
WE BUY IPHONES!!!! X. XS. XS MAX. 11 pro. 11. 11 pro max, Oct 22, &excats=134-40&min_price=5000001, California, Los Angeles, For Sale-Wanted, Wanted, https://losangeles.craigslist.org/lac/wad/d/los-angeles-we-buy-iphones-xs-xs-max-11/7004920446.html,,2019-10-22,US,2019-11-21
Motocross rims and tires, Oct 22, &excats=134-40&min_price=5000001, California, Redding, For Sale-Wanted, Motorcycle Parts, https://redding.craigslist.org/mpo/d/shasta-lake-motocross-rims-and-tires/7004968634.html,,2019-10-22,US,2019-11-21
WANTED TO BUY YOUR OLD FILM & DIGITAL CAMERAS AND LENSES, Oct 22, &excats=134-40&min_price=5000001, California, Santa Barbara, For Sale-Wanted, Photo And Video, https://santabarbara.craigslist.org/pho/d/ventura-wanted-to-buy-your-old-film/6986033388.html,Want,2019-10-22,US,2019-11-21
1960-1966 C10 or C20 WANTED, Oct 22, &excats=134-40&min_price=5000001, Idaho, Boise, For Sale-Wanted, Wanted, https://boise.craigslist.org/wan/d/caldwell-c10-or-c20-wanted/7004987979.html,Want,2019-10-22,US,2019-11-21
BUYING TSHIRTS FROM ERA 70S 80S & 90S, Oct 22, &excats=134-40&min_price=5000001, Georgia, Atlanta, For Sale-Wanted, Wanted, https://atlanta.craigslist.org/atl/wan/d/pelham-buying-tshirts-from-era-70s-80s/7004387346.html,,2019-10-22,US,2019-11-21
Snowplowing, Oct 22, &excats=134-40&min_price=5000001, Montana, Kalispell, For Sale-Wanted, Farm and Garden, https://kalispell.craigslist.org/grd/d/columbia-falls-snowplowing/7004793058.html,,2019-10-22,US,2019-11-21
snowplowing, Oct 22, &excats=134-40&min_price=5000001, Montana, Kalispell, For Sale-Wanted, General, https://kalispell.craigslist.org/for/d/columbia-falls-snowplowing/7004789949.html,,2019-10-22,US,2019-11-21
BUYING TSHIRTS FROM ERA 70S 80S & 90S, Oct 22, &excats=134-40&min_price=5000001, Alabama, Birmingham, For Sale-Wanted, Wanted, https://bham.craigslist.org/wan/d/birmingham-buying-tshirts-from-era-70s/7004390560.html,,2019-10-22,US,2019-11-21
BUYING TSHIRTS FROM ERA 70S 80S & 90S, Oct 22, &excats=134-40&min_price=5000001, Alabama, Montgomery, For Sale-Wanted, Wanted, https://montgomery.craigslist.org/wan/d/pelham-buying-tshirts-from-era-70s-80s/7004386868.html,,2019-10-22,US,2019-11-21
BUYING TSHIRTS FROM ERA 70S 80S & 90S, Oct 22, &excats=134-40&min_price=5000001, Alabama, Montgomery, For Sale-Wanted, Wanted, https://montgomery.craigslist.org/wan/d/pelham-buying-tshirts-from-era-70s-80s/7004387176.html,,2019-10-22,US,2019-11-21
1989 Ford 7.3NA diesel engine, Oct 22, &excats=134-40&min_price=5000001, Michigan, Grand Rapids, For Sale-Wanted, Auto Parts by Owner, https://grandrapids.craigslist.org/pts/d/muskegon-1989-ford-73na-diesel-engine/7004429764.html,,2019-10-22,US,2019-11-21
1989 Ford 7.3NA diesel engine, Oct 22, &excats=134-40&min_price=5000001, Michigan, Muskegon, For Sale-Wanted, Auto Parts by Owner, https://grandrapids.craigslist.org/pts/d/muskegon-1989-ford-73na-diesel-engine/7004429764.html,,2019-10-22,US,2019-11-21
Rye Triticale Wheat Cover Crop seed and more, Oct 22, &excats=134-40&min_price=5000001, Nebraska, Grand Island, For Sale-Wanted, Farm and Garden, https://grandisland.craigslist.org/grd/d/rye-triticale-wheat-cover-crop-seed-and/7004828648.html,,2019-10-22,US,2019-11-21
Shipping Containers / Storage Containers / Cargo Containers(Container), Oct 22, &excats=134-40&min_price=5000001, Oregon, Portland, For Sale-Wanted, General, https://portland.craigslist.org/mlt/fod/d/shipping-containers-storage-containers/7004787027.html,,2019-10-22,US,2019-11-21
Free cows, Oct 21, &excats=134-40&min_price=5000001, Arkansas, Little Rock, For Sale-Wanted, Farm and Garden, https://littlerock.craigslist.org/grd/d/free-cows/7004171287.html,,2019-10-21,US,2019-11-21
Machine Tool, Oct 21, &excats=134-40&min_price=5000001, Arizona, Yuma, For Sale-Wanted, General, https://yuma.craigslist.org/for/d/yuma-machine-tool/7004080552.html,,2019-10-21,US,2019-11-21
PPG paint mixing bank, Oct 21, &excats=134-40&min_price=5000001, Wisconsin, Eau Claire, For Sale-Wanted, Auto Parts by Owner, https://eauclaire.craigslist.org/pts/d/independence-ppg-paint-mixing-bank/7004042969.html,,2019-10-21,US,2019-11-21
WANTED BEER SIGNS, Oct 21, &excats=134-40&min_price=5000001, Wisconsin, Milwaukee, For Sale-Wanted, Wanted, https://milwaukee.craigslist.org/wan/d/milwaukee-wanted-beer-signs/7004362220.html,Want,2019-10-21,US,2019-11-21
Solid Oak office furniture, Oct 21, &excats=134-40&min_price=5000001, Colorado, Boulder, For Sale-Wanted, Furniture, https://boulder.craigslist.org/fuo/d/lyons-solid-oak-office-furniture/7004049626.html,,2019-10-21,US,2019-11-21
Grass hay, Oct 21, &excats=134-40&min_price=5000001, Illinois, Springfield, For Sale-Wanted, Farm and Garden, https://springfieldil.craigslist.org/grd/d/jacksonville-grass-hay/6986346590.html,,2019-10-21,US,2019-11-21
Front loading washer and dryer (gas), Oct 21, &excats=134-40&min_price=5000001, Louisiana, New Orleans, For Sale-Wanted, Appliance by Owner, https://neworleans.craigslist.org/app/d/new-orleans-front-loading-washer-and/7004092808.html,,2019-10-21,US,2019-11-21
STORAGE/WORKSPACE, Oct 21, &excats=134-40&min_price=5000001, Minnesota, St Cloud, For Sale-Wanted, Wanted, https://stcloud.craigslist.org/wan/d/saint-cloud-storage-workspace/6999036013.html,,2019-10-21,US,2019-11-21
WANTED 2 or 4 Rims and Tires for Trailer, Oct 21, &excats=134-40&min_price=5000001, Ohio, Columbus, For Sale-Wanted, Wanted, https://columbus.craigslist.org/wan/d/avon-wanted-2-or-4-rims-and-tires-for/7004210500.html,Want,2019-10-21,US,2019-11-21
Cash Now!! For Vintage Baseball/Football Cards!! Cash Today!!, Oct 21, &excats=134-40&min_price=5000001, Ohio, Youngstown, For Sale-Wanted, Collectibles, https://youngstown.craigslist.org/clt/d/cash-now-for-vintage-baseball-football/6983307657.html,,2019-10-21,US,2019-11-21
Mathews CREED, Oct 21, &excats=134-40&min_price=5000001, New York, Ithaca, For Sale-Wanted, Sporting Goods, https://ithaca.craigslist.org/spo/d/cayuta-mathews-creed/6986978489.html,,2019-10-21,US,2019-11-21
Tag Sale Moving, Oct 21, &excats=134-40&min_price=5000001, New York, Long Island, For Sale-Wanted, Clothes, https://longisland.craigslist.org/clo/d/holbrook-tag-sale-moving/7004295807.html,,2019-10-21,US,2019-11-21
Tag Sale Moving, Oct 21, &excats=134-40&min_price=5000001, New York, Long Island, For Sale-Wanted, Furniture, https://longisland.craigslist.org/fuo/d/holbrook-tag-sale-moving/7004285797.html,,2019-10-21,US,2019-11-21
Daycare closings, Oct 21, &excats=134-40&min_price=5000001, New York, Long Island, For Sale-Wanted, Baby Kids by Owner, https://longisland.craigslist.org/bab/d/holbrook-daycare-closings/7004274508.html,,2019-10-21,US,2019-11-21
British segull boat motor, Oct 21, &excats=134-40&min_price=5000001, New York, Syracuse, For Sale-Wanted, Boat Parts, https://syracuse.craigslist.org/bpo/d/brewerton-british-segull-boat-motor/7004275729.html,,2019-10-21,US,2019-11-21
Clean out, Oct 21, &excats=134-40&min_price=5000001, New York, Syracuse, For Sale-Wanted, General, https://syracuse.craigslist.org/for/d/bridgeport-clean-out/7004153816.html,,2019-10-21,US,2019-11-21
Buying Vintage Baseball/Football Cards! Cash Today!, Oct 21, &excats=134-40&min_price=5000001, Pennsylvania, Meadville, For Sale-Wanted, Collectibles, https://meadville.craigslist.org/clt/d/buying-vintage-baseball-football-cards/6983307781.html,,2019-10-21,US,2019-11-21
Buying Vintage Baseball/Football Cards! Cash Today!, Oct 21, &excats=134-40&min_price=5000001, Pennsylvania, Meadville, For Sale-Wanted, Wanted, https://meadville.craigslist.org/wan/d/buying-vintage-baseball-football-cards/6983308197.html,,2019-10-21,US,2019-11-21
inline planer boards, Oct 21, &excats=134-40&min_price=5000001, Pennsylvania, Pittsburgh, For Sale-Wanted, Wanted, https://pittsburgh.craigslist.org/wan/d/new-kensington-inline-planer-boards/6984450070.html,,2019-10-21,US,2019-11-21
Bobble heads for sale..and figures., Oct 21, &excats=134-40&min_price=5000001, Pennsylvania, Pittsburgh, For Sale-Wanted, General, https://pittsburgh.craigslist.org/for/d/pittsburgh-bobble-heads-for-saleand/7003761756.html,,2019-10-21,US,2019-11-21
trailer siding insulated - & windows, Oct 21, &excats=134-40&min_price=5000001, Pennsylvania, Williamsport, For Sale-Wanted, Materials, https://williamsport.craigslist.org/mat/d/millmont-trailer-siding-insulated/6983331718.html,,2019-10-21,US,2019-11-21
Garage in antique sale, Oct 21, &excats=134-40&min_price=5000001, Missouri, Springfield, For Sale-Wanted, General, https://springfield.craigslist.org/for/d/omaha-garage-in-antique-sale/7004042960.html,,2019-10-21,US,2019-11-21
Wu Tang Tickets Red Rocks CO, Oct 21, &excats=134-40&min_price=5000001, Maryland, Baltimore, For Sale-Wanted, Tickets, https://baltimore.craigslist.org/tix/d/morrison-wu-tang-tickets-red-rocks-co/7004024164.html,,2019-10-21,US,2019-11-21
Free furniture (4 pieces), Oct 21, &excats=134-40&min_price=5000001, Vermont, Vermont, For Sale-Wanted, Furniture, https://vermont.craigslist.org/fuo/d/charlotte-free-furniture-4-pieces/7004278135.html,,2019-10-21,US,2019-11-21
Books, Oct 21, &excats=134-40&min_price=5000001, New Jersey, Jersey Shore, For Sale-Wanted, Antique By Owner, https://jerseyshore.craigslist.org/atq/d/toms-river-books/6999772024.html,,2019-10-21,US,2019-11-21
PHOTO BOOTH EL PASO TX, Oct 21, &excats=134-40&min_price=5000001, Texas, El Paso, For Sale-Wanted, General, https://elpaso.craigslist.org/for/d/photo-booth-el-paso-tx/6995179557.html,,2019-10-21,US,2019-11-21
Wtb 1993 ford ranger ignition coil., Oct 21, &excats=134-40&min_price=5000001, Texas, San Antonio, For Sale-Wanted, Auto Parts by Owner, https://sanantonio.craigslist.org/pts/d/pleasanton-wtb-1993-ford-ranger/7004276381.html,,2019-10-21,US,2019-11-21
Registered red angus 3 year old bred cows and bulls, Oct 21, &excats=134-40&min_price=5000001, Texas, Waco, For Sale-Wanted, Farm and Garden, https://waco.craigslist.org/grd/d/stephenville-registered-red-angus-3/7004307753.html,,2019-10-21,US,2019-11-21
Mower parts saws etc, Oct 21, &excats=134-40&min_price=5000001, Tennessee, Chattanooga, For Sale-Wanted, Farm and Garden, https://chattanooga.craigslist.org/grd/d/cleveland-mower-parts-saws-etc/7004350210.html,,2019-10-21,US,2019-11-21
Compound bows, Oct 21, &excats=134-40&min_price=5000001, Tennessee, Knoxville, For Sale-Wanted, Sporting Goods, https://knoxville.craigslist.org/spo/d/compound-bows/7003688088.html,,2019-10-21,US,2019-11-21
WTB broke chainsaws or power equipment, Oct 21, &excats=134-40&min_price=5000001, Tennessee, Nashville, For Sale-Wanted, Wanted, https://nashville.craigslist.org/wan/d/alexandria-wtb-broke-chainsaws-or-power/6984484319.html,,2019-10-21,US,2019-11-21
Home For Sale!, Oct 21, &excats=134-40&min_price=5000001, California, Inland Empire, For Sale-Wanted, General, https://inlandempire.craigslist.org/for/d/corona-home-for-sale/7004328597.html,,2019-10-21,US,2019-11-21
BUYING Sports Cards Baseball Football Basketball Cash Money $$, Oct 21, &excats=134-40&min_price=5000001, California, Stockton, For Sale-Wanted, Collectibles, https://stockton.craigslist.org/clt/d/lodi-buying-sports-cards-baseball/7004251147.html,,2019-10-21,US,2019-11-21
Blue Heeler needs a home!, Oct 21, &excats=134-40&min_price=5000001, Kansas, Lawrence, For Sale-Wanted, Farm and Garden, https://lawrence.craigslist.org/grd/d/lyndon-blue-heeler-needs-home/7004110683.html,Want,2019-10-21,US,2019-11-21
Old rare Constitution of Hawaii, Oct 21, &excats=134-40&min_price=5000001, Hawaii, Hawaii, For Sale-Wanted, Antique By Owner, https://honolulu.craigslist.org/oah/atq/d/waipahu-old-rare-constitution-of-hawaii/6990903374.html,,2019-10-21,US,2019-11-21
Old rate Constitution of Hawaii, Oct 21, &excats=134-40&min_price=5000001, Hawaii, Hawaii, For Sale-Wanted, Collectibles, https://honolulu.craigslist.org/oah/clt/d/waipahu-old-rate-constitution-of-hawaii/6990904236.html,,2019-10-21,US,2019-11-21
Wooden Educational Puzzles and Games, Oct 21, &excats=134-40&min_price=5000001, Montana, Helena, For Sale-Wanted, Toys And Games, https://helena.craigslist.org/tag/d/helena-wooden-educational-puzzles-and/7000351068.html,,2019-10-21,US,2019-11-21
Snails for sale!!!!, Oct 20, &excats=134-40&min_price=5000001, Arkansas, Texarkana, For Sale-Wanted, General, https://texarkana.craigslist.org/for/d/brandon-snails-for-sale/7003405479.html,,2019-10-20,US,2019-11-21
dodge ram parts, Oct 20, &excats=134-40&min_price=5000001, Connecticut, New Haven, For Sale-Wanted, Auto Parts by Owner, https://newhaven.craigslist.org/pts/d/wallingford-dodge-ram-parts/6985249081.html,,2019-10-20,US,2019-11-21
Oxygen valve/ hearing/seeing impaired items, Oct 20, &excats=134-40&min_price=5000001, Wisconsin, Milwaukee, For Sale-Wanted, Health And Beauty, https://milwaukee.craigslist.org/hab/d/milwaukee-oxygen-valve-hearing-seeing/7003586320.html,,2019-10-20,US,2019-11-21
Funko Pop Mini Harry Potter  Disney Mini Figural Keyrings, Oct 20, &excats=134-40&min_price=5000001, Minnesota, Rochester, For Sale-Wanted, Collectibles, https://rmn.craigslist.org/clt/d/rochester-funko-pop-mini-harry-potter/6988774391.html,,2019-10-20,US,2019-11-21
3 Cages Cage Hutch Hutches Kennel Kennels All Living Things Petsmart, Oct 20, &excats=134-40&min_price=5000001, North Carolina, Asheville, For Sale-Wanted, Farm and Garden, https://asheville.craigslist.org/grd/d/franklin-3-cages-cage-hutch-hutches/6985072664.html,,2019-10-20,US,2019-11-21
Wanted to buy. 1988 1989 1990 maxx wax boxes., Oct 20, &excats=134-40&min_price=5000001, North Carolina, Charlotte, For Sale-Wanted, Wanted, https://charlotte.craigslist.org/wan/d/charlotte-wanted-to-buy-maxx-wax-boxes/7003529581.html,Want,2019-10-20,US,2019-11-21
MISC. WICKER FURNITURE, Oct 20, &excats=134-40&min_price=5000001, North Carolina, Wilmington, For Sale-Wanted, Furniture, https://wilmington.craigslist.org/fuo/d/hampstead-misc-wicker-furniture/6984313208.html,,2019-10-20,US,2019-11-21
Ford explorer, Oct 20, &excats=134-40&min_price=5000001, Ohio, Chillicothe, For Sale-Wanted, Auto Parts by Owner, https://chillicothe.craigslist.org/pts/d/frankfort-ford-explorer/7003128287.html,,2019-10-20,US,2019-11-21
ISO Pirate Halloween Decorations, Oct 20, &excats=134-40&min_price=5000001, Ohio, Cincinnati, For Sale-Wanted, Wanted, https://cincinnati.craigslist.org/wan/d/cincinnati-iso-pirate-halloween/7003293249.html,,2019-10-20,US,2019-11-21
Garage Sale, Oct 20, &excats=134-40&min_price=5000001, New York, Long Island, For Sale-Wanted, Antique By Owner, https://longisland.craigslist.org/atq/d/ridge-garage-sale/7003294362.html,,2019-10-20,US,2019-11-21
1985 Fleetwood Trailer 3bd 1 bath. Great Shape, Oct 20, &excats=134-40&min_price=5000001, New York, Watertown, For Sale-Wanted, General, https://watertown.craigslist.org/for/d/carthage-1985-fleetwood-trailer-3bd-1/7003277230.html,,2019-10-20,US,2019-11-21
332 VHS tapes, Oct 20, &excats=134-40&min_price=5000001, Iowa, Des Moines, For Sale-Wanted, CDs DVDs, https://desmoines.craigslist.org/emd/d/berwick-332-vhs-tapes/7003586983.html,,2019-10-20,US,2019-11-21
Chicken Litter, Oct 20, &excats=134-40&min_price=5000001, Missouri, Joplin, For Sale-Wanted, Farm and Garden, https://joplin.craigslist.org/grd/d/stotts-city-chicken-litter/6991104198.html,,2019-10-20,US,2019-11-21
1972 Trans Am parts, Oct 20, &excats=134-40&min_price=5000001, Missouri, Kansas City, For Sale-Wanted, Auto Parts by Owner, https://kansascity.craigslist.org/pts/d/kansas-city-1972-trans-am-parts/7003653530.html,,2019-10-20,US,2019-11-21
Various Household items for sale, Oct 20, &excats=134-40&min_price=5000001, Missouri, St Louis, For Sale-Wanted, Household, https://stlouis.craigslist.org/hsh/d/saint-louis-various-household-items-for/7003617300.html,,2019-10-20,US,2019-11-21
STYLISTS WANTED!!!!  Move-in SPECIAL, Oct 20, &excats=134-40&min_price=5000001, Oklahoma, Tulsa, For Sale-Wanted, General, https://tulsa.craigslist.org/for/d/tulsa-stylists-wanted-move-in-special/6992901822.html,Want,2019-10-20,US,2019-11-21
Playwood shingles laminas, Oct 20, &excats=134-40&min_price=5000001, Texas, Austin, For Sale-Wanted, General, https://austin.craigslist.org/for/d/austin-playwood-shingles-laminas/7003395286.html,,2019-10-20,US,2019-11-21
Construction loans, Oct 20, &excats=134-40&min_price=5000001, Texas, Houston, For Sale-Wanted, Wanted, https://houston.craigslist.org/wan/d/spring-construction-loans/7003617793.html,,2019-10-20,US,2019-11-21
we do tile installation, Oct 20, &excats=134-40&min_price=5000001, Texas, Houston, For Sale-Wanted, Household, https://houston.craigslist.org/hsh/d/baytown-we-do-tile-installation/6987776752.html,,2019-10-20,US,2019-11-21
Upholstery, Oct 20, &excats=134-40&min_price=5000001, Texas, San Antonio, For Sale-Wanted, Furniture, https://sanantonio.craigslist.org/fuo/d/san-antonio-upholstery/6985210193.html,,2019-10-20,US,2019-11-21
Snails for sale!!!!, Oct 20, &excats=134-40&min_price=5000001, Texas, Texarkana, For Sale-Wanted, General, https://texarkana.craigslist.org/for/d/brandon-snails-for-sale/7003405479.html,,2019-10-20,US,2019-11-21
4 Keeneland tickets 10/26, Oct 20, &excats=134-40&min_price=5000001, Kentucky, Lexington, For Sale-Wanted, Wanted, https://lexington.craigslist.org/wan/d/lexington-4-keeneland-tickets-10-26/7003254658.html,,2019-10-20,US,2019-11-21
Fly fishing material, Oct 20, &excats=134-40&min_price=5000001, Tennessee, Knoxville, For Sale-Wanted, Sporting Goods, https://knoxville.craigslist.org/spo/d/knoxville-fly-fishing-material/6983778873.html,,2019-10-20,US,2019-11-21
Moving sale!! Cheap furnitures!!, Oct 20, &excats=134-40&min_price=5000001, California, Orange County, For Sale-Wanted, Furniture, https://orangecounty.craigslist.org/fuo/d/orange-moving-sale-cheap-furnitures/7003663850.html,,2019-10-20,US,2019-11-21
Need to give away my kitten ASAP, Oct 20, &excats=134-40&min_price=5000001, California, Palm Springs, For Sale-Wanted, General, https://palmsprings.craigslist.org/for/d/coachella-need-to-give-away-my-kitten/7003437467.html,Want,2019-10-20,US,2019-11-21
Concrete repair, Oct 20, &excats=134-40&min_price=5000001, Idaho, East Idaho, For Sale-Wanted, General, https://eastidaho.craigslist.org/for/d/concrete-repair/7003533384.html,,2019-10-20,US,2019-11-21
Case 200 baler, Oct 20, &excats=134-40&min_price=5000001, New Mexico, Farmington, For Sale-Wanted, Farm and Garden, https://farmington.craigslist.org/grd/d/lewis-case-200-baler/6983861797.html,,2019-10-20,US,2019-11-21
Long manufacturing towable combine, Oct 20, &excats=134-40&min_price=5000001, New Mexico, Farmington, For Sale-Wanted, Farm and Garden, https://farmington.craigslist.org/grd/d/lewis-long-manufacturing-towable-combine/6983863949.html,,2019-10-20,US,2019-11-21
Ps4 i trade for nintendo switch, Oct 20, &excats=134-40&min_price=5000001, Washington, Wenatchee, For Sale-Wanted, Video Gaming, https://wenatchee.craigslist.org/vgm/d/wenatchee-ps4-trade-for-nintendo-switch/7003631132.html,,2019-10-20,US,2019-11-21
Vintage WS George Incomplete Dinner Set, Oct 20, &excats=134-40&min_price=5000001, Michigan, Ann Arbor, For Sale-Wanted, Antique By Owner, https://annarbor.craigslist.org/atq/d/tecumseh-vintage-ws-george-incomplete/7003138420.html,,2019-10-20,US,2019-11-21
POP TOP VINTAGE STYLE WINE BOTTLES, Oct 20, &excats=134-40&min_price=5000001, Michigan, Flint, For Sale-Wanted, General, https://flint.craigslist.org/for/d/flint-pop-top-vintage-style-wine-bottles/6983322179.html,,2019-10-20,US,2019-11-21
Wanted: Emotiva Amps Preamps etc., Oct 19, &excats=134-40&min_price=5000001, Wisconsin, Green Bay, For Sale-Wanted, Wanted, https://greenbay.craigslist.org/wan/d/appleton-wanted-emotiva-amps-preamps-etc/6982868536.html,Want,2019-10-19,US,2019-11-21
2 tailgates  1 is GMC-  outher CHEV, Oct 19, &excats=134-40&min_price=5000001, Wisconsin, Green Bay, For Sale-Wanted, Auto Parts by Owner, https://greenbay.craigslist.org/pts/d/green-bay-2-tailgates-1-is-gmc-outher/6982882514.html,,2019-10-19,US,2019-11-21
Boy&#39;s bike Scooter little tikes car life jackets skates and truck, Oct 19, &excats=134-40&min_price=5000001, Wisconsin, Milwaukee, For Sale-Wanted, Baby Kids by Owner, https://milwaukee.craigslist.org/bab/d/mequon-boys-bike-scooter-little-tikes/7002894935.html,,2019-10-19,US,2019-11-21
Misc farm equipment, Oct 19, &excats=134-40&min_price=5000001, Illinois, Rockford, For Sale-Wanted, Farm and Garden, https://rockford.craigslist.org/grd/d/garden-prairie-misc-farm-equipment/7002998327.html,,2019-10-19,US,2019-11-21
Tonneau cover, Oct 19, &excats=134-40&min_price=5000001, Ohio, Cincinnati, For Sale-Wanted, Auto Parts by Owner, https://cincinnati.craigslist.org/pts/d/cincinnati-tonneau-cover/7002955310.html,,2019-10-19,US,2019-11-21
Moving sale, Oct 19, &excats=134-40&min_price=5000001, Ohio, Cleveland, For Sale-Wanted, Household, https://cleveland.craigslist.org/hsh/d/eastlake-moving-sale/7002678153.html,,2019-10-19,US,2019-11-21
Not sure what this is, Oct 19, &excats=134-40&min_price=5000001, Ohio, Cleveland, For Sale-Wanted, General, https://cleveland.craigslist.org/for/d/north-ridgeville-not-sure-what-this-is/7002666830.html,,2019-10-19,US,2019-11-21
1970&#39;s Men&#39;s 27&quot; Raleigh 10 Speed, Oct 19, &excats=134-40&min_price=5000001, Ohio, Columbus, For Sale-Wanted, Bikes, https://columbus.craigslist.org/bik/d/westerville-1970s-mens-27-raleigh-10/7002912810.html,,2019-10-19,US,2019-11-21
I want to buy your vintage clothes, Oct 19, &excats=134-40&min_price=5000001, New York, Hudson Valley, For Sale-Wanted, Wanted, https://hudsonvalley.craigslist.org/wan/d/goshen-want-to-buy-your-vintage-clothes/7003108567.html,Want,2019-10-19,US,2019-11-21
Garden tractor weights and parts, Oct 19, &excats=134-40&min_price=5000001, New York, Hudson Valley, For Sale-Wanted, Farm and Garden, https://hudsonvalley.craigslist.org/grd/d/port-jervis-garden-tractor-weights-and/6984306077.html,,2019-10-19,US,2019-11-21
Moving sale, Oct 19, &excats=134-40&min_price=5000001, New York, Long Island, For Sale-Wanted, Furniture, https://longisland.craigslist.org/fuo/d/holbrook-moving-sale/7002622703.html,,2019-10-19,US,2019-11-21
LOADS OF ROCK VINYL RECORD ALBUMS, Oct 19, &excats=134-40&min_price=5000001, Pennsylvania, Harrisburg, For Sale-Wanted, CDs DVDs, https://harrisburg.craigslist.org/emd/d/palmyra-loads-of-rock-vinyl-record/6988342651.html,,2019-10-19,US,2019-11-21
College couple selling used clothes and toys, Oct 19, &excats=134-40&min_price=5000001, Pennsylvania, Philadelphia, For Sale-Wanted, Clothes, https://philadelphia.craigslist.org/clo/d/lansdale-college-couple-selling-used/7003093455.html,,2019-10-19,US,2019-11-21
Around 80 original wizard of oz books, Oct 19, &excats=134-40&min_price=5000001, Maine, Maine, For Sale-Wanted, Books, https://maine.craigslist.org/bks/d/gorham-around-80-original-wizard-of-oz/6983316410.html,,2019-10-19,US,2019-11-21
VERY large trees for lumber, Oct 19, &excats=134-40&min_price=5000001, Oklahoma, Oklahoma City, For Sale-Wanted, Materials, https://oklahomacity.craigslist.org/mat/d/oklahoma-city-very-large-trees-for/6996168148.html,,2019-10-19,US,2019-11-21
Parting with Chevy Tahoe Parts!, Oct 19, &excats=134-40&min_price=5000001, Oklahoma, Tulsa, For Sale-Wanted, Auto Parts by Owner, https://tulsa.craigslist.org/pts/d/parting-with-chevy-tahoe-parts/7002661944.html,,2019-10-19,US,2019-11-21
Semi Trailer, Oct 19, &excats=134-40&min_price=5000001, Florida, Jacksonville, For Sale-Wanted, NA, https://staugustine.craigslist.org/tro/d/jacksonville-semi-trailer/7002890802.html,,2019-10-19,US,2019-11-21
Semi Trailer, Oct 19, &excats=134-40&min_price=5000001, Florida, St Augustine, For Sale-Wanted, NA, https://staugustine.craigslist.org/tro/d/jacksonville-semi-trailer/7002890802.html,,2019-10-19,US,2019-11-21
DVD Movies, Oct 19, &excats=134-40&min_price=5000001, Texas, Victoria, For Sale-Wanted, CDs DVDs, https://victoriatx.craigslist.org/emd/d/goliad-dvd-movies/6982441483.html,,2019-10-19,US,2019-11-21
COOKBOKS COOKBOOKS COOKBOOKS, Oct 19, &excats=134-40&min_price=5000001, Texas, Victoria, For Sale-Wanted, Books, https://victoriatx.craigslist.org/bks/d/goliad-cookboks-cookbooks-cookbooks/6982441801.html,,2019-10-19,US,2019-11-21
Windberg Framed Art, Oct 19, &excats=134-40&min_price=5000001, Texas, Victoria, For Sale-Wanted, Art by Owner, https://victoriatx.craigslist.org/art/d/goliad-windberg-framed-art/6982440847.html,,2019-10-19,US,2019-11-21
REGISTERED TX LONGHORN HEIGERS, Oct 19, &excats=134-40&min_price=5000001, Kentucky, Lexington, For Sale-Wanted, Farm and Garden, https://lexington.craigslist.org/grd/d/mount-sterling-registered-tx-longhorn/7002800420.html,,2019-10-19,US,2019-11-21
Alot of stuff, Oct 19, &excats=134-40&min_price=5000001, California, Chico, For Sale-Wanted, General, https://chico.craigslist.org/for/d/penn-valley-alot-of-stuff/7002978133.html,,2019-10-19,US,2019-11-21
WANTED Suzuki Samurai, Oct 19, &excats=134-40&min_price=5000001, Michigan, Grand Rapids, For Sale-Wanted, Wanted, https://grandrapids.craigslist.org/wan/d/greenbush-wanted-suzuki-samurai/7002658617.html,Want,2019-10-19,US,2019-11-21
Famous Feet, Oct 19, &excats=134-40&min_price=5000001, Oregon, Eugene, For Sale-Wanted, Photo And Video, https://eugene.craigslist.org/pho/d/eugene-famous-feet/7002873397.html,,2019-10-19,US,2019-11-21
Cuddeback cameras, Oct 18, &excats=134-40&min_price=5000001, Wisconsin, Green Bay, For Sale-Wanted, Farm and Garden, https://greenbay.craigslist.org/grd/d/green-bay-cuddeback-cameras/6987185744.html,,2019-10-18,US,2019-11-21
Vintage handpainted in Italy THUN BOLZANO horse candle holders, Oct 18, &excats=134-40&min_price=5000001, North Carolina, Wilmington, For Sale-Wanted, Antique By Owner, https://wilmington.craigslist.org/atq/d/delco-vintage-handpainted-in-italy-thun/7001954255.html,,2019-10-18,US,2019-11-21
Estate sale, Oct 18, &excats=134-40&min_price=5000001, New York, Rochester, For Sale-Wanted, Art by Owner, https://rochester.craigslist.org/art/d/fairport-estate-sale/7002451809.html,,2019-10-18,US,2019-11-21
Stolen plz look, Oct 18, &excats=134-40&min_price=5000001, West Virginia, Morgantown, For Sale-Wanted, ATVs UTVs by Owner, https://morgantown.craigslist.org/snw/d/crab-orchard-stolen-plz-look/6995734903.html,,2019-10-18,US,2019-11-21
BUYING VINTAGE SPORTS CARDS, Oct 18, &excats=134-40&min_price=5000001, Pennsylvania, Pittsburgh, For Sale-Wanted, Collectibles, https://pittsburgh.craigslist.org/clt/d/pittsburgh-buying-vintage-sports-cards/7002521696.html,,2019-10-18,US,2019-11-21
Buying Old Baseball/Football/Basketball Cards B4 1970 Cash Now!!, Oct 18, &excats=134-40&min_price=5000001, Pennsylvania, Pittsburgh, For Sale-Wanted, Wanted, https://pittsburgh.craigslist.org/wan/d/buying-old-baseball-football-basketball/6982857951.html,,2019-10-18,US,2019-11-21
Buying Baseball/Football/Basketball cards! Pre 1970 Cash Today!!, Oct 18, &excats=134-40&min_price=5000001, Pennsylvania, Pittsburgh, For Sale-Wanted, Collectibles, https://pittsburgh.craigslist.org/clt/d/buying-baseball-football-basketball/6982858532.html,,2019-10-18,US,2019-11-21
HUGE surplus fabrics trim and embellishments, Oct 18, &excats=134-40&min_price=5000001, Missouri, Kansas City, For Sale-Wanted, Art by Owner, https://kansascity.craigslist.org/art/d/independence-huge-surplus-fabrics-trim/7002418067.html,,2019-10-18,US,2019-11-21
Looking for arcades/ pinballs/ jukeboxes what you got working or not, Oct 18, &excats=134-40&min_price=5000001, Missouri, St Louis, For Sale-Wanted, Wanted, https://stlouis.craigslist.org/wan/d/cedar-hill-looking-for-arcades-pinballs/6981834609.html,Want,2019-10-18,US,2019-11-21
HALLOWEEN COSTUMES & DECORATIONS, Oct 18, &excats=134-40&min_price=5000001, Missouri, St Louis, For Sale-Wanted, Clothes, https://stlouis.craigslist.org/clo/d/house-springs-halloween-costumes/7002043617.html,,2019-10-18,US,2019-11-21
I am looking to buy vintage toys and signs, Oct 18, &excats=134-40&min_price=5000001, Missouri, St Louis, For Sale-Wanted, Wanted, https://stlouis.craigslist.org/wan/d/saint-louis-am-looking-to-buy-vintage/6998454533.html,Want,2019-10-18,US,2019-11-21
Granite/quartz/tops, Oct 18, &excats=134-40&min_price=5000001, Maryland, Frederick, For Sale-Wanted, General, https://frederick.craigslist.org/for/d/frederick-granite-quartz-tops/7002106352.html,,2019-10-18,US,2019-11-21
Cocrete slabs for fill, Oct 18, &excats=134-40&min_price=5000001, Indiana, Indianapolis, For Sale-Wanted, Materials, https://indianapolis.craigslist.org/mat/d/franklin-cocrete-slabs-for-fill/6990808886.html,,2019-10-18,US,2019-11-21
Fishing, Oct 18, &excats=134-40&min_price=5000001, Florida, Space Coast, For Sale-Wanted, General, https://spacecoast.craigslist.org/for/d/palm-bay-fishing/6982576656.html,,2019-10-18,US,2019-11-21
carpas mesas sillas jumping ballons party rentals, Oct 18, &excats=134-40&min_price=5000001, Texas, El Paso, For Sale-Wanted, General, https://elpaso.craigslist.org/for/d/el-paso-carpas-mesas-sillas-jumping/6984629496.html,,2019-10-18,US,2019-11-21
carpas mesas sillas jumping ballons party rentals, Oct 18, &excats=134-40&min_price=5000001, Texas, El Paso, For Sale-Wanted, General, https://elpaso.craigslist.org/for/d/el-paso-carpas-mesas-sillas-jumping/6982170608.html,,2019-10-18,US,2019-11-21
Cards and Scrap Booking Items, Oct 18, &excats=134-40&min_price=5000001, Nevada, Las Vegas, For Sale-Wanted, Art by Owner, https://lasvegas.craigslist.org/art/d/pahrump-cards-and-scrap-booking-items/7002468625.html,,2019-10-18,US,2019-11-21
Starting Lineup, Oct 18, &excats=134-40&min_price=5000001, Nevada, Las Vegas, For Sale-Wanted, Collectibles, https://lasvegas.craigslist.org/clt/d/north-las-vegas-starting-lineup/7002421882.html,,2019-10-18,US,2019-11-21
2004 Carolina Skiff 1965 DLX, Oct 18, &excats=134-40&min_price=5000001, South Carolina, Charleston, For Sale-Wanted, Boat Parts, https://charleston.craigslist.org/boa/d/johns-island-2004-carolina-skiff-1965/7002093716.html,,2019-10-18,US,2019-11-21
Womens shoes jewelry clothing accessories, Oct 18, &excats=134-40&min_price=5000001, California, Orange County, For Sale-Wanted, Clothes, https://orangecounty.craigslist.org/clo/d/delaware-womens-shoes-jewelry-clothing/7002461790.html,,2019-10-18,US,2019-11-21
Burberry prescription glasses, Oct 18, &excats=134-40&min_price=5000001, Virginia, Richmond, For Sale-Wanted, Health And Beauty, https://richmond.craigslist.org/hab/d/richmond-burberry-pre-ion-glasses/7002178766.html,,2019-10-18,US,2019-11-21
Herd reduction nigerian dwarf/mix goats, Oct 18, &excats=134-40&min_price=5000001, New Mexico, Albuquerque, For Sale-Wanted, Farm and Garden, https://albuquerque.craigslist.org/grd/d/los-lunas-herd-reduction-nigerian-dwarf/6990129529.html,,2019-10-18,US,2019-11-21
small ford pattern vintage slotted mag wheels, Oct 17, &excats=134-40&min_price=5000001, Arkansas, Jonesboro, For Sale-Wanted, Wanted, https://jonesboro.craigslist.org/wan/d/marked-tree-small-ford-pattern-vintage/7001873942.html,,2019-10-17,US,2019-11-21
wtb ranger 4x4 wheels, Oct 17, &excats=134-40&min_price=5000001, Wisconsin, La Crosse, For Sale-Wanted, NA, https://lacrosse.craigslist.org/wto/d/west-salem-wtb-ranger-4x4-wheels/7001863908.html,,2019-10-17,US,2019-11-21
Cloths and more, Oct 17, &excats=134-40&min_price=5000001, New York, Albany, For Sale-Wanted, Clothes, https://albany.craigslist.org/clo/d/ilion-cloths-and-more/7001805199.html,,2019-10-17,US,2019-11-21
Certified organic balage and hay, Oct 17, &excats=134-40&min_price=5000001, New York, Binghamton, For Sale-Wanted, Farm and Garden, https://binghamton.craigslist.org/grd/d/cincinnatus-certified-organic-balage/7001842987.html,,2019-10-17,US,2019-11-21
Cloths and more, Oct 17, &excats=134-40&min_price=5000001, New York, Buffalo, For Sale-Wanted, Clothes, https://buffalo.craigslist.org/clo/d/ilion-cloths-and-more/7001805384.html,,2019-10-17,US,2019-11-21
certified organic balage and dry hay, Oct 17, &excats=134-40&min_price=5000001, New York, Oneonta, For Sale-Wanted, Farm and Garden, https://oneonta.craigslist.org/grd/d/cincinnatus-certified-organic-balage/7001842182.html,,2019-10-17,US,2019-11-21
Vhs, Oct 17, &excats=134-40&min_price=5000001, Pennsylvania, Philadelphia, For Sale-Wanted, CDs DVDs, https://philadelphia.craigslist.org/emd/d/willow-grove-vhs/7001365747.html,,2019-10-17,US,2019-11-21
Looking to buy your estate items!, Oct 17, &excats=134-40&min_price=5000001, Missouri, Springfield, For Sale-Wanted, Wanted, https://springfield.craigslist.org/wan/d/springfield-looking-to-buy-your-estate/7001874587.html,Want,2019-10-17,US,2019-11-21
Heating and a/c call John, Oct 17, &excats=134-40&min_price=5000001, Indiana, Indianapolis, For Sale-Wanted, Wanted, https://indianapolis.craigslist.org/wan/d/indianapolis-heating-and-c-call-john/7001851904.html,,2019-10-17,US,2019-11-21
Comic Book lot, Oct 17, &excats=134-40&min_price=5000001, New Jersey, Jersey Shore, For Sale-Wanted, Collectibles, https://jerseyshore.craigslist.org/clt/d/brick-comic-book-lot/7001702420.html,,2019-10-17,US,2019-11-21
20 years of collecting antiques being sold, Oct 17, &excats=134-40&min_price=5000001, Florida, Orlando, For Sale-Wanted, Antique By Owner, https://orlando.craigslist.org/atq/d/clay-city-20-years-of-collecting/7001857955.html,,2019-10-17,US,2019-11-21
Commercial size freezer, Oct 17, &excats=134-40&min_price=5000001, Texas, Amarillo, For Sale-Wanted, Appliance by Owner, https://amarillo.craigslist.org/app/d/wheeler-commercial-size-freezer/7001523260.html,,2019-10-17,US,2019-11-21
B & B Attic on 6th street, Oct 17, &excats=134-40&min_price=5000001, Texas, Galveston, For Sale-Wanted, Antique By Owner, https://galveston.craigslist.org/atq/d/texas-city-attic-on-6th-street/7001635645.html,,2019-10-17,US,2019-11-21
SCAM $$$$$$, Oct 17, &excats=134-40&min_price=5000001, Texas, Houston, For Sale-Wanted, NA, https://houston.craigslist.org/tro/d/huntsville-scam/7001726245.html,,2019-10-17,US,2019-11-21
GOLDWISER precious metals dealer, Oct 17, &excats=134-40&min_price=5000001, Texas, Houston, For Sale-Wanted, Wanted, https://houston.craigslist.org/wan/d/houston-goldwiser-precious-metals-dealer/7001621519.html,,2019-10-17,US,2019-11-21
Esp ec1000 For trade, Oct 17, &excats=134-40&min_price=5000001, Texas, Waco, For Sale-Wanted, Musical Instruments, https://waco.craigslist.org/msg/d/waco-esp-ec1000-for-trade/7001843542.html,,2019-10-17,US,2019-11-21
Antiques  vintage and collectibles, Oct 17, &excats=134-40&min_price=5000001, Nevada, Las Vegas, For Sale-Wanted, Antique By Owner, https://lasvegas.craigslist.org/atq/d/las-vegas-antiques-vintage-and/6983058923.html,,2019-10-17,US,2019-11-21
Asian collectibles, Oct 17, &excats=134-40&min_price=5000001, Nevada, Las Vegas, For Sale-Wanted, Collectibles, https://lasvegas.craigslist.org/clt/d/las-vegas-asian-collectibles/6983057702.html,,2019-10-17,US,2019-11-21
Metal signs advertising, Oct 17, &excats=134-40&min_price=5000001, Nevada, Las Vegas, For Sale-Wanted, Collectibles, https://lasvegas.craigslist.org/clt/d/las-vegas-metal-signs-advertising/6983054274.html,,2019-10-17,US,2019-11-21
Asian collectibles, Oct 17, &excats=134-40&min_price=5000001, Nevada, Las Vegas, For Sale-Wanted, Furniture, https://lasvegas.craigslist.org/fuo/d/las-vegas-asian-collectibles/6983051873.html,,2019-10-17,US,2019-11-21
Modamx, Oct 17, &excats=134-40&min_price=5000001, Nevada, Las Vegas, For Sale-Wanted, Clothes, https://lasvegas.craigslist.org/clo/d/las-vegas-modamx/7001781317.html,,2019-10-17,US,2019-11-21
Solid axle Toyota 79 through 85 wanted, Oct 17, &excats=134-40&min_price=5000001, Tennessee, Knoxville, For Sale-Wanted, Farm and Garden, https://knoxville.craigslist.org/grd/d/knoxville-solid-axle-toyota-79-through/6982340880.html,Want,2019-10-17,US,2019-11-21
Cannibis delivery service, Oct 17, &excats=134-40&min_price=5000001, California, Merced, For Sale-Wanted, General, https://merced.craigslist.org/for/d/cannibis-delivery-service/7001291788.html,,2019-10-17,US,2019-11-21
ISO Fashion Magazines, Oct 17, &excats=134-40&min_price=5000001, Idaho, Boise, For Sale-Wanted, Wanted, https://boise.craigslist.org/wan/d/caldwell-iso-fashion-magazines/7001581525.html,,2019-10-17,US,2019-11-21
Out of business - chicken processing company, Oct 17, &excats=134-40&min_price=5000001, Georgia, Atlanta, For Sale-Wanted, General, https://atlanta.craigslist.org/nat/for/d/gainesville-out-of-business-chicken/7001356424.html,,2019-10-17,US,2019-11-21
SEASONED OAK FIREWOOD, Oct 17, &excats=134-40&min_price=5000001, Georgia, Atlanta, For Sale-Wanted, Farm and Garden, https://atlanta.craigslist.org/nat/grd/d/gainesville-seasoned-oak-firewood/7001297005.html,,2019-10-17,US,2019-11-21
Misc, Oct 17, &excats=134-40&min_price=5000001, Montana, Great Falls, For Sale-Wanted, Appliance by Owner, https://greatfalls.craigslist.org/app/d/great-falls-misc/7001828874.html,,2019-10-17,US,2019-11-21
Welder, Oct 17, &excats=134-40&min_price=5000001, Michigan, Grand Rapids, For Sale-Wanted, Tools, https://grandrapids.craigslist.org/tls/d/muskegon-welder/6995728797.html,,2019-10-17,US,2019-11-21
Welder, Oct 17, &excats=134-40&min_price=5000001, Michigan, Muskegon, For Sale-Wanted, Tools, https://grandrapids.craigslist.org/tls/d/muskegon-welder/6995728797.html,,2019-10-17,US,2019-11-21
3/4&quot; Drive TOOLS heavy duty, Oct 16, &excats=134-40&min_price=5000001, Connecticut, New Haven, For Sale-Wanted, Tools, https://newhaven.craigslist.org/tls/d/shelton-3-4-drive-tools-heavy-duty/6988611339.html,,2019-10-16,US,2019-11-21
HEAVY DUTY 3/4&quot; DRIVE TOOLS, Oct 16, &excats=134-40&min_price=5000001, Connecticut, New Haven, For Sale-Wanted, Tools, https://newhaven.craigslist.org/tls/d/shelton-heavy-duty-3-4-drive-tools/6988484279.html,,2019-10-16,US,2019-11-21
WANTED SKIDSTEERS, Oct 16, &excats=134-40&min_price=5000001, Wisconsin, Green Bay, For Sale-Wanted, Heavy Equipment, https://greenbay.craigslist.org/hvo/d/de-pere-wanted-skidsteers/6996855005.html,Want,2019-10-16,US,2019-11-21
WANTED SKIDSTEERS, Oct 16, &excats=134-40&min_price=5000001, Wisconsin, Green Bay, For Sale-Wanted, Farm and Garden, https://greenbay.craigslist.org/grd/d/de-pere-wanted-skidsteers/6996575922.html,Want,2019-10-16,US,2019-11-21
TVs for Sale 20&quot; to 82&quot;, Oct 16, &excats=134-40&min_price=5000001, Wisconsin, Janesville, For Sale-Wanted, Electronics, https://janesville.craigslist.org/ele/d/janesville-tvs-for-sale-20-to-82/6982903905.html,,2019-10-16,US,2019-11-21
Looking for Wisconsin license plates, Oct 16, &excats=134-40&min_price=5000001, Wisconsin, Madison, For Sale-Wanted, Wanted, https://madison.craigslist.org/wan/d/reedsburg-looking-for-wisconsin-license/6981914115.html,Want,2019-10-16,US,2019-11-21
fender left handed dreadnought 6-string acoustic guitar, Oct 16, &excats=134-40&min_price=5000001, Wisconsin, Sheboygan, For Sale-Wanted, Musical Instruments, https://sheboygan.craigslist.org/msg/d/sheboygan-fender-left-handed/7001075747.html,,2019-10-16,US,2019-11-21
Carpet remnants vinyl roll remnants Tile grout caulking baseboard, Oct 16, &excats=134-40&min_price=5000001, Colorado, Denver, For Sale-Wanted, Materials, https://denver.craigslist.org/mat/d/commerce-city-carpet-remnants-vinyl/7001195310.html,,2019-10-16,US,2019-11-21
2009 altima part out, Oct 16, &excats=134-40&min_price=5000001, Colorado, Denver, For Sale-Wanted, Auto Parts by Owner, https://denver.craigslist.org/pts/d/parker-2009-altima-part-out/7000750408.html,,2019-10-16,US,2019-11-21
2011 ford taurus part out, Oct 16, &excats=134-40&min_price=5000001, Colorado, Denver, For Sale-Wanted, Auto Parts by Owner, https://denver.craigslist.org/pts/d/parker-2011-ford-taurus-part-out/7000743473.html,,2019-10-16,US,2019-11-21
Mechanic or car builder, Oct 16, &excats=134-40&min_price=5000001, Colorado, Denver, For Sale-Wanted, Wanted, https://denver.craigslist.org/wan/d/westminster-mechanic-or-car-builder/7000656775.html,,2019-10-16,US,2019-11-21
3 open Face Reels, Oct 16, &excats=134-40&min_price=5000001, Louisiana, Baton Rouge, For Sale-Wanted, General, https://batonrouge.craigslist.org/for/d/denham-springs-3-open-face-reels/7000855202.html,,2019-10-16,US,2019-11-21
Estate Sale / Yard Sale. 11/2/2019, Oct 16, &excats=134-40&min_price=5000001, North Carolina, Asheville, For Sale-Wanted, Antique By Owner, https://asheville.craigslist.org/atq/d/glen-alpine-estate-sale-yard-sale/7001201233.html,,2019-10-16,US,2019-11-21
logging equipment, Oct 16, &excats=134-40&min_price=5000001, North Carolina, Charlotte, For Sale-Wanted, Heavy Equipment, https://charlotte.craigslist.org/hvo/d/andrews-logging-equipment/7000598909.html,,2019-10-16,US,2019-11-21
tools mostly tools and wood wording plus spit for roasting out doors, Oct 16, &excats=134-40&min_price=5000001, Ohio, Youngstown, For Sale-Wanted, Tools, https://youngstown.craigslist.org/tls/d/hubbard-tools-mostly-tools-and-wood/7000597468.html,,2019-10-16,US,2019-11-21
1994 Chevy 6.5 Detroit, Oct 16, &excats=134-40&min_price=5000001, New York, Glens Falls, For Sale-Wanted, Auto Parts by Owner, https://glensfalls.craigslist.org/pts/d/new-russia-1994-chevy-65-detroit/7000799815.html,,2019-10-16,US,2019-11-21
american standard sinks, Oct 16, &excats=134-40&min_price=5000001, New York, Hudson Valley, For Sale-Wanted, Household, https://hudsonvalley.craigslist.org/hsh/d/barryville-american-standard-sinks/7001144005.html,,2019-10-16,US,2019-11-21
12 foot Light Lighthouse, Oct 16, &excats=134-40&min_price=5000001, New York, Long Island, For Sale-Wanted, Farm and Garden, https://longisland.craigslist.org/grd/d/12-foot-light-lighthouse/7000616675.html,,2019-10-16,US,2019-11-21
buying slot cars no hasle fast cash, Oct 16, &excats=134-40&min_price=5000001, Iowa, Des Moines, For Sale-Wanted, Toys And Games, https://desmoines.craigslist.org/tag/d/johnston-buying-slot-cars-no-hasle-fast/7001212432.html,,2019-10-16,US,2019-11-21
monzas and parts, Oct 16, &excats=134-40&min_price=5000001, Iowa, Sioux City, For Sale-Wanted, Auto Parts by Owner, https://siouxcity.craigslist.org/pts/d/sioux-city-monzas-and-parts/6980346574.html,,2019-10-16,US,2019-11-21
WANTED: ALL VINTAGE HOT WHEELS, Oct 16, &excats=134-40&min_price=5000001, Pennsylvania, Lancaster, For Sale-Wanted, Wanted, https://lancaster.craigslist.org/wan/d/furlong-wanted-all-vintage-hot-wheels/7000745522.html,Want,2019-10-16,US,2019-11-21
Always Buying Your Magic The Gathering Cards MTG, Oct 16, &excats=134-40&min_price=5000001, Pennsylvania, Philadelphia, For Sale-Wanted, Wanted, https://philadelphia.craigslist.org/wan/d/always-buying-your-magic-the-gathering/7000984523.html,,2019-10-16,US,2019-11-21
Straw- square bales, Oct 16, &excats=134-40&min_price=5000001, Pennsylvania, Pittsburgh, For Sale-Wanted, Farm and Garden, https://pittsburgh.craigslist.org/grd/d/connellsville-straw-square-bales/7001189138.html,,2019-10-16,US,2019-11-21
Parting out 2013 Electra glide ultra classic, Oct 16, &excats=134-40&min_price=5000001, Missouri, Springfield, For Sale-Wanted, Motorcycle Parts, https://springfield.craigslist.org/mpo/d/springfield-parting-out-2013-electra/7001227730.html,,2019-10-16,US,2019-11-21
Hand Made Wood Toys here in St. Louis MAKE OFFER, Oct 16, &excats=134-40&min_price=5000001, Missouri, St Louis, For Sale-Wanted, Toys And Games, https://stlouis.craigslist.org/tag/d/saint-charles-hand-made-wood-toys-here/6988022424.html,,2019-10-16,US,2019-11-21
Buying Antiques Estates and Quality Furniture, Oct 16, &excats=134-40&min_price=5000001, Maryland, Annapolis, For Sale-Wanted, Wanted, https://annapolis.craigslist.org/wan/d/severn-buying-antiques-estates-and/6979617623.html,,2019-10-16,US,2019-11-21
Buying Antiques Estates and Quality Furniture, Oct 16, &excats=134-40&min_price=5000001, Maryland, Baltimore, For Sale-Wanted, Wanted, https://baltimore.craigslist.org/wan/d/severn-buying-antiques-estates-and/6979617615.html,,2019-10-16,US,2019-11-21
Looking to buy comics, Oct 16, &excats=134-40&min_price=5000001, Indiana, Indianapolis, For Sale-Wanted, Wanted, https://indianapolis.craigslist.org/wan/d/zionsville-looking-to-buy-comics/7000888076.html,Want,2019-10-16,US,2019-11-21
Looking to buy comics, Oct 16, &excats=134-40&min_price=5000001, Indiana, Kokomo, For Sale-Wanted, Wanted, https://kokomo.craigslist.org/wan/d/kokomo-looking-to-buy-comics/7000891197.html,Want,2019-10-16,US,2019-11-21
Buying Comics and Comic Collections, Oct 16, &excats=134-40&min_price=5000001, Indiana, Terre Haute, For Sale-Wanted, Wanted, https://terrehaute.craigslist.org/wan/d/terre-haute-buying-comics-and-comic/7000885770.html,,2019-10-16,US,2019-11-21
logging equipment, Oct 16, &excats=134-40&min_price=5000001, Florida, Jacksonville, For Sale-Wanted, Heavy Equipment, https://jacksonville.craigslist.org/hvo/d/andrews-logging-equipment/7000599780.html,,2019-10-16,US,2019-11-21
carpas mesas sillas jumping ballons party rentals, Oct 16, &excats=134-40&min_price=5000001, Texas, El Paso, For Sale-Wanted, General, https://elpaso.craigslist.org/for/d/el-paso-carpas-mesas-sillas-jumping/6983055928.html,,2019-10-16,US,2019-11-21
Guitar pedals, Oct 16, &excats=134-40&min_price=5000001, Texas, Lubbock, For Sale-Wanted, Musical Instruments, https://lubbock.craigslist.org/msg/d/lubbock-guitar-pedals/7001242497.html,,2019-10-16,US,2019-11-21
C10 Parts, Oct 16, &excats=134-40&min_price=5000001, Texas, San Antonio, For Sale-Wanted, Auto Parts by Owner, https://sanantonio.craigslist.org/pts/d/c10-parts/6997376199.html,,2019-10-16,US,2019-11-21
logging equipment, Oct 16, &excats=134-40&min_price=5000001, South Carolina, Charleston, For Sale-Wanted, Heavy Equipment, https://charleston.craigslist.org/hvo/d/andrews-logging-equipment/7000598039.html,,2019-10-16,US,2019-11-21
Decks  JD and Ford FMC, Oct 16, &excats=134-40&min_price=5000001, Kentucky, Louisville, For Sale-Wanted, Farm and Garden, https://louisville.craigslist.org/grd/d/floyds-knobs-decks-jd-and-ford-fmc/6998610459.html,,2019-10-16,US,2019-11-21
Looking to purchase comics, Oct 16, &excats=134-40&min_price=5000001, Kentucky, Louisville, For Sale-Wanted, Wanted, https://louisville.craigslist.org/wan/d/eastwood-looking-to-purchase-comics/7000895952.html,Want,2019-10-16,US,2019-11-21
VINTAGE MECHANICS CREEPERS, Oct 16, &excats=134-40&min_price=5000001, California, Orange County, For Sale-Wanted, Tools, https://orangecounty.craigslist.org/tls/d/santa-ana-vintage-mechanics-creepers/7001153550.html,,2019-10-16,US,2019-11-21
Mid-Century Multiple Items, Oct 16, &excats=134-40&min_price=5000001, California, Palm Springs, For Sale-Wanted, Antique By Owner, https://palmsprings.craigslist.org/atq/d/union-mid-century-multiple-items/7001080235.html,,2019-10-16,US,2019-11-21
Iso refrigerator in El Dorado area delivered., Oct 16, &excats=134-40&min_price=5000001, Kansas, Wichita, For Sale-Wanted, Appliance by Owner, https://wichita.craigslist.org/app/d/el-dorado-iso-refrigerator-in-el-dorado/6997842119.html,,2019-10-16,US,2019-11-21
Stair railing, Oct 16, &excats=134-40&min_price=5000001, Kansas, Wichita, For Sale-Wanted, Materials, https://wichita.craigslist.org/mat/d/wichita-stair-railing/6992321010.html,,2019-10-16,US,2019-11-21
FRESH  - SQUASH   PUMPKINS, Oct 16, &excats=134-40&min_price=5000001, Idaho, Boise, For Sale-Wanted, Farm and Garden, https://boise.craigslist.org/grd/d/fresh-squash-pumpkins/7000986965.html,,2019-10-16,US,2019-11-21
Potatoes, Oct 16, &excats=134-40&min_price=5000001, Idaho, Boise, For Sale-Wanted, Farm and Garden, https://boise.craigslist.org/grd/d/boise-potatoes/7000985526.html,,2019-10-16,US,2019-11-21
1955 Chevy belair, Oct 16, &excats=134-40&min_price=5000001, Georgia, Atlanta, For Sale-Wanted, Wanted, https://atlanta.craigslist.org/wat/wan/d/douglasville-1955-chevy-belair/7001170566.html,,2019-10-16,US,2019-11-21
Rabbit manure, Oct 16, &excats=134-40&min_price=5000001, Montana, Missoula, For Sale-Wanted, Wanted, https://missoula.craigslist.org/wan/d/missoula-rabbit-manure/6985511487.html,,2019-10-16,US,2019-11-21
86 Corolla, Oct 16, &excats=134-40&min_price=5000001, New Mexico, Albuquerque, For Sale-Wanted, Auto Parts by Owner, https://albuquerque.craigslist.org/pts/d/kirtland-afb-86-corolla/7000832670.html,,2019-10-16,US,2019-11-21
It Works &quot;Thermofight X&quot; and &quot;Confianza&quot;, Oct 16, &excats=134-40&min_price=5000001, Michigan, Grand Rapids, For Sale-Wanted, Health And Beauty, https://grandrapids.craigslist.org/hab/d/caledonia-it-works-thermofight-and/7000869965.html,,2019-10-16,US,2019-11-21
Elk Creek Enterprises -service and sales, Oct 16, &excats=134-40&min_price=5000001, Oregon, East Oregon, For Sale-Wanted, Furniture, https://eastoregon.craigslist.org/fuo/d/baker-city-elk-creek-enterprises/7001245562.html,,2019-10-16,US,2019-11-21
Super nintendo lot, Oct 16, &excats=134-40&min_price=5000001, Oregon, Eugene, For Sale-Wanted, Video Gaming, https://eugene.craigslist.org/vgm/d/cottage-grove-super-nintendo-lot/7001105659.html,,2019-10-16,US,2019-11-21
Rocks Wanted, Oct 15, &excats=134-40&min_price=5000001, Wisconsin, Madison, For Sale-Wanted, Farm and Garden, https://madison.craigslist.org/grd/d/la-valle-rocks-wanted/6999992913.html,Want,2019-10-15,US,2019-11-21
Power Book G4, Oct 15, &excats=134-40&min_price=5000001, Colorado, Denver, For Sale-Wanted, Electronics, https://denver.craigslist.org/ele/d/dupont-power-book-g4/7000359978.html,,2019-10-15,US,2019-11-21
Elvira Thriller Video Vhs Rare collection, Oct 15, &excats=134-40&min_price=5000001, Colorado, Denver, For Sale-Wanted, Collectibles, https://denver.craigslist.org/clt/d/castle-rock-elvira-thriller-video-vhs/6991346680.html,,2019-10-15,US,2019-11-21
Mobile welding Aluminum and steel, Oct 15, &excats=134-40&min_price=5000001, Colorado, Denver, For Sale-Wanted, Heavy Equipment, https://denver.craigslist.org/hvo/d/leadville-mobile-welding-aluminum-and/7000113995.html,,2019-10-15,US,2019-11-21
Records & Comics Wanted!, Oct 15, &excats=134-40&min_price=5000001, North Carolina, Charlotte, For Sale-Wanted, Wanted, https://charlotte.craigslist.org/wan/d/matthews-records-comics-wanted/6979733592.html,Want,2019-10-15,US,2019-11-21
Antique pewter boxes, Oct 15, &excats=134-40&min_price=5000001, Ohio, Cincinnati, For Sale-Wanted, Antique By Owner, https://cincinnati.craigslist.org/atq/d/ft-mitchell-antique-pewter-boxes/7000001692.html,,2019-10-15,US,2019-11-21
Handmade home goods, Oct 15, &excats=134-40&min_price=5000001, New York, Albany, For Sale-Wanted, Art by Owner, https://albany.craigslist.org/art/d/newtonville-handmade-home-goods/6999875773.html,,2019-10-15,US,2019-11-21
Chevy Parts, Oct 15, &excats=134-40&min_price=5000001, New York, Long Island, For Sale-Wanted, Auto Parts by Owner, https://longisland.craigslist.org/pts/d/westhampton-beach-chevy-parts/6999942862.html,,2019-10-15,US,2019-11-21
Tractors, Oct 15, &excats=134-40&min_price=5000001, Iowa, Des Moines, For Sale-Wanted, Farm and Garden, https://desmoines.craigslist.org/grd/d/bayard-tractors/6999972083.html,,2019-10-15,US,2019-11-21
1998 gmc k2500 parts, Oct 15, &excats=134-40&min_price=5000001, Iowa, Sioux City, For Sale-Wanted, Auto Parts by Owner, https://siouxcity.craigslist.org/pts/d/columbus-1998-gmc-k2500-parts/7000460558.html,,2019-10-15,US,2019-11-21
KNIVES OUT -FILM Festival, Oct 15, &excats=134-40&min_price=5000001, Pennsylvania, Philadelphia, For Sale-Wanted, Wanted, https://philadelphia.craigslist.org/wan/d/philadelphia-knives-out-film-festival/7000474983.html,,2019-10-15,US,2019-11-21
Taxidermy huge bear rug sale, Oct 15, &excats=134-40&min_price=5000001, Pennsylvania, Philadelphia, For Sale-Wanted, Sporting Goods, https://philadelphia.craigslist.org/spo/d/las-vegas-taxidermy-huge-bear-rug-sale/7000205051.html,,2019-10-15,US,2019-11-21
Buying Old Baseball/Football/Basketball Cards B4 1970 Cash Now!!, Oct 15, &excats=134-40&min_price=5000001, Pennsylvania, Pittsburgh, For Sale-Wanted, Wanted, https://pittsburgh.craigslist.org/wan/d/buying-old-baseball-football-basketball/6980817266.html,,2019-10-15,US,2019-11-21
Buying Baseball/Football/Basketball cards! Pre 1970 Cash Today!!, Oct 15, &excats=134-40&min_price=5000001, Pennsylvania, Pittsburgh, For Sale-Wanted, Collectibles, https://pittsburgh.craigslist.org/clt/d/buying-baseball-football-basketball/6980817778.html,,2019-10-15,US,2019-11-21
Ham Radio Antennas, Oct 15, &excats=134-40&min_price=5000001, Maine, Maine, For Sale-Wanted, Electronics, https://maine.craigslist.org/ele/d/hampden-ham-radio-antennas/6999936742.html,,2019-10-15,US,2019-11-21
Old stamps, Oct 15, &excats=134-40&min_price=5000001, Missouri, Kansas City, For Sale-Wanted, Antique By Owner, https://kansascity.craigslist.org/atq/d/cole-camp-old-stamps/6985995071.html,,2019-10-15,US,2019-11-21
Huge fishing clearance Revo madness huge fishing clearance, Oct 15, &excats=134-40&min_price=5000001, Missouri, Kansas City, For Sale-Wanted, Sporting Goods, https://kansascity.craigslist.org/spo/d/smithville-huge-fishing-clearance-revo/6983226186.html,,2019-10-15,US,2019-11-21
Buying Antiques Estates and Quality Furniture, Oct 15, &excats=134-40&min_price=5000001, Maryland, Annapolis, For Sale-Wanted, Wanted, https://annapolis.craigslist.org/wan/d/severn-buying-antiques-estates-and/6979047664.html,,2019-10-15,US,2019-11-21
LOOKING TO BUY DUCKPIN BOWLING BALLS, Oct 15, &excats=134-40&min_price=5000001, Maryland, Baltimore, For Sale-Wanted, Wanted, https://baltimore.craigslist.org/wan/d/linthicum-heights-looking-to-buy/6979720063.html,Want,2019-10-15,US,2019-11-21
Buying Antiques Estates and Quality Furniture, Oct 15, &excats=134-40&min_price=5000001, Maryland, Baltimore, For Sale-Wanted, Wanted, https://baltimore.craigslist.org/wan/d/severn-buying-antiques-estates-and/6979047764.html,,2019-10-15,US,2019-11-21
Sell All Your Stuff Immediately, Oct 15, &excats=134-40&min_price=5000001, Maryland, Eastern Shore, For Sale-Wanted, General, https://easternshore.craigslist.org/for/d/selbyville-sell-all-your-stuff/6999951296.html,,2019-10-15,US,2019-11-21
Clothes shoes and purses etc, Oct 15, &excats=134-40&min_price=5000001, Indiana, Fort Wayne, For Sale-Wanted, Clothes, https://fortwayne.craigslist.org/clo/d/fort-wayne-clothes-shoes-and-purses-etc/6991327861.html,,2019-10-15,US,2019-11-21
I&#39;M LOOKING FOR COUPLE IPHONE XR OR NEWER TO IPHONE PRO MAX, Oct 15, &excats=134-40&min_price=5000001, Florida, Jacksonville, For Sale-Wanted, Cell Phones, https://jacksonville.craigslist.org/mob/d/jacksonville-im-looking-for-couple/6991475185.html,Want,2019-10-15,US,2019-11-21
Photo Paper, Oct 15, &excats=134-40&min_price=5000001, Florida, Ocala, For Sale-Wanted, Electronics, https://ocala.craigslist.org/ele/d/fort-mc-coy-photo-paper/6979866041.html,,2019-10-15,US,2019-11-21
I BUY VINTAGE GUITARS - Gibson Fender Gretsch Rickenbacker, Oct 15, &excats=134-40&min_price=5000001, Florida, Ocala, For Sale-Wanted, Wanted, https://ocala.craigslist.org/wan/d/ocala-buy-vintage-guitars-gibson-fender/6983128453.html,,2019-10-15,US,2019-11-21
I BUY VINTAGE GUITARS - Gibson Fender Gretsch Rickenbacker, Oct 15, &excats=134-40&min_price=5000001, Florida, Ocala, For Sale-Wanted, Wanted, https://ocala.craigslist.org/wan/d/ocala-buy-vintage-guitars-gibson-fender/6983128824.html,,2019-10-15,US,2019-11-21
PigsGoatsand Beef cows, Oct 15, &excats=134-40&min_price=5000001, Florida, Ocala, For Sale-Wanted, Farm and Garden, https://ocala.craigslist.org/grd/d/fort-mc-coy-pigsgoatsand-beef-cows/6999841095.html,,2019-10-15,US,2019-11-21
Signs and gas pumps, Oct 15, &excats=134-40&min_price=5000001, Texas, Amarillo, For Sale-Wanted, Antique By Owner, https://amarillo.craigslist.org/atq/d/dumas-signs-and-gas-pumps/7000003235.html,,2019-10-15,US,2019-11-21
1998 Honda shadow parts, Oct 15, &excats=134-40&min_price=5000001, Texas, Austin, For Sale-Wanted, Motorcycle Parts, https://austin.craigslist.org/mpo/d/salado-1998-honda-shadow-parts/7000295476.html,,2019-10-15,US,2019-11-21
Garage sale, Oct 15, &excats=134-40&min_price=5000001, Texas, El Paso, For Sale-Wanted, Clothes, https://elpaso.craigslist.org/clo/d/el-paso-garage-sale/6996951511.html,,2019-10-15,US,2019-11-21
GOLDWISER, Oct 15, &excats=134-40&min_price=5000001, Texas, Houston, For Sale-Wanted, Wanted, https://houston.craigslist.org/wan/d/tomball-goldwiser/7000232875.html,,2019-10-15,US,2019-11-21
Security system, Oct 15, &excats=134-40&min_price=5000001, Kentucky, Louisville, For Sale-Wanted, Electronics, https://louisville.craigslist.org/ele/d/mount-washington-security-system/7000281391.html,,2019-10-15,US,2019-11-21
i Buy Classics Top Dollar Paid, Oct 15, &excats=134-40&min_price=5000001, California, Inland Empire, For Sale-Wanted, Wanted, https://inlandempire.craigslist.org/wan/d/temecula-buy-classics-top-dollar-paid/7000384592.html,,2019-10-15,US,2019-11-21
i Buy Classic Mustangs, Oct 15, &excats=134-40&min_price=5000001, California, Inland Empire, For Sale-Wanted, Wanted, https://inlandempire.craigslist.org/wan/d/bellflower-buy-classic-mustangs/7000321211.html,,2019-10-15,US,2019-11-21
i Buy Classic Porsche, Oct 15, &excats=134-40&min_price=5000001, California, Inland Empire, For Sale-Wanted, Wanted, https://inlandempire.craigslist.org/wan/d/burbank-buy-classic-porsche/7000238889.html,,2019-10-15,US,2019-11-21
2001 Honda Accord parts car, Oct 15, &excats=134-40&min_price=5000001, California, Redding, For Sale-Wanted, Auto Parts by Owner, https://redding.craigslist.org/pts/d/anderson-2001-honda-accord-parts-car/7000386023.html,,2019-10-15,US,2019-11-21
Louis Vuitton Wallet, Oct 15, &excats=134-40&min_price=5000001, Kansas, Wichita, For Sale-Wanted, Clothes, https://wichita.craigslist.org/clo/d/wichita-louis-vuitton-wallet/7000378401.html,,2019-10-15,US,2019-11-21
!!LOok-TOP-DOLLAR-4-JUNK-AUTOS!!, Oct 15, &excats=134-40&min_price=5000001, Kansas, Wichita, For Sale-Wanted, Wanted, https://wichita.craigslist.org/wan/d/wichita-look-top-dollar-4-junk-autos/6981386935.html,,2019-10-15,US,2019-11-21
Sell All Your Stuff Immediately, Oct 15, &excats=134-40&min_price=5000001, Virginia, Eastern Shore, For Sale-Wanted, General, https://easternshore.craigslist.org/for/d/selbyville-sell-all-your-stuff/6999951296.html,,2019-10-15,US,2019-11-21
Halloween Animatronics Jump Scares Decorations, Oct 15, &excats=134-40&min_price=5000001, Idaho, East Idaho, For Sale-Wanted, General, https://eastidaho.craigslist.org/for/d/pocatello-halloween-animatronics-jump/7000453153.html,,2019-10-15,US,2019-11-21
Dodge truck parts 72-93 body style, Oct 15, &excats=134-40&min_price=5000001, Montana, Kalispell, For Sale-Wanted, Auto Parts by Owner, https://kalispell.craigslist.org/pts/d/kalispell-dodge-truck-parts-body-style/7000468496.html,,2019-10-15,US,2019-11-21
Woodworking Machinery, Oct 15, &excats=134-40&min_price=5000001, Alabama, Mobile, For Sale-Wanted, Tools, https://mobile.craigslist.org/tls/d/theodore-woodworking-machinery/6994400923.html,,2019-10-15,US,2019-11-21
witch wanted, Oct 14, &excats=134-40&min_price=5000001, Arizona, Phoenix, For Sale-Wanted, Wanted, https://phoenix.craigslist.org/evl/wan/d/mesa-witch-wanted/6999603479.html,Want,2019-10-14,US,2019-11-21
2 beds a free couch an electric lounge chair and a TV wall mount, Oct 14, &excats=134-40&min_price=5000001, Colorado, Boulder, For Sale-Wanted, Furniture, https://boulder.craigslist.org/fuo/d/firestone-2-beds-free-couch-an-electric/6999722526.html,,2019-10-14,US,2019-11-21
Vintage doors and a Vintage serving cart by Costco, Oct 14, &excats=134-40&min_price=5000001, Minnesota, Brainerd, For Sale-Wanted, Antique By Owner, https://stcloud.craigslist.org/atq/d/brainerd-vintage-doors-and-vintage/6985610472.html,,2019-10-14,US,2019-11-21
Vintage doors and a Vintage serving cart by Costco, Oct 14, &excats=134-40&min_price=5000001, Minnesota, St Cloud, For Sale-Wanted, Antique By Owner, https://stcloud.craigslist.org/atq/d/brainerd-vintage-doors-and-vintage/6985610472.html,,2019-10-14,US,2019-11-21
Misc items for sale prices below, Oct 14, &excats=134-40&min_price=5000001, New York, Albany, For Sale-Wanted, General, https://albany.craigslist.org/for/d/clifton-park-misc-items-for-sale-prices/6999604598.html,,2019-10-14,US,2019-11-21
RUSTFREE OLD TRUCK PARTS, Oct 14, &excats=134-40&min_price=5000001, New York, Buffalo, For Sale-Wanted, Auto Parts by Owner, https://buffalo.craigslist.org/pts/d/attica-rustfree-old-truck-parts/6999396833.html,,2019-10-14,US,2019-11-21
Hess trucks, Oct 14, &excats=134-40&min_price=5000001, New York, Watertown, For Sale-Wanted, General, https://watertown.craigslist.org/for/d/watertown-hess-trucks/6999172191.html,,2019-10-14,US,2019-11-21
Cash for all dirtbikes atvs sportbikes Harleys any condition pick up, Oct 14, &excats=134-40&min_price=5000001, Pennsylvania, Lancaster, For Sale-Wanted, Wanted, https://lancaster.craigslist.org/wan/d/newtown-cash-for-all-dirtbikes-atvs/6999755314.html,,2019-10-14,US,2019-11-21
Pharmaceutical scale, Oct 14, &excats=134-40&min_price=5000001, Pennsylvania, Lancaster, For Sale-Wanted, Tools, https://lancaster.craigslist.org/tls/d/reading-pharmaceutical-scale/6999768285.html,,2019-10-14,US,2019-11-21
steer and drive tires, Oct 14, &excats=134-40&min_price=5000001, Pennsylvania, Pittsburgh, For Sale-Wanted, Heavy Equipment, https://pittsburgh.craigslist.org/hvo/d/hickory-steer-and-drive-tires/6999623780.html,,2019-10-14,US,2019-11-21
Pharmaceutical scale, Oct 14, &excats=134-40&min_price=5000001, Pennsylvania, Reading, For Sale-Wanted, Tools, https://lancaster.craigslist.org/tls/d/reading-pharmaceutical-scale/6999768285.html,,2019-10-14,US,2019-11-21
Project Boat Sterndrive, Oct 14, &excats=134-40&min_price=5000001, Maine, Maine, For Sale-Wanted, Wanted, https://maine.craigslist.org/wan/d/boothbay-project-boat-sterndrive/6999754097.html,,2019-10-14,US,2019-11-21
Necklaces to decorate her neck, Oct 14, &excats=134-40&min_price=5000001, Missouri, St Joseph, For Sale-Wanted, Jewelry, https://stjoseph.craigslist.org/jwl/d/hamilton-necklaces-to-decorate-her-neck/6999079569.html,,2019-10-14,US,2019-11-21
New in the box stone rings...Shiny and bright, Oct 14, &excats=134-40&min_price=5000001, Missouri, St Joseph, For Sale-Wanted, Jewelry, https://stjoseph.craigslist.org/jwl/d/hamilton-new-in-the-box-stone/6999079310.html,,2019-10-14,US,2019-11-21
Toro z master decks., Oct 14, &excats=134-40&min_price=5000001, New Jersey, Jersey Shore, For Sale-Wanted, Wanted, https://jerseyshore.craigslist.org/wan/d/howell-toro-master-decks/6999732860.html,,2019-10-14,US,2019-11-21
Cash in hand for all atvs dirtbikes sportbike Harley wrecked any shape, Oct 14, &excats=134-40&min_price=5000001, New Jersey, South Jersey, For Sale-Wanted, Wanted, https://southjersey.craigslist.org/wan/d/newtown-cash-in-hand-for-all-atvs/6999754970.html,,2019-10-14,US,2019-11-21
Old paintball markers/guns, Oct 14, &excats=134-40&min_price=5000001, New Jersey, South Jersey, For Sale-Wanted, Wanted, https://southjersey.craigslist.org/wan/d/pitman-old-paintball-markers-guns/6999217957.html,,2019-10-14,US,2019-11-21
Truck accessories horizon area 79928, Oct 14, &excats=134-40&min_price=5000001, Texas, El Paso, For Sale-Wanted, Auto Parts by Owner, https://elpaso.craigslist.org/pts/d/el-paso-truck-accessories-horizon-area/6980060291.html,,2019-10-14,US,2019-11-21
bus PARTY BUS EL PASO TX XV SWEET 16 MORE, Oct 14, &excats=134-40&min_price=5000001, Texas, El Paso, For Sale-Wanted, General, https://elpaso.craigslist.org/for/d/el-paso-bus-party-bus-el-paso-tx-xv/6981240233.html,,2019-10-14,US,2019-11-21
carpas mesas sillas jumping ballons party rentals, Oct 14, &excats=134-40&min_price=5000001, Texas, El Paso, For Sale-Wanted, General, https://elpaso.craigslist.org/for/d/el-paso-carpas-mesas-sillas-jumping/6992714885.html,,2019-10-14,US,2019-11-21
1031 EXCHANGE, Oct 14, &excats=134-40&min_price=5000001, Texas, Houston, For Sale-Wanted, General, https://houston.craigslist.org/for/d/houston-1031-exchange/6999775246.html,,2019-10-14,US,2019-11-21
GOLDWISER precious metals dealer, Oct 14, &excats=134-40&min_price=5000001, Texas, Houston, For Sale-Wanted, Wanted, https://houston.craigslist.org/wan/d/houston-goldwiser-precious-metals-dealer/6999662688.html,,2019-10-14,US,2019-11-21
Logging equipment, Oct 14, &excats=134-40&min_price=5000001, South Carolina, Florence, For Sale-Wanted, Heavy Equipment, https://florencesc.craigslist.org/hvo/d/andrews-logging-equipment/6999708432.html,,2019-10-14,US,2019-11-21
I clean houses and do care giving, Oct 14, &excats=134-40&min_price=5000001, Tennessee, Clarksville, For Sale-Wanted, Wanted, https://clarksville.craigslist.org/wan/d/hopkinsville-clean-houses-and-do-care/6999730144.html,,2019-10-14,US,2019-11-21
Fishing poles for sale, Oct 14, &excats=134-40&min_price=5000001, Tennessee, Knoxville, For Sale-Wanted, Sporting Goods, https://knoxville.craigslist.org/spo/d/knoxville-fishing-poles-for-sale/6999634149.html,,2019-10-14,US,2019-11-21
bamboo, Oct 14, &excats=134-40&min_price=5000001, Tennessee, Knoxville, For Sale-Wanted, Wanted, https://knoxville.craigslist.org/wan/d/sevierville-bamboo/6999181578.html,,2019-10-14,US,2019-11-21
Goats for sale, Oct 14, &excats=134-40&min_price=5000001, Tennessee, Nashville, For Sale-Wanted, Farm and Garden, https://nashville.craigslist.org/grd/d/mc-ewen-goats-for-sale/6999778580.html,,2019-10-14,US,2019-11-21
Biggest selection of books, Oct 14, &excats=134-40&min_price=5000001, California, Orange County, For Sale-Wanted, Collectibles, https://orangecounty.craigslist.org/clt/d/anaheim-biggest-selection-of-books/6999599175.html,,2019-10-14,US,2019-11-21
Handblown glass Christmas ornament, Oct 14, &excats=134-40&min_price=5000001, California, Redding, For Sale-Wanted, Collectibles, https://redding.craigslist.org/clt/d/shasta-lake-handblown-glass-christmas/6999791074.html,,2019-10-14,US,2019-11-21
Extreme Hunting Arcade: Make Offer, Oct 14, &excats=134-40&min_price=5000001, Kansas, Topeka, For Sale-Wanted, Video Gaming, https://topeka.craigslist.org/vgm/d/topeka-extreme-hunting-arcade-make-offer/6993407968.html,,2019-10-14,US,2019-11-21
Apple Watches  W A N T E D, Oct 14, &excats=134-40&min_price=5000001, Kansas, Wichita, For Sale-Wanted, Wanted, https://wichita.craigslist.org/wan/d/wichita-apple-watches-a-t-d/6999698344.html,,2019-10-14,US,2019-11-21
BUYING COINS GOLD SILVER, Oct 14, &excats=134-40&min_price=5000001, Idaho, Boise, For Sale-Wanted, Wanted, https://boise.craigslist.org/wan/d/caldwell-buying-coins-gold-silver/6983294243.html,,2019-10-14,US,2019-11-21
1031 EXCHANGE 489 UNIT MULTI FAMILY, Oct 14, &excats=134-40&min_price=5000001, Georgia, Atlanta, For Sale-Wanted, General, https://atlanta.craigslist.org/eat/for/d/decatur-1031-exchange-489-unit-multi/6999786390.html,,2019-10-14,US,2019-11-21
2008 CHEVROLET EQUINOX LS, Oct 14, &excats=134-40&min_price=5000001, Georgia, Atlanta, For Sale-Wanted, Auto Parts by Owner, https://atlanta.craigslist.org/atl/pts/d/acworth-2008-chevrolet-equinox-ls/6981599333.html,,2019-10-14,US,2019-11-21
BUYING HOT WHEELS AND JOHNNY LIGHTNING, Oct 14, &excats=134-40&min_price=5000001, Georgia, Atlanta, For Sale-Wanted, Collectibles, https://atlanta.craigslist.org/eat/clt/d/pendergrass-buying-hot-wheels-and/6991726711.html,,2019-10-14,US,2019-11-21
Terry Pratchett - collection, Oct 14, &excats=134-40&min_price=5000001, New Mexico, Las Cruces, For Sale-Wanted, Books, https://lascruces.craigslist.org/bks/d/las-cruces-terry-pratchett-collection/6985243314.html,,2019-10-14,US,2019-11-21
Truck Accessories, Oct 14, &excats=134-40&min_price=5000001, New Mexico, Las Cruces, For Sale-Wanted, Auto Parts by Owner, https://lascruces.craigslist.org/pts/d/el-paso-truck-accessories/6980857310.html,,2019-10-14,US,2019-11-21
Truck Accessories, Oct 14, &excats=134-40&min_price=5000001, New Mexico, Las Cruces, For Sale-Wanted, Auto Parts by Owner, https://lascruces.craigslist.org/pts/d/el-paso-truck-accessories/6980863937.html,,2019-10-14,US,2019-11-21
Want to buy Ford 5x5.5 rims, Oct 13, &excats=134-40&min_price=5000001, Arkansas, Little Rock, For Sale-Wanted, Auto Parts by Owner, https://littlerock.craigslist.org/pts/d/vilonia-want-to-buy-ford-5x55-rims/6979635470.html,Want,2019-10-13,US,2019-11-21
Looking to buy your old video games!!, Oct 13, &excats=134-40&min_price=5000001, Connecticut, Hartford, For Sale-Wanted, Wanted, https://hartford.craigslist.org/wan/d/new-britain-looking-to-buy-your-old/6981006471.html,Want,2019-10-13,US,2019-11-21
ShopSmith Mark 5, Oct 13, &excats=134-40&min_price=5000001, Arizona, Prescott, For Sale-Wanted, Tools, https://prescott.craigslist.org/tls/d/chino-valley-shopsmith-mark-5/6999067230.html,,2019-10-13,US,2019-11-21
Dutch Masonry Stone  Mantle Stone, Oct 13, &excats=134-40&min_price=5000001, Wisconsin, La Crosse, For Sale-Wanted, Household, https://lacrosse.craigslist.org/hsh/d/la-crosse-dutch-masonry-stone-mantle/6998768180.html,,2019-10-13,US,2019-11-21
Vacant Lots With Private Lake Rites, Oct 13, &excats=134-40&min_price=5000001, Illinois, Rockford, For Sale-Wanted, Sporting Goods, https://rockford.craigslist.org/spo/d/cary-vacant-lots-with-private-lake-rites/6985756847.html,,2019-10-13,US,2019-11-21
4 sabres most games, Oct 13, &excats=134-40&min_price=5000001, New York, Buffalo, For Sale-Wanted, Tickets, https://buffalo.craigslist.org/tix/d/spring-brook-4-sabres-most-games/6986054022.html,,2019-10-13,US,2019-11-21
Saddles New, Oct 13, &excats=134-40&min_price=5000001, Missouri, Springfield, For Sale-Wanted, Farm and Garden, https://springfield.craigslist.org/grd/d/seymour-saddles-new/6978415107.html,,2019-10-13,US,2019-11-21
Vape stuff, Oct 13, &excats=134-40&min_price=5000001, Oklahoma, Oklahoma City, For Sale-Wanted, Electronics, https://oklahomacity.craigslist.org/ele/d/oklahoma-city-vape-stuff/6998592361.html,,2019-10-13,US,2019-11-21
BRAND NAME PERFUMES, Oct 13, &excats=134-40&min_price=5000001, Maryland, Baltimore, For Sale-Wanted, Health And Beauty, https://baltimore.craigslist.org/hab/d/glen-burnie-brand-name-perfumes/6998751993.html,,2019-10-13,US,2019-11-21
WE PAY CASH 4 Antiques and Collectibles      SEEEEEE, Oct 13, &excats=134-40&min_price=5000001, Maryland, Baltimore, For Sale-Wanted, Wanted, https://baltimore.craigslist.org/wan/d/we-pay-cash-4-antiques-and-collectibles/6979018460.html,,2019-10-13,US,2019-11-21
LEGO sets, Oct 13, &excats=134-40&min_price=5000001, Florida, Jacksonville, For Sale-Wanted, Toys And Games, https://jacksonville.craigslist.org/tag/d/jacksonville-lego-sets/6998832798.html,,2019-10-13,US,2019-11-21
Gold Buyers Diamond Buyers Rolex Buyers Jewelry Buyers Cash ., Oct 13, &excats=134-40&min_price=5000001, Florida, Ocala, For Sale-Wanted, Jewelry, https://ocala.craigslist.org/jwl/d/tampa-gold-buyers-diamond-buyers-rolex/6998667143.html,,2019-10-13,US,2019-11-21
KBB Value For Your Car in One Hour, Oct 13, &excats=134-40&min_price=5000001, Florida, Orlando, For Sale-Wanted, Wanted, https://orlando.craigslist.org/wan/d/orlando-kbb-value-for-your-car-in-one/6998839190.html,,2019-10-13,US,2019-11-21
35kw Propane Generator, Oct 13, &excats=134-40&min_price=5000001, Florida, Pensacola, For Sale-Wanted, Heavy Equipment, https://pensacola.craigslist.org/hvo/d/milton-35kw-propane-generator/6984657008.html,,2019-10-13,US,2019-11-21
35kw Propane Generator, Oct 13, &excats=134-40&min_price=5000001, Florida, Pensacola, For Sale-Wanted, Farm and Garden, https://pensacola.craigslist.org/grd/d/milton-35kw-propane-generator/6984660267.html,,2019-10-13,US,2019-11-21
35kw Propane Generator, Oct 13, &excats=134-40&min_price=5000001, Florida, Pensacola, For Sale-Wanted, General, https://pensacola.craigslist.org/for/d/milton-35kw-propane-generator/6984662520.html,,2019-10-13,US,2019-11-21
buying older European cars any condition, Oct 13, &excats=134-40&min_price=5000001, Texas, Houston, For Sale-Wanted, Auto Parts by Owner, https://houston.craigslist.org/pts/d/houston-buying-older-european-cars-any/6978866643.html,,2019-10-13,US,2019-11-21
Rolling ladders, Oct 13, &excats=134-40&min_price=5000001, Texas, San Antonio, For Sale-Wanted, General, https://sanantonio.craigslist.org/for/d/san-antonio-rolling-ladders/6998715138.html,,2019-10-13,US,2019-11-21
Collection For Sale, Oct 13, &excats=134-40&min_price=5000001, Nevada, Las Vegas, For Sale-Wanted, Musical Instruments, https://lasvegas.craigslist.org/msg/d/las-vegas-collection-for-sale/6981091051.html,,2019-10-13,US,2019-11-21
Large selection of Chauvet lighting / special effects lights, Oct 13, &excats=134-40&min_price=5000001, South Carolina, Myrtle Beach, For Sale-Wanted, Electronics, https://myrtlebeach.craigslist.org/ele/d/myrtle-beach-large-selection-of-chauvet/6991437026.html,,2019-10-13,US,2019-11-21
Reg. Black Gelbvieh Bulls and Charolairs Bulls, Oct 13, &excats=134-40&min_price=5000001, Kentucky, Owensboro, For Sale-Wanted, Farm and Garden, https://owensboro.craigslist.org/grd/d/leitchfield-reg-black-gelbvieh-bulls/6984440739.html,,2019-10-13,US,2019-11-21
Dale Earnhart, Oct 13, &excats=134-40&min_price=5000001, Tennessee, Nashville, For Sale-Wanted, Sporting Goods, https://nashville.craigslist.org/spo/d/lebanon-dale-earnhart/6998978442.html,,2019-10-13,US,2019-11-21
fish tank/peacock bass, Oct 13, &excats=134-40&min_price=5000001, California, Bakersfield, For Sale-Wanted, General, https://bakersfield.craigslist.org/for/d/bakersfield-fish-tank-peacock-bass/6998938229.html,,2019-10-13,US,2019-11-21
Beautiful women&#39;s Wayuu bags  and &quot;backpacks -Authentic 100%  Mochilas, Oct 13, &excats=134-40&min_price=5000001, California, Orange County, For Sale-Wanted, Clothes, https://orangecounty.craigslist.org/clo/d/los-angeles-beautiful-womens-wayuu-bags/6993643363.html,,2019-10-13,US,2019-11-21
Private ESTATE SALE *50 year Collection-Gorgeous WY Rocks/Gems, Oct 13, &excats=134-40&min_price=5000001, Wyoming, Wyoming, For Sale-Wanted, General, https://wyoming.craigslist.org/for/d/casper-private-estate-sale-50-year/6998880277.html,,2019-10-13,US,2019-11-21
Like new furniture. Everything must go, Oct 13, &excats=134-40&min_price=5000001, Georgia, Atlanta, For Sale-Wanted, Furniture, https://atlanta.craigslist.org/nat/fuo/d/decatur-like-new-furniture-everything/6998598655.html,,2019-10-13,US,2019-11-21
&quot;235&quot; nicson intake, Oct 13, &excats=134-40&min_price=5000001, Michigan, Grand Rapids, For Sale-Wanted, Auto Parts by Owner, https://grandrapids.craigslist.org/pts/d/spring-lake-235-nicson-intake/6981947989.html,,2019-10-13,US,2019-11-21
Antique French Victorian Shabby Chic Ornate Plant Stands, Oct 12, &excats=134-40&min_price=5000001, Arizona, Phoenix, For Sale-Wanted, Furniture, https://phoenix.craigslist.org/evl/fuo/d/gilbert-antique-french-victorian-shabby/6978267832.html,,2019-10-12,US,2019-11-21
Vintage Stereo setup, Oct 12, &excats=134-40&min_price=5000001, Wisconsin, La Crosse, For Sale-Wanted, Electronics, https://lacrosse.craigslist.org/ele/d/stockton-vintage-stereo-setup/6998171614.html,,2019-10-12,US,2019-11-21
convertible top replacement, Oct 12, &excats=134-40&min_price=5000001, Wisconsin, Milwaukee, For Sale-Wanted, Wanted, https://milwaukee.craigslist.org/wan/d/muskego-convertible-top-replacement/6993215531.html,,2019-10-12,US,2019-11-21
iPhone 3g-iPhone 5c cases. Life proof. Screen protectors. (BEST OFFER), Oct 12, &excats=134-40&min_price=5000001, Louisiana, New Orleans, For Sale-Wanted, Cell Phones, https://neworleans.craigslist.org/mob/d/metairie-iphone-3g-iphone-5c-cases-life/6998385789.html,,2019-10-12,US,2019-11-21
32 foot enclosed car hauler cargo trailer, Oct 12, &excats=134-40&min_price=5000001, New York, Catskills, For Sale-Wanted, NA, https://catskills.craigslist.org/tro/d/glens-falls-32-foot-enclosed-car-hauler/6998441085.html,,2019-10-12,US,2019-11-21
Complete dj setup. QSC pioneer chauvet dell alto sure sennheiser, Oct 12, &excats=134-40&min_price=5000001, Pennsylvania, Pittsburgh, For Sale-Wanted, Musical Instruments, https://pittsburgh.craigslist.org/msg/d/jeannette-complete-dj-setup-qsc-pioneer/6981060772.html,,2019-10-12,US,2019-11-21
Buying Old Baseball/Football/Basketball Cards B4 1970 Cash Now!!, Oct 12, &excats=134-40&min_price=5000001, Pennsylvania, Pittsburgh, For Sale-Wanted, Wanted, https://pittsburgh.craigslist.org/wan/d/buying-old-baseball-football-basketball/6978398032.html,,2019-10-12,US,2019-11-21
Buying Baseball/Football/Basketball cards! Pre 1970 Cash Today!!, Oct 12, &excats=134-40&min_price=5000001, Pennsylvania, Pittsburgh, For Sale-Wanted, Collectibles, https://pittsburgh.craigslist.org/clt/d/buying-baseball-football-basketball/6978397853.html,,2019-10-12,US,2019-11-21
BASS GEAR PURGE, Oct 12, &excats=134-40&min_price=5000001, Pennsylvania, Pittsburgh, For Sale-Wanted, Musical Instruments, https://pittsburgh.craigslist.org/msg/d/pittsburgh-bass-gear-purge/6997866753.html,,2019-10-12,US,2019-11-21
Arcade games and parts working or not, Oct 12, &excats=134-40&min_price=5000001, Oklahoma, Texoma, For Sale-Wanted, Wanted, https://texoma.craigslist.org/wan/d/sherman-arcade-games-and-parts-working/6994266894.html,,2019-10-12,US,2019-11-21
Prolific Painters 20 years Experience Free Quotes!, Oct 12, &excats=134-40&min_price=5000001, Indiana, Bloomington, For Sale-Wanted, Household, https://bloomington.craigslist.org/hsh/d/bloomington-prolific-painters-20-years/6998289020.html,,2019-10-12,US,2019-11-21
Old US coins, Oct 12, &excats=134-40&min_price=5000001, Indiana, Terre Haute, For Sale-Wanted, Collectibles, https://terrehaute.craigslist.org/clt/d/cayuga-old-us-coins/6998012166.html,,2019-10-12,US,2019-11-21
ISO Swift Lock laminent flooring, Oct 12, &excats=134-40&min_price=5000001, Florida, Pensacola, For Sale-Wanted, Wanted, https://pensacola.craigslist.org/wan/d/cantonment-iso-swift-lock-laminent/6998124439.html,,2019-10-12,US,2019-11-21
carpas mesas sillas jumping ballons party rentals, Oct 12, &excats=134-40&min_price=5000001, Texas, El Paso, For Sale-Wanted, General, https://elpaso.craigslist.org/for/d/el-paso-carpas-mesas-sillas-jumping/6998147791.html,,2019-10-12,US,2019-11-21
2003 chevy 2500 4x4, Oct 12, &excats=134-40&min_price=5000001, Texas, Houston, For Sale-Wanted, Auto Parts by Owner, https://houston.craigslist.org/pts/d/channelview-2003-chevy-x4/6977684267.html,,2019-10-12,US,2019-11-21
Arcade games and parts working or not, Oct 12, &excats=134-40&min_price=5000001, Texas, Texoma, For Sale-Wanted, Wanted, https://texoma.craigslist.org/wan/d/sherman-arcade-games-and-parts-working/6994266894.html,,2019-10-12,US,2019-11-21
? HUGE warehouse sale this SATURDAY!! TOOLS ANS ELECTRONICS  7 AM- 5, Oct 12, &excats=134-40&min_price=5000001, Nevada, Las Vegas, For Sale-Wanted, General, https://lasvegas.craigslist.org/for/d/las-vegas-huge-warehouse-sale-this/6997987144.html,,2019-10-12,US,2019-11-21
Hot wheels, Oct 12, &excats=134-40&min_price=5000001, Kentucky, Louisville, For Sale-Wanted, Toys And Games, https://louisville.craigslist.org/tag/d/floyds-knobs-hot-wheels/6998467829.html,,2019-10-12,US,2019-11-21
Hebron Presbyterian Chiurch craft fair, Oct 12, &excats=134-40&min_price=5000001, Kentucky, Louisville, For Sale-Wanted, Art by Owner, https://louisville.craigslist.org/art/d/hillview-hebron-presbyterian-chiurch/6997959011.html,,2019-10-12,US,2019-11-21
Barbie collector wanted, Oct 12, &excats=134-40&min_price=5000001, California, Redding, For Sale-Wanted, Wanted, https://redding.craigslist.org/wan/d/igo-barbie-collector-wanted/6998155197.html,Want,2019-10-12,US,2019-11-21
Dog gear, Oct 12, &excats=134-40&min_price=5000001, Virginia, Richmond, For Sale-Wanted, General, https://richmond.craigslist.org/for/d/blackstone-dog-gear/6998285561.html,,2019-10-12,US,2019-11-21
1994 Ford F-150 xlt, Oct 12, &excats=134-40&min_price=5000001, Utah, St George, For Sale-Wanted, Auto Parts by Owner, https://stgeorge.craigslist.org/pts/d/santa-clara-1994-ford-150-xlt/6985937489.html,,2019-10-12,US,2019-11-21
Wanted : Murphy Bed, Oct 12, &excats=134-40&min_price=5000001, Washington, Bellingham, For Sale-Wanted, Furniture, https://bellingham.craigslist.org/fuo/d/bellingham-wanted-murphy-bed/6998297259.html,Want,2019-10-12,US,2019-11-21
Looking to buy Gold Silver and Bronze Age Comics, Oct 11, &excats=134-40&min_price=5000001, Connecticut, New Haven, For Sale-Wanted, Collectibles, https://newhaven.craigslist.org/clt/d/milford-looking-to-buy-gold-silver-and/6981211583.html,Want,2019-10-11,US,2019-11-21
glass carb bowls, Oct 11, &excats=134-40&min_price=5000001, Wisconsin, La Crosse, For Sale-Wanted, Farm and Garden, https://lacrosse.craigslist.org/grd/d/west-salem-glass-carb-bowls/6987705867.html,,2019-10-11,US,2019-11-21
iPhone 8plus, Oct 11, &excats=134-40&min_price=5000001, Wisconsin, Milwaukee, For Sale-Wanted, Cell Phones, https://milwaukee.craigslist.org/mob/d/milwaukee-iphone-8plus/6997763636.html,,2019-10-11,US,2019-11-21
Blow Out Sale!!!, Oct 11, &excats=134-40&min_price=5000001, Colorado, Denver, For Sale-Wanted, Video Gaming, https://denver.craigslist.org/vgm/d/denver-blow-out-sale/6997307660.html,,2019-10-11,US,2019-11-21
Wall art. All half off marked price, Oct 11, &excats=134-40&min_price=5000001, Ohio, Columbus, For Sale-Wanted, Household, https://columbus.craigslist.org/hsh/d/westerville-wall-art-all-half-off/6982757126.html,,2019-10-11,US,2019-11-21
Garage sale! Boys NB-2T and girls 6-10/12, Oct 11, &excats=134-40&min_price=5000001, New York, Buffalo, For Sale-Wanted, Baby Kids by Owner, https://buffalo.craigslist.org/bab/d/buffalo-garage-sale-boys-nb-2t-and/6997741755.html,,2019-10-11,US,2019-11-21
Old marbles, Oct 11, &excats=134-40&min_price=5000001, Iowa, Des Moines, For Sale-Wanted, Collectibles, https://desmoines.craigslist.org/clt/d/des-moines-old-marbles/6994216709.html,,2019-10-11,US,2019-11-21
ANTIQUES/UNIQUES/COLLECTABLES, Oct 11, &excats=134-40&min_price=5000001, Pennsylvania, Pittsburgh, For Sale-Wanted, Collectibles, https://pittsburgh.craigslist.org/clt/d/donegal-antiques-uniques-collectables/6997516466.html,,2019-10-11,US,2019-11-21
Mid century modern items, Oct 11, &excats=134-40&min_price=5000001, Pennsylvania, Pittsburgh, For Sale-Wanted, Furniture, https://pittsburgh.craigslist.org/fuo/d/mercer-mid-century-modern-items/6997338996.html,,2019-10-11,US,2019-11-21
HUGE NASCAR LOT, Oct 11, &excats=134-40&min_price=5000001, Missouri, Kansas City, For Sale-Wanted, Collectibles, https://kansascity.craigslist.org/clt/d/lees-summit-huge-nascar-lot/6997787525.html,,2019-10-11,US,2019-11-21
Swift transportation driver throwing tools, Oct 11, &excats=134-40&min_price=5000001, Missouri, Kansas City, For Sale-Wanted, Antique By Owner, https://kansascity.craigslist.org/atq/d/strasburg-swift-transportation-driver/6997172464.html,,2019-10-11,US,2019-11-21
Land, Oct 11, &excats=134-40&min_price=5000001, Missouri, Springfield, For Sale-Wanted, Wanted, https://springfield.craigslist.org/wan/d/willow-springs-land/6997644334.html,,2019-10-11,US,2019-11-21
Experience Hendrix, Oct 11, &excats=134-40&min_price=5000001, Oklahoma, Tulsa, For Sale-Wanted, Tickets, https://tulsa.craigslist.org/tix/d/tulsa-experience-hendrix/6997784206.html,,2019-10-11,US,2019-11-21
ANDRIS SHEEP GOAT SHEARS, Oct 11, &excats=134-40&min_price=5000001, Indiana, Kokomo, For Sale-Wanted, Farm and Garden, https://kokomo.craigslist.org/grd/d/greentown-andris-sheep-goat-shears/6997534882.html,,2019-10-11,US,2019-11-21
PAYING CASH FOR ROLEX WATCHES!, Oct 11, &excats=134-40&min_price=5000001, Florida, Jacksonville, For Sale-Wanted, Jewelry, https://jacksonville.craigslist.org/jwl/d/jacksonville-paying-cash-for-rolex/6997081279.html,,2019-10-11,US,2019-11-21
PAYING CASH FOR ROLEX WATCHES!, Oct 11, &excats=134-40&min_price=5000001, Florida, Jacksonville, For Sale-Wanted, Jewelry, https://jacksonville.craigslist.org/jwl/d/jacksonville-paying-cash-for-rolex/6997081154.html,,2019-10-11,US,2019-11-21
CASH TODAY FOR YOUR ROLEX WATCH -, Oct 11, &excats=134-40&min_price=5000001, Florida, Jacksonville, For Sale-Wanted, Jewelry, https://jacksonville.craigslist.org/jwl/d/jacksonville-cash-today-for-your-rolex/6997081440.html,,2019-10-11,US,2019-11-21
Gold Buyers Diamond Buyers Rolex Buyers Jewelry Buyers Cash . -, Oct 11, &excats=134-40&min_price=5000001, Florida, Orlando, For Sale-Wanted, Jewelry, https://orlando.craigslist.org/jwl/d/kissimmee-gold-buyers-diamond-buyers/6979548449.html,,2019-10-11,US,2019-11-21
Chandlers, Oct 11, &excats=134-40&min_price=5000001, Florida, Orlando, For Sale-Wanted, Appliance by Owner, https://orlando.craigslist.org/app/d/sebastian-chandlers/6997192914.html,,2019-10-11,US,2019-11-21
WTB Late Production LS1/LS6 Engine Block, Oct 11, &excats=134-40&min_price=5000001, Texas, Austin, For Sale-Wanted, Wanted, https://austin.craigslist.org/wan/d/austin-wtb-late-production-ls1-ls6/6997518782.html,,2019-10-11,US,2019-11-21
2011 Magnum MTL 306m Light Towers, Oct 11, &excats=134-40&min_price=5000001, Texas, Austin, For Sale-Wanted, Heavy Equipment, https://austin.craigslist.org/hvo/d/la-grange-2011-magnum-mtl-306m-light/6997315865.html,,2019-10-11,US,2019-11-21
REBUILD ENGINES, Oct 11, &excats=134-40&min_price=5000001, Texas, Houston, For Sale-Wanted, Auto Parts by Owner, https://houston.craigslist.org/pts/d/houston-rebuild-engines/6997524373.html,,2019-10-11,US,2019-11-21
2006 BMW 325 I, Oct 11, &excats=134-40&min_price=5000001, Texas, Houston, For Sale-Wanted, Auto Parts by Owner, https://houston.craigslist.org/pts/d/houston-2006-bmw-325/6997523965.html,,2019-10-11,US,2019-11-21
2002 MINI COOPER, Oct 11, &excats=134-40&min_price=5000001, Texas, Houston, For Sale-Wanted, Auto Parts by Owner, https://houston.craigslist.org/pts/d/houston-2002-mini-cooper/6997523063.html,,2019-10-11,US,2019-11-21
REBUILD ENGINES, Oct 11, &excats=134-40&min_price=5000001, Texas, Houston, For Sale-Wanted, Auto Parts by Owner, https://houston.craigslist.org/pts/d/houston-rebuild-engines/6997512507.html,,2019-10-11,US,2019-11-21
2007 CHEVY SILVERADO 1500, Oct 11, &excats=134-40&min_price=5000001, Texas, Houston, For Sale-Wanted, Auto Parts by Owner, https://houston.craigslist.org/pts/d/houston-2007-chevy-silverado-1500/6997511777.html,,2019-10-11,US,2019-11-21
2007 CHEVY SILVERADO 1500, Oct 11, &excats=134-40&min_price=5000001, Texas, Houston, For Sale-Wanted, Auto Parts by Owner, https://houston.craigslist.org/pts/d/houston-2007-chevy-silverado-1500/6997511465.html,,2019-10-11,US,2019-11-21
2007 CHEVY SILVERADO 1500, Oct 11, &excats=134-40&min_price=5000001, Texas, Houston, For Sale-Wanted, Auto Parts by Owner, https://houston.craigslist.org/pts/d/houston-2007-chevy-silverado-1500/6997511196.html,,2019-10-11,US,2019-11-21
2012 CAMARO PARTS, Oct 11, &excats=134-40&min_price=5000001, Texas, Houston, For Sale-Wanted, Auto Parts by Owner, https://houston.craigslist.org/pts/d/houston-2012-camaro-parts/6997510916.html,,2019-10-11,US,2019-11-21
2012 CAMARO PARTS, Oct 11, &excats=134-40&min_price=5000001, Texas, Houston, For Sale-Wanted, Auto Parts by Owner, https://houston.craigslist.org/pts/d/houston-2012-camaro-parts/6997505894.html,,2019-10-11,US,2019-11-21
Final day Shop items and antique items, Oct 11, &excats=134-40&min_price=5000001, Texas, Lubbock, For Sale-Wanted, General, https://lubbock.craigslist.org/for/d/lubbock-final-day-shop-items-and/6997783817.html,,2019-10-11,US,2019-11-21
Truckload of stuff from Home depot Everything Must go, Oct 11, &excats=134-40&min_price=5000001, Nevada, Las Vegas, For Sale-Wanted, Appliance by Owner, https://lasvegas.craigslist.org/app/d/las-vegas-truckload-of-stuff-from-home/6997566354.html,,2019-10-11,US,2019-11-21
Kado&#39;s Mobile Mechanic, Oct 11, &excats=134-40&min_price=5000001, Kansas, Wichita, For Sale-Wanted, General, https://wichita.craigslist.org/for/d/mcconnell-afb-kados-mobile-mechanic/6997400573.html,,2019-10-11,US,2019-11-21
Kado&#39;s demo & more, Oct 11, &excats=134-40&min_price=5000001, Kansas, Wichita, For Sale-Wanted, General, https://wichita.craigslist.org/for/d/mcconnell-afb-kados-demo-more/6997396056.html,,2019-10-11,US,2019-11-21
Wanted Gun Safe, Oct 11, &excats=134-40&min_price=5000001, Alabama, Mobile, For Sale-Wanted, Wanted, https://mobile.craigslist.org/wan/d/bayou-la-batre-wanted-gun-safe/6976210200.html,Want,2019-10-11,US,2019-11-21
riding mower SELLER, Oct 11, &excats=134-40&min_price=5000001, Michigan, Port Huron, For Sale-Wanted, General, https://porthuron.craigslist.org/for/d/columbus-riding-mower-seller/6997786500.html,,2019-10-11,US,2019-11-21
unbelievable collection of studbooks, Oct 11, &excats=134-40&min_price=5000001, Oregon, Bend, For Sale-Wanted, Farm and Garden, https://bend.craigslist.org/grd/d/powell-butte-unbelievable-collection-of/6997848464.html,,2019-10-11,US,2019-11-21
Estate Sale, Oct 10, &excats=134-40&min_price=5000001, Arizona, Phoenix, For Sale-Wanted, General, https://phoenix.craigslist.org/evl/for/d/gilbert-estate-sale/6996565712.html,,2019-10-10,US,2019-11-21
Selling Out welders Torch etc, Oct 10, &excats=134-40&min_price=5000001, Arizona, Tucson, For Sale-Wanted, Tools, https://tucson.craigslist.org/tls/d/tucson-selling-out-welders-torch-etc/6996891785.html,,2019-10-10,US,2019-11-21
BARN FIND -1962 Ford. (((BARN FIND))), Oct 10, &excats=134-40&min_price=5000001, Wisconsin, Green Bay, For Sale-Wanted, Auto Parts by Owner, https://greenbay.craigslist.org/pts/d/abrams-barn-find-ford-barn-find/6977705054.html,Want,2019-10-10,US,2019-11-21
Drill bit sets craftsmen and dewalt, Oct 10, &excats=134-40&min_price=5000001, Colorado, Denver, For Sale-Wanted, Tools, https://denver.craigslist.org/tls/d/denver-drill-bit-sets-craftsmen-and/6997024798.html,,2019-10-10,US,2019-11-21
Buying Notre Dame tickets and/or parking for Saturday, Oct 10, &excats=134-40&min_price=5000001, Illinois, Chicago, For Sale-Wanted, Tickets, https://southbend.craigslist.org/tix/d/chicago-buying-notre-dame-tickets-and/6996752355.html,,2019-10-10,US,2019-11-21
DOES YOUR ROOF LEAK? SHINGLES MISSING? JUST WANT TO UPDATE YOUR ROOF?, Oct 10, &excats=134-40&min_price=5000001, Minnesota, Bemidji, For Sale-Wanted, General, https://bemidji.craigslist.org/for/d/bemidji-does-your-roof-leak-shingles/6975644463.html,Want,2019-10-10,US,2019-11-21
88-98 Chevy truck parts, Oct 10, &excats=134-40&min_price=5000001, Minnesota, Brainerd, For Sale-Wanted, Auto Parts by Owner, https://brainerd.craigslist.org/pts/d/perham-chevy-truck-parts/6997033541.html,,2019-10-10,US,2019-11-21
Studio equipment, Oct 10, &excats=134-40&min_price=5000001, Ohio, Cincinnati, For Sale-Wanted, Electronics, https://cincinnati.craigslist.org/ele/d/cincinnati-studio-equipment/6996697375.html,,2019-10-10,US,2019-11-21
Electrical material, Oct 10, &excats=134-40&min_price=5000001, Ohio, Cleveland, For Sale-Wanted, General, https://cleveland.craigslist.org/for/d/avon-electrical-material/6996902640.html,,2019-10-10,US,2019-11-21
Super Single Tire with Alum Rim, Oct 10, &excats=134-40&min_price=5000001, Ohio, Cleveland, For Sale-Wanted, Heavy Equipment, https://cleveland.craigslist.org/hvo/d/monroe-super-single-tire-with-alum-rim/6996482086.html,,2019-10-10,US,2019-11-21
WANTED - Box Extensions - Parker wagon, Oct 10, &excats=134-40&min_price=5000001, Iowa, Des Moines, For Sale-Wanted, Farm and Garden, https://desmoines.craigslist.org/grd/d/runnells-wanted-box-extensions-parker/6976029754.html,Want,2019-10-10,US,2019-11-21
MATCHBOOK COLLECTORS THREE GALLON JARS INCLUDING INTERNATIONAL COVERS, Oct 10, &excats=134-40&min_price=5000001, Oklahoma, Tulsa, For Sale-Wanted, Collectibles, https://tulsa.craigslist.org/clt/d/owasso-matchbook-collectors-three/6994210500.html,,2019-10-10,US,2019-11-21
Health and Beauty items. Make offer on Lot!!!, Oct 10, &excats=134-40&min_price=5000001, Indiana, Indianapolis, For Sale-Wanted, Health And Beauty, https://indianapolis.craigslist.org/hab/d/franklin-health-and-beauty-items-make/6996891535.html,,2019-10-10,US,2019-11-21
Looking ??for collectibles call me...., Oct 10, &excats=134-40&min_price=5000001, Vermont, Vermont, For Sale-Wanted, Antique By Owner, https://vermont.craigslist.org/atq/d/middlebury-looking-for-collectibles/6976486312.html,Want,2019-10-10,US,2019-11-21
Boss Rolex Luxury Watch WANTED Boss Rolex Luxury Watch, Oct 10, &excats=134-40&min_price=5000001, Florida, Jacksonville, For Sale-Wanted, Wanted, https://jacksonville.craigslist.org/wan/d/jacksonville-boss-rolex-luxury-watch/6997077726.html,Want,2019-10-10,US,2019-11-21
We buy Jennies and gelded jacks, Oct 10, &excats=134-40&min_price=5000001, Texas, Austin, For Sale-Wanted, Farm and Garden, https://austin.craigslist.org/grd/d/temple-we-buy-jennies-and-gelded-jacks/6996961274.html,,2019-10-10,US,2019-11-21
Animals for sale, Oct 10, &excats=134-40&min_price=5000001, Texas, Austin, For Sale-Wanted, Farm and Garden, https://austin.craigslist.org/grd/d/dale-animals-for-sale/6996417256.html,,2019-10-10,US,2019-11-21
Closet Cleanout! Jackets starched shirts boots, Oct 10, &excats=134-40&min_price=5000001, Texas, College Station, For Sale-Wanted, Clothes, https://collegestation.craigslist.org/clo/d/bryan-closet-cleanout-jackets-starched/6996702837.html,,2019-10-10,US,2019-11-21
carpas mesas sillas jumping ballons party rentals, Oct 10, &excats=134-40&min_price=5000001, Texas, El Paso, For Sale-Wanted, General, https://elpaso.craigslist.org/for/d/el-paso-carpas-mesas-sillas-jumping/6990820780.html,,2019-10-10,US,2019-11-21
Wanted 3 SEMA tickets, Oct 10, &excats=134-40&min_price=5000001, Nevada, Las Vegas, For Sale-Wanted, Wanted, https://lasvegas.craigslist.org/wan/d/las-vegas-wanted-3-sema-tickets/6997124594.html,Want,2019-10-10,US,2019-11-21
wanted i am looking for fire department items older the better, Oct 10, &excats=134-40&min_price=5000001, Tennessee, Knoxville, For Sale-Wanted, Wanted, https://knoxville.craigslist.org/wan/d/maryville-wanted-am-looking-for-fire/6976409611.html,Want,2019-10-10,US,2019-11-21
Yard Sale Jefferson city!!!, Oct 10, &excats=134-40&min_price=5000001, Tennessee, Knoxville, For Sale-Wanted, Household, https://knoxville.craigslist.org/hsh/d/jefferson-city-yard-sale-jefferson-city/6996664337.html,,2019-10-10,US,2019-11-21
NONFICTION BOOKS, Oct 10, &excats=134-40&min_price=5000001, California, Orange County, For Sale-Wanted, Books, https://orangecounty.craigslist.org/bks/d/anaheim-nonfiction-books/6996952669.html,,2019-10-10,US,2019-11-21
Need a whole new wardrobe??, Oct 10, &excats=134-40&min_price=5000001, Idaho, Twin Falls, For Sale-Wanted, Clothes, https://twinfalls.craigslist.org/clo/d/filer-need-whole-new-wardrobe/6997120237.html,Want,2019-10-10,US,2019-11-21
2015 FREIGHTLINER PARTS TRUCK, Oct 10, &excats=134-40&min_price=5000001, Michigan, Monroe, For Sale-Wanted, Heavy Equipment, https://monroemi.craigslist.org/hvo/d/monroe-2015-freightliner-parts-truck/6980562245.html,,2019-10-10,US,2019-11-21
2015 FREIGHTLINER PARTS TRUCK, Oct 10, &excats=134-40&min_price=5000001, Michigan, Monroe, For Sale-Wanted, Heavy Equipment, https://monroemi.craigslist.org/hvo/d/monroe-2015-freightliner-parts-truck/6980582607.html,,2019-10-10,US,2019-11-21
Tucker!!, Oct 10, &excats=134-40&min_price=5000001, Oregon, East Oregon, For Sale-Wanted, General, https://eastoregon.craigslist.org/for/d/union-tucker/6996940457.html,,2019-10-10,US,2019-11-21
Moving sale- must go asap, Oct 09, &excats=134-40&min_price=5000001, Connecticut, Hartford, For Sale-Wanted, Furniture, https://hartford.craigslist.org/fuo/d/rockfall-moving-sale-must-go-asap/6995892760.html,,2019-10-09,US,2019-11-21
Crafters Garage Sale, Oct 09, &excats=134-40&min_price=5000001, Arizona, Phoenix, For Sale-Wanted, Art by Owner, https://phoenix.craigslist.org/cph/art/d/stanfield-crafters-garage-sale/6996185204.html,,2019-10-09,US,2019-11-21
2001 Honda Accord, Oct 09, &excats=134-40&min_price=5000001, Arizona, Phoenix, For Sale-Wanted, NA, https://phoenix.craigslist.org/wvl/wto/d/phoenix-2001-honda-accord/6996080922.html,,2019-10-09,US,2019-11-21
03 evo 8 part out, Oct 09, &excats=134-40&min_price=5000001, Wisconsin, Eau Claire, For Sale-Wanted, Auto Parts by Owner, https://eauclaire.craigslist.org/pts/d/hayward-03-evo-8-part-out/6996324499.html,,2019-10-09,US,2019-11-21
fender flares pluss archery, Oct 09, &excats=134-40&min_price=5000001, Ohio, Sandusky, For Sale-Wanted, Auto Parts by Owner, https://sandusky.craigslist.org/pts/d/new-london-fender-flares-pluss-archery/6975124788.html,,2019-10-09,US,2019-11-21
Insulin Pen&#39;s 3 Brands, Oct 09, &excats=134-40&min_price=5000001, New York, Rochester, For Sale-Wanted, Health And Beauty, https://rochester.craigslist.org/hab/d/kanona-insulin-pens-3-brands/6996136905.html,,2019-10-09,US,2019-11-21
Coins, Oct 09, &excats=134-40&min_price=5000001, New York, Watertown, For Sale-Wanted, Collectibles, https://watertown.craigslist.org/clt/d/watertown-coins/6996353456.html,,2019-10-09,US,2019-11-21
Coins, Oct 09, &excats=134-40&min_price=5000001, New York, Watertown, For Sale-Wanted, Collectibles, https://watertown.craigslist.org/clt/d/watertown-coins/6996350568.html,,2019-10-09,US,2019-11-21
2004 nissan titan parts, Oct 09, &excats=134-40&min_price=5000001, Maine, Maine, For Sale-Wanted, Auto Parts by Owner, https://maine.craigslist.org/pts/d/blue-hill-2004-nissan-titan-parts/6996334754.html,,2019-10-09,US,2019-11-21
Horse Hay For Sale, Oct 09, &excats=134-40&min_price=5000001, Missouri, St Louis, For Sale-Wanted, Farm and Garden, https://stlouis.craigslist.org/grd/d/wentzville-horse-hay-for-sale/6995827273.html,,2019-10-09,US,2019-11-21
I am looking to buy vintage toys and signs, Oct 09, &excats=134-40&min_price=5000001, Missouri, St Louis, For Sale-Wanted, Wanted, https://stlouis.craigslist.org/wan/d/saint-louis-am-looking-to-buy-vintage/6980937622.html,Want,2019-10-09,US,2019-11-21
I am looking to buy vintage toys and signs, Oct 09, &excats=134-40&min_price=5000001, Missouri, St Louis, For Sale-Wanted, Wanted, https://stlouis.craigslist.org/wan/d/saint-louis-am-looking-to-buy-vintage/6980940855.html,Want,2019-10-09,US,2019-11-21
I am looking to buy old toys  signs  advertising  thermometers  clocks  ant, Oct 09, &excats=134-40&min_price=5000001, Missouri, St Louis, For Sale-Wanted, General, https://stlouis.craigslist.org/for/d/saint-louis-am-looking-to-buy-old-toys/6980953605.html,Want,2019-10-09,US,2019-11-21
Firewood, Oct 09, &excats=134-40&min_price=5000001, Oklahoma, Tulsa, For Sale-Wanted, Wanted, https://tulsa.craigslist.org/wan/d/portales-firewood/6996402943.html,,2019-10-09,US,2019-11-21
1999 MERCEDES ML 320 FOR PARTS, Oct 09, &excats=134-40&min_price=5000001, New Jersey, Jersey Shore, For Sale-Wanted, Auto Parts by Owner, https://jerseyshore.craigslist.org/pts/d/brick-1999-mercedes-ml-320-for-parts/6976339346.html,,2019-10-09,US,2019-11-21
Dept 56 Original Snow Village, Oct 09, &excats=134-40&min_price=5000001, New Jersey, Jersey Shore, For Sale-Wanted, Collectibles, https://jerseyshore.craigslist.org/clt/d/manahawkin-dept-56-original-snow-village/6995981138.html,,2019-10-09,US,2019-11-21
Dept 56 Original Snow Village, Oct 09, &excats=134-40&min_price=5000001, New Jersey, South Jersey, For Sale-Wanted, Collectibles, https://southjersey.craigslist.org/clt/d/manahawkin-dept-56-original-snow-village/6995972627.html,,2019-10-09,US,2019-11-21
Lots of stuff for sale, Oct 09, &excats=134-40&min_price=5000001, Texas, Austin, For Sale-Wanted, Collectibles, https://austin.craigslist.org/clt/d/hutto-lots-of-stuff-for-sale/6996271730.html,,2019-10-09,US,2019-11-21
Kenworth T660, Oct 09, &excats=134-40&min_price=5000001, Texas, El Paso, For Sale-Wanted, Heavy Equipment, https://elpaso.craigslist.org/hvo/d/el-paso-kenworth-t660/6996305343.html,,2019-10-09,US,2019-11-21
bus PARTY BUS EL PASO TX XV SWEET 16 MORE, Oct 09, &excats=134-40&min_price=5000001, Texas, El Paso, For Sale-Wanted, General, https://elpaso.craigslist.org/for/d/el-paso-bus-party-bus-el-paso-tx-xv/6983780895.html,,2019-10-09,US,2019-11-21
carpas mesas sillas jumping ballons party rentals, Oct 09, &excats=134-40&min_price=5000001, Texas, El Paso, For Sale-Wanted, General, https://elpaso.craigslist.org/for/d/el-paso-carpas-mesas-sillas-jumping/6990224334.html,,2019-10-09,US,2019-11-21
Honda S2000 engine parts, Oct 09, &excats=134-40&min_price=5000001, Kentucky, Louisville, For Sale-Wanted, Auto Parts by Owner, https://louisville.craigslist.org/pts/d/clarksville-honda-s2000-engine-parts/6996028183.html,,2019-10-09,US,2019-11-21
Module builder and spray boom, Oct 09, &excats=134-40&min_price=5000001, Tennessee, Jackson, For Sale-Wanted, Farm and Garden, https://jacksontn.craigslist.org/grd/d/maury-city-module-builder-and-spray-boom/6976284104.html,,2019-10-09,US,2019-11-21
Mazdaspeed 3 gen 2, Oct 09, &excats=134-40&min_price=5000001, California, Palm Springs, For Sale-Wanted, Auto Parts by Owner, https://palmsprings.craigslist.org/pts/d/cathedral-city-mazdaspeed-3-gen-2/6996432853.html,,2019-10-09,US,2019-11-21
Washer and dryer, Oct 09, &excats=134-40&min_price=5000001, Alaska, Fairbanks, For Sale-Wanted, Household, https://fairbanks.craigslist.org/hsh/d/fort-greely-washer-and-dryer/6980152156.html,,2019-10-09,US,2019-11-21
Great Lakes Heavy Equipment Repair, Oct 09, &excats=134-40&min_price=5000001, Michigan, Flint, For Sale-Wanted, Heavy Equipment, https://flint.craigslist.org/hvo/d/lapeer-great-lakes-heavy-equipment/6996297499.html,,2019-10-09,US,2019-11-21
Workshop Wanted, Oct 08, &excats=134-40&min_price=5000001, Wisconsin, Madison, For Sale-Wanted, Wanted, https://madison.craigslist.org/wan/d/portage-workshop-wanted/6995126128.html,Want,2019-10-08,US,2019-11-21
Estate Sale, Oct 08, &excats=134-40&min_price=5000001, Wisconsin, Milwaukee, For Sale-Wanted, Furniture, https://milwaukee.craigslist.org/fuo/d/milwaukee-estate-sale/6995094936.html,,2019-10-08,US,2019-11-21
ISO Commercial Kitchen Space for rent, Oct 08, &excats=134-40&min_price=5000001, North Carolina, Boone, For Sale-Wanted, Wanted, https://boone.craigslist.org/wan/d/boone-iso-commercial-kitchen-space-for/6995364320.html,,2019-10-08,US,2019-11-21
CURRENT TOOLS CABLE PULLER PACKAGE, Oct 08, &excats=134-40&min_price=5000001, Ohio, Cincinnati, For Sale-Wanted, General, https://cincinnati.craigslist.org/for/d/springfield-current-tools-cable-puller/6986994584.html,,2019-10-08,US,2019-11-21
Clinton Bailey flea market open year-round Saturday and Sunday multipl, Oct 08, &excats=134-40&min_price=5000001, New York, Buffalo, For Sale-Wanted, Antique By Owner, https://buffalo.craigslist.org/atq/d/buffalo-clinton-bailey-flea-market-open/6995689524.html,,2019-10-08,US,2019-11-21
2001 Chrysler PT Cruiser, Oct 08, &excats=134-40&min_price=5000001, Iowa, Dubuque, For Sale-Wanted, Auto Parts by Owner, https://dubuque.craigslist.org/pts/d/farley-2001-chrysler-pt-cruiser/6995689419.html,,2019-10-08,US,2019-11-21
Tools, Oct 08, &excats=134-40&min_price=5000001, Pennsylvania, Harrisburg, For Sale-Wanted, Tools, https://harrisburg.craigslist.org/tls/d/harrisburg-tools/6995153328.html,,2019-10-08,US,2019-11-21
Cash paid for jewelry coins gold silver, Oct 08, &excats=134-40&min_price=5000001, Pennsylvania, Philadelphia, For Sale-Wanted, Wanted, https://philadelphia.craigslist.org/wan/d/bensalem-cash-paid-for-jewelry-coins/6974429467.html,,2019-10-08,US,2019-11-21
Old Porsches Wanted, Oct 08, &excats=134-40&min_price=5000001, Pennsylvania, Philadelphia, For Sale-Wanted, Wanted, https://philadelphia.craigslist.org/wan/d/huntingdon-valley-old-porsches-wanted/6984968823.html,Want,2019-10-08,US,2019-11-21
LOOKING TO PURCHASE COMICS COLLECTIONS OR LARGER LOTS OF COMICS, Oct 08, &excats=134-40&min_price=5000001, Pennsylvania, Pittsburgh, For Sale-Wanted, Wanted, https://pittsburgh.craigslist.org/wan/d/pittsburgh-looking-to-purchase-comics/6995503932.html,Want,2019-10-08,US,2019-11-21
5ton Trane condensor and A coil, Oct 08, &excats=134-40&min_price=5000001, Missouri, Springfield, For Sale-Wanted, Appliance by Owner, https://springfield.craigslist.org/app/d/monett-5ton-trane-condensor-and-coil/6995416385.html,,2019-10-08,US,2019-11-21
Lionel Train Shop Closing, Oct 08, &excats=134-40&min_price=5000001, Missouri, St Louis, For Sale-Wanted, Collectibles, https://stlouis.craigslist.org/clt/d/saint-louis-lionel-train-shop-closing/6995421075.html,,2019-10-08,US,2019-11-21
Doberman, Oct 08, &excats=134-40&min_price=5000001, Oklahoma, Oklahoma City, For Sale-Wanted, Wanted, https://oklahomacity.craigslist.org/wan/d/minco-doberman/6995685008.html,,2019-10-08,US,2019-11-21
Cash in hand for all atvs dirtbikes sportbike Harley wrecked any shape, Oct 08, &excats=134-40&min_price=5000001, New Jersey, South Jersey, For Sale-Wanted, Wanted, https://southjersey.craigslist.org/wan/d/newtown-cash-in-hand-for-all-atvs/6995389616.html,,2019-10-08,US,2019-11-21
1994 Chevy Dually, Oct 08, &excats=134-40&min_price=5000001, New Jersey, South Jersey, For Sale-Wanted, Auto Parts by Owner, https://southjersey.craigslist.org/pts/d/atco-1994-chevy-dually/6995138884.html,,2019-10-08,US,2019-11-21
PAYING CASH FOR ROLEX WATCHES!, Oct 08, &excats=134-40&min_price=5000001, Florida, Jacksonville, For Sale-Wanted, Jewelry, https://jacksonville.craigslist.org/jwl/d/jacksonville-paying-cash-for-rolex/6995637482.html,,2019-10-08,US,2019-11-21
??Swiss watch collector looking for Rolex Omega, Oct 08, &excats=134-40&min_price=5000001, Florida, Orlando, For Sale-Wanted, Jewelry, https://orlando.craigslist.org/jwl/d/swiss-watch-collector-looking-for-rolex/6995184107.html,Want,2019-10-08,US,2019-11-21
Christmas misc, Oct 08, &excats=134-40&min_price=5000001, Florida, Orlando, For Sale-Wanted, Art by Owner, https://orlando.craigslist.org/art/d/kissimmee-christmas-misc/6994987783.html,,2019-10-08,US,2019-11-21
Century-Old Home in Austin County, Oct 08, &excats=134-40&min_price=5000001, Texas, Austin, For Sale-Wanted, General, https://austin.craigslist.org/for/d/austin-century-old-home-in-austin-county/6995498523.html,,2019-10-08,US,2019-11-21
COMPANION PASS WANTED, Oct 08, &excats=134-40&min_price=5000001, Texas, Houston, For Sale-Wanted, Tickets, https://houston.craigslist.org/tix/d/houston-companion-pass-wanted/6995561815.html,Want,2019-10-08,US,2019-11-21
1981-1987 Pontiac Grand Prix, Oct 08, &excats=134-40&min_price=5000001, Texas, Houston, For Sale-Wanted, Auto Parts by Owner, https://houston.craigslist.org/pts/d/houston-pontiac-grand-prix/6995282768.html,,2019-10-08,US,2019-11-21
WARNING...TRAILER/RV ADS, Oct 08, &excats=134-40&min_price=5000001, Nevada, Las Vegas, For Sale-Wanted, NA, https://lasvegas.craigslist.org/tro/d/las-vegas-warningtrailer-rv-ads/6995614480.html,,2019-10-08,US,2019-11-21
Hip Hop Jewelry....store closing, Oct 08, &excats=134-40&min_price=5000001, South Carolina, Charleston, For Sale-Wanted, Jewelry, https://charleston.craigslist.org/jwl/d/myrtle-beach-hip-hop-jewelrystore/6995245970.html,,2019-10-08,US,2019-11-21
Hip Hop Jewelry....store closing, Oct 08, &excats=134-40&min_price=5000001, South Carolina, Myrtle Beach, For Sale-Wanted, Jewelry, https://myrtlebeach.craigslist.org/jwl/d/myrtle-beach-hip-hop-jewelrystore/6995224029.html,,2019-10-08,US,2019-11-21
Firewood, Oct 08, &excats=134-40&min_price=5000001, Kentucky, Lexington, For Sale-Wanted, Farm and Garden, https://lexington.craigslist.org/grd/d/lancaster-firewood/6995321799.html,,2019-10-08,US,2019-11-21
HARLEY PARTS PARTS, Oct 08, &excats=134-40&min_price=5000001, Kentucky, Lexington, For Sale-Wanted, Motorcycle Parts, https://lexington.craigslist.org/mpo/d/lawrenceburg-harley-parts-parts/6975905025.html,,2019-10-08,US,2019-11-21
Fence and deck staining, Oct 08, &excats=134-40&min_price=5000001, Tennessee, Nashville, For Sale-Wanted, General, https://nashville.craigslist.org/for/d/carthage-fence-and-deck-staining/6995658765.html,,2019-10-08,US,2019-11-21
2008-2012 Honda Accord coupe doors, Oct 08, &excats=134-40&min_price=5000001, California, Inland Empire, For Sale-Wanted, Auto Parts by Owner, https://inlandempire.craigslist.org/pts/d/riverside-honda-accord-coupe-doors/6975027189.html,,2019-10-08,US,2019-11-21
2006-2011 honda civic hybrid black color parts  quartes panels etc, Oct 08, &excats=134-40&min_price=5000001, California, Inland Empire, For Sale-Wanted, Auto Parts by Owner, https://inlandempire.craigslist.org/pts/d/riverside-honda-civic-hybrid-black/6974789081.html,,2019-10-08,US,2019-11-21
BARS BARS BARS BARS BARS BARS, Oct 08, &excats=134-40&min_price=5000001, California, Orange County, For Sale-Wanted, Bike Parts, https://orangecounty.craigslist.org/bop/d/santa-ana-bars-bars-bars-bars-bars-bars/6976100466.html,,2019-10-08,US,2019-11-21
Beds Chests Sofas Decor & more, Oct 08, &excats=134-40&min_price=5000001, Kansas, Wichita, For Sale-Wanted, Furniture, https://wichita.craigslist.org/fuo/d/wichita-beds-chests-sofas-decor-more/6975483262.html,,2019-10-08,US,2019-11-21
Beautiful SINK Vessel, Oct 08, &excats=134-40&min_price=5000001, Georgia, Atlanta, For Sale-Wanted, Materials, https://atlanta.craigslist.org/sat/mat/d/hampton-beautiful-sink-vessel/6995227697.html,,2019-10-08,US,2019-11-21
Save big Brand New Fridges, Oct 08, &excats=134-40&min_price=5000001, Alabama, Tuscaloosa, For Sale-Wanted, Appliance by Owner, https://tuscaloosa.craigslist.org/app/d/tuscaloosa-save-big-brand-new-fridges/6977029593.html,,2019-10-08,US,2019-11-21
1990 Honda prelude parts only, Oct 08, &excats=134-40&min_price=5000001, Washington, Yakima, For Sale-Wanted, Auto Parts by Owner, https://yakima.craigslist.org/pts/d/yakima-1990-honda-prelude-parts-only/6995324603.html,,2019-10-08,US,2019-11-21
ISO Camping Gear, Oct 08, &excats=134-40&min_price=5000001, Michigan, Kalamazoo, For Sale-Wanted, Wanted, https://kalamazoo.craigslist.org/wan/d/iso-camping-gear/6995198019.html,,2019-10-08,US,2019-11-21
Christian and Religious Books, Oct 08, &excats=134-40&min_price=5000001, Nebraska, Lincoln, For Sale-Wanted, Books, https://lincoln.craigslist.org/bks/d/lincoln-christian-and-religious-books/6995221479.html,,2019-10-08,US,2019-11-21
Signed autograph Michael Jackson photos, Oct 07, &excats=134-40&min_price=5000001, Arkansas, Little Rock, For Sale-Wanted, Photo And Video, https://littlerock.craigslist.org/pho/d/russellville-signed-autograph-michael/6994681862.html,,2019-10-07,US,2019-11-21
Miller Pro chopper boxes, Oct 07, &excats=134-40&min_price=5000001, Wisconsin, Madison, For Sale-Wanted, Farm and Garden, https://madison.craigslist.org/grd/d/randolph-miller-pro-chopper-boxes/6994769451.html,,2019-10-07,US,2019-11-21
Baby and nursing items, Oct 07, &excats=134-40&min_price=5000001, Colorado, Boulder, For Sale-Wanted, Baby Kids by Owner, https://boulder.craigslist.org/bab/d/boulder-baby-and-nursing-items/6975059502.html,,2019-10-07,US,2019-11-21
Notre Dame tickets and/or parking wanted for October 12, Oct 07, &excats=134-40&min_price=5000001, Illinois, Chicago, For Sale-Wanted, Tickets, https://southbend.craigslist.org/tix/d/chicago-notre-dame-tickets-and-or/6994796602.html,Want,2019-10-07,US,2019-11-21
08 saturn astra, Oct 07, &excats=134-40&min_price=5000001, Minnesota, Brainerd, For Sale-Wanted, General, https://brainerd.craigslist.org/for/d/brainerd-08-saturn-astra/6994946444.html,,2019-10-07,US,2019-11-21
Hail and dent repair, Oct 07, &excats=134-40&min_price=5000001, Minnesota, Mankato, For Sale-Wanted, General, https://mankato.craigslist.org/for/d/nicollet-hail-and-dent-repair/6994392409.html,,2019-10-07,US,2019-11-21
2 Antique historic 1890s-1910 Cowboy high back saddles, Oct 07, &excats=134-40&min_price=5000001, Ohio, Cincinnati, For Sale-Wanted, Farm and Garden, https://cincinnati.craigslist.org/grd/d/alexandria-2-antique-historic-1890s/6994588377.html,,2019-10-07,US,2019-11-21
Vintage Toys and Video Games 70&#39;s-90&#39;s, Oct 07, &excats=134-40&min_price=5000001, New York, Albany, For Sale-Wanted, Toys And Games, https://albany.craigslist.org/tag/d/troy-vintage-toys-and-video-games-70s/6994929298.html,,2019-10-07,US,2019-11-21
Honda Rancher 420 4x4, Oct 07, &excats=134-40&min_price=5000001, New York, Hudson Valley, For Sale-Wanted, ATVs UTVs by Owner, https://hudsonvalley.craigslist.org/snw/d/chester-honda-rancher-420-4x4/6982030164.html,,2019-10-07,US,2019-11-21
chain saw collection, Oct 07, &excats=134-40&min_price=5000001, New York, Rochester, For Sale-Wanted, Antique By Owner, https://rochester.craigslist.org/atq/d/dearing-chain-saw-collection/6994619713.html,,2019-10-07,US,2019-11-21
Kids soccer gear, Oct 07, &excats=134-40&min_price=5000001, Pennsylvania, Lancaster, For Sale-Wanted, Sporting Goods, https://lancaster.craigslist.org/spo/d/brownstown-kids-soccer-gear/6976223531.html,,2019-10-07,US,2019-11-21
Soccer gear, Oct 07, &excats=134-40&min_price=5000001, Pennsylvania, Lancaster, For Sale-Wanted, Baby Kids by Owner, https://lancaster.craigslist.org/bab/d/brownstown-soccer-gear/6976223008.html,,2019-10-07,US,2019-11-21
HALLOWEEN COSTUMES, Oct 07, &excats=134-40&min_price=5000001, Pennsylvania, Pittsburgh, For Sale-Wanted, Baby Kids by Owner, https://pittsburgh.craigslist.org/bab/d/pittsburgh-halloween-costumes/6989824141.html,,2019-10-07,US,2019-11-21
chain saw collection, Oct 07, &excats=134-40&min_price=5000001, Missouri, Kansas City, For Sale-Wanted, Antique By Owner, https://kansascity.craigslist.org/atq/d/dearing-chain-saw-collection/6994575626.html,,2019-10-07,US,2019-11-21
76/77 Buick regal century, Oct 07, &excats=134-40&min_price=5000001, Oklahoma, Oklahoma City, For Sale-Wanted, Auto Parts by Owner, https://oklahomacity.craigslist.org/pts/d/wellston-buick-regal-century/6994433018.html,,2019-10-07,US,2019-11-21
??Swiss watch collector looking for Rolex Omega, Oct 07, &excats=134-40&min_price=5000001, Florida, Jacksonville, For Sale-Wanted, Wanted, https://jacksonville.craigslist.org/wan/d/swiss-watch-collector-looking-for-rolex/6994942886.html,Want,2019-10-07,US,2019-11-21
antique veg stand, Oct 07, &excats=134-40&min_price=5000001, Florida, Jacksonville, For Sale-Wanted, Antique By Owner, https://jacksonville.craigslist.org/atq/d/alma-antique-veg-stand/6975465558.html,,2019-10-07,US,2019-11-21
Swiss watch collector looking for Rolex Omega, Oct 07, &excats=134-40&min_price=5000001, Florida, Ocala, For Sale-Wanted, Jewelry, https://ocala.craigslist.org/jwl/d/ocala-swiss-watch-collector-looking-for/6994940204.html,Want,2019-10-07,US,2019-11-21
Gold Buyers Diamond Buyers Rolex Buyers Jewelry Buyers Cash, Oct 07, &excats=134-40&min_price=5000001, Florida, Ocala, For Sale-Wanted, Jewelry, https://ocala.craigslist.org/jwl/d/ocala-gold-buyers-diamond-buyers-rolex/6994936008.html,,2019-10-07,US,2019-11-21
??Swiss watch collector looking for Rolex Omega, Oct 07, &excats=134-40&min_price=5000001, Florida, Orlando, For Sale-Wanted, Jewelry, https://orlando.craigslist.org/jwl/d/kissimmee-swiss-watch-collector-looking/6994909160.html,Want,2019-10-07,US,2019-11-21
Used Sunglasses, Oct 07, &excats=134-40&min_price=5000001, Texas, San Antonio, For Sale-Wanted, Clothes, https://sanantonio.craigslist.org/clo/d/san-antonio-used-sunglasses/6994719794.html,,2019-10-07,US,2019-11-21
Chevy Cobalt parts cars several, Oct 07, &excats=134-40&min_price=5000001, Kentucky, Lexington, For Sale-Wanted, Auto Parts by Owner, https://lexington.craigslist.org/pts/d/oneida-chevy-cobalt-parts-cars-several/6976904582.html,,2019-10-07,US,2019-11-21
chain saw collection, Oct 07, &excats=134-40&min_price=5000001, Kansas, Topeka, For Sale-Wanted, Farm and Garden, https://topeka.craigslist.org/grd/d/dearing-chain-saw-collection/6994641347.html,,2019-10-07,US,2019-11-21
WANTED: Drivers Door Glass 1948 Chevy Truck, Oct 07, &excats=134-40&min_price=5000001, Idaho, Boise, For Sale-Wanted, Wanted, https://boise.craigslist.org/wan/d/caldwell-wanted-drivers-door-glass-1948/6994286673.html,Want,2019-10-07,US,2019-11-21
We Buy We Buy, Oct 07, &excats=134-40&min_price=5000001, Georgia, Atlanta, For Sale-Wanted, Wanted, https://atlanta.craigslist.org/atl/wan/d/stone-mountain-we-buy-we-buy/6994515366.html,,2019-10-07,US,2019-11-21
Cash For Cards, Oct 07, &excats=134-40&min_price=5000001, Georgia, Atlanta, For Sale-Wanted, Wanted, https://atlanta.craigslist.org/atl/wan/d/duluth-cash-for-cards/6994518624.html,,2019-10-07,US,2019-11-21
Vintage bike light, Oct 07, &excats=134-40&min_price=5000001, Georgia, Augusta, For Sale-Wanted, Antique By Owner, https://augusta.craigslist.org/atq/d/lincolnton-vintage-bike-light/6994963598.html,,2019-10-07,US,2019-11-21
WANTED FMF HEADER & MUFFLER, Oct 07, &excats=134-40&min_price=5000001, New Mexico, Albuquerque, For Sale-Wanted, Wanted, https://albuquerque.craigslist.org/wan/d/albuquerque-wanted-fmf-header-muffler/6983930349.html,Want,2019-10-07,US,2019-11-21
LOOKING FOR A 2001 KX65 ENGINE MOTOR, Oct 07, &excats=134-40&min_price=5000001, New Mexico, Albuquerque, For Sale-Wanted, Wanted, https://albuquerque.craigslist.org/wan/d/looking-for-2001-kx65-engine-motor/6981871767.html,Want,2019-10-07,US,2019-11-21
Airplane RV, Oct 07, &excats=134-40&min_price=5000001, New Mexico, Las Cruces, For Sale-Wanted, NA, https://lascruces.craigslist.org/avo/d/hatch-airplane-rv/6982651916.html,,2019-10-07,US,2019-11-21
Wanted Roosters, Oct 07, &excats=134-40&min_price=5000001, Michigan, Port Huron, For Sale-Wanted, Farm and Garden, https://porthuron.craigslist.org/grd/d/wanted-roosters/6973898078.html,Want,2019-10-07,US,2019-11-21
Antique from all kinds, Oct 07, &excats=134-40&min_price=5000001, Oregon, Salem, For Sale-Wanted, Antique By Owner, https://salem.craigslist.org/atq/d/salem-antique-from-all-kinds/6994558863.html,,2019-10-07,US,2019-11-21
