Listing,Date,Keyword,State,City,Category,Sub Category,Listing URL,Potential,Numbered Date,Country, Date Searched
2010 Challenger 965C w/ Bron DL400 Tile Plow, Nov 21, &excats=134-40&min_price=200000&max_price=1000000, Iowa, Des Moines, For Sale-Wanted, Heavy Equipment, https://desmoines.craigslist.org/hvo/d/rockwell-2010-challenger-965c-bron/7004464445.html,,2019-11-21,US,2019-11-21
2010 Challenger 965C w/ Bron DL400 Tile Plow, Nov 21, &excats=134-40&min_price=200000&max_price=1000000, Iowa, Des Moines, For Sale-Wanted, Farm and Garden, https://desmoines.craigslist.org/grd/d/rockwell-2010-challenger-965c-bron/7004460998.html,,2019-11-21,US,2019-11-21
2010 Challenger 965C w/ Bron DL400 Tile Plow, Nov 21, &excats=134-40&min_price=200000&max_price=1000000, Iowa, Mason City, For Sale-Wanted, Farm and Garden, https://masoncity.craigslist.org/grd/d/rockwell-2010-challenger-965c-bron/7004471407.html,,2019-11-21,US,2019-11-21
2010 Challenger 965C w/ Bron DL 400 Tile Plow, Nov 21, &excats=134-40&min_price=200000&max_price=1000000, Iowa, Mason City, For Sale-Wanted, Heavy Equipment, https://masoncity.craigslist.org/hvo/d/rockwell-2010-challenger-965c-bron-dl/7004469629.html,,2019-11-21,US,2019-11-21
Buy anytime Old WatchesCoinsSilverGold Coin Anytime Cash, Nov 21, &excats=134-40&min_price=200000&max_price=1000000, Georgia, Atlanta, For Sale-Wanted, Jewelry, https://atlanta.craigslist.org/atl/jwl/d/atlanta-buy-anytime-old/7012529735.html,,2019-11-21,US,2019-11-21
93.7 Acre Farm in Tifton For Lease or Sale, Nov 21, &excats=134-40&min_price=200000&max_price=1000000, Georgia, Atlanta, For Sale-Wanted, Farm and Garden, https://atlanta.craigslist.org/atl/grd/d/tifton-937-acre-farm-in-tifton-for/7012431273.html,,2019-11-21,US,2019-11-21
1997 Caterpillar 953C, Nov 21, &excats=134-40&min_price=200000&max_price=1000000, Georgia, Atlanta, For Sale-Wanted, Heavy Equipment, https://atlanta.craigslist.org/eat/hvo/d/lawrenceville-1997-caterpillar-953c/7009375259.html,,2019-11-21,US,2019-11-21
93.7 Acre Farm in Tifton For Lease or Sale, Nov 21, &excats=134-40&min_price=200000&max_price=1000000, Georgia, Valdosta, For Sale-Wanted, Farm and Garden, https://valdosta.craigslist.org/grd/d/tifton-937-acre-farm-in-tifton-for/7012429393.html,,2019-11-21,US,2019-11-21
86 sternwheeler houseboat, Nov 21, &excats=134-40&min_price=200000&max_price=1000000, South Carolina, Columbia, For Sale-Wanted, Boat Parts, https://columbia.craigslist.org/boa/d/liberty-hill-86-sternwheeler-houseboat/7017288979.html,,2019-11-21,US,2019-11-21
8.5 Acres in Conway S.C., Nov 21, &excats=134-40&min_price=200000&max_price=1000000, South Carolina, Myrtle Beach, For Sale-Wanted, Farm and Garden, https://myrtlebeach.craigslist.org/grd/d/conway-85-acres-in-conway-sc/7024377632.html,,2019-11-21,US,2019-11-21
82 Acres Cannabis Farm, Nov 21, &excats=134-40&min_price=200000&max_price=1000000, Massachusetts, Boston, For Sale-Wanted, Farm and Garden, https://boston.craigslist.org/bmw/grd/d/sudbury-82-acres-cannabis-farm/7018770981.html,,2019-11-21,US,2019-11-21
-??BUYER IPHONE X XS 11 PRO MAX  XR  8  7 PLUS MACBOOK ?? CASH NOW, Nov 21, &excats=134-40&min_price=200000&max_price=1000000, Arizona, Phoenix, For Sale-Wanted, Wanted, https://phoenix.craigslist.org/nph/wad/d/phoenix-buyer-iphone-xs-11-pro-max-xr/7024341082.html,,2019-11-21,US,2019-11-21
??BUYER IPHONE X XS 11 PRO MAX  XR  8  7 PLUS MACBOOK ?? CASH NOW, Nov 21, &excats=134-40&min_price=200000&max_price=1000000, Arizona, Phoenix, For Sale-Wanted, Wanted, https://phoenix.craigslist.org/nph/wad/d/phoenix-buyer-iphone-xs-11-pro-max-xr/7024284820.html,,2019-11-21,US,2019-11-21
??BUYER IPHONE X XS 11 PRO MAX  XR  8  7 PLUS MACBOOK ?? CASH NOW, Nov 21, &excats=134-40&min_price=200000&max_price=1000000, Arizona, Phoenix, For Sale-Wanted, Wanted, https://phoenix.craigslist.org/nph/wad/d/phoenix-buyer-iphone-xs-11-pro-max-xr/7024207807.html,,2019-11-21,US,2019-11-21
NoWwww NeeeW####galaxy S9 Un locked 64 $$##, Nov 21, &excats=134-40&min_price=200000&max_price=1000000, Nevada, Las Vegas, For Sale-Wanted, Cell Phones, https://lasvegas.craigslist.org/mob/d/las-vegas-nowwww-neeewgalaxy-s9-un/7009287407.html,,2019-11-21,US,2019-11-21
@@!WWE USED@S7/S7/S8/S9 edge/Metro PCs!! All Color Nee!!d %%RR, Nov 21, &excats=134-40&min_price=200000&max_price=1000000, Nevada, Las Vegas, For Sale-Wanted, Cell Phones, https://lasvegas.craigslist.org/mob/d/las-vegas-wwe-useds7-s7-s8-s9-edge/7009278406.html,,2019-11-21,US,2019-11-21
NE##@W Sell At iPhone X @tt Galaxy S8 s9 -[=&#39;]TTT, Nov 21, &excats=134-40&min_price=200000&max_price=1000000, Nevada, Las Vegas, For Sale-Wanted, Cell Phones, https://lasvegas.craigslist.org/mob/d/las-vegas-new-sell-at-iphone-tt-galaxy/7009276369.html,,2019-11-21,US,2019-11-21
Noww PARTS=Freshhh ?otter box for 8 plus 7splus $$, Nov 21, &excats=134-40&min_price=200000&max_price=1000000, Nevada, Las Vegas, For Sale-Wanted, Cell Phones, https://lasvegas.craigslist.org/mob/d/las-vegas-noww-partsfreshhh-otter-box/7017323350.html,,2019-11-21,US,2019-11-21
@@# Now MosT Pay F-PASSWORD-R iPHONE X 236 GB =neeed &&*, Nov 21, &excats=134-40&min_price=200000&max_price=1000000, Nevada, Las Vegas, For Sale-Wanted, Cell Phones, https://lasvegas.craigslist.org/mob/d/las-vegas-now-most-pay-password-iphone/7017230798.html,,2019-11-21,US,2019-11-21
Looking for 35 to 40 downeast, Nov 21, &excats=134-40&min_price=200000&max_price=1000000, Florida, Gainesville, For Sale-Wanted, Boat Parts, https://gainesville.craigslist.org/boa/d/greenland-looking-for-35-to-40-downeast/7024237289.html,Want,2019-11-21,US,2019-11-21
WE WANT UNWANTED HOMES AND ALL CONTENTS - NO ESTATE SALE NECESSARY!, Nov 21, &excats=134-40&min_price=200000&max_price=1000000, Florida, Jacksonville, For Sale-Wanted, Wanted, https://jacksonville.craigslist.org/wan/d/atlantic-beach-we-want-unwanted-homes/7007371220.html,Want,2019-11-21,US,2019-11-21
2015 Entegra Anthem, Nov 21, &excats=134-40&min_price=200000&max_price=1000000, Florida, Lakeland, For Sale-Wanted, RVs, https://lakeland.craigslist.org/rvs/d/polk-city-2015-entegra-anthem/7024240028.html,,2019-11-21,US,2019-11-21
Need private money for waterfront home- 65% ltv, Nov 21, &excats=134-40&min_price=200000&max_price=1000000, Florida, Orlando, For Sale-Wanted, Wanted, https://orlando.craigslist.org/wan/d/englewood-need-private-money-for/7010644418.html,Want,2019-11-21,US,2019-11-21
Waterfront home for sale, Nov 21, &excats=134-40&min_price=200000&max_price=1000000, Florida, Pensacola, For Sale-Wanted, General, https://pensacola.craigslist.org/for/d/milton-waterfront-home-for-sale/7024339520.html,,2019-11-21,US,2019-11-21
Porsche 1954 Pre-A Speedster, Nov 21, &excats=134-40&min_price=200000&max_price=1000000, Colorado, Boulder, For Sale-Wanted, Cars And Trucks, https://denver.craigslist.org/cto/d/boulder-porsche-1954-pre-speedster/7024500448.html,,2019-11-21,US,2019-11-21
Porsche 1954 Pre-A Speedster, Nov 21, &excats=134-40&min_price=200000&max_price=1000000, Colorado, Denver, For Sale-Wanted, Cars And Trucks, https://denver.craigslist.org/cto/d/boulder-porsche-1954-pre-speedster/7024500448.html,,2019-11-21,US,2019-11-21
Must see House, Nov 21, &excats=134-40&min_price=200000&max_price=1000000, Colorado, Denver, For Sale-Wanted, General, https://denver.craigslist.org/for/d/colorado-springs-must-see-house/7015751326.html,,2019-11-21,US,2019-11-21
HOUSE BOAT 67&#39; PLUCKEBAUM BAYMASTER COASTAL CRUISER - -, Nov 21, &excats=134-40&min_price=200000&max_price=1000000, Kentucky, Louisville, For Sale-Wanted, Boat Parts, https://louisville.craigslist.org/boa/d/channahon-house-boat-67-pluckebaum/7008574204.html,,2019-11-21,US,2019-11-21
Guinea Pig for Re-Home, Nov 21, &excats=134-40&min_price=200000&max_price=1000000, Virginia, Harrisonburg, For Sale-Wanted, General, https://harrisonburg.craigslist.org/for/d/stanley-guinea-pig-for-re-home/7024380860.html,,2019-11-21,US,2019-11-21
Cash Paid 4 Vintage Costume Jewelry & Old Pocket Watches, Nov 21, &excats=134-40&min_price=200000&max_price=1000000, Maryland, Baltimore, For Sale-Wanted, Wanted, https://baltimore.craigslist.org/wan/d/cash-paid-4-vintage-costume-jewelry-old/7011334521.html,,2019-11-21,US,2019-11-21
Cash Paid 4 Antiques & Household Items, Nov 21, &excats=134-40&min_price=200000&max_price=1000000, Maryland, Baltimore, For Sale-Wanted, Household, https://baltimore.craigslist.org/hsh/d/cash-paid-4-antiques-household-items/7022417685.html,,2019-11-21,US,2019-11-21
2014 Newmar Dutch Star 4369, Nov 21, &excats=134-40&min_price=200000&max_price=1000000, Michigan, Grand Rapids, For Sale-Wanted, RVs, https://grandrapids.craigslist.org/rvd/d/grand-rapids-2014-newmar-dutch-star-4369/7024304259.html,,2019-11-21,US,2019-11-21
We Buy NASCAR Racing Suits and Crew Shirt, Nov 21, &excats=134-40&min_price=200000&max_price=1000000, North Carolina, Charlotte, For Sale-Wanted, Wanted, https://charlotte.craigslist.org/wan/d/mooresville-we-buy-nascar-racing-suits/7020128753.html,,2019-11-21,US,2019-11-21
Land For Sale, Nov 21, &excats=134-40&min_price=200000&max_price=1000000, North Carolina, Charlotte, For Sale-Wanted, General, https://charlotte.craigslist.org/for/d/stanley-land-for-sale/7024449684.html,,2019-11-21,US,2019-11-21
Perfect location Lower Garden District, Nov 21, &excats=134-40&min_price=200000&max_price=1000000, Louisiana, New Orleans, For Sale-Wanted, General, https://neworleans.craigslist.org/for/d/new-orleans-perfect-location-lower/7014126046.html,,2019-11-21,US,2019-11-21
LAVADORAS Y SECADORES COMERCIALES, Nov 21, &excats=134-40&min_price=200000&max_price=1000000, Utah, Salt Lake City, For Sale-Wanted, Appliance by Owner, https://saltlakecity.craigslist.org/app/d/cheyenne-lavadoras-secadores-comerciales/7024369183.html,,2019-11-21,US,2019-11-21
$200/300/400 GRANITE SLABS FOR COUNTERTOPS/DRIVE A LITTLE SAVE ALOT!!!, Nov 21, &excats=134-40&min_price=200000&max_price=1000000, Utah, St George, For Sale-Wanted, Household, https://stgeorge.craigslist.org/hsh/d/granite-slabs-for-countertops-drive/7009666703.html,,2019-11-21,US,2019-11-21
Cabin By Donnelly For Sale By Owner, Nov 21, &excats=134-40&min_price=200000&max_price=1000000, Idaho, Boise, For Sale-Wanted, General, https://boise.craigslist.org/for/d/donnelly-cabin-by-donnelly-for-sale-by/7014019474.html,,2019-11-21,US,2019-11-21
Beds Sofas Chests & Dinettes & Decor, Nov 21, &excats=134-40&min_price=200000&max_price=1000000, Kansas, Wichita, For Sale-Wanted, Furniture, https://wichita.craigslist.org/fuo/d/wichita-beds-sofas-chests-dinettes-decor/7011349225.html,,2019-11-21,US,2019-11-21
2018 Newmar Dutch Star 3718, Nov 21, &excats=134-40&min_price=200000&max_price=1000000, Tennessee, Memphis, For Sale-Wanted, RVs, https://memphis.craigslist.org/rvd/d/little-rock-2018-newmar-dutch-star-3718/7024512540.html,,2019-11-21,US,2019-11-21
3 bedroom 2 bath 35 minutes from Nashville, Nov 21, &excats=134-40&min_price=200000&max_price=1000000, Tennessee, Nashville, For Sale-Wanted, General, https://nashville.craigslist.org/for/d/white-bluff-3-bedroom-2-bath-35-minutes/7023113395.html,,2019-11-21,US,2019-11-21
Ducks, Nov 21, &excats=134-40&min_price=200000&max_price=1000000, Tennessee, Nashville, For Sale-Wanted, Farm and Garden, https://nashville.craigslist.org/grd/d/red-boiling-springs-ducks/7024274136.html,,2019-11-21,US,2019-11-21
****Metal wanted****, Nov 21, &excats=134-40&min_price=200000&max_price=1000000, Pennsylvania, Philadelphia, For Sale-Wanted, Wanted, https://philadelphia.craigslist.org/wan/d/metal-wanted/7024241953.html,Want,2019-11-21,US,2019-11-21
2019 Lamborghini Urus, Nov 21, &excats=134-40&min_price=200000&max_price=1000000, Pennsylvania, Pittsburgh, For Sale-Wanted, Cars And by Dealer, https://pittsburgh.craigslist.org/ctd/d/cuyahoga-falls-2019-lamborghini-urus/7024436667.html,,2019-11-21,US,2019-11-21
===> I BUY iPHONE 11 / 11 PRO / 11 PRO MAX / XS / XR / X / iPAD / MAC, Nov 21, &excats=134-40&min_price=200000&max_price=1000000, Texas, Austin, For Sale-Wanted, Wanted, https://austin.craigslist.org/wad/d/austin-buy-iphone-pro-11-pro-max-xs-xr/7024247858.html,,2019-11-21,US,2019-11-21
1971 OLDSMOBILE CUTLASS S 350 ROCKET AUTOMATIC-SEMI PROJECT  CLASSIC, Nov 21, &excats=134-40&min_price=200000&max_price=1000000, Texas, El Paso, For Sale-Wanted, Auto Parts by Owner, https://elpaso.craigslist.org/pts/d/el-paso-1971-oldsmobile-cutlass-350/7016235410.html,,2019-11-21,US,2019-11-21
CONCRETE SLAB SPECIALS 10X10 $475 20X20 $950, Nov 21, &excats=134-40&min_price=200000&max_price=1000000, Texas, El Paso, For Sale-Wanted, General, https://elpaso.craigslist.org/for/d/el-paso-concrete-slab-specials-10x-x20/7024284386.html,,2019-11-21,US,2019-11-21
unrestricted rural land, Nov 21, &excats=134-40&min_price=200000&max_price=1000000, Texas, Houston, For Sale-Wanted, Farm and Garden, https://houston.craigslist.org/grd/d/beasley-unrestricted-rural-land/7024425299.html,,2019-11-21,US,2019-11-21
unrestricted rural land, Nov 21, &excats=134-40&min_price=200000&max_price=1000000, Texas, Houston, For Sale-Wanted, Farm and Garden, https://houston.craigslist.org/grd/d/beasley-unrestricted-rural-land/7024425572.html,,2019-11-21,US,2019-11-21
Wanted Jeep wrangler, Nov 21, &excats=134-40&min_price=200000&max_price=1000000, Texas, Houston, For Sale-Wanted, Cars And by Dealer, https://houston.craigslist.org/ctd/d/houston-wanted-jeep-wrangler/7024418062.html,Want,2019-11-21,US,2019-11-21
HVAC Business Wanted, Nov 21, &excats=134-40&min_price=200000&max_price=1000000, Texas, Houston, For Sale-Wanted, Wanted, https://houston.craigslist.org/wan/d/sugar-land-hvac-business-wanted/7008738854.html,Want,2019-11-21,US,2019-11-21
Plumbing Business Wanted, Nov 21, &excats=134-40&min_price=200000&max_price=1000000, Texas, Houston, For Sale-Wanted, Wanted, https://houston.craigslist.org/wan/d/sugar-land-plumbing-business-wanted/7008741979.html,Want,2019-11-21,US,2019-11-21
INTRO OFFER: Discover will match ALL the cash back you&#39;ve earned, Nov 21, &excats=134-40&min_price=200000&max_price=1000000, District of Columbia, Washington, For Sale-Wanted, Cell Phones, https://washingtondc.craigslist.org/nva/mob/d/falls-church-intro-offer-discover-will/7019250573.html,,2019-11-21,US,2019-11-21
Hazme pensar maldita  estaremos fuera de orden. Subimos demasiado al, Nov 21, &excats=134-40&min_price=200000&max_price=1000000, District of Columbia, Washington, For Sale-Wanted, Cell Phones, https://washingtondc.craigslist.org/doc/mob/d/washington-hazme-pensar-maldita/7005550138.html,,2019-11-21,US,2019-11-21
WATER/BAY VIEW 4 Br 2Bath 1752 SQFt HOUSE/LOT TO BE DEVELOP IN 2 LOTS, Nov 21, &excats=134-40&min_price=200000&max_price=1000000, District of Columbia, Washington, For Sale-Wanted, General, https://washingtondc.craigslist.org/mld/for/d/saint-leonard-water-bay-view-4-br-2bath/7018548034.html,,2019-11-21,US,2019-11-21
STEELCASE LEAP & THINK OFFICE CHAIRS, Nov 21, &excats=134-40&min_price=200000&max_price=1000000, District of Columbia, Washington, For Sale-Wanted, Furniture, https://washingtondc.craigslist.org/mld/fuo/d/silver-spring-steelcase-leap-think/7024349083.html,,2019-11-21,US,2019-11-21
STEELCASE LEAP & THINK OFFICE CHAIRS, Nov 21, &excats=134-40&min_price=200000&max_price=1000000, District of Columbia, Washington, For Sale-Wanted, Furniture, https://washingtondc.craigslist.org/mld/fuo/d/silver-spring-steelcase-leap-think/7024348625.html,,2019-11-21,US,2019-11-21
animated series She-Ra and the Princesses, Nov 21, &excats=134-40&min_price=200000&max_price=1000000, District of Columbia, Washington, For Sale-Wanted, Cell Phones, https://washingtondc.craigslist.org/nva/mob/d/springfield-animated-series-she-ra-and/7007020000.html,,2019-11-21,US,2019-11-21
House-Hobby Farm For Sale, Nov 21, &excats=134-40&min_price=200000&max_price=1000000, District of Columbia, Washington, For Sale-Wanted, Farm and Garden, https://washingtondc.craigslist.org/doc/grd/d/front-royal-house-hobby-farm-for-sale/7024301797.html,,2019-11-21,US,2019-11-21
Critters3 is aAmerican science fiction, Nov 21, &excats=134-40&min_price=200000&max_price=1000000, District of Columbia, Washington, For Sale-Wanted, Cell Phones, https://washingtondc.craigslist.org/doc/mob/d/washington-critters3-is-aamerican/7006994358.html,,2019-11-21,US,2019-11-21
Home for Sale by Owner, Nov 21, &excats=134-40&min_price=200000&max_price=1000000, District of Columbia, Washington, For Sale-Wanted, General, https://washingtondc.craigslist.org/nva/for/d/annandale-home-for-sale-by-owner/7024271220.html,,2019-11-21,US,2019-11-21
A shape bounces into a circuit. When will a widest headache reckon acr, Nov 21, &excats=134-40&min_price=200000&max_price=1000000, District of Columbia, Washington, For Sale-Wanted, Cell Phones, https://washingtondc.craigslist.org/nva/mob/d/annandale-shape-bounces-into-circuit/7007207743.html,,2019-11-21,US,2019-11-21
gorgeous House, Nov 21, &excats=134-40&min_price=200000&max_price=1000000, District of Columbia, Washington, For Sale-Wanted, General, https://washingtondc.craigslist.org/doc/for/d/rouzerville-gorgeous-house/7024215087.html,,2019-11-21,US,2019-11-21
Porsche 1954 Pre-A Speedster, Nov 21, &excats=134-40&min_price=200000&max_price=1000000, Illinois, Chicago, For Sale-Wanted, Cars And Trucks, https://chicago.craigslist.org/chc/cto/d/boulder-porsche-1954-pre-speedster/7024509121.html,,2019-11-21,US,2019-11-21
HOUSE BOAT 67&#39; PLUCKEBAUM BAYMASTER COASTAL CRUISER -, Nov 21, &excats=134-40&min_price=200000&max_price=1000000, Illinois, Chicago, For Sale-Wanted, Boat Parts, https://chicago.craigslist.org/sox/boa/d/house-boat-67-pluckebaum-baymaster/7022939824.html,,2019-11-21,US,2019-11-21
Toy space ray guns / cap guns wanted., Nov 21, &excats=134-40&min_price=200000&max_price=1000000, Oregon, Portland, For Sale-Wanted, Wanted, https://portland.craigslist.org/mlt/wan/d/portland-toy-space-ray-guns-cap-guns/7024373573.html,Want,2019-11-21,US,2019-11-21
2018 Ferrari 488 - VEHICLES AND BOATS!, Nov 21, &excats=134-40&min_price=200000&max_price=1000000, New York, Albany, For Sale-Wanted, Cars And by Dealer, https://albany.craigslist.org/ctd/d/glens-falls-2018-ferrari-vehicles-and/7024433102.html,,2019-11-21,US,2019-11-21
2004 Sea Ray 68 Super Sport - VEHICLES AND BOATS!, Nov 21, &excats=134-40&min_price=200000&max_price=1000000, New York, Albany, For Sale-Wanted, Cars And by Dealer, https://albany.craigslist.org/ctd/d/glens-falls-2004-sea-ray-68-super-sport/7024430813.html,,2019-11-21,US,2019-11-21
Chevy 99-07 DOORS, Nov 21, &excats=134-40&min_price=200000&max_price=1000000, New York, Hudson Valley, For Sale-Wanted, Auto Parts by Owner, https://hudsonvalley.craigslist.org/pts/d/kingston-chevy-doors/7024244703.html,,2019-11-21,US,2019-11-21
DODGE 3RD GEN DOORS 02-07, Nov 21, &excats=134-40&min_price=200000&max_price=1000000, New York, Hudson Valley, For Sale-Wanted, Auto Parts by Owner, https://hudsonvalley.craigslist.org/pts/d/kingston-dodge-3rd-gen-doors-02-07/7024244651.html,,2019-11-21,US,2019-11-21
Buying all iPhones/iPads/Tv&#39;s/MacBooks/iMacs/electronics!, Nov 21, &excats=134-40&min_price=200000&max_price=1000000, New Jersey, South Jersey, For Sale-Wanted, Wanted, https://southjersey.craigslist.org/wan/d/buying-all-iphones-ipads-tvs-macbooks/7017316756.html,,2019-11-21,US,2019-11-21
House for sale By Owner, Nov 21, &excats=134-40&min_price=200000&max_price=1000000, California, Inland Empire, For Sale-Wanted, General, https://inlandempire.craigslist.org/for/d/rialto-house-for-sale-by-owner/7014141230.html,,2019-11-21,US,2019-11-21
Porsche 1954 Pre-A Speedster, Nov 21, &excats=134-40&min_price=200000&max_price=1000000, California, Los Angeles, For Sale-Wanted, Cars And Trucks, https://losangeles.craigslist.org/lac/cto/d/boulder-porsche-1954-pre-speedster/7024525358.html,,2019-11-21,US,2019-11-21
We buy hino-ud-isuzu-frr npr nrr, Nov 21, &excats=134-40&min_price=200000&max_price=1000000, California, Los Angeles, For Sale-Wanted, Wanted, https://losangeles.craigslist.org/lac/wan/d/ontario-we-buy-hino-ud-isuzu-frr-npr-nrr/7024439580.html,,2019-11-21,US,2019-11-21
Forklift for Sale TOYOTA  LIFT Rentals, Nov 21, &excats=134-40&min_price=200000&max_price=1000000, California, Los Angeles, For Sale-Wanted, General, https://losangeles.craigslist.org/lac/for/d/huntington-park-forklift-for-sale/7024448239.html,,2019-11-21,US,2019-11-21
We buy hino-ud-isuzu-frr npr nrr, Nov 21, &excats=134-40&min_price=200000&max_price=1000000, California, Los Angeles, For Sale-Wanted, Wanted, https://losangeles.craigslist.org/lac/wan/d/ontario-we-buy-hino-ud-isuzu-frr-npr-nrr/7024439320.html,,2019-11-21,US,2019-11-21
Forklift for Sale TOYOTA  LIFT Rentals, Nov 21, &excats=134-40&min_price=200000&max_price=1000000, California, Los Angeles, For Sale-Wanted, General, https://losangeles.craigslist.org/lac/for/d/huntington-park-forklift-for-sale/7024447834.html,,2019-11-21,US,2019-11-21
We buy houses  FAST, Nov 21, &excats=134-40&min_price=200000&max_price=1000000, California, Los Angeles, For Sale-Wanted, Wanted, https://losangeles.craigslist.org/lac/wan/d/el-monte-we-buy-houses-fast/7024417851.html,,2019-11-21,US,2019-11-21
DUPLEX FIXER NEAR USC, Nov 21, &excats=134-40&min_price=200000&max_price=1000000, California, Los Angeles, For Sale-Wanted, General, https://losangeles.craigslist.org/lac/for/d/los-angeles-duplex-fixer-near-usc/7024383307.html,,2019-11-21,US,2019-11-21
PROPERTY AVAILABLE NOW...., Nov 21, &excats=134-40&min_price=200000&max_price=1000000, California, Los Angeles, For Sale-Wanted, General, https://losangeles.craigslist.org/lac/for/d/panorama-city-property-available-now/7024384475.html,,2019-11-21,US,2019-11-21
PROPERTY DELIVERED VACANT!!!, Nov 21, &excats=134-40&min_price=200000&max_price=1000000, California, Los Angeles, For Sale-Wanted, General, https://losangeles.craigslist.org/lac/for/d/los-angeles-property-delivered-vacant/7024383738.html,,2019-11-21,US,2019-11-21
RECARO SEATS WE BUY SEATS IN ANY CONDITION, Nov 21, &excats=134-40&min_price=200000&max_price=1000000, California, Los Angeles, For Sale-Wanted, Auto Parts by Owner, https://losangeles.craigslist.org/lgb/pts/d/recaro-seats-we-buy-seats-in-any/7024368023.html,,2019-11-21,US,2019-11-21
trade  home for yacht, Nov 21, &excats=134-40&min_price=200000&max_price=1000000, California, Los Angeles, For Sale-Wanted, Boat Parts, https://losangeles.craigslist.org/lgb/boa/d/las-vegas-trade-home-for-yacht/7010817586.html,,2019-11-21,US,2019-11-21
RECARO SEATS WE BUY SEATS IN ANY CONDITION, Nov 21, &excats=134-40&min_price=200000&max_price=1000000, California, Los Angeles, For Sale-Wanted, Auto Parts by Owner, https://losangeles.craigslist.org/lgb/pts/d/recaro-seats-we-buy-seats-in-any/7007158834.html,,2019-11-21,US,2019-11-21
RECARO SEATS WE BUY SEATS IN ANY CONDITION, Nov 21, &excats=134-40&min_price=200000&max_price=1000000, California, Los Angeles, For Sale-Wanted, Auto Parts by Owner, https://losangeles.craigslist.org/lgb/pts/d/recaro-seats-we-buy-seats-in-any/7007158453.html,,2019-11-21,US,2019-11-21
PORSCHE RECARO SEATS WE BUY SEATS IN ANY CONDITION, Nov 21, &excats=134-40&min_price=200000&max_price=1000000, California, Los Angeles, For Sale-Wanted, Auto Parts by Owner, https://losangeles.craigslist.org/lgb/pts/d/porsche-recaro-seats-we-buy-seats-in/7022190634.html,,2019-11-21,US,2019-11-21
Forklift Buyers $$ Cash $ Trucks  heavy equipment buyer, Nov 21, &excats=134-40&min_price=200000&max_price=1000000, California, Los Angeles, For Sale-Wanted, Wanted, https://losangeles.craigslist.org/sgv/wan/d/beverly-hills-forklift-buyers-cash/7016151219.html,,2019-11-21,US,2019-11-21
we buy Forklifts $$ Cash $ Trucks  heavy equipment buyer, Nov 21, &excats=134-40&min_price=200000&max_price=1000000, California, Los Angeles, For Sale-Wanted, Wanted, https://losangeles.craigslist.org/lac/wan/d/los-angeles-we-buy-forklifts-cash/7006110184.html,,2019-11-21,US,2019-11-21
Forklift for Sale TOYOTA  LIFT Rentals, Nov 21, &excats=134-40&min_price=200000&max_price=1000000, California, Los Angeles, For Sale-Wanted, General, https://losangeles.craigslist.org/lac/for/d/huntington-park-forklift-for-sale/7020515568.html,,2019-11-21,US,2019-11-21
Forklift for Sale TOYOTA  LIFT Rentals, Nov 21, &excats=134-40&min_price=200000&max_price=1000000, California, Los Angeles, For Sale-Wanted, General, https://losangeles.craigslist.org/lac/for/d/huntington-park-forklift-for-sale/7020516037.html,,2019-11-21,US,2019-11-21
Forklift for Sale TOYOTA  LIFT Rentals, Nov 21, &excats=134-40&min_price=200000&max_price=1000000, California, Los Angeles, For Sale-Wanted, General, https://losangeles.craigslist.org/lac/for/d/huntington-park-forklift-for-sale/7018622127.html,,2019-11-21,US,2019-11-21
Forklift for Sale TOYOTA  LIFT Rentals, Nov 21, &excats=134-40&min_price=200000&max_price=1000000, California, Los Angeles, For Sale-Wanted, General, https://losangeles.craigslist.org/lac/for/d/huntington-park-forklift-for-sale/7006739805.html,,2019-11-21,US,2019-11-21
Forklift for Sale TOYOTA  LIFT Rentals, Nov 21, &excats=134-40&min_price=200000&max_price=1000000, California, Los Angeles, For Sale-Wanted, General, https://losangeles.craigslist.org/lac/for/d/huntington-park-forklift-for-sale/7019874413.html,,2019-11-21,US,2019-11-21
Forklift for Sale TOYOTA  LIFT Rentals, Nov 21, &excats=134-40&min_price=200000&max_price=1000000, California, Los Angeles, For Sale-Wanted, General, https://losangeles.craigslist.org/lac/for/d/huntington-park-forklift-for-sale/7019988144.html,,2019-11-21,US,2019-11-21
Forklift for Sale TOYOTA  LIFT Rentals, Nov 21, &excats=134-40&min_price=200000&max_price=1000000, California, Los Angeles, For Sale-Wanted, General, https://losangeles.craigslist.org/lac/for/d/huntington-park-forklift-for-sale/7018621840.html,,2019-11-21,US,2019-11-21
Forklift for Sale TOYOTA  LIFT Rentals, Nov 21, &excats=134-40&min_price=200000&max_price=1000000, California, Los Angeles, For Sale-Wanted, General, https://losangeles.craigslist.org/lac/for/d/huntington-park-forklift-for-sale/7018622415.html,,2019-11-21,US,2019-11-21
Forklift for Sale TOYOTA  LIFT Rentals, Nov 21, &excats=134-40&min_price=200000&max_price=1000000, California, Los Angeles, For Sale-Wanted, General, https://losangeles.craigslist.org/lac/for/d/huntington-park-forklift-for-sale/7019873941.html,,2019-11-21,US,2019-11-21
Forklift for Sale TOYOTA  LIFT Rentals, Nov 21, &excats=134-40&min_price=200000&max_price=1000000, California, Los Angeles, For Sale-Wanted, General, https://losangeles.craigslist.org/lac/for/d/huntington-park-forklift-for-sale/7010741908.html,,2019-11-21,US,2019-11-21
Dewalt or Rigid impact driver wanted, Nov 21, &excats=134-40&min_price=200000&max_price=1000000, California, Los Angeles, For Sale-Wanted, Wanted, https://losangeles.craigslist.org/lgb/wan/d/long-beach-dewalt-or-rigid-impact/7024235343.html,Want,2019-11-21,US,2019-11-21
CASH FOR JUNK CARS CASH FOR CARS, Nov 21, &excats=134-40&min_price=200000&max_price=1000000, California, Orange County, For Sale-Wanted, Wanted, https://orangecounty.craigslist.org/wan/d/cash-for-junk-cars-cash-for-cars/7024488931.html,,2019-11-21,US,2019-11-21
CASH FOR JUNK CARS CASH FOR CARS, Nov 21, &excats=134-40&min_price=200000&max_price=1000000, California, Orange County, For Sale-Wanted, Wanted, https://orangecounty.craigslist.org/wan/d/cash-for-junk-cars-cash-for-cars/7014575830.html,,2019-11-21,US,2019-11-21
CASH FOR JUNK CARS CASH FOR CARS, Nov 21, &excats=134-40&min_price=200000&max_price=1000000, California, Orange County, For Sale-Wanted, Wanted, https://orangecounty.craigslist.org/wan/d/cash-for-junk-cars-cash-for-cars/7005525446.html,,2019-11-21,US,2019-11-21
Forklift Buyers $$ Cash $ Trucks  heavy equipment buyer, Nov 21, &excats=134-40&min_price=200000&max_price=1000000, California, Orange County, For Sale-Wanted, Wanted, https://orangecounty.craigslist.org/wan/d/anaheim-forklift-buyers-cash-trucks/7024366645.html,,2019-11-21,US,2019-11-21
$ we Buy Forklifts $ CASH  $ Trucks $ heavy Equipment Buyer $$, Nov 21, &excats=134-40&min_price=200000&max_price=1000000, California, Orange County, For Sale-Wanted, Wanted, https://orangecounty.craigslist.org/wan/d/anaheim-we-buy-forklifts-cash-trucks/7020561059.html,,2019-11-21,US,2019-11-21
we Buy Cars $$ CASH for Cars $$ Free Towing, Nov 21, &excats=134-40&min_price=200000&max_price=1000000, California, Orange County, For Sale-Wanted, Wanted, https://orangecounty.craigslist.org/wan/d/fullerton-we-buy-cars-cash-for-cars/7020558731.html,,2019-11-21,US,2019-11-21
2014 Airstream Sophia, Nov 21, &excats=134-40&min_price=200000&max_price=1000000, California, Sacramento, For Sale-Wanted, RVs, https://sacramento.craigslist.org/rvs/d/coeur-alene-2014-airstream-sophia/7024506424.html,,2019-11-21,US,2019-11-21
$$ Buying Baseball Basketball Football cards Comics Coins & Knives $$, Nov 21, &excats=134-40&min_price=200000&max_price=1000000, California, Sacramento, For Sale-Wanted, General, https://sacramento.craigslist.org/for/d/rio-linda-buying-baseball-basketball/7016715700.html,,2019-11-21,US,2019-11-21
$$ Buying Baseball Basketball Football cards Comics Coins & Knives $$, Nov 21, &excats=134-40&min_price=200000&max_price=1000000, California, Sacramento, For Sale-Wanted, General, https://sacramento.craigslist.org/for/d/rio-linda-buying-baseball-basketball/7016717336.html,,2019-11-21,US,2019-11-21
BUYING BASEBALL FOOTBALL BASKETBALL CARD COLLECTIONS, Nov 21, &excats=134-40&min_price=200000&max_price=1000000, California, Sacramento, For Sale-Wanted, Wanted, https://sacramento.craigslist.org/wan/d/roseville-buying-baseball-football/7009969348.html,,2019-11-21,US,2019-11-21
55&#39; Navigator Californian LRC, Nov 21, &excats=134-40&min_price=200000&max_price=1000000, California, San Diego, For Sale-Wanted, Boat Parts, https://sandiego.craigslist.org/csd/boa/d/san-diego-55-navigator-californian-lrc/7024409958.html,,2019-11-21,US,2019-11-21
Hatteras 74 SDMY - REDUCED, Nov 21, &excats=134-40&min_price=200000&max_price=1000000, California, San Diego, For Sale-Wanted, Boat Parts, https://sandiego.craigslist.org/csd/boa/d/san-diego-hatteras-74-sdmy-reduced/7012128321.html,,2019-11-21,US,2019-11-21
trade home for yacht, Nov 21, &excats=134-40&min_price=200000&max_price=1000000, California, San Diego, For Sale-Wanted, Boat Parts, https://sandiego.craigslist.org/csd/boa/d/las-vegas-trade-home-for-yacht/7010817264.html,,2019-11-21,US,2019-11-21
Wanted Rolex audemar piguet, Nov 21, &excats=134-40&min_price=200000&max_price=1000000, California, San Diego, For Sale-Wanted, Wanted, https://sandiego.craigslist.org/csd/wan/d/bluff-city-wanted-rolex-audemar-piguet/7024279446.html,Want,2019-11-21,US,2019-11-21
I collect rolls Royces Bentleys Ferraris lamborghinis I buy, Nov 21, &excats=134-40&min_price=200000&max_price=1000000, California, San Diego, For Sale-Wanted, Wanted, https://sandiego.craigslist.org/csd/wan/d/san-diego-collect-rolls-royces-bentleys/7024279107.html,,2019-11-21,US,2019-11-21
We buy & Gucci planes cars hublot audemar piguet, Nov 21, &excats=134-40&min_price=200000&max_price=1000000, California, San Diego, For Sale-Wanted, Wanted, https://sandiego.craigslist.org/csd/wan/d/san-diego-we-buy-gucci-planes-cars/7024278853.html,,2019-11-21,US,2019-11-21
We buy Ferraris rolls Royce ex jacob breitling hublot audemar piguet, Nov 21, &excats=134-40&min_price=200000&max_price=1000000, California, San Diego, For Sale-Wanted, Wanted, https://sandiego.craigslist.org/csd/wan/d/san-diego-we-buy-ferraris-rolls-royce/7024279700.html,,2019-11-21,US,2019-11-21
I collect rolls Royces Bentleys Ferraris lamborghinis I buy, Nov 21, &excats=134-40&min_price=200000&max_price=1000000, California, San Diego, For Sale-Wanted, Wanted, https://sandiego.craigslist.org/csd/wan/d/san-diego-collect-rolls-royces-bentleys/7013132073.html,,2019-11-21,US,2019-11-21
I collect rolls Royces Bentleys Ferraris lamborghinis I buy, Nov 21, &excats=134-40&min_price=200000&max_price=1000000, California, San Diego, For Sale-Wanted, Wanted, https://sandiego.craigslist.org/csd/wan/d/san-diego-collect-rolls-royces-bentleys/7008005416.html,,2019-11-21,US,2019-11-21
We buy & Gucci planes cars hublot audemar piguet, Nov 21, &excats=134-40&min_price=200000&max_price=1000000, California, San Diego, For Sale-Wanted, Wanted, https://sandiego.craigslist.org/csd/wan/d/san-diego-we-buy-gucci-planes-cars/7008004848.html,,2019-11-21,US,2019-11-21
I collect rolls Royces Bentleys Ferraris lamborghinis I buy, Nov 21, &excats=134-40&min_price=200000&max_price=1000000, California, San Diego, For Sale-Wanted, Wanted, https://sandiego.craigslist.org/csd/wan/d/san-diego-collect-rolls-royces-bentleys/7013132001.html,,2019-11-21,US,2019-11-21
We buy & Gucci planes cars hublot audemar piguet, Nov 21, &excats=134-40&min_price=200000&max_price=1000000, California, San Diego, For Sale-Wanted, Wanted, https://sandiego.craigslist.org/csd/wan/d/san-diego-we-buy-gucci-planes-cars/7007991945.html,,2019-11-21,US,2019-11-21
Wanted Rolex audemar piguet, Nov 21, &excats=134-40&min_price=200000&max_price=1000000, California, San Diego, For Sale-Wanted, Wanted, https://sandiego.craigslist.org/csd/wan/d/bluff-city-wanted-rolex-audemar-piguet/7005897891.html,Want,2019-11-21,US,2019-11-21
We buy & Gucci planes cars hublot audemar piguet, Nov 21, &excats=134-40&min_price=200000&max_price=1000000, California, San Diego, For Sale-Wanted, Wanted, https://sandiego.craigslist.org/csd/wan/d/san-diego-we-buy-gucci-planes-cars/7005897863.html,,2019-11-21,US,2019-11-21
We buy & Gucci planes cars hublot audemar piguet, Nov 21, &excats=134-40&min_price=200000&max_price=1000000, California, San Diego, For Sale-Wanted, Wanted, https://sandiego.craigslist.org/csd/wan/d/san-diego-we-buy-gucci-planes-cars/7005908791.html,,2019-11-21,US,2019-11-21
I collect rolls Royces Bentleys Ferraris lamborghinis I buy, Nov 21, &excats=134-40&min_price=200000&max_price=1000000, California, San Diego, For Sale-Wanted, Wanted, https://sandiego.craigslist.org/csd/wan/d/san-diego-collect-rolls-royces-bentleys/7005908838.html,,2019-11-21,US,2019-11-21
I collect rolls Royces Bentleys Ferraris lamborghinis I buy, Nov 21, &excats=134-40&min_price=200000&max_price=1000000, California, San Diego, For Sale-Wanted, Wanted, https://sandiego.craigslist.org/csd/wan/d/san-diego-collect-rolls-royces-bentleys/7007991893.html,,2019-11-21,US,2019-11-21
We buy & Gucci planes cars hublot audemar piguet, Nov 21, &excats=134-40&min_price=200000&max_price=1000000, California, San Diego, For Sale-Wanted, Wanted, https://sandiego.craigslist.org/csd/wan/d/san-diego-we-buy-gucci-planes-cars/7005908939.html,,2019-11-21,US,2019-11-21
We buy Ferraris rolls Royce ex jacob breitling hublot audemar piguet, Nov 21, &excats=134-40&min_price=200000&max_price=1000000, California, San Diego, For Sale-Wanted, Wanted, https://sandiego.craigslist.org/csd/wan/d/san-diego-we-buy-ferraris-rolls-royce/7005908998.html,,2019-11-21,US,2019-11-21
I collect rolls Royces Bentleys Ferraris lamborghinis I buy, Nov 21, &excats=134-40&min_price=200000&max_price=1000000, California, San Diego, For Sale-Wanted, Wanted, https://sandiego.craigslist.org/csd/wan/d/san-diego-collect-rolls-royces-bentleys/7005931360.html,,2019-11-21,US,2019-11-21
boom truck, Nov 20, &excats=134-40&min_price=200000&max_price=1000000, Iowa, Des Moines, For Sale-Wanted, Heavy Equipment, https://desmoines.craigslist.org/hvo/d/des-moines-boom-truck/7010319066.html,,2019-11-20,US,2019-11-21
2016 30 Cutwater Sedan, Nov 20, &excats=134-40&min_price=200000&max_price=1000000, Washington, Bellingham, For Sale-Wanted, Boat Parts, https://bellingham.craigslist.org/boa/d/camano-island-cutwater-sedan/7023932717.html,,2019-11-20,US,2019-11-21
WE BUY HOUSES FAST We Can Close in as Little as 7 Days, Nov 20, &excats=134-40&min_price=200000&max_price=1000000, Georgia, Atlanta, For Sale-Wanted, Wanted, https://atlanta.craigslist.org/atl/wan/d/stockbridge-we-buy-houses-fast-we-can/7004393073.html,,2019-11-20,US,2019-11-21
WE BUY HOUSES CASH FAST (Close in 7 Days), Nov 20, &excats=134-40&min_price=200000&max_price=1000000, Georgia, Atlanta, For Sale-Wanted, Wanted, https://atlanta.craigslist.org/atl/wan/d/stockbridge-we-buy-houses-cash-fast/7004394075.html,,2019-11-20,US,2019-11-21
____ 2019 LAMBORGHINI URUS CLEAN TITLE // 902 MILES // LIKE NEW!!!, Nov 20, &excats=134-40&min_price=200000&max_price=1000000, Georgia, Atlanta, For Sale-Wanted, Wanted, https://atlanta.craigslist.org/atl/wan/d/hollywood-lamborghini-urus-clean-title/7006672859.html,,2019-11-20,US,2019-11-21
Commercial Property 4 Sale....&quot;HOT&quot; Collier Heights Area, Nov 20, &excats=134-40&min_price=200000&max_price=1000000, Georgia, Atlanta, For Sale-Wanted, General, https://atlanta.craigslist.org/atl/for/d/atlanta-commercial-property-4-salehot/7019557791.html,,2019-11-20,US,2019-11-21
House for sale! 43 Devonshire Court Alpharetta GA 30022, Nov 20, &excats=134-40&min_price=200000&max_price=1000000, Georgia, Atlanta, For Sale-Wanted, Household, https://atlanta.craigslist.org/nat/hsh/d/alpharetta-house-for-sale-43-devonshire/7011437452.html,,2019-11-20,US,2019-11-21
WA Home for sale 3 bd 1 ba, Nov 20, &excats=134-40&min_price=200000&max_price=1000000, Montana, Billings, For Sale-Wanted, General, https://billings.craigslist.org/for/d/winlock-wa-home-for-sale-3-bd-1-ba/7023842994.html,,2019-11-20,US,2019-11-21
2014 Timberpro 725B Feller Buncher, Nov 20, &excats=134-40&min_price=200000&max_price=1000000, Montana, Missoula, For Sale-Wanted, Heavy Equipment, https://missoula.craigslist.org/hvo/d/mountainhome-2014-timberpro-725b-feller/7023588607.html,,2019-11-20,US,2019-11-21
29 secluded acres, Nov 20, &excats=134-40&min_price=200000&max_price=1000000, South Carolina, Charleston, For Sale-Wanted, General, https://charleston.craigslist.org/for/d/ridgeville-29-secluded-acres/7023833049.html,,2019-11-20,US,2019-11-21
6 Rental Houses Barnwell County, Nov 20, &excats=134-40&min_price=200000&max_price=1000000, South Carolina, Columbia, For Sale-Wanted, General, https://columbia.craigslist.org/for/d/hilda-6-rental-houses-barnwell-county/7016850307.html,,2019-11-20,US,2019-11-21
1519 Hiland Ave, Nov 20, &excats=134-40&min_price=200000&max_price=1000000, South Carolina, Columbia, For Sale-Wanted, Household, https://columbia.craigslist.org/hsh/d/conway-1519-hiland-ave/7023663421.html,,2019-11-20,US,2019-11-21
House for sale, Nov 20, &excats=134-40&min_price=200000&max_price=1000000, South Carolina, Myrtle Beach, For Sale-Wanted, General, https://myrtlebeach.craigslist.org/for/d/myrtle-beach-house-for-sale/7023931496.html,,2019-11-20,US,2019-11-21
1519 Hiland Ave, Nov 20, &excats=134-40&min_price=200000&max_price=1000000, South Carolina, Myrtle Beach, For Sale-Wanted, Household, https://myrtlebeach.craigslist.org/hsh/d/conway-1519-hiland-ave/7023670923.html,,2019-11-20,US,2019-11-21
Buying any gold and silver, Nov 20, &excats=134-40&min_price=200000&max_price=1000000, Arkansas, Fort Smith, For Sale-Wanted, Collectibles, https://fortsmith.craigslist.org/clt/d/fort-smith-buying-any-gold-and-silver/7015800867.html,,2019-11-20,US,2019-11-21
Ca$h For Comic Books!, Nov 20, &excats=134-40&min_price=200000&max_price=1000000, Arkansas, Little Rock, For Sale-Wanted, Wanted, https://littlerock.craigslist.org/wan/d/cah-for-comic-books/7023541761.html,,2019-11-20,US,2019-11-21
Chandler 3Bdrm 2.5Bath  Den FILLED w/EXTRAS, Nov 20, &excats=134-40&min_price=200000&max_price=1000000, Arizona, Phoenix, For Sale-Wanted, General, https://phoenix.craigslist.org/evl/for/d/chandler-chandler-3bdrm-25bath-den/7024180224.html,,2019-11-20,US,2019-11-21
??BUYER IPHONE X XS 11 PRO MAX  XR  8  7 PLUS MACBOOK ?? CASH NOW, Nov 20, &excats=134-40&min_price=200000&max_price=1000000, Arizona, Phoenix, For Sale-Wanted, Wanted, https://phoenix.craigslist.org/nph/wad/d/phoenix-buyer-iphone-xs-11-pro-max-xr/7024142565.html,,2019-11-20,US,2019-11-21
??BUYER IPHONE X XS 11 PRO MAX  XR  8  7 PLUS MACBOOK ?? CASH NOW, Nov 20, &excats=134-40&min_price=200000&max_price=1000000, Arizona, Phoenix, For Sale-Wanted, Wanted, https://phoenix.craigslist.org/nph/wad/d/phoenix-buyer-iphone-xs-11-pro-max-xr/7024139392.html,,2019-11-20,US,2019-11-21
??BUYER IPHONE X XS 11 PRO MAX  XR  8  7 PLUS MACBOOK ?? CASH NOW, Nov 20, &excats=134-40&min_price=200000&max_price=1000000, Arizona, Phoenix, For Sale-Wanted, Wanted, https://phoenix.craigslist.org/nph/wad/d/phoenix-buyer-iphone-xs-11-pro-max-xr/7024106151.html,,2019-11-20,US,2019-11-21
??BUYER IPHONE X XS 11 PRO MAX  XR  8  7 PLUS MACBOOK ?? CASH NOW, Nov 20, &excats=134-40&min_price=200000&max_price=1000000, Arizona, Phoenix, For Sale-Wanted, Wanted, https://phoenix.craigslist.org/nph/wad/d/phoenix-buyer-iphone-xs-11-pro-max-xr/7024105774.html,,2019-11-20,US,2019-11-21
??BUYER IPHONE X XS 11 PRO MAX  XR  8  7 PLUS MACBOOK ?? CASH NOW, Nov 20, &excats=134-40&min_price=200000&max_price=1000000, Arizona, Phoenix, For Sale-Wanted, Wanted, https://phoenix.craigslist.org/nph/wad/d/phoenix-buyer-iphone-xs-11-pro-max-xr/7024100609.html,,2019-11-20,US,2019-11-21
2008 CAT D10T dozer extremely nice machine!, Nov 20, &excats=134-40&min_price=200000&max_price=1000000, Arizona, Phoenix, For Sale-Wanted, Heavy Equipment, https://phoenix.craigslist.org/cph/hvo/d/menifee-2008-cat-d10t-dozer-extremely/7023966076.html,,2019-11-20,US,2019-11-21
??BUYER IPHONE X XS 11 PRO MAX  XR  8  7 PLUS MACBOOK ?? CASH NOW, Nov 20, &excats=134-40&min_price=200000&max_price=1000000, Arizona, Phoenix, For Sale-Wanted, Wanted, https://phoenix.craigslist.org/nph/wad/d/phoenix-buyer-iphone-xs-11-pro-max-xr/7023939227.html,,2019-11-20,US,2019-11-21
??BUYER IPHONE X XS 11 PRO MAX  XR  8  7 PLUS MACBOOK ?? CASH NOW, Nov 20, &excats=134-40&min_price=200000&max_price=1000000, Arizona, Phoenix, For Sale-Wanted, Wanted, https://phoenix.craigslist.org/nph/wad/d/phoenix-buyer-iphone-xs-11-pro-max-xr/7023884601.html,,2019-11-20,US,2019-11-21
??BUYER IPHONE X XS 11 PRO MAX  XR  8  7 PLUS MACBOOK ?? CASH NOW, Nov 20, &excats=134-40&min_price=200000&max_price=1000000, Arizona, Phoenix, For Sale-Wanted, Wanted, https://phoenix.craigslist.org/nph/wad/d/phoenix-buyer-iphone-xs-11-pro-max-xr/7023883944.html,,2019-11-20,US,2019-11-21
Diesel Class C / Diesel Pusher Wanted, Nov 20, &excats=134-40&min_price=200000&max_price=1000000, Arizona, Phoenix, For Sale-Wanted, Wanted, https://phoenix.craigslist.org/evl/wan/d/chandler-diesel-class-diesel-pusher/7015050711.html,Want,2019-11-20,US,2019-11-21
??BUYER IPHONE X XS 11 PRO MAX  XR  8  7 PLUS MACBOOK ?? CASH NOW, Nov 20, &excats=134-40&min_price=200000&max_price=1000000, Arizona, Phoenix, For Sale-Wanted, Wanted, https://phoenix.craigslist.org/nph/wad/d/phoenix-buyer-iphone-xs-11-pro-max-xr/7023750841.html,,2019-11-20,US,2019-11-21
Drywall Repair / Acoustic removal / Water damage, Nov 20, &excats=134-40&min_price=200000&max_price=1000000, Arizona, Phoenix, For Sale-Wanted, General, https://phoenix.craigslist.org/wvl/for/d/glendale-drywall-repair-acoustic/7006460145.html,,2019-11-20,US,2019-11-21
Ultimate Floating San Diego Condo/Cruiser, Nov 20, &excats=134-40&min_price=200000&max_price=1000000, Arizona, Phoenix, For Sale-Wanted, Boat Parts, https://phoenix.craigslist.org/evl/boa/d/san-diego-ultimate-floating-san-diego/7018308068.html,,2019-11-20,US,2019-11-21
Private horse boarding, Nov 20, &excats=134-40&min_price=200000&max_price=1000000, Arizona, Phoenix, For Sale-Wanted, Farm and Garden, https://phoenix.craigslist.org/evl/grd/d/chandler-private-horse-boarding/7010690266.html,,2019-11-20,US,2019-11-21
??BUYER IPHONE X XS 11 PRO MAX  XR  8  7 PLUS MACBOOK ?? CASH NOW, Nov 20, &excats=134-40&min_price=200000&max_price=1000000, Arizona, Phoenix, For Sale-Wanted, Wanted, https://phoenix.craigslist.org/nph/wad/d/phoenix-buyer-iphone-xs-11-pro-max-xr/7023654780.html,,2019-11-20,US,2019-11-21
??BUYER IPHONE X XS 11 PRO MAX  XR  8  7 PLUS MACBOOK ?? CASH NOW, Nov 20, &excats=134-40&min_price=200000&max_price=1000000, Arizona, Phoenix, For Sale-Wanted, Wanted, https://phoenix.craigslist.org/nph/wad/d/phoenix-buyer-iphone-xs-11-pro-max-xr/7023654476.html,,2019-11-20,US,2019-11-21
We buy cars, Nov 20, &excats=134-40&min_price=200000&max_price=1000000, Arizona, Phoenix, For Sale-Wanted, Wanted, https://phoenix.craigslist.org/wvl/wan/d/glendale-we-buy-cars/7023551506.html,,2019-11-20,US,2019-11-21
3 Bd Home in WA for Sale, Nov 20, &excats=134-40&min_price=200000&max_price=1000000, Arizona, Yuma, For Sale-Wanted, General, https://yuma.craigslist.org/for/d/winlock-3-bd-home-in-wa-for-sale/7023853594.html,,2019-11-20,US,2019-11-21
One Million Prize Contest, Nov 20, &excats=134-40&min_price=200000&max_price=1000000, Nevada, Las Vegas, For Sale-Wanted, Baby Kids by Owner, https://lasvegas.craigslist.org/bab/d/las-vegas-one-million-prize-contest/7024202886.html,,2019-11-20,US,2019-11-21
?? NEVER BEEN USED DIABETIC SUPPLIES, Nov 20, &excats=134-40&min_price=200000&max_price=1000000, Nevada, Las Vegas, For Sale-Wanted, Health And Beauty, https://lasvegas.craigslist.org/hab/d/henderson-never-been-used-diabetic/7024163000.html,,2019-11-20,US,2019-11-21
??? Diabetic Supplys ???, Nov 20, &excats=134-40&min_price=200000&max_price=1000000, Nevada, Las Vegas, For Sale-Wanted, General, https://lasvegas.craigslist.org/for/d/henderson-diabetic-supplys/7019092892.html,,2019-11-20,US,2019-11-21
off-grid living at its best, Nov 20, &excats=134-40&min_price=200000&max_price=1000000, Nevada, Las Vegas, For Sale-Wanted, General, https://lasvegas.craigslist.org/for/d/yucca-off-grid-living-at-its-best/7012979745.html,,2019-11-20,US,2019-11-21
CA@@#$H Apple iPhone 8 64GB G0=lD LOCK Space  &&YY, Nov 20, &excats=134-40&min_price=200000&max_price=1000000, Nevada, Las Vegas, For Sale-Wanted, Cell Phones, https://lasvegas.craigslist.org/mob/d/las-vegas-cah-apple-iphone-8-64gb-g0ld/7020464093.html,,2019-11-20,US,2019-11-21
NE##W ()iPhone 8 64 ==GBWe P@Y H!gh 4 iCloud Xr YY, Nov 20, &excats=134-40&min_price=200000&max_price=1000000, Nevada, Las Vegas, For Sale-Wanted, Cell Phones, https://lasvegas.craigslist.org/mob/d/las-vegas-new-iphone-8-64-gbwe-py-hgh-4/7009463980.html,,2019-11-20,US,2019-11-21
$$ GUITARS WANTED $$, Nov 20, &excats=134-40&min_price=200000&max_price=1000000, Nevada, Las Vegas, For Sale-Wanted, Wanted, https://lasvegas.craigslist.org/wan/d/las-vegas-guitars-wanted/7023694747.html,Want,2019-11-20,US,2019-11-21
No@@ Nee-D NEW iPhoneX`7Sealed PARTS iN Box  UUhW, Nov 20, &excats=134-40&min_price=200000&max_price=1000000, Nevada, Las Vegas, For Sale-Wanted, Cell Phones, https://lasvegas.craigslist.org/mob/d/las-vegas-no-nee-new-iphonex7sealed/7019268358.html,,2019-11-20,US,2019-11-21
CAS##$%H iPhone 8 Plus*LOCK*Brand New**iPhone X Noww -[p;, Nov 20, &excats=134-40&min_price=200000&max_price=1000000, Nevada, Las Vegas, For Sale-Wanted, Cell Phones, https://lasvegas.craigslist.org/mob/d/las-vegas-cash-iphone-8-pluslockbrand/7018491037.html,,2019-11-20,US,2019-11-21
CAS##$%H ==Color iPHONE 8 Sealed iN BoXX* ICLOUD&#39;NoWww -[]&#39;II, Nov 20, &excats=134-40&min_price=200000&max_price=1000000, Nevada, Las Vegas, For Sale-Wanted, Cell Phones, https://lasvegas.craigslist.org/mob/d/las-vegas-cash-color-iphone-8-sealed-in/7018487148.html,,2019-11-20,US,2019-11-21
BUY&&^ER Seven EighT Pluss PASSCOD NEEEEED===iPHONE X %%%, Nov 20, &excats=134-40&min_price=200000&max_price=1000000, Nevada, Las Vegas, For Sale-Wanted, Cell Phones, https://lasvegas.craigslist.org/mob/d/las-vegas-buyer-seven-eight-pluss/7018483007.html,,2019-11-20,US,2019-11-21
CADILLAC ELDORADO 1970 PARTS!!!, Nov 20, &excats=134-40&min_price=200000&max_price=1000000, Florida, Jacksonville, For Sale-Wanted, Auto Parts by Owner, https://jacksonville.craigslist.org/pts/d/spring-hill-cadillac-eldorado-1970-parts/7009279012.html,,2019-11-20,US,2019-11-21
10 Acres & Home in Alachua County Florida, Nov 20, &excats=134-40&min_price=200000&max_price=1000000, Florida, Ocala, For Sale-Wanted, General, https://ocala.craigslist.org/for/d/archer-10-acres-home-in-alachua-county/7004465849.html,,2019-11-20,US,2019-11-21
2016 55&#39; X 16&#39; Destination Houseboat 3-3 90 HP Honda, Nov 20, &excats=134-40&min_price=200000&max_price=1000000, Florida, Ocala, For Sale-Wanted, Boat Parts, https://ocala.craigslist.org/boa/d/oneco-destination-houseboat-hp-honda/7017807394.html,,2019-11-20,US,2019-11-21
behind payments, Nov 20, &excats=134-40&min_price=200000&max_price=1000000, Florida, Pensacola, For Sale-Wanted, Wanted, https://pensacola.craigslist.org/wan/d/bagdad-behind-payments/7023533291.html,,2019-11-20,US,2019-11-21
10 Acres and Home in Beautiful North Central Florida, Nov 20, &excats=134-40&min_price=200000&max_price=1000000, Florida, Space Coast, For Sale-Wanted, General, https://spacecoast.craigslist.org/for/d/archer-10-acres-and-home-in-beautiful/7015283571.html,,2019-11-20,US,2019-11-21
I BUY ROLEX!!! Pay Cash Immediately!!!, Nov 20, &excats=134-40&min_price=200000&max_price=1000000, Florida, Space Coast, For Sale-Wanted, Jewelry, https://spacecoast.craigslist.org/jwl/d/melbourne-buy-rolex-pay-cash-immediately/7023508887.html,,2019-11-20,US,2019-11-21
Home in country with acreage, Nov 20, &excats=134-40&min_price=200000&max_price=1000000, Florida, Tallahassee, For Sale-Wanted, General, https://tallahassee.craigslist.org/for/d/greenville-home-in-country-with-acreage/7009802235.html,,2019-11-20,US,2019-11-21
Buying magic the gathering collections, Nov 20, &excats=134-40&min_price=200000&max_price=1000000, Colorado, Denver, For Sale-Wanted, Wanted, https://denver.craigslist.org/wan/d/aurora-buying-magic-the-gathering/7020090867.html,,2019-11-20,US,2019-11-21
GAS STATION/DELI, Nov 20, &excats=134-40&min_price=200000&max_price=1000000, Virginia, Eastern Shore, For Sale-Wanted, General, https://easternshore.craigslist.org/for/d/linkwood-gas-station-deli/7007973917.html,,2019-11-20,US,2019-11-21
WATERFRONT TOWNHOUSE, Nov 20, &excats=134-40&min_price=200000&max_price=1000000, Virginia, Eastern Shore, For Sale-Wanted, General, https://easternshore.craigslist.org/for/d/chester-waterfront-townhouse/7013850155.html,,2019-11-20,US,2019-11-21
Mig Welding Torch/Gun Cable Assemblies, Nov 20, &excats=134-40&min_price=200000&max_price=1000000, Virginia, Roanoke, For Sale-Wanted, Tools, https://roanoke.craigslist.org/tls/d/hardy-mig-welding-torch-gun-cable/7022314835.html,,2019-11-20,US,2019-11-21
FORD 5.4 GT500 & SCJ PARTS, Nov 20, &excats=134-40&min_price=200000&max_price=1000000, Maine, Maine, For Sale-Wanted, Auto Parts by Owner, https://maine.craigslist.org/pts/d/gray-ford-54-gt500-scj-parts/7007281563.html,,2019-11-20,US,2019-11-21
2016 Timberpro 830B Forwarder, Nov 20, &excats=134-40&min_price=200000&max_price=1000000, Maine, Maine, For Sale-Wanted, Heavy Equipment, https://maine.craigslist.org/hvo/d/mountainhome-2016-timberpro-830b/7023590756.html,,2019-11-20,US,2019-11-21
Ocean City 24TH ST. TOWN HOME, Nov 20, &excats=134-40&min_price=200000&max_price=1000000, Maryland, Baltimore, For Sale-Wanted, General, https://baltimore.craigslist.org/for/d/ocean-city-ocean-city-24th-st-town-home/7005879300.html,,2019-11-20,US,2019-11-21
Buying All Duckpin Bowling Balls, Nov 20, &excats=134-40&min_price=200000&max_price=1000000, Maryland, Baltimore, For Sale-Wanted, Wanted, https://baltimore.craigslist.org/wan/d/linthicum-heights-buying-all-duckpin/7011018302.html,,2019-11-20,US,2019-11-21
GAS STATION/DELI, Nov 20, &excats=134-40&min_price=200000&max_price=1000000, Maryland, Eastern Shore, For Sale-Wanted, General, https://easternshore.craigslist.org/for/d/linkwood-gas-station-deli/7007973917.html,,2019-11-20,US,2019-11-21
WATERFRONT TOWNHOUSE, Nov 20, &excats=134-40&min_price=200000&max_price=1000000, Maryland, Eastern Shore, For Sale-Wanted, General, https://easternshore.craigslist.org/for/d/chester-waterfront-townhouse/7013850155.html,,2019-11-20,US,2019-11-21
Furniture-Make me an offer!, Nov 20, &excats=134-40&min_price=200000&max_price=1000000, Maryland, Frederick, For Sale-Wanted, Furniture, https://frederick.craigslist.org/fuo/d/frederick-furniture-make-me-an-offer/7024158318.html,,2019-11-20,US,2019-11-21
Looking for 04-08 Acura TL parts., Nov 20, &excats=134-40&min_price=200000&max_price=1000000, New Mexico, Albuquerque, For Sale-Wanted, Auto Parts by Owner, https://albuquerque.craigslist.org/pts/d/albuquerque-looking-for-acura-tl-parts/7017856281.html,Want,2019-11-20,US,2019-11-21
5.9 Cummins Engine, Nov 20, &excats=134-40&min_price=200000&max_price=1000000, Michigan, Grand Rapids, For Sale-Wanted, Auto Parts by Owner, https://grandrapids.craigslist.org/pts/d/sheridan-59-cummins-engine/7023738360.html,,2019-11-20,US,2019-11-21
Toy hauler / 5th  wheel Trailer 38 plus 2016, Nov 20, &excats=134-40&min_price=200000&max_price=1000000, Michigan, Grand Rapids, For Sale-Wanted, RVs, https://grandrapids.craigslist.org/rvs/d/harrisville-toy-hauler-5th-wheel/7023717985.html,,2019-11-20,US,2019-11-21
6 Acres for Sale, Nov 20, &excats=134-40&min_price=200000&max_price=1000000, Michigan, Monroe, For Sale-Wanted, General, https://detroit.craigslist.org/wyn/for/d/monroe-6-acres-for-sale/7024009518.html,,2019-11-20,US,2019-11-21
Ranch w/full finished basement, Nov 20, &excats=134-40&min_price=200000&max_price=1000000, Ohio, Cincinnati, For Sale-Wanted, General, https://cincinnati.craigslist.org/for/d/south-lebanon-ranch-full-finished/7023847655.html,,2019-11-20,US,2019-11-21
26 acre Estate, Nov 20, &excats=134-40&min_price=200000&max_price=1000000, Ohio, Cleveland, For Sale-Wanted, General, https://cleveland.craigslist.org/for/d/26-acre-estate/7023660764.html,,2019-11-20,US,2019-11-21
For sale, Nov 20, &excats=134-40&min_price=200000&max_price=1000000, Ohio, Toledo, For Sale-Wanted, Wanted, https://toledo.craigslist.org/wan/d/toledo-for-sale/7012542114.html,,2019-11-20,US,2019-11-21
20 Proven Active Mining Claims, Nov 20, &excats=134-40&min_price=200000&max_price=1000000, Alaska, Fairbanks, For Sale-Wanted, Heavy Equipment, https://fairbanks.craigslist.org/hvo/d/manley-hot-springs-20-proven-active/7008356102.html,,2019-11-20,US,2019-11-21
Laying Hens looking for new home, Nov 20, &excats=134-40&min_price=200000&max_price=1000000, Alaska, Fairbanks, For Sale-Wanted, Farm and Garden, https://fairbanks.craigslist.org/grd/d/north-pole-laying-hens-looking-for-new/7023766461.html,Want,2019-11-20,US,2019-11-21
HOUSE ON 1.07 acres, Nov 20, &excats=134-40&min_price=200000&max_price=1000000, North Carolina, Asheville, For Sale-Wanted, General, https://asheville.craigslist.org/for/d/hendersonville-house-on-107-acres/7021862129.html,,2019-11-20,US,2019-11-21
FUEL OIL BUSINESS FOR SALE, Nov 20, &excats=134-40&min_price=200000&max_price=1000000, North Carolina, Asheville, For Sale-Wanted, Wanted, https://asheville.craigslist.org/wan/d/rutherfordton-fuel-oil-business-for-sale/7010130654.html,,2019-11-20,US,2019-11-21
FUEL OIL BUSINESS FOR SALE, Nov 20, &excats=134-40&min_price=200000&max_price=1000000, North Carolina, Asheville, For Sale-Wanted, Wanted, https://asheville.craigslist.org/wan/d/rutherfordton-fuel-oil-business-for-sale/7010121760.html,,2019-11-20,US,2019-11-21
20.5 acres  w/farm house barnbig shop, Nov 20, &excats=134-40&min_price=200000&max_price=1000000, Louisiana, Baton Rouge, For Sale-Wanted, General, https://batonrouge.craigslist.org/for/d/denham-springs-205-acres-farm-house/7008617362.html,,2019-11-20,US,2019-11-21
20.5 acres  w/farm house barnbig shop, Nov 20, &excats=134-40&min_price=200000&max_price=1000000, Louisiana, Baton Rouge, For Sale-Wanted, General, https://batonrouge.craigslist.org/for/d/denham-springs-205-acres-farm-house/7008615806.html,,2019-11-20,US,2019-11-21
2009 Searay 40 Sundancer, Nov 20, &excats=134-40&min_price=200000&max_price=1000000, Louisiana, Baton Rouge, For Sale-Wanted, Boat Parts, https://batonrouge.craigslist.org/boa/d/covington-2009-searay-40-sundancer/7004684434.html,,2019-11-20,US,2019-11-21
Ca$h For Comic Books/Comics!, Nov 20, &excats=134-40&min_price=200000&max_price=1000000, Louisiana, Monroe, For Sale-Wanted, Wanted, https://monroe.craigslist.org/wan/d/monroe-cah-for-comic-books-comics/7024177306.html,,2019-11-20,US,2019-11-21
Always Buying Old Motor Cycles Any Make Any Condition, Nov 20, &excats=134-40&min_price=200000&max_price=1000000, Minnesota, Bemidji, For Sale-Wanted, Wanted, https://bemidji.craigslist.org/wan/d/bemidji-always-buying-old-motor-cycles/7014054740.html,,2019-11-20,US,2019-11-21
Missouri Ranch 160 Ac., Nov 20, &excats=134-40&min_price=200000&max_price=1000000, Minnesota, Mankato, For Sale-Wanted, Farm and Garden, https://mankato.craigslist.org/grd/d/brandsville-missouri-ranch-160-ac/7018195107.html,,2019-11-20,US,2019-11-21
Cleaning my hangar, Nov 20, &excats=134-40&min_price=200000&max_price=1000000, Utah, Salt Lake City, For Sale-Wanted, NA, https://saltlakecity.craigslist.org/avo/d/albuquerque-cleaning-my-hangar/7023657056.html,,2019-11-20,US,2019-11-21
FSBO S.OKC/Moore, Nov 20, &excats=134-40&min_price=200000&max_price=1000000, Oklahoma, Oklahoma City, For Sale-Wanted, General, https://oklahomacity.craigslist.org/for/d/malta-bend-fsbo-sokc-moore/7016659660.html,,2019-11-20,US,2019-11-21
ANTIQUE STORE, Nov 20, &excats=134-40&min_price=200000&max_price=1000000, Oklahoma, Tulsa, For Sale-Wanted, Antique By Owner, https://tulsa.craigslist.org/atq/d/bartlesville-antique-store/7023938139.html,,2019-11-20,US,2019-11-21
*Land 4 Sale* Awesome 40 Acres Hwy Frontage Guthrie/Perkins, Nov 20, &excats=134-40&min_price=200000&max_price=1000000, Oklahoma, Tulsa, For Sale-Wanted, Farm and Garden, https://tulsa.craigslist.org/grd/d/langston-land-4-sale-awesome-40-acres/7021144202.html,,2019-11-20,US,2019-11-21
WE BUY TEST & MEDICAL EQUIPMENT. FLUKE JDSU ANRITSU JUNIPER 3Z HP, Nov 20, &excats=134-40&min_price=200000&max_price=1000000, Oklahoma, Tulsa, For Sale-Wanted, Wanted, https://tulsa.craigslist.org/wad/d/tulsa-we-buy-test-medical-equipment/7023698616.html,,2019-11-20,US,2019-11-21
2018 Honda CRV EX-L, Nov 20, &excats=134-40&min_price=200000&max_price=1000000, Idaho, Boise, For Sale-Wanted, Cars And Trucks, https://boise.craigslist.org/cto/d/meridian-2018-honda-crv-ex/7024116027.html,,2019-11-20,US,2019-11-21
Home in WA for Sale, Nov 20, &excats=134-40&min_price=200000&max_price=1000000, Idaho, Boise, For Sale-Wanted, General, https://boise.craigslist.org/for/d/winlock-home-in-wa-for-sale/7023848829.html,,2019-11-20,US,2019-11-21
Cabin By Donnelly Idaho For Sale By Owner, Nov 20, &excats=134-40&min_price=200000&max_price=1000000, Idaho, Boise, For Sale-Wanted, General, https://boise.craigslist.org/for/d/donnelly-cabin-by-donnelly-idaho-for/7019887936.html,,2019-11-20,US,2019-11-21
266.8 Surveyed Jewell County KS Land, Nov 20, &excats=134-40&min_price=200000&max_price=1000000, Kansas, Topeka, For Sale-Wanted, Farm and Garden, https://topeka.craigslist.org/grq/d/esbon-2668-surveyed-jewell-county-ks/7023764193.html,,2019-11-20,US,2019-11-21
266.8 Surveyed Jewell County KS Land, Nov 20, &excats=134-40&min_price=200000&max_price=1000000, Kansas, Wichita, For Sale-Wanted, Farm and Garden, https://wichita.craigslist.org/grq/d/esbon-2668-surveyed-jewell-county-ks/7023758818.html,,2019-11-20,US,2019-11-21
Ca$h For Comic Books/Comics!, Nov 20, &excats=134-40&min_price=200000&max_price=1000000, Tennessee, Chattanooga, For Sale-Wanted, Wanted, https://chattanooga.craigslist.org/wan/d/cah-for-comic-books-comics/7024177071.html,,2019-11-20,US,2019-11-21
TWO SPRINT/BOOST IPHONES (7 and 7 plus ) READ, Nov 20, &excats=134-40&min_price=200000&max_price=1000000, Tennessee, Memphis, For Sale-Wanted, Cell Phones, https://memphis.craigslist.org/mob/d/cordova-two-sprint-boost-iphones-7-and/7008581135.html,,2019-11-20,US,2019-11-21
TWO BOOST IPHONES - NO SCRATCHES NO CRACKS, Nov 20, &excats=134-40&min_price=200000&max_price=1000000, Tennessee, Memphis, For Sale-Wanted, Cell Phones, https://memphis.craigslist.org/mob/d/cordova-two-boost-iphones-no-scratches/7019969350.html,,2019-11-20,US,2019-11-21
BOOST AND SPRINT IPHONES- PLS READ, Nov 20, &excats=134-40&min_price=200000&max_price=1000000, Tennessee, Memphis, For Sale-Wanted, Cell Phones, https://memphis.craigslist.org/mob/d/cordova-boost-and-sprint-iphones-pls/7006623480.html,,2019-11-20,US,2019-11-21
Regal 35 Sport Coupe, Nov 20, &excats=134-40&min_price=200000&max_price=1000000, Tennessee, Nashville, For Sale-Wanted, Boat Parts, https://nashville.craigslist.org/boa/d/old-hickory-regal-35-sport-coupe/7022668556.html,,2019-11-20,US,2019-11-21
Bar/Club for sale or  residential - $200000, Nov 20, &excats=134-40&min_price=200000&max_price=1000000, Pennsylvania, Philadelphia, For Sale-Wanted, General, https://philadelphia.craigslist.org/for/d/bar-club-for-sale-or-residential/7018981772.html,,2019-11-20,US,2019-11-21
****Metal wanted****, Nov 20, &excats=134-40&min_price=200000&max_price=1000000, Pennsylvania, Philadelphia, For Sale-Wanted, Wanted, https://philadelphia.craigslist.org/wan/d/metal-wanted/7023602931.html,Want,2019-11-20,US,2019-11-21
Vacant land, Nov 20, &excats=134-40&min_price=200000&max_price=1000000, Pennsylvania, Pittsburgh, For Sale-Wanted, General, https://pittsburgh.craigslist.org/for/d/sewickley-vacant-land/7023925104.html,,2019-11-20,US,2019-11-21
Buying Old Baseball/Football/Basketball Cards B4 1970 Cash Now!!, Nov 20, &excats=134-40&min_price=200000&max_price=1000000, Pennsylvania, Pittsburgh, For Sale-Wanted, Wanted, https://pittsburgh.craigslist.org/wan/d/buying-old-baseball-football-basketball/7010630251.html,,2019-11-20,US,2019-11-21
i buy chainsaws and phones, Nov 20, &excats=134-40&min_price=200000&max_price=1000000, Pennsylvania, Williamsport, For Sale-Wanted, Wanted, https://williamsport.craigslist.org/wan/d/picture-rocks-buy-chainsaws-and-phones/7020289463.html,,2019-11-20,US,2019-11-21
===> I BUY iPHONE 11 / 11 PRO / 11 PRO MAX / XS / XR / X / iPAD / MAC, Nov 20, &excats=134-40&min_price=200000&max_price=1000000, Texas, Austin, For Sale-Wanted, Wanted, https://austin.craigslist.org/wad/d/austin-buy-iphone-pro-11-pro-max-xs-xr/7023725423.html,,2019-11-20,US,2019-11-21
GET TOP DOLLAR FAST FOR YOUR NEW OR USED TEST AND MEDICAL EQUIPMENT, Nov 20, &excats=134-40&min_price=200000&max_price=1000000, Texas, Austin, For Sale-Wanted, Wanted, https://austin.craigslist.org/wad/d/round-rock-get-top-dollar-fast-for-your/7023671930.html,,2019-11-20,US,2019-11-21
GET TOP DOLLAR FAST FOR YOUR NEW OR USED TEST AND MEDICAL EQUIPMENT, Nov 20, &excats=134-40&min_price=200000&max_price=1000000, Texas, Austin, For Sale-Wanted, Wanted, https://austin.craigslist.org/wad/d/round-rock-get-top-dollar-fast-for-your/7023670006.html,,2019-11-20,US,2019-11-21
===> I BUY iPHONE 11 / 11 PRO / 11 PRO MAX / XS / XR / X / iPAD / MAC, Nov 20, &excats=134-40&min_price=200000&max_price=1000000, Texas, Austin, For Sale-Wanted, Wanted, https://austin.craigslist.org/wad/d/austin-buy-iphone-pro-11-pro-max-xs-xr/7023599202.html,,2019-11-20,US,2019-11-21
Looking For FSBO&#39;s Or Looking To Take Over Your Payments!!!, Nov 20, &excats=134-40&min_price=200000&max_price=1000000, Texas, Houston, For Sale-Wanted, Wanted, https://houston.craigslist.org/wan/d/spring-looking-for-fsbos-or-looking-to/7009172723.html,Want,2019-11-20,US,2019-11-21
5 acres w/ 50x 100 metal building, Nov 20, &excats=134-40&min_price=200000&max_price=1000000, Texas, Houston, For Sale-Wanted, Bike Parts, https://houston.craigslist.org/bop/d/plantersville-5-acres-50x-100-metal/7024007275.html,,2019-11-20,US,2019-11-21
GET TOP DOLLAR FAST FOR YOUR NEW OR USED TEST AND MEDICAL EQUIPMENT., Nov 20, &excats=134-40&min_price=200000&max_price=1000000, Texas, Houston, For Sale-Wanted, Wanted, https://houston.craigslist.org/wad/d/spring-get-top-dollar-fast-for-your-new/7023687468.html,,2019-11-20,US,2019-11-21
ACREAGE 32.8, Nov 20, &excats=134-40&min_price=200000&max_price=1000000, Texas, Houston, For Sale-Wanted, Farm and Garden, https://houston.craigslist.org/grd/d/hempstead-acreage-328/7023621377.html,,2019-11-20,US,2019-11-21
SARGENT TX 3 BED 2 BATH FSBO, Nov 20, &excats=134-40&min_price=200000&max_price=1000000, Texas, Houston, For Sale-Wanted, General, https://houston.craigslist.org/for/d/wadsworth-sargent-tx-3-bed-2-bath-fsbo/7013609464.html,,2019-11-20,US,2019-11-21
FORD 5.4 GT500 & SCJ PARTS, Nov 20, &excats=134-40&min_price=200000&max_price=1000000, Connecticut, Hartford, For Sale-Wanted, Auto Parts by Owner, https://hartford.craigslist.org/pts/d/gray-ford-54-gt500-scj-parts/7007283639.html,,2019-11-20,US,2019-11-21
1979 Piper Navajo Panther, Nov 20, &excats=134-40&min_price=200000&max_price=1000000, Missouri, Kansas City, For Sale-Wanted, NA, https://kansascity.craigslist.org/avo/d/kansas-city-1979-piper-navajo-panther/7023937309.html,,2019-11-20,US,2019-11-21
266.8 Surveyed Jewell County KS Land, Nov 20, &excats=134-40&min_price=200000&max_price=1000000, Missouri, Kansas City, For Sale-Wanted, Farm and Garden, https://kansascity.craigslist.org/grq/d/esbon-2668-surveyed-jewell-county-ks/7023761231.html,,2019-11-20,US,2019-11-21
A shape bounces into a circuit. When will a widest headache reckon acr, Nov 20, &excats=134-40&min_price=200000&max_price=1000000, District of Columbia, Washington, For Sale-Wanted, Cell Phones, https://washingtondc.craigslist.org/nva/mob/d/annandale-shape-bounces-into-circuit/7005490154.html,,2019-11-20,US,2019-11-21
AftermathAfter the ordeal, Nov 20, &excats=134-40&min_price=200000&max_price=1000000, District of Columbia, Washington, For Sale-Wanted, Cell Phones, https://washingtondc.craigslist.org/doc/mob/d/washington-aftermathafter-the-ordeal/7017665313.html,,2019-11-20,US,2019-11-21
Tonight we had fun drawing up our family tree together. The girl spen, Nov 20, &excats=134-40&min_price=200000&max_price=1000000, District of Columbia, Washington, For Sale-Wanted, Cell Phones, https://washingtondc.craigslist.org/nva/mob/d/springfield-tonight-we-had-fun-drawing/7006101604.html,,2019-11-20,US,2019-11-21
Kim Porter passed 47 years oldTMZ, Nov 20, &excats=134-40&min_price=200000&max_price=1000000, District of Columbia, Washington, For Sale-Wanted, Cell Phones, https://washingtondc.craigslist.org/doc/mob/d/washington-kim-porter-passed-47-years/7021526327.html,,2019-11-20,US,2019-11-21
Great Investment Opportunity, Nov 20, &excats=134-40&min_price=200000&max_price=1000000, District of Columbia, Washington, For Sale-Wanted, General, https://washingtondc.craigslist.org/doc/for/d/washington-great-investment-opportunity/7023985287.html,,2019-11-20,US,2019-11-21
Please don&#39;t make so much noise. I&#39;m trying to study. I didn&#39;t hear mu, Nov 20, &excats=134-40&min_price=200000&max_price=1000000, District of Columbia, Washington, For Sale-Wanted, Cell Phones, https://washingtondc.craigslist.org/doc/mob/d/washington-please-dont-make-so-much/7006115191.html,,2019-11-20,US,2019-11-21
Manuel Calderon also known as, Nov 20, &excats=134-40&min_price=200000&max_price=1000000, District of Columbia, Washington, For Sale-Wanted, Cell Phones, https://washingtondc.craigslist.org/doc/mob/d/washington-manuel-calderon-also-known-as/7017591183.html,,2019-11-20,US,2019-11-21
EU Ambassadorship, Nov 20, &excats=134-40&min_price=200000&max_price=1000000, District of Columbia, Washington, For Sale-Wanted, General, https://washingtondc.craigslist.org/doc/for/d/washington-eu-ambassadorship/7023933368.html,,2019-11-20,US,2019-11-21
Rare Nancy PELOSI & HILLARY CLINTON Bobblehead Dolls, Nov 20, &excats=134-40&min_price=200000&max_price=1000000, District of Columbia, Washington, For Sale-Wanted, Collectibles, https://washingtondc.craigslist.org/doc/clt/d/sandusky-rare-nancy-pelosi-hillary/7020335132.html,,2019-11-20,US,2019-11-21
The  currently contains 9 sections, Nov 20, &excats=134-40&min_price=200000&max_price=1000000, District of Columbia, Washington, For Sale-Wanted, Cell Phones, https://washingtondc.craigslist.org/doc/mob/d/washington-the-currently-contains-9/7023809947.html,,2019-11-20,US,2019-11-21
$925000 / 5br - 10000ft2 - Buy my home and rent it back to me., Nov 20, &excats=134-40&min_price=200000&max_price=1000000, District of Columbia, Washington, For Sale-Wanted, General, https://washingtondc.craigslist.org/nva/for/d/nokesville-br-ft2-buy-my-home-and-rent/7023814457.html,,2019-11-20,US,2019-11-21
WATER/BAY VIEW 4 Br 2Bath 1752 SQFt HOUSE/LOT TO BE DEVELOP IN 2 LOTS, Nov 20, &excats=134-40&min_price=200000&max_price=1000000, District of Columbia, Washington, For Sale-Wanted, General, https://washingtondc.craigslist.org/mld/for/d/saint-leonard-water-bay-view-4-br-2bath/7016617248.html,,2019-11-20,US,2019-11-21
Walk to West Falls church, Nov 20, &excats=134-40&min_price=200000&max_price=1000000, District of Columbia, Washington, For Sale-Wanted, General, https://washingtondc.craigslist.org/nva/for/d/falls-church-walk-to-west-falls-church/7019677608.html,,2019-11-20,US,2019-11-21
4 Bedroom Colonial House, Nov 20, &excats=134-40&min_price=200000&max_price=1000000, Illinois, Chicago, For Sale-Wanted, General, https://chicago.craigslist.org/nwc/for/d/mount-prospect-4-bedroom-colonial-house/7024150828.html,,2019-11-20,US,2019-11-21
Young men and mens jackets, Nov 20, &excats=134-40&min_price=200000&max_price=1000000, Illinois, Chicago, For Sale-Wanted, Clothes, https://chicago.craigslist.org/nwc/clo/d/westchester-young-men-and-mens-jackets/7016128916.html,,2019-11-20,US,2019-11-21
Misc Acura TL parts, Nov 20, &excats=134-40&min_price=200000&max_price=1000000, Illinois, Chicago, For Sale-Wanted, Auto Parts by Owner, https://chicago.craigslist.org/nwc/pts/d/westchester-misc-acura-tl-parts/7016129169.html,,2019-11-20,US,2019-11-21
Wanted Clocks, Nov 20, &excats=134-40&min_price=200000&max_price=1000000, Illinois, Chicago, For Sale-Wanted, Wanted, https://chicago.craigslist.org/chc/wan/d/oak-lawn-wanted-clocks/7021023746.html,Want,2019-11-20,US,2019-11-21
2 porcelain dolls, Nov 20, &excats=134-40&min_price=200000&max_price=1000000, Illinois, Chicago, For Sale-Wanted, Collectibles, https://chicago.craigslist.org/nwi/clt/d/chicago-2-porcelain-dolls/7024029209.html,,2019-11-20,US,2019-11-21
House and 30 Acres, Nov 20, &excats=134-40&min_price=200000&max_price=1000000, Illinois, Chicago, For Sale-Wanted, General, https://chicago.craigslist.org/nwi/for/d/house-and-30-acres/7023986367.html,,2019-11-20,US,2019-11-21
EU Ambassadorship, Nov 20, &excats=134-40&min_price=200000&max_price=1000000, Illinois, Chicago, For Sale-Wanted, General, https://chicago.craigslist.org/chc/for/d/washington-eu-ambassadorship/7023929439.html,,2019-11-20,US,2019-11-21
Lakefront condo for sale, Nov 20, &excats=134-40&min_price=200000&max_price=1000000, Illinois, Chicago, For Sale-Wanted, General, https://chicago.craigslist.org/nwc/for/d/kansasville-lakefront-condo-for-sale/7023832728.html,,2019-11-20,US,2019-11-21
Real estate right off Highway., Nov 20, &excats=134-40&min_price=200000&max_price=1000000, Illinois, Chicago, For Sale-Wanted, General, https://chicago.craigslist.org/sox/for/d/manteno-real-estate-right-off-highway/7010872268.html,,2019-11-20,US,2019-11-21
two          saddles, Nov 20, &excats=134-40&min_price=200000&max_price=1000000, Illinois, Peoria, For Sale-Wanted, Farm and Garden, https://peoria.craigslist.org/grd/d/hopedale-two-saddles/7023795058.html,,2019-11-20,US,2019-11-21
BUYERS: Looking for Surplus in  your area, Nov 20, &excats=134-40&min_price=200000&max_price=1000000, Mississippi, Jackson, For Sale-Wanted, General, https://jackson.craigslist.org/for/d/clinton-buyers-looking-for-surplus-in/7013708143.html,Want,2019-11-20,US,2019-11-21
Reg Nigerian does, Nov 20, &excats=134-40&min_price=200000&max_price=1000000, Oregon, East Oregon, For Sale-Wanted, Farm and Garden, https://eastoregon.craigslist.org/grd/d/enterprise-reg-nigerian-does/7015148056.html,,2019-11-20,US,2019-11-21
1982 Steel Fishing Vessel, Nov 20, &excats=134-40&min_price=200000&max_price=1000000, Oregon, Oregon Coast, For Sale-Wanted, Boat Parts, https://oregoncoast.craigslist.org/boa/d/newport-1982-steel-fishing-vessel/7004063137.html,,2019-11-20,US,2019-11-21
CAT 517 SKIDDER, Nov 20, &excats=134-40&min_price=200000&max_price=1000000, Oregon, Portland, For Sale-Wanted, Heavy Equipment, https://portland.craigslist.org/clk/hvo/d/winlock-cat-517-skidder/7024156477.html,,2019-11-20,US,2019-11-21
COMMERCIAL EQUIPMENT FINANCING, Nov 20, &excats=134-40&min_price=200000&max_price=1000000, Oregon, Portland, For Sale-Wanted, Heavy Equipment, https://portland.craigslist.org/clk/hvo/d/lake-oswego-commercial-equipment/7021531619.html,,2019-11-20,US,2019-11-21
COMMERCIAL EQUIPMENT FINANCING, Nov 20, &excats=134-40&min_price=200000&max_price=1000000, Oregon, Portland, For Sale-Wanted, Heavy Equipment, https://portland.craigslist.org/clk/hvo/d/lake-oswego-commercial-equipment/7021531748.html,,2019-11-20,US,2019-11-21
COMMERCIAL EQUIPMENT FINANCING, Nov 20, &excats=134-40&min_price=200000&max_price=1000000, Oregon, Portland, For Sale-Wanted, Heavy Equipment, https://portland.craigslist.org/clk/hvo/d/lake-oswego-commercial-equipment/7021531478.html,,2019-11-20,US,2019-11-21
COMMERCIAL EQUIPMENT FINANCING, Nov 20, &excats=134-40&min_price=200000&max_price=1000000, Oregon, Portland, For Sale-Wanted, Heavy Equipment, https://portland.craigslist.org/clk/hvo/d/lake-oswego-commercial-equipment/7022057220.html,,2019-11-20,US,2019-11-21
COMMERCIAL EQUIPMENT FINANCING, Nov 20, &excats=134-40&min_price=200000&max_price=1000000, Oregon, Portland, For Sale-Wanted, Heavy Equipment, https://portland.craigslist.org/clk/hvo/d/lake-oswego-commercial-equipment/7022057099.html,,2019-11-20,US,2019-11-21
Charming 3 bd - 1 ba Home, Nov 20, &excats=134-40&min_price=200000&max_price=1000000, Oregon, Portland, For Sale-Wanted, General, https://portland.craigslist.org/clk/for/d/winlock-charming-3-bd-1-ba-home/7023814193.html,,2019-11-20,US,2019-11-21
3800 Navigator  Coupe 2012, Nov 20, &excats=134-40&min_price=200000&max_price=1000000, Oregon, Portland, For Sale-Wanted, Boat Parts, https://portland.craigslist.org/nco/boa/d/auburn-3800-navigator-coupe-2012/7009763259.html,,2019-11-20,US,2019-11-21
2016 Rolls-Royce Dawn   Convertible, Nov 20, &excats=134-40&min_price=200000&max_price=1000000, Oregon, Portland, For Sale-Wanted, Cars And by Dealer, https://portland.craigslist.org/clc/ctd/d/gladstone-2016-rolls-royce-dawn/7023700713.html,,2019-11-20,US,2019-11-21
1982 Steel Fishing Vessel, Nov 20, &excats=134-40&min_price=200000&max_price=1000000, Oregon, Salem, For Sale-Wanted, Boat Parts, https://salem.craigslist.org/boa/d/newport-1982-steel-fishing-vessel/7004270528.html,,2019-11-20,US,2019-11-21
American Auger DD 8 Drill, Nov 20, &excats=134-40&min_price=200000&max_price=1000000, New York, Albany, For Sale-Wanted, Heavy Equipment, https://albany.craigslist.org/hvo/d/ballston-spa-american-auger-dd-8-drill/7023591618.html,,2019-11-20,US,2019-11-21
HOUSE FOR SALE, Nov 20, &excats=134-40&min_price=200000&max_price=1000000, New York, Catskills, For Sale-Wanted, Antique By Owner, https://catskills.craigslist.org/atq/d/salisbury-mills-house-for-sale/7023854594.html,,2019-11-20,US,2019-11-21
34 acres, Nov 20, &excats=134-40&min_price=200000&max_price=1000000, New York, Chautauqua, For Sale-Wanted, Farm and Garden, https://chautauqua.craigslist.org/grd/d/frewsburg-34-acres/7023647093.html,,2019-11-20,US,2019-11-21
Tailgates..., Nov 20, &excats=134-40&min_price=200000&max_price=1000000, New York, Hudson Valley, For Sale-Wanted, Auto Parts by Owner, https://hudsonvalley.craigslist.org/pts/d/kingston-tailgates/7024130070.html,,2019-11-20,US,2019-11-21
Busy Pizzeria For Sale, Nov 20, &excats=134-40&min_price=200000&max_price=1000000, New York, Long Island, For Sale-Wanted, General, https://longisland.craigslist.org/for/d/massapequa-park-busy-pizzeria-for-sale/7023863855.html,,2019-11-20,US,2019-11-21
Grocery Store, Nov 20, &excats=134-40&min_price=200000&max_price=1000000, New York, Long Island, For Sale-Wanted, General, https://longisland.craigslist.org/for/d/la-rue-grocery-store/7023536204.html,,2019-11-20,US,2019-11-21
Fisher minute mount v plow, Nov 20, &excats=134-40&min_price=200000&max_price=1000000, New York, Rochester, For Sale-Wanted, Auto Parts by Owner, https://rochester.craigslist.org/pts/d/marion-fisher-minute-mount-plow/7024169300.html,,2019-11-20,US,2019-11-21
Honda Crx parts new and used, Nov 20, &excats=134-40&min_price=200000&max_price=1000000, New York, Watertown, For Sale-Wanted, Auto Parts by Owner, https://watertown.craigslist.org/pts/d/honda-crx-parts-new-and-used/7017387138.html,,2019-11-20,US,2019-11-21
1997 EAGLE 1000 Crusher, Nov 20, &excats=134-40&min_price=200000&max_price=1000000, New Jersey, South Jersey, For Sale-Wanted, Heavy Equipment, https://southjersey.craigslist.org/hvo/d/dayton-1997-eagle-1000-crusher/7024053722.html,,2019-11-20,US,2019-11-21
Buying all iPhones/iPads/Tv&#39;s/MacBooks/iMacs/electronics!, Nov 20, &excats=134-40&min_price=200000&max_price=1000000, New Jersey, South Jersey, For Sale-Wanted, Wanted, https://southjersey.craigslist.org/wan/d/buying-all-iphones-ipads-tvs-macbooks/7023831850.html,,2019-11-20,US,2019-11-21
20 Acres Land and Buildings, Nov 20, &excats=134-40&min_price=200000&max_price=1000000, Wisconsin, Eau Claire, For Sale-Wanted, General, https://eauclaire.craigslist.org/for/d/20-acres-land-and-buildings/7007968854.html,,2019-11-20,US,2019-11-21
Unbeatable East Side Retail Location, Nov 20, &excats=134-40&min_price=200000&max_price=1000000, Wisconsin, Milwaukee, For Sale-Wanted, General, https://milwaukee.craigslist.org/for/d/milwaukee-unbeatable-east-side-retail/7023935395.html,,2019-11-20,US,2019-11-21
2019 Ski-Doo Tundra Sport 600 AC, Nov 20, &excats=134-40&min_price=200000&max_price=1000000, Wisconsin, Milwaukee, For Sale-Wanted, ATVs UTVs by Dealer, https://milwaukee.craigslist.org/snd/d/south-range-2019-ski-doo-tundra-sport/7023707046.html,,2019-11-20,US,2019-11-21
Yacht / Business, Nov 20, &excats=134-40&min_price=200000&max_price=1000000, California, Bakersfield, For Sale-Wanted, Boat Parts by Dealer, https://bakersfield.craigslist.org/bod/d/morro-bay-yacht-business/7024098473.html,,2019-11-20,US,2019-11-21
38 acres in Visalia Ca, Nov 20, &excats=134-40&min_price=200000&max_price=1000000, California, Bakersfield, For Sale-Wanted, Farm and Garden, https://bakersfield.craigslist.org/grd/d/ivanhoe-38-acres-in-visalia-ca/7023955164.html,,2019-11-20,US,2019-11-21
Custom  renovated house with huge double shower, Nov 20, &excats=134-40&min_price=200000&max_price=1000000, California, Inland Empire, For Sale-Wanted, General, https://inlandempire.craigslist.org/for/d/hesperia-custom-renovated-house-with/7016442066.html,,2019-11-20,US,2019-11-21
Custom Motorcycle, Nov 20, &excats=134-40&min_price=200000&max_price=1000000, California, Los Angeles, For Sale-Wanted, Motorcycles, https://losangeles.craigslist.org/wst/mcy/d/culver-city-custom-motorcycle/7024200317.html,,2019-11-20,US,2019-11-21
Arcadia Historical 2300 sf 4/3 on 1/4 ac 2 car Complete Rebuild Wow -, Nov 20, &excats=134-40&min_price=200000&max_price=1000000, California, Los Angeles, For Sale-Wanted, General, https://losangeles.craigslist.org/lac/for/d/phoenix-arcadia-historical-2300-sf-4-3/7018425152.html,,2019-11-20,US,2019-11-21
1965 Rolls-Royce Silver Cloud III Convertible Silver Cloud III Stock# 531, Nov 20, &excats=134-40&min_price=200000&max_price=1000000, California, Los Angeles, For Sale-Wanted, Cars And by Dealer, https://losangeles.craigslist.org/wst/ctd/d/torrance-1965-rolls-royce-silver-cloud/7024172797.html,,2019-11-20,US,2019-11-21
Forklift Buyers $$ Cash $ Trucks  heavy equipment buyer, Nov 20, &excats=134-40&min_price=200000&max_price=1000000, California, Los Angeles, For Sale-Wanted, Wanted, https://losangeles.craigslist.org/sgv/wan/d/beverly-hills-forklift-buyers-cash/7018601445.html,,2019-11-20,US,2019-11-21
we buy Forklifts $$ Cash $ Trucks  heavy equipment buyer, Nov 20, &excats=134-40&min_price=200000&max_price=1000000, California, Los Angeles, For Sale-Wanted, Wanted, https://losangeles.craigslist.org/lac/wan/d/los-angeles-we-buy-forklifts-cash/7020560166.html,,2019-11-20,US,2019-11-21
5/8&quot; 3/4&quot; 7/8&quot;  Hilti Bits, Nov 20, &excats=134-40&min_price=200000&max_price=1000000, California, Los Angeles, For Sale-Wanted, Tools, https://losangeles.craigslist.org/sgv/tls/d/whittier-hilti-bits/7021261801.html,,2019-11-20,US,2019-11-21
EAST LA FIXER FOR SALE, Nov 20, &excats=134-40&min_price=200000&max_price=1000000, California, Los Angeles, For Sale-Wanted, General, https://losangeles.craigslist.org/sgv/for/d/los-angeles-east-la-fixer-for-sale/7024010219.html,,2019-11-20,US,2019-11-21
WE PAY CASH FOR BRAND NEW AND USED SMARTPHONES, Nov 20, &excats=134-40&min_price=200000&max_price=1000000, California, Los Angeles, For Sale-Wanted, Wanted, https://losangeles.craigslist.org/lac/wad/d/los-angeles-we-pay-cash-for-brand-new/7023984187.html,,2019-11-20,US,2019-11-21
SILVERTON 453 MOTOR YACHT, Nov 20, &excats=134-40&min_price=200000&max_price=1000000, California, Los Angeles, For Sale-Wanted, Boat Parts, https://losangeles.craigslist.org/lgb/boa/d/long-beach-silverton-453-motor-yacht/7021101588.html,,2019-11-20,US,2019-11-21
38 acres in Visalia Ca, Nov 20, &excats=134-40&min_price=200000&max_price=1000000, California, Los Angeles, For Sale-Wanted, Farm and Garden, https://losangeles.craigslist.org/sfv/grd/d/ivanhoe-38-acres-in-visalia-ca/7023903014.html,,2019-11-20,US,2019-11-21
land Central coast Oregon, Nov 20, &excats=134-40&min_price=200000&max_price=1000000, California, Los Angeles, For Sale-Wanted, Farm and Garden, https://losangeles.craigslist.org/sfv/grd/d/lakeside-land-central-coast-oregon/7023882281.html,,2019-11-20,US,2019-11-21
land Central coast Oregon, Nov 20, &excats=134-40&min_price=200000&max_price=1000000, California, Los Angeles, For Sale-Wanted, Farm and Garden, https://losangeles.craigslist.org/sfv/grd/d/lakeside-land-central-coast-oregon/7023881463.html,,2019-11-20,US,2019-11-21
Forklift Buyers $$ Cash $ Trucks  heavy equipment buyer, Nov 20, &excats=134-40&min_price=200000&max_price=1000000, California, Los Angeles, For Sale-Wanted, Wanted, https://losangeles.craigslist.org/sgv/wan/d/beverly-hills-forklift-buyers-cash/7011494480.html,,2019-11-20,US,2019-11-21
we buy Forklifts $$ Cash $ Trucks  heavy equipment buyer, Nov 20, &excats=134-40&min_price=200000&max_price=1000000, California, Los Angeles, For Sale-Wanted, Wanted, https://losangeles.craigslist.org/lac/wan/d/beverly-hills-we-buy-forklifts-cash/7010515386.html,,2019-11-20,US,2019-11-21
31 Acres, Nov 20, &excats=134-40&min_price=200000&max_price=1000000, California, Los Angeles, For Sale-Wanted, General, https://losangeles.craigslist.org/sfv/for/d/lebanon-31-acres/7020042175.html,,2019-11-20,US,2019-11-21
CASH FOR IPHONES !!! CASH FOR IPHONES ANSD SMARTPHONES, Nov 20, &excats=134-40&min_price=200000&max_price=1000000, California, Los Angeles, For Sale-Wanted, Wanted, https://losangeles.craigslist.org/lac/wad/d/los-angeles-cash-for-iphones-cash-for/7023770620.html,,2019-11-20,US,2019-11-21
Forklift for Sale TOYOTA  LIFT Rentals, Nov 20, &excats=134-40&min_price=200000&max_price=1000000, California, Los Angeles, For Sale-Wanted, General, https://losangeles.craigslist.org/lac/for/d/huntington-park-forklift-for-sale/7023721768.html,,2019-11-20,US,2019-11-21
Mansion in Beverly Hills, Nov 20, &excats=134-40&min_price=200000&max_price=1000000, California, Los Angeles, For Sale-Wanted, General, https://losangeles.craigslist.org/sgv/for/d/beverly-hills-mansion-in-beverly-hills/7023662209.html,,2019-11-20,US,2019-11-21
3800 Navigator Coupe 2012, Nov 20, &excats=134-40&min_price=200000&max_price=1000000, California, Los Angeles, For Sale-Wanted, Boat Parts, https://losangeles.craigslist.org/lgb/boa/d/auburn-3800-navigator-coupe-2012/7009763464.html,,2019-11-20,US,2019-11-21
Forklift for Sale TOYOTA  LIFT Rentals, Nov 20, &excats=134-40&min_price=200000&max_price=1000000, California, Los Angeles, For Sale-Wanted, General, https://losangeles.craigslist.org/lac/for/d/huntington-park-forklift-for-sale/7019228229.html,,2019-11-20,US,2019-11-21
Forklift for Sale TOYOTA  LIFT Rentals, Nov 20, &excats=134-40&min_price=200000&max_price=1000000, California, Los Angeles, For Sale-Wanted, General, https://losangeles.craigslist.org/lac/for/d/huntington-park-forklift-for-sale/7017896427.html,,2019-11-20,US,2019-11-21
Forklift for Sale TOYOTA  LIFT Rentals, Nov 20, &excats=134-40&min_price=200000&max_price=1000000, California, Los Angeles, For Sale-Wanted, General, https://losangeles.craigslist.org/lac/for/d/huntington-park-forklift-for-sale/7010741571.html,,2019-11-20,US,2019-11-21
Forklift for Sale TOYOTA  LIFT Rentals, Nov 20, &excats=134-40&min_price=200000&max_price=1000000, California, Los Angeles, For Sale-Wanted, General, https://losangeles.craigslist.org/lac/for/d/huntington-park-forklift-for-sale/7014117149.html,,2019-11-20,US,2019-11-21
Forklift for Sale TOYOTA  LIFT Rentals, Nov 20, &excats=134-40&min_price=200000&max_price=1000000, California, Los Angeles, For Sale-Wanted, General, https://losangeles.craigslist.org/lac/for/d/huntington-park-forklift-for-sale/7009513718.html,,2019-11-20,US,2019-11-21
Forklift for Sale TOYOTA  LIFT Rentals, Nov 20, &excats=134-40&min_price=200000&max_price=1000000, California, Los Angeles, For Sale-Wanted, General, https://losangeles.craigslist.org/lac/for/d/huntington-park-forklift-for-sale/7014854223.html,,2019-11-20,US,2019-11-21
Forklift for Sale TOYOTA  LIFT Rentals, Nov 20, &excats=134-40&min_price=200000&max_price=1000000, California, Los Angeles, For Sale-Wanted, General, https://losangeles.craigslist.org/lac/for/d/huntington-park-forklift-for-sale/7010740614.html,,2019-11-20,US,2019-11-21
trade home for yacht, Nov 20, &excats=134-40&min_price=200000&max_price=1000000, California, Los Angeles, For Sale-Wanted, Boat Parts, https://losangeles.craigslist.org/lgb/boa/d/las-vegas-trade-home-for-yacht/7021809808.html,,2019-11-20,US,2019-11-21
1999 Chevrolet Tahoe for parts, Nov 20, &excats=134-40&min_price=200000&max_price=1000000, California, Modesto, For Sale-Wanted, Auto Parts by Owner, https://modesto.craigslist.org/pts/d/modesto-1999-chevrolet-tahoe-for-parts/7004663696.html,,2019-11-20,US,2019-11-21
$ we Buy Forklifts $ CASH  $ Trucks $ heavy Equipment Buyer $$, Nov 20, &excats=134-40&min_price=200000&max_price=1000000, California, Orange County, For Sale-Wanted, Wanted, https://orangecounty.craigslist.org/wan/d/anaheim-we-buy-forklifts-cash-trucks/7010463518.html,,2019-11-20,US,2019-11-21
we Buy Cars $$ CASH for Cars $$ Free Towing, Nov 20, &excats=134-40&min_price=200000&max_price=1000000, California, Orange County, For Sale-Wanted, Wanted, https://orangecounty.craigslist.org/wan/d/fullerton-we-buy-cars-cash-for-cars/7017373822.html,,2019-11-20,US,2019-11-21
Forklift Buyers $$ Cash $ Trucks  heavy equipment buyer, Nov 20, &excats=134-40&min_price=200000&max_price=1000000, California, Orange County, For Sale-Wanted, Wanted, https://orangecounty.craigslist.org/wan/d/anaheim-forklift-buyers-cash-trucks/7007468274.html,,2019-11-20,US,2019-11-21
$ we Buy Forklifts $ CASH  $ Trucks $ heavy Equipment Buyer $$, Nov 20, &excats=134-40&min_price=200000&max_price=1000000, California, Orange County, For Sale-Wanted, Wanted, https://orangecounty.craigslist.org/wan/d/anaheim-we-buy-forklifts-cash-trucks/7005483488.html,,2019-11-20,US,2019-11-21
we Buy Cars $$ CASH for Cars $$ Free Towing, Nov 20, &excats=134-40&min_price=200000&max_price=1000000, California, Orange County, For Sale-Wanted, Wanted, https://orangecounty.craigslist.org/wan/d/fullerton-we-buy-cars-cash-for-cars/7018594377.html,,2019-11-20,US,2019-11-21
3 Bd 1 Ba Home in Washington, Nov 20, &excats=134-40&min_price=200000&max_price=1000000, California, Redding, For Sale-Wanted, General, https://redding.craigslist.org/for/d/winlock-3-bd-1-ba-home-in-washington/7023806165.html,,2019-11-20,US,2019-11-21
2020 Peterbilt water truck, Nov 20, &excats=134-40&min_price=200000&max_price=1000000, California, Redding, For Sale-Wanted, Heavy Equipment, https://redding.craigslist.org/hvo/d/cottonwood-2020-peterbilt-water-truck/7023744052.html,,2019-11-20,US,2019-11-21
Willys DJ 3A /C J 3A/ M38 windshields, Nov 20, &excats=134-40&min_price=200000&max_price=1000000, California, Sacramento, For Sale-Wanted, Auto Parts by Owner, https://sacramento.craigslist.org/pts/d/placerville-willys-dj-3a-j-3a-m38/7015063363.html,,2019-11-20,US,2019-11-21
Multi Family Building Lot, Nov 20, &excats=134-40&min_price=200000&max_price=1000000, California, Sacramento, For Sale-Wanted, General, https://sacramento.craigslist.org/for/d/boise-multi-family-building-lot/7020703120.html,,2019-11-20,US,2019-11-21
Ocean/Mt. view  property Oregon, Nov 20, &excats=134-40&min_price=200000&max_price=1000000, California, Sacramento, For Sale-Wanted, General, https://sacramento.craigslist.org/for/d/coos-bay-ocean-mt-view-property-oregon/7023880773.html,,2019-11-20,US,2019-11-21
Motorcycle Helmet&#39;s and Alpine Star motorcycle jacket, Nov 20, &excats=134-40&min_price=200000&max_price=1000000, California, Sacramento, For Sale-Wanted, Motorcycle Parts, https://sacramento.craigslist.org/mpo/d/woodland-motorcycle-helmets-and-alpine/7010120581.html,,2019-11-20,US,2019-11-21
1940s House 3 bd 1 ba, Nov 20, &excats=134-40&min_price=200000&max_price=1000000, California, Sacramento, For Sale-Wanted, General, https://sacramento.craigslist.org/for/d/winlock-1940s-house-3-bd-1-ba/7023809739.html,,2019-11-20,US,2019-11-21
Want to sell your classic American or European vehicle call me cash -, Nov 20, &excats=134-40&min_price=200000&max_price=1000000, California, Sacramento, For Sale-Wanted, Wanted, https://sacramento.craigslist.org/wan/d/elk-grove-want-to-sell-your-classic/7023668139.html,Want,2019-11-20,US,2019-11-21
Comics Cards Coins Toys Video Games Collection Collectible Buyer Gold, Nov 20, &excats=134-40&min_price=200000&max_price=1000000, California, San Diego, For Sale-Wanted, Wanted, https://sandiego.craigslist.org/csd/wan/d/san-diego-comics-cards-coins-toys-video/7016389025.html,,2019-11-20,US,2019-11-21
JEEP WRANGLER 2002 4.0, Nov 20, &excats=134-40&min_price=200000&max_price=1000000, California, San Diego, For Sale-Wanted, Auto Parts by Owner, https://sandiego.craigslist.org/csd/pts/d/san-diego-jeep-wrangler/7008711477.html,,2019-11-20,US,2019-11-21
120 Ex Army Landing Craft LCM LCU, Nov 20, &excats=134-40&min_price=200000&max_price=1000000, California, San Diego, For Sale-Wanted, Boat Parts, https://sandiego.craigslist.org/ssd/boa/d/imperial-beach-120-ex-army-landing/7023894129.html,,2019-11-20,US,2019-11-21
62&#39; Skipperliner Houseboat Condo Liveaboard Cruiser B and B Charter ?, Nov 20, &excats=134-40&min_price=200000&max_price=1000000, California, San Diego, For Sale-Wanted, Boat Parts by Dealer, https://sandiego.craigslist.org/csd/bod/d/san-diego-62-skipperliner-houseboat/7023710878.html,,2019-11-20,US,2019-11-21
trade home for yacht, Nov 20, &excats=134-40&min_price=200000&max_price=1000000, California, San Diego, For Sale-Wanted, Boat Parts, https://sandiego.craigslist.org/csd/boa/d/las-vegas-trade-home-for-yacht/7023672802.html,,2019-11-20,US,2019-11-21
39.33 Acres Agricultural Land Kossuth County, Nov 19, &excats=134-40&min_price=200000&max_price=1000000, Iowa, Mason City, For Sale-Wanted, Farm and Garden, https://masoncity.craigslist.org/grd/d/lakota-3933-acres-agricultural-land/7023248341.html,,2019-11-19,US,2019-11-21
4 bedroom house, Nov 19, &excats=134-40&min_price=200000&max_price=1000000, Washington, Wenatchee, For Sale-Wanted, Tickets, https://wenatchee.craigslist.org/tix/d/wenatchee-4-bedroom-house/7023358560.html,,2019-11-19,US,2019-11-21
House for Sale, Nov 19, &excats=134-40&min_price=200000&max_price=1000000, Indiana, Evansville, For Sale-Wanted, General, https://evansville.craigslist.org/for/d/mount-vernon-house-for-sale/7022996029.html,,2019-11-19,US,2019-11-21
Simplicity broadmoor, Nov 19, &excats=134-40&min_price=200000&max_price=1000000, Indiana, Fort Wayne, For Sale-Wanted, Farm and Garden, https://fortwayne.craigslist.org/grd/d/waterloo-simplicity-broadmoor/7014044619.html,,2019-11-19,US,2019-11-21
trailer for hauling, Nov 19, &excats=134-40&min_price=200000&max_price=1000000, Indiana, Indianapolis, For Sale-Wanted, General, https://indianapolis.craigslist.org/for/d/leitchfield-trailer-for-hauling/7017404905.html,,2019-11-19,US,2019-11-21
Wanting To Buy Guitars Basses & Amps, Nov 19, &excats=134-40&min_price=200000&max_price=1000000, Indiana, Indianapolis, For Sale-Wanted, Musical Instruments, https://indianapolis.craigslist.org/msg/d/wanting-to-buy-guitars-basses-amps/7022978656.html,Want,2019-11-19,US,2019-11-21
WE BUY GOLD SILVER COINS & JEWELRY. TOP DOLLAR CASH ON THE SPOT, Nov 19, &excats=134-40&min_price=200000&max_price=1000000, Indiana, Indianapolis, For Sale-Wanted, Wanted, https://terrehaute.craigslist.org/wan/d/indianapolis-we-buy-gold-silver-coins/7006703051.html,,2019-11-19,US,2019-11-21
WE BUY GOLD SILVER COINS & JEWELRY. TOP DOLLAR CASH ON THE SPOT, Nov 19, &excats=134-40&min_price=200000&max_price=1000000, Indiana, Terre Haute, For Sale-Wanted, Wanted, https://terrehaute.craigslist.org/wan/d/indianapolis-we-buy-gold-silver-coins/7006703051.html,,2019-11-19,US,2019-11-21
10 KT GOLD $20.00 PER GRAMS, Nov 19, &excats=134-40&min_price=200000&max_price=1000000, Georgia, Atlanta, For Sale-Wanted, Wanted, https://atlanta.craigslist.org/nat/wan/d/norcross-10-kt-gold-2000-per-grams/7023461146.html,,2019-11-19,US,2019-11-21
GOLD BUYERS, Nov 19, &excats=134-40&min_price=200000&max_price=1000000, Georgia, Atlanta, For Sale-Wanted, Wanted, https://atlanta.craigslist.org/nat/wan/d/norcross-gold-buyers/7023417885.html,,2019-11-19,US,2019-11-21
21.5 acres in Douglasville Ga, Nov 19, &excats=134-40&min_price=200000&max_price=1000000, Georgia, Atlanta, For Sale-Wanted, General, https://atlanta.craigslist.org/eat/for/d/atlanta-215-acres-in-douglasville-ga/7023470638.html,,2019-11-19,US,2019-11-21
ENTIRE INVENTORY OF SPORTS CARDS STORE FOR SALE, Nov 19, &excats=134-40&min_price=200000&max_price=1000000, Georgia, Atlanta, For Sale-Wanted, Collectibles, https://atlanta.craigslist.org/atl/clt/d/quincy-entire-inventory-of-sports-cards/7021723417.html,,2019-11-19,US,2019-11-21
2015 Mercedes-Benz G-Class, Nov 19, &excats=134-40&min_price=200000&max_price=1000000, Georgia, Atlanta, For Sale-Wanted, NA, https://atlanta.craigslist.org/sat/wto/d/marietta-2015-mercedes-benz-class/7023278742.html,,2019-11-19,US,2019-11-21
SIMPLY BLOWN OUT, Nov 19, &excats=134-40&min_price=200000&max_price=1000000, Georgia, Atlanta, For Sale-Wanted, Furniture, https://atlanta.craigslist.org/nat/fuo/d/atlanta-simply-blown-out/7023244832.html,,2019-11-19,US,2019-11-21
VENDOR 26, Nov 19, &excats=134-40&min_price=200000&max_price=1000000, Georgia, Atlanta, For Sale-Wanted, Furniture, https://atlanta.craigslist.org/nat/fuo/d/atlanta-vendor-26/7023242762.html,,2019-11-19,US,2019-11-21
BLOWOUT FURNITURE DEALS, Nov 19, &excats=134-40&min_price=200000&max_price=1000000, Georgia, Atlanta, For Sale-Wanted, Furniture, https://atlanta.craigslist.org/nat/fuo/d/atlanta-blowout-furniture-deals/7023140086.html,,2019-11-19,US,2019-11-21
BLOWOUT FURNITURE DEALS, Nov 19, &excats=134-40&min_price=200000&max_price=1000000, Georgia, Atlanta, For Sale-Wanted, Furniture, https://atlanta.craigslist.org/nat/fuo/d/atlanta-blowout-furniture-deals/7023147608.html,,2019-11-19,US,2019-11-21
495000/4br-2700ft, Nov 19, &excats=134-40&min_price=200000&max_price=1000000, Georgia, Atlanta, For Sale-Wanted, General, https://atlanta.craigslist.org/nat/for/d/atlanta-br-2700ft/7011201466.html,,2019-11-19,US,2019-11-21
REDUCED !! FOR SALE BY OWNER 31 ACRE CREEK PROPERTY !!, Nov 19, &excats=134-40&min_price=200000&max_price=1000000, Georgia, Atlanta, For Sale-Wanted, Farm and Garden, https://atlanta.craigslist.org/nat/grd/d/talking-rock-reduced-for-sale-by-owner/7022946282.html,,2019-11-19,US,2019-11-21
54.19 Acre Beautiful Horse/Cattle Ranch, Nov 19, &excats=134-40&min_price=200000&max_price=1000000, Georgia, Brunswick, For Sale-Wanted, Farm and Garden, https://brunswick.craigslist.org/grd/d/5419-acre-beautiful-horse-cattle-ranch/7007984811.html,,2019-11-19,US,2019-11-21
54.19  acre horse and cattle ranch, Nov 19, &excats=134-40&min_price=200000&max_price=1000000, Georgia, Valdosta, For Sale-Wanted, Farm and Garden, https://valdosta.craigslist.org/grd/d/nicholls-5419-acre-horse-and-cattle/7007985503.html,,2019-11-19,US,2019-11-21
Ranch style house and 11.2 acres, Nov 19, &excats=134-40&min_price=200000&max_price=1000000, Vermont, Vermont, For Sale-Wanted, General, https://vermont.craigslist.org/for/d/south-barre-ranch-style-house-and-112/7023298018.html,,2019-11-19,US,2019-11-21
Spear Street lot, Nov 19, &excats=134-40&min_price=200000&max_price=1000000, Vermont, Vermont, For Sale-Wanted, General, https://vermont.craigslist.org/for/d/south-burlington-spear-street-lot/7022955961.html,,2019-11-19,US,2019-11-21
2019 Cat 325 FL Excavator 20HRS, Nov 19, &excats=134-40&min_price=200000&max_price=1000000, Montana, Kalispell, For Sale-Wanted, Heavy Equipment, https://kalispell.craigslist.org/hvo/d/libby-2019-cat-325-fl-excavator-20hrs/7015150131.html,,2019-11-19,US,2019-11-21
5/3 wheel push cart50.00 70.00   1- 2 wheel pull cart bag boy, Nov 19, &excats=134-40&min_price=200000&max_price=1000000, South Carolina, Charleston, For Sale-Wanted, Sporting Goods, https://charleston.craigslist.org/spo/d/ladson-5-3-wheel-push-cart-wheel-pull/7018202093.html,,2019-11-19,US,2019-11-21
3.25 Acres, Nov 19, &excats=134-40&min_price=200000&max_price=1000000, South Carolina, Charleston, For Sale-Wanted, General, https://charleston.craigslist.org/for/d/mount-pleasant-325-acres/7023006667.html,,2019-11-19,US,2019-11-21
Looking to buy crashed or damaged sport bikes, Nov 19, &excats=134-40&min_price=200000&max_price=1000000, South Carolina, Columbia, For Sale-Wanted, Motorcycle Parts, https://columbia.craigslist.org/mpo/d/lugoff-looking-to-buy-crashed-or/7023142433.html,Want,2019-11-19,US,2019-11-21
WANTED   MTG  MAGIC THE GATHERING CARDSSETSPROMO&#39;S, Nov 19, &excats=134-40&min_price=200000&max_price=1000000, Massachusetts, Boston, For Sale-Wanted, Wanted, https://boston.craigslist.org/nos/wan/d/salisbury-wanted-mtg-magic-the/7004385210.html,Want,2019-11-19,US,2019-11-21
Dodge/Chrysler/Plymouth Slant Six Intake Manifold, Nov 19, &excats=134-40&min_price=200000&max_price=1000000, Massachusetts, Boston, For Sale-Wanted, Wanted, https://boston.craigslist.org/gbs/wan/d/medford-dodge-chrysler-plymouth-slant/7019667596.html,,2019-11-19,US,2019-11-21
Inventory for Sale, Nov 19, &excats=134-40&min_price=200000&max_price=1000000, Massachusetts, Boston, For Sale-Wanted, General, https://boston.craigslist.org/gbs/for/d/quincy-inventory-for-sale/7010860382.html,,2019-11-19,US,2019-11-21
Inventory for Sale, Nov 19, &excats=134-40&min_price=200000&max_price=1000000, Massachusetts, Boston, For Sale-Wanted, General, https://boston.craigslist.org/gbs/for/d/quincy-inventory-for-sale/7011494544.html,,2019-11-19,US,2019-11-21
ENTIRE INVENTORY OF SPORTS CARDS STORE FOR SALE, Nov 19, &excats=134-40&min_price=200000&max_price=1000000, Massachusetts, Boston, For Sale-Wanted, Collectibles, https://boston.craigslist.org/nwb/clt/d/quincy-entire-inventory-of-sports-cards/7011494206.html,,2019-11-19,US,2019-11-21
ENTIRE INVENTORY OF SPORTS CARDS STORE FOR SALE, Nov 19, &excats=134-40&min_price=200000&max_price=1000000, Massachusetts, Boston, For Sale-Wanted, Collectibles, https://boston.craigslist.org/nwb/clt/d/quincy-entire-inventory-of-sports-cards/7010861166.html,,2019-11-19,US,2019-11-21
Can-Eng Car Bottom Furnace, Nov 19, &excats=134-40&min_price=200000&max_price=1000000, Massachusetts, Boston, For Sale-Wanted, Tools, https://boston.craigslist.org/bmw/tls/d/worcester-can-eng-car-bottom-furnace/7010385724.html,,2019-11-19,US,2019-11-21
Hunters Paradise, Nov 19, &excats=134-40&min_price=200000&max_price=1000000, Arkansas, Fort Smith, For Sale-Wanted, Farm and Garden, https://fortsmith.craigslist.org/grd/d/cookson-hunters-paradise/7023366483.html,,2019-11-19,US,2019-11-21
We buy high end watches and all jewelry! Best cash prices!, Nov 19, &excats=134-40&min_price=200000&max_price=1000000, Arizona, Phoenix, For Sale-Wanted, Wanted, https://phoenix.craigslist.org/evl/wad/d/phoenix-we-buy-high-end-watches-and-all/7023498545.html,,2019-11-19,US,2019-11-21
We buy all ROLEX & jewelry! Highest cash prices paid, Nov 19, &excats=134-40&min_price=200000&max_price=1000000, Arizona, Phoenix, For Sale-Wanted, Wanted, https://phoenix.craigslist.org/evl/wad/d/chandler-we-buy-all-rolex-jewelry/7023497515.html,,2019-11-19,US,2019-11-21
Queen Creek Land, Nov 19, &excats=134-40&min_price=200000&max_price=1000000, Arizona, Phoenix, For Sale-Wanted, Farm and Garden, https://phoenix.craigslist.org/evl/grd/d/chandler-heights-queen-creek-land/7023342841.html,,2019-11-19,US,2019-11-21
??BUYER IPHONE X XS 11 PRO MAX  XR  8  7 PLUS MACBOOK ?? CASH NOW, Nov 19, &excats=134-40&min_price=200000&max_price=1000000, Arizona, Phoenix, For Sale-Wanted, Wanted, https://phoenix.craigslist.org/nph/wad/d/phoenix-buyer-iphone-xs-11-pro-max-xr/7023342655.html,,2019-11-19,US,2019-11-21
Exotic Palm Nursery, Nov 19, &excats=134-40&min_price=200000&max_price=1000000, Arizona, Phoenix, For Sale-Wanted, Farm and Garden, https://phoenix.craigslist.org/cph/grd/d/homestead-exotic-palm-nursery/7023300073.html,,2019-11-19,US,2019-11-21
??BUYER IPHONE X XS 11 PRO MAX  XR  8  7 PLUS MACBOOK ?? CASH NOW, Nov 19, &excats=134-40&min_price=200000&max_price=1000000, Arizona, Phoenix, For Sale-Wanted, Wanted, https://phoenix.craigslist.org/nph/wad/d/phoenix-buyer-iphone-xs-11-pro-max-xr/7023301979.html,,2019-11-19,US,2019-11-21
2018 *Ferrari* *812 Superfast* *Coupe* Rosso Corsa, Nov 19, &excats=134-40&min_price=200000&max_price=1000000, Arizona, Phoenix, For Sale-Wanted, Cars And by Dealer, https://phoenix.craigslist.org/nph/ctd/d/scottsdale-2018-ferrari-812-superfast/7023265955.html,,2019-11-19,US,2019-11-21
??BUYER IPHONE X XS 11 PRO MAX  XR  8  7 PLUS MACBOOK ?? CASH NOW, Nov 19, &excats=134-40&min_price=200000&max_price=1000000, Arizona, Phoenix, For Sale-Wanted, Wanted, https://phoenix.craigslist.org/nph/wad/d/phoenix-buyer-iphone-xs-11-pro-max-xr/7023249025.html,,2019-11-19,US,2019-11-21
??BUYER IPHONE X XS 11 PRO MAX  XR  8  7 PLUS ?? CASH NOW AIRPODS, Nov 19, &excats=134-40&min_price=200000&max_price=1000000, Arizona, Phoenix, For Sale-Wanted, Wanted, https://phoenix.craigslist.org/nph/wad/d/phoenix-buyer-iphone-xs-11-pro-max-xr/7023248545.html,,2019-11-19,US,2019-11-21
Mercedes Benz Classic 1967 300se Cabriolet, Nov 19, &excats=134-40&min_price=200000&max_price=1000000, Arizona, Phoenix, For Sale-Wanted, Cars And Trucks, https://phoenix.craigslist.org/wvl/cto/d/surprise-mercedes-benz-classic-se/7022906355.html,,2019-11-19,US,2019-11-21
Wanted Pima Apache Native  baskets, Nov 19, &excats=134-40&min_price=200000&max_price=1000000, Arizona, Prescott, For Sale-Wanted, Wanted, https://prescott.craigslist.org/wan/d/wanted-pima-apache-native-baskets/7023137242.html,Want,2019-11-19,US,2019-11-21
Wanted Pima Apache Native  baskets, Nov 19, &excats=134-40&min_price=200000&max_price=1000000, Arizona, Prescott, For Sale-Wanted, Wanted, https://prescott.craigslist.org/wan/d/wanted-pima-apache-native-baskets/7023136218.html,Want,2019-11-19,US,2019-11-21
NoW Mo-s T iphoneICLOUD 7128  @@==], Nov 19, &excats=134-40&min_price=200000&max_price=1000000, Nevada, Las Vegas, For Sale-Wanted, Cell Phones, https://lasvegas.craigslist.org/mob/d/las-vegas-now-mo-t-iphoneicloud-7128/7023277247.html,,2019-11-19,US,2019-11-21
TOP IPHONE X((PARTS 8 PLUS COMPRADOR #TOP IPHONE $$$, Nov 19, &excats=134-40&min_price=200000&max_price=1000000, Nevada, Las Vegas, For Sale-Wanted, Cell Phones, https://lasvegas.craigslist.org/mob/d/las-vegas-top-iphone-xparts-8-plus/7023276247.html,,2019-11-19,US,2019-11-21
FRES$$%^&H LOCKED*ALL CARRIERS and ALL CONDITION NEEDED YYYG, Nov 19, &excats=134-40&min_price=200000&max_price=1000000, Nevada, Las Vegas, For Sale-Wanted, Cell Phones, https://lasvegas.craigslist.org/mob/d/las-vegas-fresh-lockedall-carriers-and/7023274461.html,Want,2019-11-19,US,2019-11-21
X-MAX E`x`c`e`llent--lpHONE=LOCK=X__64 G-iG-==ne*eee*d -p[;##, Nov 19, &excats=134-40&min_price=200000&max_price=1000000, Nevada, Las Vegas, For Sale-Wanted, Cell Phones, https://lasvegas.craigslist.org/mob/d/las-vegas-max-excellent-lphonelockx64/7023267468.html,,2019-11-19,US,2019-11-21
wes##$%t BLACk iPHONE 8 64 GB NEW iN BoXX *PASSWORD* ==]&#39;yy, Nov 19, &excats=134-40&min_price=200000&max_price=1000000, Nevada, Las Vegas, For Sale-Wanted, Cell Phones, https://lasvegas.craigslist.org/mob/d/las-vegas-west-black-iphone-8-64-gb-new/7023266238.html,,2019-11-19,US,2019-11-21
noWWW##WE URG[==EENTT N.PASSCODE.eeed Used iPhone X- @@, Nov 19, &excats=134-40&min_price=200000&max_price=1000000, Nevada, Las Vegas, For Sale-Wanted, Cell Phones, https://lasvegas.craigslist.org/mob/d/las-vegas-nowwwwe-urgeentt/7018477061.html,,2019-11-19,US,2019-11-21
NoW## Ne[W Factory Unlocked PARTS iPhone X&#39; YYG, Nov 19, &excats=134-40&min_price=200000&max_price=1000000, Nevada, Las Vegas, For Sale-Wanted, Cell Phones, https://lasvegas.craigslist.org/mob/d/las-vegas-now-new-factory-unlocked/7018475152.html,,2019-11-19,US,2019-11-21
Billionaire Mind Seeks Investor/Backing, Nov 19, &excats=134-40&min_price=200000&max_price=1000000, Nevada, Las Vegas, For Sale-Wanted, Wanted, https://lasvegas.craigslist.org/wan/d/las-vegas-billionaire-mind-seeks/7023151162.html,,2019-11-19,US,2019-11-21
noWW# WE##SpRiNTT TTMOBILE iPAD GALAXY BUyy &(iphonE ujjuYYg, Nov 19, &excats=134-40&min_price=200000&max_price=1000000, Nevada, Las Vegas, For Sale-Wanted, Cell Phones, https://lasvegas.craigslist.org/mob/d/las-vegas-noww-wesprintt-ttmobile-ipad/7008565799.html,,2019-11-19,US,2019-11-21
NoWwwx Ful-LY FreSh-H PASSWORD?IPhone X 256gb/TmobileSALE YYh, Nov 19, &excats=134-40&min_price=200000&max_price=1000000, Nevada, Las Vegas, For Sale-Wanted, Cell Phones, https://lasvegas.craigslist.org/mob/d/las-vegas-nowwwx-ful-ly-fresh-password/7012842862.html,,2019-11-19,US,2019-11-21
FRES$^%H Hihgest price LOCK% for locked Iphone--sell  uuYY, Nov 19, &excats=134-40&min_price=200000&max_price=1000000, Nevada, Las Vegas, For Sale-Wanted, Cell Phones, https://lasvegas.craigslist.org/mob/d/las-vegas-fresh-hihgest-price-lock-for/7014222036.html,,2019-11-19,US,2019-11-21
Ne[W Factory Unlocked PARTS iPhone X&#39;YYU&&, Nov 19, &excats=134-40&min_price=200000&max_price=1000000, Nevada, Las Vegas, For Sale-Wanted, Cell Phones, https://lasvegas.craigslist.org/mob/d/las-vegas-new-factory-unlocked-parts/7012789459.html,,2019-11-19,US,2019-11-21
EOS 6D MARK II, Nov 19, &excats=134-40&min_price=200000&max_price=1000000, Florida, Jacksonville, For Sale-Wanted, Electronics, https://jacksonville.craigslist.org/ele/d/middleburg-eos-6d-mark-ii/7018138293.html,,2019-11-19,US,2019-11-21
anything with wheels top $$$, Nov 19, &excats=134-40&min_price=200000&max_price=1000000, Florida, Jacksonville, For Sale-Wanted, Wanted, https://jacksonville.craigslist.org/wan/d/jacksonville-anything-with-wheels-top/7019528275.html,,2019-11-19,US,2019-11-21
Dream Home, Nov 19, &excats=134-40&min_price=200000&max_price=1000000, Florida, Orlando, For Sale-Wanted, General, https://orlando.craigslist.org/for/d/ocoee-dream-home/7023394907.html,,2019-11-19,US,2019-11-21
Vacation home /w furniture for SALE, Nov 19, &excats=134-40&min_price=200000&max_price=1000000, Florida, Orlando, For Sale-Wanted, Wanted, https://orlando.craigslist.org/wan/d/boca-raton-vacation-home-furniture-for/7023223585.html,,2019-11-19,US,2019-11-21
2019 CELA DT30/DT-100 Self Propelled Tracked Platform, Nov 19, &excats=134-40&min_price=200000&max_price=1000000, Florida, Orlando, For Sale-Wanted, Heavy Equipment, https://orlando.craigslist.org/hvo/d/orlando-2019-cela-dt30-dt-100-self/7022984411.html,,2019-11-19,US,2019-11-21
54.19Acre  Horse Lover&quot;s Dream Ranch, Nov 19, &excats=134-40&min_price=200000&max_price=1000000, Florida, Orlando, For Sale-Wanted, Farm and Garden, https://orlando.craigslist.org/grd/d/nicholls-5419acre-horse-lovers-dream/7007985013.html,,2019-11-19,US,2019-11-21
Gold Buyers Diamond Buyers Rolex Buyers Jewelry Buyers Cash, Nov 19, &excats=134-40&min_price=200000&max_price=1000000, Florida, Space Coast, For Sale-Wanted, Jewelry, https://spacecoast.craigslist.org/jwl/d/melbourne-gold-buyers-diamond-buyers/7023507254.html,,2019-11-19,US,2019-11-21
2011 KPI FT4250, Nov 19, &excats=134-40&min_price=200000&max_price=1000000, Florida, St Augustine, For Sale-Wanted, Heavy Equipment, https://staugustine.craigslist.org/hvo/d/albany-2011-kpi-ft4250/7020062645.html,,2019-11-19,US,2019-11-21
Pot bellied piglets, Nov 19, &excats=134-40&min_price=200000&max_price=1000000, Colorado, Boulder, For Sale-Wanted, Farm and Garden, https://boulder.craigslist.org/grd/d/lafayette-pot-bellied-piglets/7019959776.html,,2019-11-19,US,2019-11-21
1/2 Acre home in Northglenn for Sale by Owner, Nov 19, &excats=134-40&min_price=200000&max_price=1000000, Colorado, Denver, For Sale-Wanted, Household, https://denver.craigslist.org/hsh/d/eastlake-1-2-acre-home-in-northglenn/7023505038.html,,2019-11-19,US,2019-11-21
South Platte River Hunting Property, Nov 19, &excats=134-40&min_price=200000&max_price=1000000, Colorado, Denver, For Sale-Wanted, Sporting Goods, https://denver.craigslist.org/spo/d/ogallala-south-platte-river-hunting/7023384032.html,,2019-11-19,US,2019-11-21
Exotic pythons & exotic fishes. Make me an offer.., Nov 19, &excats=134-40&min_price=200000&max_price=1000000, Colorado, Denver, For Sale-Wanted, General, https://denver.craigslist.org/for/d/littleton-exotic-pythons-exotic-fishes/7011895754.html,,2019-11-19,US,2019-11-21
Do you need extra Christmas cash? Sell me your vintage items, Nov 19, &excats=134-40&min_price=200000&max_price=1000000, Virginia, Fredericksburg, For Sale-Wanted, Collectibles, https://fredericksburg.craigslist.org/clt/d/fredericksburg-do-you-need-extra/7023184837.html,Want,2019-11-19,US,2019-11-21
Hodaka dirtbike, Nov 19, &excats=134-40&min_price=200000&max_price=1000000, Virginia, Richmond, For Sale-Wanted, Wanted, https://richmond.craigslist.org/wan/d/maidens-hodaka-dirtbike/7021471661.html,,2019-11-19,US,2019-11-21
Beautiful New England 2 Family Home, Nov 19, &excats=134-40&min_price=200000&max_price=1000000, Maine, Maine, For Sale-Wanted, General, https://maine.craigslist.org/for/d/lisbon-beautiful-new-england-2-family/7005414910.html,,2019-11-19,US,2019-11-21
ENTIRE INVENTORY OF SPORTS CARDS FOR SALE, Nov 19, &excats=134-40&min_price=200000&max_price=1000000, Maine, Maine, For Sale-Wanted, Collectibles, https://maine.craigslist.org/clt/d/quincy-entire-inventory-of-sports-cards/7021720881.html,,2019-11-19,US,2019-11-21
ENTIRE INVENTORY OF SPORTS CARDS FOR SALE, Nov 19, &excats=134-40&min_price=200000&max_price=1000000, Maine, Maine, For Sale-Wanted, Collectibles, https://maine.craigslist.org/clt/d/quincy-entire-inventory-of-sports-cards/7021720669.html,,2019-11-19,US,2019-11-21
Cash Paid 4 Vintage Costume Jewelry & Old Pocket Watches, Nov 19, &excats=134-40&min_price=200000&max_price=1000000, Maryland, Baltimore, For Sale-Wanted, Wanted, https://baltimore.craigslist.org/wan/d/cash-paid-4-vintage-costume-jewelry-old/7023013416.html,,2019-11-19,US,2019-11-21
Local Collector Looking for Baseball Cards Autographs Memorabilia, Nov 19, &excats=134-40&min_price=200000&max_price=1000000, Michigan, Ann Arbor, For Sale-Wanted, Wanted, https://annarbor.craigslist.org/wan/d/dearborn-local-collector-looking-for/7023017337.html,Want,2019-11-19,US,2019-11-21
Real Estate, Nov 19, &excats=134-40&min_price=200000&max_price=1000000, Michigan, Grand Rapids, For Sale-Wanted, General, https://grandrapids.craigslist.org/for/d/grand-haven-real-estate/7021891088.html,,2019-11-19,US,2019-11-21
Real Estate, Nov 19, &excats=134-40&min_price=200000&max_price=1000000, Michigan, Holland, For Sale-Wanted, General, https://holland.craigslist.org/for/d/grand-haven-real-estate/7011966438.html,,2019-11-19,US,2019-11-21
5 bedroom 3500 sq ft home on Acker Lake, Nov 19, &excats=134-40&min_price=200000&max_price=1000000, Michigan, Muskegon, For Sale-Wanted, General, https://muskegon.craigslist.org/for/d/holton-5-bedroom-3500-sq-ft-home-on/7014913490.html,,2019-11-19,US,2019-11-21
Real Estate, Nov 19, &excats=134-40&min_price=200000&max_price=1000000, Michigan, Muskegon, For Sale-Wanted, General, https://muskegon.craigslist.org/for/d/grand-haven-real-estate/7011965884.html,,2019-11-19,US,2019-11-21
Wanting To Buy Guitars Basses & Amps, Nov 19, &excats=134-40&min_price=200000&max_price=1000000, Ohio, Cincinnati, For Sale-Wanted, Musical Instruments, https://cincinnati.craigslist.org/msg/d/wanting-to-buy-guitars-basses-amps/7022979097.html,Want,2019-11-19,US,2019-11-21
Wanted To Buy: Business, Nov 19, &excats=134-40&min_price=200000&max_price=1000000, Ohio, Cleveland, For Sale-Wanted, Wanted, https://cleveland.craigslist.org/wan/d/cleveland-wanted-to-buy-business/7023276499.html,Want,2019-11-19,US,2019-11-21
WATERFRONT LOT, Nov 19, &excats=134-40&min_price=200000&max_price=1000000, Ohio, Cleveland, For Sale-Wanted, Boat Parts, https://cleveland.craigslist.org/boa/d/mentor-waterfront-lot/7013975909.html,,2019-11-19,US,2019-11-21
2018 Boston Whaler 350 Outrage, Nov 19, &excats=134-40&min_price=200000&max_price=1000000, Ohio, Cleveland, For Sale-Wanted, Boat Parts by Dealer, https://cleveland.craigslist.org/bod/d/harbor-springs-2018-boston-whaler-350/7023035017.html,,2019-11-19,US,2019-11-21
2014 Scout 350 LXF For Sale at MarineMax Ohio, Nov 19, &excats=134-40&min_price=200000&max_price=1000000, Ohio, Sandusky, For Sale-Wanted, Boat Parts by Dealer, https://sandusky.craigslist.org/bod/d/lakeside-marblehead-2014-scout-350-lxf/7023316900.html,,2019-11-19,US,2019-11-21
2013 Tiara 4300 Open For Sale at MarineMax Ohio, Nov 19, &excats=134-40&min_price=200000&max_price=1000000, Ohio, Sandusky, For Sale-Wanted, Boat Parts by Dealer, https://sandusky.craigslist.org/bod/d/port-clinton-2013-tiara-4300-open-for/7023315078.html,,2019-11-19,US,2019-11-21
For sale, Nov 19, &excats=134-40&min_price=200000&max_price=1000000, Ohio, Toledo, For Sale-Wanted, Wanted, https://toledo.craigslist.org/wan/d/toledo-for-sale/7008537118.html,,2019-11-19,US,2019-11-21
Buying Old Baseball/Football Cards B4 1970 Cash Today!!, Nov 19, &excats=134-40&min_price=200000&max_price=1000000, Ohio, Youngstown, For Sale-Wanted, Wanted, https://youngstown.craigslist.org/wan/d/buying-old-baseball-football-cards-b/7009249484.html,,2019-11-19,US,2019-11-21
WANTED:   Hornets tickets for any games, Nov 19, &excats=134-40&min_price=200000&max_price=1000000, North Carolina, Charlotte, For Sale-Wanted, Tickets, https://charlotte.craigslist.org/tix/d/wanted-hornets-tickets-for-any-games/7006971436.html,Want,2019-11-19,US,2019-11-21
SILVER(STERLING) ANY TYPE PIECES-HIGHEST PRICES PAID ANYWHERE, Nov 19, &excats=134-40&min_price=200000&max_price=1000000, North Carolina, Charlotte, For Sale-Wanted, Collectibles, https://charlotte.craigslist.org/clt/d/winston-salem-silversterling-any-type/7003449512.html,,2019-11-19,US,2019-11-21
BOB TIMBERLAKE ORIGINAL PAINTINGS WANTED-TOP DOLLAR PAID, Nov 19, &excats=134-40&min_price=200000&max_price=1000000, North Carolina, Charlotte, For Sale-Wanted, Art by Owner, https://charlotte.craigslist.org/art/d/huntersville-bob-timberlake-original/7003448724.html,Want,2019-11-19,US,2019-11-21
SILVER STERLING ITEMS(FLATWARE/SERVING PIECES ETC.) WANTED-TOP DOLLAR, Nov 19, &excats=134-40&min_price=200000&max_price=1000000, North Carolina, Charlotte, For Sale-Wanted, Collectibles, https://charlotte.craigslist.org/clt/d/cornelius-silver-sterling-itemsflatware/7003448924.html,Want,2019-11-19,US,2019-11-21
GOLD COINS-EAGLES/MAPLES/KRUGERRANDS/PANDAS/KANGAROOS-HIGHEST $$$ PAID, Nov 19, &excats=134-40&min_price=200000&max_price=1000000, North Carolina, Charlotte, For Sale-Wanted, Collectibles, https://charlotte.craigslist.org/clt/d/charlotte-gold-coins-eagles-maples/7016350390.html,,2019-11-19,US,2019-11-21
SILVER(STERLING) ANY TYPE PIECES-HIGHEST PRICES PAID ANYWHERE, Nov 19, &excats=134-40&min_price=200000&max_price=1000000, North Carolina, Winston-salem, For Sale-Wanted, Collectibles, https://charlotte.craigslist.org/clt/d/winston-salem-silversterling-any-type/7003449512.html,,2019-11-19,US,2019-11-21
Scrap yard recycle yard, Nov 19, &excats=134-40&min_price=200000&max_price=1000000, Louisiana, New Orleans, For Sale-Wanted, Heavy Equipment, https://neworleans.craigslist.org/hvo/d/mccomb-scrap-yard-recycle-yard/7023049813.html,,2019-11-19,US,2019-11-21
40-acre hobby farm, Nov 19, &excats=134-40&min_price=200000&max_price=1000000, Minnesota, Mankato, For Sale-Wanted, General, https://mankato.craigslist.org/for/d/lonsdale-40-acre-hobby-farm/7022956326.html,,2019-11-19,US,2019-11-21
35 Acres adjacent to Lake Murray, Nov 19, &excats=134-40&min_price=200000&max_price=1000000, Oklahoma, Oklahoma City, For Sale-Wanted, Farm and Garden, https://oklahomacity.craigslist.org/grd/d/ardmore-35-acres-adjacent-to-lake-murray/7016869877.html,,2019-11-19,US,2019-11-21
Land For sale Stillwater Ok 160 Acres LOOK, Nov 19, &excats=134-40&min_price=200000&max_price=1000000, Oklahoma, Oklahoma City, For Sale-Wanted, Farm and Garden, https://oklahomacity.craigslist.org/grd/d/stillwater-land-for-sale-stillwater-ok/7006121155.html,,2019-11-19,US,2019-11-21
*Land 4 Sale* Awesome 40 Acres Hwy Frontage Guthrie/Perkins, Nov 19, &excats=134-40&min_price=200000&max_price=1000000, Oklahoma, Oklahoma City, For Sale-Wanted, Farm and Garden, https://oklahomacity.craigslist.org/grd/d/langston-land-4-sale-awesome-40-acres/7017770748.html,,2019-11-19,US,2019-11-21
land for sale, Nov 19, &excats=134-40&min_price=200000&max_price=1000000, Oklahoma, Oklahoma City, For Sale-Wanted, Farm and Garden, https://oklahomacity.craigslist.org/grd/d/durant-land-for-sale/7007129576.html,,2019-11-19,US,2019-11-21
Land For sale Stillwater Ok 160 Acres LOOK, Nov 19, &excats=134-40&min_price=200000&max_price=1000000, Oklahoma, Stillwater, For Sale-Wanted, Farm and Garden, https://oklahomacity.craigslist.org/grd/d/stillwater-land-for-sale-stillwater-ok/7006121155.html,,2019-11-19,US,2019-11-21
160 Acres Hunting Property, Nov 19, &excats=134-40&min_price=200000&max_price=1000000, Oklahoma, Tulsa, For Sale-Wanted, General, https://tulsa.craigslist.org/for/d/osage-160-acres-hunting-property/7023503663.html,,2019-11-19,US,2019-11-21
2019 Cat 325 FL Excavator 20HRS, Nov 19, &excats=134-40&min_price=200000&max_price=1000000, Idaho, Boise, For Sale-Wanted, Heavy Equipment, https://boise.craigslist.org/hvo/d/libby-2019-cat-325-fl-excavator-20hrs/7023386321.html,,2019-11-19,US,2019-11-21
ENTIRE INVENTORY OF SPORTS CARDS STORE FOR SELL, Nov 19, &excats=134-40&min_price=200000&max_price=1000000, Idaho, Boise, For Sale-Wanted, Collectibles, https://boise.craigslist.org/clt/d/quincy-entire-inventory-of-sports-cards/7021931714.html,,2019-11-19,US,2019-11-21
ENTIRE INVENTORY OF SPORTS CARDS STORE FOR SELL, Nov 19, &excats=134-40&min_price=200000&max_price=1000000, Idaho, Boise, For Sale-Wanted, Collectibles, https://boise.craigslist.org/clt/d/quincy-entire-inventory-of-sports-cards/7021721043.html,,2019-11-19,US,2019-11-21
REDUCED! 2014 Newmar Dutchstar 4374 Diesel Coach, Nov 19, &excats=134-40&min_price=200000&max_price=1000000, Idaho, Boise, For Sale-Wanted, RVs, https://boise.craigslist.org/rvd/d/meridian-reduced-2014-newmar-dutchstar/7023099647.html,,2019-11-19,US,2019-11-21
Cabin By Donnelly Idaho For Sale By Owner, Nov 19, &excats=134-40&min_price=200000&max_price=1000000, Idaho, Boise, For Sale-Wanted, General, https://boise.craigslist.org/for/d/donnelly-cabin-by-donnelly-idaho-for/7019214837.html,,2019-11-19,US,2019-11-21
Farm ground, Nov 19, &excats=134-40&min_price=200000&max_price=1000000, Idaho, East Idaho, For Sale-Wanted, Farm and Garden, https://eastidaho.craigslist.org/grd/d/moreland-farm-ground/7013057428.html,,2019-11-19,US,2019-11-21
Beds & more Beds, Nov 19, &excats=134-40&min_price=200000&max_price=1000000, Kansas, Wichita, For Sale-Wanted, Furniture, https://wichita.craigslist.org/fuo/d/wichita-beds-more-beds/7010365433.html,,2019-11-19,US,2019-11-21
Used lawn.Equipment picked up free, Nov 19, &excats=134-40&min_price=200000&max_price=1000000, Kansas, Wichita, For Sale-Wanted, Farm and Garden, https://wichita.craigslist.org/grd/d/wichita-used-lawnequipment-picked-up/7023238571.html,,2019-11-19,US,2019-11-21
Beds & more Beds, Nov 19, &excats=134-40&min_price=200000&max_price=1000000, Kansas, Wichita, For Sale-Wanted, Furniture, https://wichita.craigslist.org/fuo/d/wichita-beds-more-beds/7010265343.html,,2019-11-19,US,2019-11-21
Home for sale, Nov 19, &excats=134-40&min_price=200000&max_price=1000000, Tennessee, Nashville, For Sale-Wanted, Household, https://nashville.craigslist.org/hsh/d/goodlettsville-home-for-sale/7022935941.html,,2019-11-19,US,2019-11-21
Needed Real Estate Insurance Broker, Nov 19, &excats=134-40&min_price=200000&max_price=1000000, Pennsylvania, Harrisburg, For Sale-Wanted, Wanted, https://harrisburg.craigslist.org/wan/d/harrisburg-needed-real-estate-insurance/7023431290.html,Want,2019-11-19,US,2019-11-21
CBI track horz. hog 4000, Nov 19, &excats=134-40&min_price=200000&max_price=1000000, Pennsylvania, Philadelphia, For Sale-Wanted, Heavy Equipment, https://philadelphia.craigslist.org/hvo/d/sellersville-cbi-track-horz-hog-4000/7013171106.html,,2019-11-19,US,2019-11-21
Unattended Museum Must see, Nov 19, &excats=134-40&min_price=200000&max_price=1000000, Pennsylvania, Philadelphia, For Sale-Wanted, Antique By Owner, https://philadelphia.craigslist.org/atq/d/norristown-unattended-museum-must-see/7017869335.html,,2019-11-19,US,2019-11-21
2016 Entegra Coach Aspire 44B, Nov 19, &excats=134-40&min_price=200000&max_price=1000000, Pennsylvania, Philadelphia, For Sale-Wanted, RVs, https://philadelphia.craigslist.org/rvd/d/thornton-2016-entegra-coach-aspire-44b/7022974607.html,,2019-11-19,US,2019-11-21
****Metal wanted****, Nov 19, &excats=134-40&min_price=200000&max_price=1000000, Pennsylvania, Philadelphia, For Sale-Wanted, Wanted, https://philadelphia.craigslist.org/wan/d/metal-wanted/7022941642.html,Want,2019-11-19,US,2019-11-21
Buying Old Baseball/Football/Basketball Cards B4 1970 Cash Now!!, Nov 19, &excats=134-40&min_price=200000&max_price=1000000, Pennsylvania, Pittsburgh, For Sale-Wanted, Wanted, https://pittsburgh.craigslist.org/wan/d/buying-old-baseball-football-basketball/7012644418.html,,2019-11-19,US,2019-11-21
Komatsu WA 500, Nov 19, &excats=134-40&min_price=200000&max_price=1000000, Texas, Abilene, For Sale-Wanted, Heavy Equipment, https://abilene.craigslist.org/hvo/d/abilene-komatsu-wa-500/7023330239.html,,2019-11-19,US,2019-11-21
Komatsu D155 AX-8, Nov 19, &excats=134-40&min_price=200000&max_price=1000000, Texas, Abilene, For Sale-Wanted, Heavy Equipment, https://odessa.craigslist.org/hvo/d/abilene-komatsu-d155-ax-8/7023325318.html,,2019-11-19,US,2019-11-21
Lake house & 8 acres on Lake Travis, Nov 19, &excats=134-40&min_price=200000&max_price=1000000, Texas, Austin, For Sale-Wanted, General, https://austin.craigslist.org/for/d/spicewood-lake-house-8-acres-on-lake/7012005561.html,,2019-11-19,US,2019-11-21
===> I BUY iPHONE 11 / 11 PRO / 11 PRO MAX / XS / XR / X / iPAD / MAC, Nov 19, &excats=134-40&min_price=200000&max_price=1000000, Texas, Austin, For Sale-Wanted, Wanted, https://austin.craigslist.org/wad/d/austin-buy-iphone-pro-11-pro-max-xs-xr/7023090050.html,,2019-11-19,US,2019-11-21
** I BUY iPHONE 11 PRO X XR XS MAX 8 8 PLUS iPAD MAC $$ NEW or USED $$, Nov 19, &excats=134-40&min_price=200000&max_price=1000000, Texas, Austin, For Sale-Wanted, Wanted, https://austin.craigslist.org/wad/d/austin-buy-iphone-11-pro-xr-xs-max-8-8/7022943774.html,,2019-11-19,US,2019-11-21
42 ocean express center console, Nov 19, &excats=134-40&min_price=200000&max_price=1000000, Texas, Corpus Christi, For Sale-Wanted, Boat Parts, https://corpuschristi.craigslist.org/boa/d/algonac-42-ocean-express-center-console/7007509999.html,,2019-11-19,US,2019-11-21
CEMENT SPECIALS 10X10 SLAB  $475 20X20 SLAB $950, Nov 19, &excats=134-40&min_price=200000&max_price=1000000, Texas, El Paso, For Sale-Wanted, General, https://elpaso.craigslist.org/for/d/el-paso-cement-specials-10x10-slab-x20/7023378583.html,,2019-11-19,US,2019-11-21
20X20 CONCRETE SLAB $950 10X10 $475 LABOR AND MATERIAL, Nov 19, &excats=134-40&min_price=200000&max_price=1000000, Texas, El Paso, For Sale-Wanted, General, https://elpaso.craigslist.org/for/d/el-paso-20x20-concrete-slab-x-labor-and/7023364194.html,,2019-11-19,US,2019-11-21
1988 Hatteras 65, Nov 19, &excats=134-40&min_price=200000&max_price=1000000, Texas, Galveston, For Sale-Wanted, Boat Parts, https://galveston.craigslist.org/boa/d/la-marque-1988-hatteras-65/7008722647.html,,2019-11-19,US,2019-11-21
2014 Peterbilt 367 8x6 National NBT50-102 Boom Truck, Nov 19, &excats=134-40&min_price=200000&max_price=1000000, Texas, Houston, For Sale-Wanted, Heavy Equipment, https://houston.craigslist.org/hvo/d/houston-2014-peterbilt-367-8x6-national/7023124432.html,,2019-11-19,US,2019-11-21
1988 Porsche 911 Slant Nose 930 Turbo ONLY 7K MILES MINT Time Capsule, Nov 19, &excats=134-40&min_price=200000&max_price=1000000, Texas, Houston, For Sale-Wanted, Cars And by Dealer, https://houston.craigslist.org/ctd/d/miami-1988-porsche-911-slant-nose-930/7023021060.html,,2019-11-19,US,2019-11-21
Home for sale, Nov 19, &excats=134-40&min_price=200000&max_price=1000000, Texas, Victoria, For Sale-Wanted, General, https://victoriatx.craigslist.org/for/d/victoria-home-for-sale/7023203985.html,,2019-11-19,US,2019-11-21
Entire store Inventory of sports card store for sale, Nov 19, &excats=134-40&min_price=200000&max_price=1000000, Connecticut, Hartford, For Sale-Wanted, Collectibles, https://hartford.craigslist.org/clt/d/quincy-entire-store-inventory-of-sports/7021931153.html,,2019-11-19,US,2019-11-21
Hauling, Nov 19, &excats=134-40&min_price=200000&max_price=1000000, Missouri, Joplin, For Sale-Wanted, Farm and Garden, https://joplin.craigslist.org/grd/d/carterville-hauling/7023401929.html,,2019-11-19,US,2019-11-21
Poplar Vineyard, Nov 19, &excats=134-40&min_price=200000&max_price=1000000, Missouri, Joplin, For Sale-Wanted, Farm and Garden, https://joplin.craigslist.org/grd/d/fort-scott-poplar-vineyard/7023084820.html,,2019-11-19,US,2019-11-21
CASH NOW FOR iPhone 11  11 Pro Max  XS Max Xr Samsung Galaxy  BUYER, Nov 19, &excats=134-40&min_price=200000&max_price=1000000, Missouri, Kansas City, For Sale-Wanted, Wanted, https://kansascity.craigslist.org/wad/d/kansas-city-cash-now-for-iphone-pro-max/7023505007.html,,2019-11-19,US,2019-11-21
Used Komptech Crambo, Nov 19, &excats=134-40&min_price=200000&max_price=1000000, Missouri, St Louis, For Sale-Wanted, Farm and Garden, https://stlouis.craigslist.org/grd/d/saint-louis-used-komptech-crambo/7017242880.html,,2019-11-19,US,2019-11-21
Purchase a Business, Nov 19, &excats=134-40&min_price=200000&max_price=1000000, Missouri, St Louis, For Sale-Wanted, Wanted, https://stlouis.craigslist.org/wan/d/saint-louis-purchase-business/7023163975.html,,2019-11-19,US,2019-11-21
heard of this thing called profit I just, Nov 19, &excats=134-40&min_price=200000&max_price=1000000, District of Columbia, Washington, For Sale-Wanted, Cell Phones, https://washingtondc.craigslist.org/nva/mob/d/alexandria-heard-of-this-thing-called/7017568432.html,,2019-11-19,US,2019-11-21
Woodley was born and raised in, Nov 19, &excats=134-40&min_price=200000&max_price=1000000, District of Columbia, Washington, For Sale-Wanted, Cell Phones, https://washingtondc.craigslist.org/doc/mob/d/washington-woodley-was-born-and-raised/7007100558.html,,2019-11-19,US,2019-11-21
se dio cuenta de que el libro de Landon proporcionara un vehculo ide, Nov 19, &excats=134-40&min_price=200000&max_price=1000000, District of Columbia, Washington, For Sale-Wanted, Cell Phones, https://washingtondc.craigslist.org/mld/mob/d/southern-md-facility-se-dio-cuenta-de/7006412076.html,,2019-11-19,US,2019-11-21
Season 8 featured some strong moments like the scenes between Negan, Nov 19, &excats=134-40&min_price=200000&max_price=1000000, District of Columbia, Washington, For Sale-Wanted, Cell Phones, https://washingtondc.craigslist.org/nva/mob/d/woodbridge-season-8-featured-some/7020013183.html,,2019-11-19,US,2019-11-21
American Horror Story: All 8 Seasons Ranked (From Worst To Best)  To, Nov 19, &excats=134-40&min_price=200000&max_price=1000000, District of Columbia, Washington, For Sale-Wanted, Cell Phones, https://washingtondc.craigslist.org/nva/mob/d/springfield-american-horror-story-all-8/7010120925.html,,2019-11-19,US,2019-11-21
Season 8 featured some strong moments like the scenes between Negan, Nov 19, &excats=134-40&min_price=200000&max_price=1000000, District of Columbia, Washington, For Sale-Wanted, Cell Phones, https://washingtondc.craigslist.org/nva/mob/d/woodbridge-season-8-featured-some/7013963539.html,,2019-11-19,US,2019-11-21
Season 8 featured some strong moments like the scenes between Negan, Nov 19, &excats=134-40&min_price=200000&max_price=1000000, District of Columbia, Washington, For Sale-Wanted, Cell Phones, https://washingtondc.craigslist.org/nva/mob/d/woodbridge-season-8-featured-some/7014673252.html,,2019-11-19,US,2019-11-21
Season 8 featured some strong moments like the scenes between Negan, Nov 19, &excats=134-40&min_price=200000&max_price=1000000, District of Columbia, Washington, For Sale-Wanted, Cell Phones, https://washingtondc.craigslist.org/nva/mob/d/woodbridge-season-8-featured-some/7014908075.html,,2019-11-19,US,2019-11-21
se dio cuenta de que el libro de Landon proporcionara un vehculo ide, Nov 19, &excats=134-40&min_price=200000&max_price=1000000, District of Columbia, Washington, For Sale-Wanted, Cell Phones, https://washingtondc.craigslist.org/mld/mob/d/southern-md-facility-se-dio-cuenta-de/7006431143.html,,2019-11-19,US,2019-11-21
With a nurse fumes the spirit. Will the specialist enter, Nov 19, &excats=134-40&min_price=200000&max_price=1000000, District of Columbia, Washington, For Sale-Wanted, Cell Phones, https://washingtondc.craigslist.org/doc/mob/d/washington-with-nurse-fumes-the-spirit/7017404251.html,,2019-11-19,US,2019-11-21
An apt chap references its geo, Nov 19, &excats=134-40&min_price=200000&max_price=1000000, District of Columbia, Washington, For Sale-Wanted, Cell Phones, https://washingtondc.craigslist.org/mld/mob/d/district-heights-an-apt-chap-references/7017423961.html,,2019-11-19,US,2019-11-21
xThe metal dies beneath the successor, Nov 19, &excats=134-40&min_price=200000&max_price=1000000, District of Columbia, Washington, For Sale-Wanted, Cell Phones, https://washingtondc.craigslist.org/doc/mob/d/washington-xthe-metal-dies-beneath-the/7017568230.html,,2019-11-19,US,2019-11-21
WATER/BAY VIEW 4 Br 2Bath 1752 SQFt HOUSE/LOT TO BE DEVELOP IN 2 LOTS, Nov 19, &excats=134-40&min_price=200000&max_price=1000000, District of Columbia, Washington, For Sale-Wanted, General, https://washingtondc.craigslist.org/mld/for/d/saint-leonard-water-bay-view-4-br-2bath/7017289579.html,,2019-11-19,US,2019-11-21
1989 52 foot Jefferson Yacht, Nov 19, &excats=134-40&min_price=200000&max_price=1000000, District of Columbia, Washington, For Sale-Wanted, Boat Parts, https://washingtondc.craigslist.org/doc/boa/d/washington-foot-jefferson-yacht/7018771219.html,,2019-11-19,US,2019-11-21
Looking for 35 to 38 downeast, Nov 19, &excats=134-40&min_price=200000&max_price=1000000, District of Columbia, Washington, For Sale-Wanted, Boat Parts, https://washingtondc.craigslist.org/doc/boa/d/greenland-looking-for-35-to-38-downeast/7022927241.html,Want,2019-11-19,US,2019-11-21
1 bed 1 bath condo, Nov 19, &excats=134-40&min_price=200000&max_price=1000000, Illinois, Chicago, For Sale-Wanted, Household, https://chicago.craigslist.org/nch/hsh/d/chicago-1-bed-1-bath-condo/7023510909.html,,2019-11-19,US,2019-11-21
shamless show investment, Nov 19, &excats=134-40&min_price=200000&max_price=1000000, Illinois, Chicago, For Sale-Wanted, Wanted, https://chicago.craigslist.org/chc/wan/d/chicago-shamless-show-investment/7023385607.html,,2019-11-19,US,2019-11-21
5.1 Acre Property Bristol Wi, Nov 19, &excats=134-40&min_price=200000&max_price=1000000, Illinois, Chicago, For Sale-Wanted, General, https://chicago.craigslist.org/nwc/for/d/bristol-51-acre-property-bristol-wi/7015550954.html,,2019-11-19,US,2019-11-21
3 bedroom, Nov 19, &excats=134-40&min_price=200000&max_price=1000000, Illinois, Chicago, For Sale-Wanted, General, https://chicago.craigslist.org/nwc/for/d/elgin-3-bedroom/7023348543.html,,2019-11-19,US,2019-11-21
52&#39; Ovation, Nov 19, &excats=134-40&min_price=200000&max_price=1000000, Illinois, Chicago, For Sale-Wanted, Boat Parts, https://chicago.craigslist.org/chc/boa/d/grand-rivers-52-ovation/7023122475.html,,2019-11-19,US,2019-11-21
Hobby farm. Chicago area.Organic farm for Sale. 6.5 acres. Buildings., Nov 19, &excats=134-40&min_price=200000&max_price=1000000, Illinois, Chicago, For Sale-Wanted, Farm and Garden, https://chicago.craigslist.org/wcl/grd/d/yorkville-hobby-farm-chicago/7014691163.html,,2019-11-19,US,2019-11-21
bob cat toolcat 5600, Nov 19, &excats=134-40&min_price=200000&max_price=1000000, Illinois, Chicago, For Sale-Wanted, Wanted, https://chicago.craigslist.org/nwc/wan/d/crystal-lake-bob-cat-toolcat-5600/7019691870.html,,2019-11-19,US,2019-11-21
Real estate right off Highway., Nov 19, &excats=134-40&min_price=200000&max_price=1000000, Illinois, Chicago, For Sale-Wanted, General, https://chicago.craigslist.org/sox/for/d/manteno-real-estate-right-off-highway/7008790512.html,,2019-11-19,US,2019-11-21
Used Morbark Tub Grinder, Nov 19, &excats=134-40&min_price=200000&max_price=1000000, Illinois, Decatur, For Sale-Wanted, Farm and Garden, https://decatur.craigslist.org/grd/d/saint-louis-used-morbark-tub-grinder/7007201712.html,,2019-11-19,US,2019-11-21
LAND! 90 Acres/Undeveloped/Wooded/Mostly Level, Nov 19, &excats=134-40&min_price=200000&max_price=1000000, Illinois, Peoria, For Sale-Wanted, General, https://peoria.craigslist.org/for/d/doniphan-land-90-acres-undeveloped/7023143369.html,,2019-11-19,US,2019-11-21
Hunting land, Nov 19, &excats=134-40&min_price=200000&max_price=1000000, Illinois, Peoria, For Sale-Wanted, Sporting Goods, https://peoria.craigslist.org/spo/d/chillicothe-hunting-land/7022988610.html,,2019-11-19,US,2019-11-21
1951 international parts, Nov 19, &excats=134-40&min_price=200000&max_price=1000000, Oregon, Portland, For Sale-Wanted, Auto Parts by Owner, https://portland.craigslist.org/wsc/pts/d/west-richland-1951-international-parts/7022174143.html,,2019-11-19,US,2019-11-21
Hood River Building For Sale, Nov 19, &excats=134-40&min_price=200000&max_price=1000000, Oregon, Portland, For Sale-Wanted, General, https://portland.craigslist.org/grg/for/d/hood-river-hood-river-building-for-sale/7009433637.html,,2019-11-19,US,2019-11-21
Hood River Building For Sale, Nov 19, &excats=134-40&min_price=200000&max_price=1000000, Oregon, Portland, For Sale-Wanted, General, https://portland.craigslist.org/grg/for/d/hood-river-hood-river-building-for-sale/7009432991.html,,2019-11-19,US,2019-11-21
1971 1/2 Camaro, Nov 19, &excats=134-40&min_price=200000&max_price=1000000, Oregon, Portland, For Sale-Wanted, Collectibles, https://portland.craigslist.org/mlt/clt/d/gresham-camaro/7023266471.html,,2019-11-19,US,2019-11-21
Sources and EQs, Nov 19, &excats=134-40&min_price=200000&max_price=1000000, Oregon, Portland, For Sale-Wanted, Electronics, https://portland.craigslist.org/mlt/ele/d/portland-sources-and-eqs/7014317522.html,,2019-11-19,US,2019-11-21
2017 MERCEDES BENZ G550 SQUARED 1-OWNER 38S G 550 G63 2018 2019 2016, Nov 19, &excats=134-40&min_price=200000&max_price=1000000, Oregon, Portland, For Sale-Wanted, Cars And by Dealer, https://portland.craigslist.org/mlt/ctd/d/portland-2017-mercedes-benz-g550/7023157041.html,,2019-11-19,US,2019-11-21
Home for sale, Nov 19, &excats=134-40&min_price=200000&max_price=1000000, Oregon, Portland, For Sale-Wanted, General, https://portland.craigslist.org/yam/for/d/sheridan-home-for-sale/7022905136.html,,2019-11-19,US,2019-11-21
101 Acres w/3200 rd. frontage, Nov 19, &excats=134-40&min_price=200000&max_price=1000000, New York, Albany, For Sale-Wanted, General, https://albany.craigslist.org/for/d/pattersonville-101-acres-3200-rd/7023095128.html,,2019-11-19,US,2019-11-21
Home 15 acre 4stall barn views, Nov 19, &excats=134-40&min_price=200000&max_price=1000000, New York, Binghamton, For Sale-Wanted, Farm and Garden, https://binghamton.craigslist.org/grd/d/harpursville-home-15-acre-4stall-barn/7023136335.html,,2019-11-19,US,2019-11-21
Split Level Ranch, Nov 19, &excats=134-40&min_price=200000&max_price=1000000, New York, Hudson Valley, For Sale-Wanted, Household, https://hudsonvalley.craigslist.org/hsh/d/stormville-split-level-ranch/7023468880.html,,2019-11-19,US,2019-11-21
Buying Your House | Fast Cash | Fast Close | Immediate Offer!, Nov 19, &excats=134-40&min_price=200000&max_price=1000000, New York, Long Island, For Sale-Wanted, Wanted, https://longisland.craigslist.org/wan/d/holtsville-buying-your-house-fast-cash/7012094639.html,,2019-11-19,US,2019-11-21
2017 JUPITER 38 HFS TRIPLE YAMAHA F300s &#39;&#39;ONLY 145 HRS&quot;, Nov 19, &excats=134-40&min_price=200000&max_price=1000000, New York, Long Island, For Sale-Wanted, Boat Parts, https://longisland.craigslist.org/boa/d/east-islip-2017-jupiter-38-hfs-triple/7004581703.html,,2019-11-19,US,2019-11-21
former airport for sale, Nov 19, &excats=134-40&min_price=200000&max_price=1000000, New York, Syracuse, For Sale-Wanted, NA, https://syracuse.craigslist.org/avo/d/hastings-former-airport-for-sale/7014224747.html,,2019-11-19,US,2019-11-21
Trailers, Nov 19, &excats=134-40&min_price=200000&max_price=1000000, Wisconsin, Green Bay, For Sale-Wanted, NA, https://greenbay.craigslist.org/tro/d/oconto-trailers/7023256084.html,,2019-11-19,US,2019-11-21
CALLING ALL INVESTORS! 3 PROPERTY PORTFOLIO!, Nov 19, &excats=134-40&min_price=200000&max_price=1000000, Wisconsin, Milwaukee, For Sale-Wanted, General, https://milwaukee.craigslist.org/for/d/milwaukee-calling-all-investors-3/7014464129.html,,2019-11-19,US,2019-11-21
new 360 watt and used 250 watt solar panels, Nov 19, &excats=134-40&min_price=200000&max_price=1000000, California, Bakersfield, For Sale-Wanted, Materials, https://bakersfield.craigslist.org/mat/d/mc-kittrick-new-360-watt-and-used-250/7020962970.html,,2019-11-19,US,2019-11-21
RED BLUFF HOME FOR SALE, Nov 19, &excats=134-40&min_price=200000&max_price=1000000, California, Chico, For Sale-Wanted, General, https://chico.craigslist.org/for/d/proberta-red-bluff-home-for-sale/7023203919.html,,2019-11-19,US,2019-11-21
3251sqft 5bd 3bath .5 acre fully landscaped with in ground pool, Nov 19, &excats=134-40&min_price=200000&max_price=1000000, California, Inland Empire, For Sale-Wanted, General, https://inlandempire.craigslist.org/for/d/sparks-3251sqft-5bd-3bath-5-acre-fully/7023529117.html,,2019-11-19,US,2019-11-21
any YOUTUBERS IN SOCAL? me & friends will sub let us know, Nov 19, &excats=134-40&min_price=200000&max_price=1000000, California, Inland Empire, For Sale-Wanted, Wanted, https://inlandempire.craigslist.org/wan/d/victorville-any-youtubers-in-socal-me/7015026214.html,,2019-11-19,US,2019-11-21
Carbonacious  Chondrite Stoney Meteorite, Nov 19, &excats=134-40&min_price=200000&max_price=1000000, California, Inland Empire, For Sale-Wanted, Collectibles, https://inlandempire.craigslist.org/clt/d/yucca-valley-carbonacious-chondrite/7007242838.html,,2019-11-19,US,2019-11-21
0.025mm nickel wire for  sale, Nov 19, &excats=134-40&min_price=200000&max_price=1000000, California, Los Angeles, For Sale-Wanted, General, https://losangeles.craigslist.org/wst/for/d/santa-monica-0025mm-nickel-wire-for-sale/7023545764.html,,2019-11-19,US,2019-11-21
we buy Forklifts $$ Cash $ Trucks  heavy equipment buyer, Nov 19, &excats=134-40&min_price=200000&max_price=1000000, California, Los Angeles, For Sale-Wanted, Wanted, https://losangeles.craigslist.org/lac/wan/d/los-angeles-we-buy-forklifts-cash/7023522515.html,,2019-11-19,US,2019-11-21
We Buy Houses Cash! Any Condition any Situation. WE WANT YOUR HOME!, Nov 19, &excats=134-40&min_price=200000&max_price=1000000, California, Los Angeles, For Sale-Wanted, Wanted, https://losangeles.craigslist.org/sgv/wan/d/we-buy-houses-cash-any-condition-any/7023492553.html,Want,2019-11-19,US,2019-11-21
We Buy Houses Cash! Any Condition any Situation. WE WANT YOUR HOME!, Nov 19, &excats=134-40&min_price=200000&max_price=1000000, California, Los Angeles, For Sale-Wanted, Wanted, https://losangeles.craigslist.org/sgv/wan/d/we-buy-houses-cash-any-condition-any/7023492682.html,Want,2019-11-19,US,2019-11-21
LAKE HOME IN MINNESOTA BY OWNER, Nov 19, &excats=134-40&min_price=200000&max_price=1000000, California, Los Angeles, For Sale-Wanted, General, https://losangeles.craigslist.org/lac/for/d/chisago-city-lake-home-in-minnesota-by/7020329034.html,,2019-11-19,US,2019-11-21
We buy hino-ud-isuzu-frr npr nrr, Nov 19, &excats=134-40&min_price=200000&max_price=1000000, California, Los Angeles, For Sale-Wanted, Wanted, https://losangeles.craigslist.org/lac/wan/d/ontario-we-buy-hino-ud-isuzu-frr-npr-nrr/7023424063.html,,2019-11-19,US,2019-11-21
We buy hino-ud-isuzu-frr npr nrr, Nov 19, &excats=134-40&min_price=200000&max_price=1000000, California, Los Angeles, For Sale-Wanted, Wanted, https://losangeles.craigslist.org/lac/wan/d/ontario-we-buy-hino-ud-isuzu-frr-npr-nrr/7023423951.html,,2019-11-19,US,2019-11-21
We buy hino-ud-isuzu-frr npr nrr, Nov 19, &excats=134-40&min_price=200000&max_price=1000000, California, Los Angeles, For Sale-Wanted, Wanted, https://losangeles.craigslist.org/lac/wan/d/ontario-we-buy-hino-ud-isuzu-frr-npr-nrr/7023423806.html,,2019-11-19,US,2019-11-21
CASH CASH  CASH FOR BRAND NEW AND USED IPHONES, Nov 19, &excats=134-40&min_price=200000&max_price=1000000, California, Los Angeles, For Sale-Wanted, Wanted, https://losangeles.craigslist.org/lac/wad/d/los-angeles-cash-cash-cash-for-brand/7023389315.html,,2019-11-19,US,2019-11-21
GREAT VACATION HOME! 4BD/3BA, Nov 19, &excats=134-40&min_price=200000&max_price=1000000, California, Los Angeles, For Sale-Wanted, General, https://losangeles.craigslist.org/lac/for/d/great-vacation-home-4bd-3ba/7021785004.html,,2019-11-19,US,2019-11-21
Let us take on your headache! We have CASH to buy your house. Quickly, Nov 19, &excats=134-40&min_price=200000&max_price=1000000, California, Los Angeles, For Sale-Wanted, Wanted, https://losangeles.craigslist.org/wst/wan/d/malibu-let-us-take-on-your-headache-we/7023145982.html,,2019-11-19,US,2019-11-21
Let us take on your headache! We have CASH to buy your house. Quickly, Nov 19, &excats=134-40&min_price=200000&max_price=1000000, California, Los Angeles, For Sale-Wanted, Wanted, https://losangeles.craigslist.org/wst/wan/d/malibu-let-us-take-on-your-headache-we/7023151933.html,,2019-11-19,US,2019-11-21
trade home for yacht, Nov 19, &excats=134-40&min_price=200000&max_price=1000000, California, Los Angeles, For Sale-Wanted, Boat Parts, https://losangeles.craigslist.org/lgb/boa/d/las-vegas-trade-home-for-yacht/7023103559.html,,2019-11-19,US,2019-11-21
HATTERAS MOTOR YACHT 70&#39;, Nov 19, &excats=134-40&min_price=200000&max_price=1000000, California, Los Angeles, For Sale-Wanted, Boat Parts, https://losangeles.craigslist.org/wst/boa/d/marina-del-rey-hatteras-motor-yacht-70/7023122097.html,,2019-11-19,US,2019-11-21
2006 Mercedes-Benz SLR MCLAREN / SUPERCAR / BLACK PEARL/BLACK - ONLY 9400 MILES, Nov 19, &excats=134-40&min_price=200000&max_price=1000000, California, Los Angeles, For Sale-Wanted, Cars And by Dealer, https://losangeles.craigslist.org/sfv/ctd/d/2006-mercedes-benz-slr-mclaren-supercar/7023153549.html,,2019-11-19,US,2019-11-21
Forklift Buyers $$ Cash $ Trucks  heavy equipment buyer, Nov 19, &excats=134-40&min_price=200000&max_price=1000000, California, Los Angeles, For Sale-Wanted, Wanted, https://losangeles.craigslist.org/sgv/wan/d/beverly-hills-forklift-buyers-cash/7015634450.html,,2019-11-19,US,2019-11-21
we buy Forklifts $$ Cash $ Trucks  heavy equipment buyer, Nov 19, &excats=134-40&min_price=200000&max_price=1000000, California, Los Angeles, For Sale-Wanted, Wanted, https://losangeles.craigslist.org/lac/wan/d/los-angeles-we-buy-forklifts-cash/7016145255.html,,2019-11-19,US,2019-11-21
5 acre mini horse ranch, Nov 19, &excats=134-40&min_price=200000&max_price=1000000, California, Los Angeles, For Sale-Wanted, Farm and Garden, https://losangeles.craigslist.org/sfv/grd/d/squaw-valley-5-acre-mini-horse-ranch/7016972207.html,,2019-11-19,US,2019-11-21
WANTED: BUYER IN TOWN BUYING KEY COMICS AND COLLECTIONS, Nov 19, &excats=134-40&min_price=200000&max_price=1000000, California, Los Angeles, For Sale-Wanted, Wanted, https://losangeles.craigslist.org/sfv/wan/d/altadena-wanted-buyer-in-town-buying/7020912246.html,Want,2019-11-19,US,2019-11-21
LOCAL COLLECTOR SEEKING COMICS & COLLECTIONS, Nov 19, &excats=134-40&min_price=200000&max_price=1000000, California, Los Angeles, For Sale-Wanted, Wanted, https://losangeles.craigslist.org/wst/wan/d/local-collector-seeking-comics/7020912483.html,Want,2019-11-19,US,2019-11-21
Porsche Wanted &#39;Dead or Alive&#39; by enthusiast, Nov 19, &excats=134-40&min_price=200000&max_price=1000000, California, Los Angeles, For Sale-Wanted, Wanted, https://losangeles.craigslist.org/lac/wan/d/los-angeles-porsche-wanted-dead-or/7023110403.html,Want,2019-11-19,US,2019-11-21
1988 Porsche 911 Slant Nose 930 Turbo ONLY 7K MILES MINT Time Capsule, Nov 19, &excats=134-40&min_price=200000&max_price=1000000, California, Los Angeles, For Sale-Wanted, Cars And by Dealer, https://losangeles.craigslist.org/lgb/ctd/d/miami-1988-porsche-911-slant-nose-930/7023020710.html,,2019-11-19,US,2019-11-21
2019 CELA DT30/DT-100 Self Propelled Tracked Aerial Platform, Nov 19, &excats=134-40&min_price=200000&max_price=1000000, California, Los Angeles, For Sale-Wanted, Heavy Equipment, https://losangeles.craigslist.org/lac/hvo/d/los-angeles-2019-cela-dt30-dt-100-self/7022987527.html,,2019-11-19,US,2019-11-21
We buy forklifts any condition.......??....., Nov 19, &excats=134-40&min_price=200000&max_price=1000000, California, Los Angeles, For Sale-Wanted, Wanted, https://losangeles.craigslist.org/lac/wan/d/ontario-we-buy-forklifts-any-condition/7021101867.html,,2019-11-19,US,2019-11-21
Ford Explorer LTZ, Nov 19, &excats=134-40&min_price=200000&max_price=1000000, California, Modesto, For Sale-Wanted, Cars And Trucks, https://modesto.craigslist.org/cto/d/escalon-ford-explorer-ltz/7023450296.html,,2019-11-19,US,2019-11-21
we Buy Cars $$ CASH for Cars $$ Free Towing, Nov 19, &excats=134-40&min_price=200000&max_price=1000000, California, Orange County, For Sale-Wanted, Wanted, https://orangecounty.craigslist.org/wan/d/fullerton-we-buy-cars-cash-for-cars/7016724411.html,,2019-11-19,US,2019-11-21
we Buy Cars $$ CASH for Cars $$ Free Towing, Nov 19, &excats=134-40&min_price=200000&max_price=1000000, California, Orange County, For Sale-Wanted, Wanted, https://orangecounty.craigslist.org/wan/d/fullerton-we-buy-cars-cash-for-cars/7011651400.html,,2019-11-19,US,2019-11-21
Forklift Buyers $$ Cash $ Trucks  heavy equipment buyer, Nov 19, &excats=134-40&min_price=200000&max_price=1000000, California, Orange County, For Sale-Wanted, Wanted, https://orangecounty.craigslist.org/wan/d/anaheim-forklift-buyers-cash-trucks/7016150483.html,,2019-11-19,US,2019-11-21
$ we Buy Forklifts $ CASH  $ Trucks $ heavy Equipment Buyer $$, Nov 19, &excats=134-40&min_price=200000&max_price=1000000, California, Orange County, For Sale-Wanted, Wanted, https://orangecounty.craigslist.org/wan/d/anaheim-we-buy-forklifts-cash-trucks/7006107417.html,,2019-11-19,US,2019-11-21
we Buy Cars $$ CASH for Cars $$ Free Towing, Nov 19, &excats=134-40&min_price=200000&max_price=1000000, California, Orange County, For Sale-Wanted, Wanted, https://orangecounty.craigslist.org/wan/d/fullerton-we-buy-cars-cash-for-cars/7019449737.html,,2019-11-19,US,2019-11-21
2017 freightliner cascadia  automatic 380 K MILES, Nov 19, &excats=134-40&min_price=200000&max_price=1000000, California, Sacramento, For Sale-Wanted, Heavy Equipment, https://sacramento.craigslist.org/hvo/d/west-sacramento-2017-freightliner/7023199566.html,,2019-11-19,US,2019-11-21
COMMERCIAL BLDG FOR SALE, Nov 19, &excats=134-40&min_price=200000&max_price=1000000, California, Sacramento, For Sale-Wanted, Sporting Goods, https://sacramento.craigslist.org/spo/d/sacramento-commercial-bldg-for-sale/7023157690.html,,2019-11-19,US,2019-11-21
We buy & Gucci planes cars hublot audemar piguet, Nov 19, &excats=134-40&min_price=200000&max_price=1000000, California, San Diego, For Sale-Wanted, Wanted, https://sandiego.craigslist.org/csd/wan/d/san-diego-we-buy-gucci-planes-cars/7004423906.html,,2019-11-19,US,2019-11-21
I collect rolls Royces Bentleys Ferraris lamborghinis I buy, Nov 19, &excats=134-40&min_price=200000&max_price=1000000, California, San Diego, For Sale-Wanted, Wanted, https://sandiego.craigslist.org/csd/wan/d/san-diego-collect-rolls-royces-bentleys/7006580719.html,,2019-11-19,US,2019-11-21
I collect rolls Royces Bentleys Ferraris lamborghinis I buy, Nov 19, &excats=134-40&min_price=200000&max_price=1000000, California, San Diego, For Sale-Wanted, Wanted, https://sandiego.craigslist.org/csd/wan/d/san-diego-collect-rolls-royces-bentleys/7006581120.html,,2019-11-19,US,2019-11-21
Wanted Rolex audemar piguet, Nov 19, &excats=134-40&min_price=200000&max_price=1000000, California, San Diego, For Sale-Wanted, Wanted, https://sandiego.craigslist.org/csd/wan/d/bluff-city-wanted-rolex-audemar-piguet/7006581042.html,Want,2019-11-19,US,2019-11-21
I collect rolls Royces Bentleys Ferraris lamborghinis I buy, Nov 19, &excats=134-40&min_price=200000&max_price=1000000, California, San Diego, For Sale-Wanted, Wanted, https://sandiego.craigslist.org/csd/wan/d/san-diego-collect-rolls-royces-bentleys/7009516991.html,,2019-11-19,US,2019-11-21
Wanted Rolex audemar piguet, Nov 19, &excats=134-40&min_price=200000&max_price=1000000, California, San Diego, For Sale-Wanted, Wanted, https://sandiego.craigslist.org/csd/wan/d/bluff-city-wanted-rolex-audemar-piguet/7006581239.html,Want,2019-11-19,US,2019-11-21
I collect rolls Royces Bentleys Ferraris lamborghinis I buy, Nov 19, &excats=134-40&min_price=200000&max_price=1000000, California, San Diego, For Sale-Wanted, Wanted, https://sandiego.craigslist.org/csd/wan/d/san-diego-collect-rolls-royces-bentleys/7006597196.html,,2019-11-19,US,2019-11-21
I collect rolls Royces Bentleys Ferraris lamborghinis I buy, Nov 19, &excats=134-40&min_price=200000&max_price=1000000, California, San Diego, For Sale-Wanted, Wanted, https://sandiego.craigslist.org/csd/wan/d/san-diego-collect-rolls-royces-bentleys/7006614773.html,,2019-11-19,US,2019-11-21
I collect rolls Royces Bentleys Ferraris lamborghinis I buy, Nov 19, &excats=134-40&min_price=200000&max_price=1000000, California, San Diego, For Sale-Wanted, Wanted, https://sandiego.craigslist.org/csd/wan/d/san-diego-collect-rolls-royces-bentleys/7009517349.html,,2019-11-19,US,2019-11-21
I collect rolls Royces Bentleys Ferraris lamborghinis I buy, Nov 19, &excats=134-40&min_price=200000&max_price=1000000, California, San Diego, For Sale-Wanted, Wanted, https://sandiego.craigslist.org/csd/wan/d/san-diego-collect-rolls-royces-bentleys/7006614842.html,,2019-11-19,US,2019-11-21
I collect rolls Royces Bentleys Ferraris lamborghinis I buy, Nov 19, &excats=134-40&min_price=200000&max_price=1000000, California, San Diego, For Sale-Wanted, Wanted, https://sandiego.craigslist.org/csd/wan/d/san-diego-collect-rolls-royces-bentleys/7009517823.html,,2019-11-19,US,2019-11-21
Jacob & co ghost, Nov 19, &excats=134-40&min_price=200000&max_price=1000000, California, San Diego, For Sale-Wanted, Wanted, https://sandiego.craigslist.org/csd/wan/d/san-diego-jacob-co-ghost/7009518050.html,,2019-11-19,US,2019-11-21
Wanted Rolex audemar piguet, Nov 19, &excats=134-40&min_price=200000&max_price=1000000, California, San Diego, For Sale-Wanted, Wanted, https://sandiego.craigslist.org/csd/wan/d/bluff-city-wanted-rolex-audemar-piguet/7009517582.html,Want,2019-11-19,US,2019-11-21
I collect rolls Royces Bentleys Ferraris lamborghinis I buy, Nov 19, &excats=134-40&min_price=200000&max_price=1000000, California, San Diego, For Sale-Wanted, Wanted, https://sandiego.craigslist.org/csd/wan/d/san-diego-collect-rolls-royces-bentleys/7010521261.html,,2019-11-19,US,2019-11-21
I collect rolls Royces Bentleys Ferraris lamborghinis I buy, Nov 19, &excats=134-40&min_price=200000&max_price=1000000, California, San Diego, For Sale-Wanted, Wanted, https://sandiego.craigslist.org/csd/wan/d/san-diego-collect-rolls-royces-bentleys/7010522217.html,,2019-11-19,US,2019-11-21
We buy & Gucci planes cars hublot audemar piguet, Nov 19, &excats=134-40&min_price=200000&max_price=1000000, California, San Diego, For Sale-Wanted, Wanted, https://sandiego.craigslist.org/csd/wan/d/san-diego-we-buy-gucci-planes-cars/7010521535.html,,2019-11-19,US,2019-11-21
Wanted Rolex audemar piguet, Nov 19, &excats=134-40&min_price=200000&max_price=1000000, California, San Diego, For Sale-Wanted, Wanted, https://sandiego.craigslist.org/csd/wan/d/bluff-city-wanted-rolex-audemar-piguet/7010521811.html,Want,2019-11-19,US,2019-11-21
I collect rolls Royces Bentleys Ferraris lamborghinis I buy, Nov 19, &excats=134-40&min_price=200000&max_price=1000000, California, San Diego, For Sale-Wanted, Wanted, https://sandiego.craigslist.org/csd/wan/d/san-diego-collect-rolls-royces-bentleys/7020240198.html,,2019-11-19,US,2019-11-21
Wanted Rolex audemar piguet, Nov 19, &excats=134-40&min_price=200000&max_price=1000000, California, San Diego, For Sale-Wanted, Wanted, https://sandiego.craigslist.org/csd/wan/d/bluff-city-wanted-rolex-audemar-piguet/7010521403.html,Want,2019-11-19,US,2019-11-21
Wanted Rolex audemar piguet, Nov 19, &excats=134-40&min_price=200000&max_price=1000000, California, San Diego, For Sale-Wanted, Wanted, https://sandiego.craigslist.org/csd/wan/d/bluff-city-wanted-rolex-audemar-piguet/7010618681.html,Want,2019-11-19,US,2019-11-21
We buy & Gucci planes cars hublot audemar piguet, Nov 19, &excats=134-40&min_price=200000&max_price=1000000, California, San Diego, For Sale-Wanted, Wanted, https://sandiego.craigslist.org/csd/wan/d/san-diego-we-buy-gucci-planes-cars/7010618743.html,,2019-11-19,US,2019-11-21
I collect rolls Royces Bentleys Ferraris lamborghinis I buy, Nov 19, &excats=134-40&min_price=200000&max_price=1000000, California, San Diego, For Sale-Wanted, Wanted, https://sandiego.craigslist.org/csd/wan/d/san-diego-collect-rolls-royces-bentleys/7010618825.html,,2019-11-19,US,2019-11-21
Wanted Rolex jacob breitling hublot audemar piguet, Nov 19, &excats=134-40&min_price=200000&max_price=1000000, California, San Diego, For Sale-Wanted, Wanted, https://sandiego.craigslist.org/csd/wan/d/bluff-city-wanted-rolex-jacob-breitling/7010618923.html,Want,2019-11-19,US,2019-11-21
I collect rolls Royces Bentleys Ferraris lamborghinis I buy, Nov 19, &excats=134-40&min_price=200000&max_price=1000000, California, San Diego, For Sale-Wanted, Wanted, https://sandiego.craigslist.org/csd/wan/d/san-diego-collect-rolls-royces-bentleys/7016587702.html,,2019-11-19,US,2019-11-21
I collect rolls Royces Bentleys Ferraris lamborghinis I buy, Nov 19, &excats=134-40&min_price=200000&max_price=1000000, California, San Diego, For Sale-Wanted, Wanted, https://sandiego.craigslist.org/csd/wan/d/san-diego-collect-rolls-royces-bentleys/7006614761.html,,2019-11-19,US,2019-11-21
Wanted Rolex jacob breitling hublot audemar piguet, Nov 19, &excats=134-40&min_price=200000&max_price=1000000, California, San Diego, For Sale-Wanted, Wanted, https://sandiego.craigslist.org/csd/wan/d/bluff-city-wanted-rolex-jacob-breitling/7016587479.html,Want,2019-11-19,US,2019-11-21
We buy & Gucci planes cars hublot audemar piguet, Nov 19, &excats=134-40&min_price=200000&max_price=1000000, California, San Diego, For Sale-Wanted, Wanted, https://sandiego.craigslist.org/csd/wan/d/san-diego-we-buy-gucci-planes-cars/7016587657.html,,2019-11-19,US,2019-11-21
Wanted Rolex jacob breitling hublot audemar piguet, Nov 19, &excats=134-40&min_price=200000&max_price=1000000, California, San Diego, For Sale-Wanted, Wanted, https://sandiego.craigslist.org/csd/wan/d/bluff-city-wanted-rolex-jacob-breitling/7016587580.html,Want,2019-11-19,US,2019-11-21
I collect rolls Royces Bentleys Ferraris lamborghinis I buy, Nov 19, &excats=134-40&min_price=200000&max_price=1000000, California, San Diego, For Sale-Wanted, Wanted, https://sandiego.craigslist.org/csd/wan/d/san-diego-collect-rolls-royces-bentleys/7020240697.html,,2019-11-19,US,2019-11-21
Wanted Rolex audemar piguet, Nov 19, &excats=134-40&min_price=200000&max_price=1000000, California, San Diego, For Sale-Wanted, Wanted, https://sandiego.craigslist.org/csd/wan/d/bluff-city-wanted-rolex-audemar-piguet/7020240442.html,Want,2019-11-19,US,2019-11-21
trade home for yacht, Nov 19, &excats=134-40&min_price=200000&max_price=1000000, California, San Diego, For Sale-Wanted, Boat Parts, https://sandiego.craigslist.org/csd/boa/d/las-vegas-trade-home-for-yacht/7008100412.html,,2019-11-19,US,2019-11-21
Silver & Gold / Coins & Jewelry / 805-878-245six, Nov 19, &excats=134-40&min_price=200000&max_price=1000000, California, Santa Maria, For Sale-Wanted, Collectibles, https://santamaria.craigslist.org/clt/d/silver-gold-coins-jewelry-six/7013231531.html,,2019-11-19,US,2019-11-21
Country Home and Acreage, Nov 18, &excats=134-40&min_price=200000&max_price=1000000, Iowa, Des Moines, For Sale-Wanted, General, https://desmoines.craigslist.org/for/d/blakesburg-country-home-and-acreage/7005113510.html,,2019-11-18,US,2019-11-21
Versa ID2014 Silage Bagger - 1980 hrs, Nov 18, &excats=134-40&min_price=200000&max_price=1000000, Iowa, Sioux City, For Sale-Wanted, Farm and Garden, https://siouxcity.craigslist.org/grq/d/annabella-versa-id2014-silage-bagger-hrs/7022866669.html,,2019-11-18,US,2019-11-21
shipping containers / cargo containers / conex containers /, Nov 18, &excats=134-40&min_price=200000&max_price=1000000, Washington, Bellingham, For Sale-Wanted, General, https://bellingham.craigslist.org/fod/d/shipping-containers-cargo-containers/7022604410.html,,2019-11-18,US,2019-11-21
shipping containers / cargo containers / conex containers /, Nov 18, &excats=134-40&min_price=200000&max_price=1000000, Washington, Yakima, For Sale-Wanted, General, https://yakima.craigslist.org/fod/d/shipping-containers-cargo-containers/7022614139.html,,2019-11-18,US,2019-11-21
2 BEDROOM 1 BATH HOUSE FOR SALE, Nov 18, &excats=134-40&min_price=200000&max_price=1000000, Georgia, Atlanta, For Sale-Wanted, Wanted, https://atlanta.craigslist.org/atl/wan/d/atlanta-2-bedroom-1-bath-house-for-sale/7022574331.html,,2019-11-18,US,2019-11-21
DINING ROOM, Nov 18, &excats=134-40&min_price=200000&max_price=1000000, Georgia, Atlanta, For Sale-Wanted, Furniture, https://atlanta.craigslist.org/atl/fuo/d/atlanta-dining-room/7022311631.html,,2019-11-18,US,2019-11-21
Complete Woodworking Shop, Nov 18, &excats=134-40&min_price=200000&max_price=1000000, Vermont, Vermont, For Sale-Wanted, General, https://vermont.craigslist.org/for/d/roxbury-complete-woodworking-shop/7002690751.html,,2019-11-18,US,2019-11-21
For Sale by owner, Nov 18, &excats=134-40&min_price=200000&max_price=1000000, Montana, Missoula, For Sale-Wanted, Farm and Garden, https://missoula.craigslist.org/grd/d/arlee-for-sale-by-owner/7022520421.html,,2019-11-18,US,2019-11-21
1999 200 TON LIEBERR, Nov 18, &excats=134-40&min_price=200000&max_price=1000000, South Carolina, Charleston, For Sale-Wanted, Heavy Equipment, https://charleston.craigslist.org/hvo/d/goose-creek-ton-lieberr/7022383357.html,,2019-11-18,US,2019-11-21
2007 AC 140 DEMAG, Nov 18, &excats=134-40&min_price=200000&max_price=1000000, South Carolina, Charleston, For Sale-Wanted, Heavy Equipment, https://charleston.craigslist.org/hvo/d/goose-creek-2007-ac-140-demag/7022375367.html,,2019-11-18,US,2019-11-21
2018 IGOT-130 POTAIN, Nov 18, &excats=134-40&min_price=200000&max_price=1000000, South Carolina, Charleston, For Sale-Wanted, Heavy Equipment, https://charleston.craigslist.org/hvo/d/goose-creek-2018-igot-130-potain/7022366610.html,,2019-11-18,US,2019-11-21
House in Florida for snowbirds, Nov 18, &excats=134-40&min_price=200000&max_price=1000000, Massachusetts, Boston, For Sale-Wanted, General, https://boston.craigslist.org/sob/for/d/webster-house-in-florida-for-snowbirds/7022788050.html,,2019-11-18,US,2019-11-21
FOR SALE, Nov 18, &excats=134-40&min_price=200000&max_price=1000000, Massachusetts, Boston, For Sale-Wanted, General, https://boston.craigslist.org/sob/for/d/whitman-for-sale/7022665082.html,,2019-11-18,US,2019-11-21
Cuban art collection for sale & investment., Nov 18, &excats=134-40&min_price=200000&max_price=1000000, Massachusetts, Boston, For Sale-Wanted, Art by Owner, https://boston.craigslist.org/sob/art/d/sharon-cuban-art-collection-for-sale/7022534109.html,,2019-11-18,US,2019-11-21
2018 Pursuit 385 Offshore, Nov 18, &excats=134-40&min_price=200000&max_price=1000000, Massachusetts, Boston, For Sale-Wanted, Boat Parts, https://boston.craigslist.org/nos/boa/d/destin-2018-pursuit-385-offshore/7007138897.html,,2019-11-18,US,2019-11-21
Inventory for Sale, Nov 18, &excats=134-40&min_price=200000&max_price=1000000, Massachusetts, Boston, For Sale-Wanted, General, https://boston.craigslist.org/gbs/for/d/quincy-inventory-for-sale/7022362819.html,,2019-11-18,US,2019-11-21
ENTIRE INVENTORY OF SPORTS CARDS STORE FOR SALE, Nov 18, &excats=134-40&min_price=200000&max_price=1000000, Massachusetts, Boston, For Sale-Wanted, Collectibles, https://boston.craigslist.org/nwb/clt/d/quincy-entire-inventory-of-sports-cards/7022362395.html,,2019-11-18,US,2019-11-21
ENTIRE INVENTORY OF SPORTS CARDS STORE FOR SALE, Nov 18, &excats=134-40&min_price=200000&max_price=1000000, Massachusetts, Boston, For Sale-Wanted, Collectibles, https://boston.craigslist.org/nwb/clt/d/quincy-entire-inventory-of-sports-cards/7015610325.html,,2019-11-18,US,2019-11-21
Inventory for Sale, Nov 18, &excats=134-40&min_price=200000&max_price=1000000, Massachusetts, Boston, For Sale-Wanted, General, https://boston.craigslist.org/gbs/for/d/quincy-inventory-for-sale/7015610574.html,,2019-11-18,US,2019-11-21
29 Hinckley 29 Talaria 2005 w/Yanmar Diesel, Nov 18, &excats=134-40&min_price=200000&max_price=1000000, Massachusetts, Boston, For Sale-Wanted, Boat Parts, https://boston.craigslist.org/gbs/boa/d/quincy-29-hinckley-29-talaria-2005/7018417477.html,,2019-11-18,US,2019-11-21
Road Signs..., Nov 18, &excats=134-40&min_price=200000&max_price=1000000, Massachusetts, Boston, For Sale-Wanted, Collectibles, https://boston.craigslist.org/nos/clt/d/byfield-road-signs/7022272903.html,,2019-11-18,US,2019-11-21
Lakeview Custom Houseboat *2000 model 16&#39;x88&#39; 4-BR/2-Ba*Twin GM V-6, Nov 18, &excats=134-40&min_price=200000&max_price=1000000, Arkansas, Fort Smith, For Sale-Wanted, Boat Parts, https://fortsmith.craigslist.org/boa/d/mount-ida-lakeview-custom-houseboat/7004413395.html,,2019-11-18,US,2019-11-21
2019 TIGERCAT 610E SKIDDER, Nov 18, &excats=134-40&min_price=200000&max_price=1000000, Arkansas, Jonesboro, For Sale-Wanted, Heavy Equipment, https://jonesboro.craigslist.org/hvo/d/state-line-2019-tigercat-610e-skidder/7014958684.html,,2019-11-18,US,2019-11-21
2017 Entegra Coach Anthem 42RBQ, Nov 18, &excats=134-40&min_price=200000&max_price=1000000, Arizona, Phoenix, For Sale-Wanted, RVs, https://phoenix.craigslist.org/wvl/rvs/d/anaheim-2017-entegra-coach-anthem-42rbq/7022806767.html,,2019-11-18,US,2019-11-21
2671 W BENTRUP ST Chandler AZ 85224, Nov 18, &excats=134-40&min_price=200000&max_price=1000000, Arizona, Phoenix, For Sale-Wanted, General, https://phoenix.craigslist.org/nph/for/d/chandler-2671-bentrup-st-chandler-az/7022708624.html,,2019-11-18,US,2019-11-21
22652 W ADAMS DR Buckeye AZ 85326, Nov 18, &excats=134-40&min_price=200000&max_price=1000000, Arizona, Phoenix, For Sale-Wanted, General, https://phoenix.craigslist.org/wvl/for/d/palo-verde-adams-dr-buckeye-az-85326/7022708144.html,,2019-11-18,US,2019-11-21
Home For Sale, Nov 18, &excats=134-40&min_price=200000&max_price=1000000, Arizona, Phoenix, For Sale-Wanted, General, https://phoenix.craigslist.org/cph/for/d/phoenix-home-for-sale/7022572369.html,,2019-11-18,US,2019-11-21
2016 FORMULA 37 PERFORMANCE CRUISER, Nov 18, &excats=134-40&min_price=200000&max_price=1000000, Arizona, Phoenix, For Sale-Wanted, Boat Parts by Dealer, https://phoenix.craigslist.org/nph/bod/d/phoenix-2016-formula-37-performance/7022534002.html,,2019-11-18,US,2019-11-21
Angle tube pipe and beam roll between roudo RS 11 and RS 13 financing avail, Nov 18, &excats=134-40&min_price=200000&max_price=1000000, Arizona, Phoenix, For Sale-Wanted, Heavy Equipment, https://phoenix.craigslist.org/cph/hvo/d/fort-mohave-angle-tube-pipe-and-beam/7022364799.html,,2019-11-18,US,2019-11-21
Over 1000 acres for Sale, Nov 18, &excats=134-40&min_price=200000&max_price=1000000, Arizona, Show Low, For Sale-Wanted, General, https://showlow.craigslist.org/for/d/saint-johns-over-1000-acres-for-sale/7022449287.html,,2019-11-18,US,2019-11-21
Budweiser Neon Lights Signs Mirrors, Nov 18, &excats=134-40&min_price=200000&max_price=1000000, Nevada, Las Vegas, For Sale-Wanted, Collectibles, https://lasvegas.craigslist.org/clt/d/las-vegas-budweiser-neon-lights-signs/7013310454.html,,2019-11-18,US,2019-11-21
2 BIG Ocean Fish Mahi Mahi, Nov 18, &excats=134-40&min_price=200000&max_price=1000000, Nevada, Las Vegas, For Sale-Wanted, Collectibles, https://lasvegas.craigslist.org/clt/d/las-vegas-2-big-ocean-fish-mahi-mahi/7005846099.html,,2019-11-18,US,2019-11-21
Records / Album Sale Vinyl LPS 1400 S Main, Nov 18, &excats=134-40&min_price=200000&max_price=1000000, Nevada, Las Vegas, For Sale-Wanted, Collectibles, https://lasvegas.craigslist.org/clt/d/las-vegas-records-album-sale-vinyl-lps/7017690504.html,,2019-11-18,US,2019-11-21
MAIN ST PEDDLERS HAS RECORDS!!! Grateful Dead & Pink Floyd THE WALL, Nov 18, &excats=134-40&min_price=200000&max_price=1000000, Nevada, Las Vegas, For Sale-Wanted, Collectibles, https://lasvegas.craigslist.org/clt/d/las-vegas-main-st-peddlers-has-records/7017669266.html,,2019-11-18,US,2019-11-21
2017 Entegra Coach Anthem 42RBQ, Nov 18, &excats=134-40&min_price=200000&max_price=1000000, Nevada, Las Vegas, For Sale-Wanted, RVs, https://lasvegas.craigslist.org/rvs/d/anaheim-2017-entegra-coach-anthem-42rbq/7022791571.html,,2019-11-18,US,2019-11-21
NoW## we top iphone buyer-ICLOUD-neeed iphoneX/7s 8 -[=&#39;$$, Nov 18, &excats=134-40&min_price=200000&max_price=1000000, Nevada, Las Vegas, For Sale-Wanted, Cell Phones, https://lasvegas.craigslist.org/mob/d/las-vegas-now-we-top-iphone-buyer/7017242555.html,,2019-11-18,US,2019-11-21
NoWWw @WE B>U>Y ICL0UD L0CKED PASSCODE iPHONEe X=PrO yuhYgg, Nov 18, &excats=134-40&min_price=200000&max_price=1000000, Nevada, Las Vegas, For Sale-Wanted, Cell Phones, https://lasvegas.craigslist.org/mob/d/las-vegas-nowww-we-buy-icl0ud-l0cked/7008572981.html,,2019-11-18,US,2019-11-21
IIhu IPHONE XS-MAX 512GB/TWO56GIG**NEW/USED NEEEd yRR, Nov 18, &excats=134-40&min_price=200000&max_price=1000000, Nevada, Las Vegas, For Sale-Wanted, Cell Phones, https://lasvegas.craigslist.org/mob/d/las-vegas-iihu-iphone-xs-max-512gb/7008557576.html,,2019-11-18,US,2019-11-21
?? NEVER BEEN USED DIABETIC SUPPLIES, Nov 18, &excats=134-40&min_price=200000&max_price=1000000, Nevada, Las Vegas, For Sale-Wanted, Health And Beauty, https://lasvegas.craigslist.org/hab/d/henderson-never-been-used-diabetic/7022223035.html,,2019-11-18,US,2019-11-21
2016 CAT 349 FL, Nov 18, &excats=134-40&min_price=200000&max_price=1000000, Delaware, Delaware, For Sale-Wanted, Heavy Equipment, https://delaware.craigslist.org/hvo/d/newark-2016-cat-349-fl/7005191332.html,,2019-11-18,US,2019-11-21
STEWART 400x48, Nov 18, &excats=134-40&min_price=200000&max_price=1000000, Florida, Jacksonville, For Sale-Wanted, Heavy Equipment, https://jacksonville.craigslist.org/hvo/d/albany-stewart-400x48/7020074261.html,,2019-11-18,US,2019-11-21
2017 320 World Cat Center console fishing boat, Nov 18, &excats=134-40&min_price=200000&max_price=1000000, Florida, Jacksonville, For Sale-Wanted, Boat Parts by Dealer, https://jacksonville.craigslist.org/bod/d/key-largo-world-cat-center-console/7022409234.html,,2019-11-18,US,2019-11-21
BUYING HOMES THROUGHOUT JACKSONVILLE!!!, Nov 18, &excats=134-40&min_price=200000&max_price=1000000, Florida, Jacksonville, For Sale-Wanted, Wanted, https://jacksonville.craigslist.org/wan/d/buying-homes-throughout-jacksonville/7009299656.html,,2019-11-18,US,2019-11-21
Home to buy Denver erea, Nov 18, &excats=134-40&min_price=200000&max_price=1000000, Florida, Jacksonville, For Sale-Wanted, Wanted, https://jacksonville.craigslist.org/wan/d/brighton-home-to-buy-denver-erea/7009343256.html,,2019-11-18,US,2019-11-21
For Sale by owner, Nov 18, &excats=134-40&min_price=200000&max_price=1000000, Florida, Ocala, For Sale-Wanted, RVs, https://ocala.craigslist.org/rvs/d/dunn-for-sale-by-owner/7022411144.html,,2019-11-18,US,2019-11-21
PARTING OUT 1970 CADILLAC ELDORADO !!!, Nov 18, &excats=134-40&min_price=200000&max_price=1000000, Florida, Orlando, For Sale-Wanted, Auto Parts by Owner, https://orlando.craigslist.org/pts/d/spring-hill-parting-out-1970-cadillac/7022790392.html,,2019-11-18,US,2019-11-21
1979 CADILLAC COUPE DEVILLE DELAGANCE PARTING OUT!!!, Nov 18, &excats=134-40&min_price=200000&max_price=1000000, Florida, Orlando, For Sale-Wanted, Auto Parts by Owner, https://orlando.craigslist.org/pts/d/spring-hill-1979-cadillac-coupe-deville/7022789321.html,,2019-11-18,US,2019-11-21
2018 PilotHouse  34, Nov 18, &excats=134-40&min_price=200000&max_price=1000000, Florida, Pensacola, For Sale-Wanted, Boat Parts, https://pensacola.craigslist.org/boa/d/naples-2018-pilothouse-34/7018215658.html,,2019-11-18,US,2019-11-21
Ocean Express 43 CC, Nov 18, &excats=134-40&min_price=200000&max_price=1000000, Florida, Pensacola, For Sale-Wanted, Boat Parts, https://pensacola.craigslist.org/boa/d/naples-ocean-express-43-cc/7006699796.html,,2019-11-18,US,2019-11-21
65 Chevy C 20 Truck Parting Out, Nov 18, &excats=134-40&min_price=200000&max_price=1000000, Colorado, Denver, For Sale-Wanted, Auto Parts by Owner, https://denver.craigslist.org/pts/d/dacono-65-chevy-20-truck-parting-out/7012266409.html,,2019-11-18,US,2019-11-21
2104 458 Italia FS!, Nov 18, &excats=134-40&min_price=200000&max_price=1000000, Colorado, Denver, For Sale-Wanted, Cars And Trucks, https://denver.craigslist.org/cto/d/denver-italia-fs/7022501220.html,,2019-11-18,US,2019-11-21
Vape & Glass Shops For Sale, Nov 18, &excats=134-40&min_price=200000&max_price=1000000, Colorado, Denver, For Sale-Wanted, General, https://denver.craigslist.org/for/d/aurora-vape-glass-shops-for-sale/7022307670.html,,2019-11-18,US,2019-11-21
2015 tiffin phaeton 42LH, Nov 18, &excats=134-40&min_price=200000&max_price=1000000, Kentucky, Lexington, For Sale-Wanted, RVs, https://lexington.craigslist.org/rvs/d/paint-lick-2015-tiffin-phaeton-42lh/7022362702.html,,2019-11-18,US,2019-11-21
Commercial Property, Nov 18, &excats=134-40&min_price=200000&max_price=1000000, Kentucky, Lexington, For Sale-Wanted, General, https://lexington.craigslist.org/for/d/commercial-property/7022289765.html,,2019-11-18,US,2019-11-21
WATERFRONT TOWNHOUSE, Nov 18, &excats=134-40&min_price=200000&max_price=1000000, Virginia, Eastern Shore, For Sale-Wanted, General, https://easternshore.craigslist.org/for/d/chester-waterfront-townhouse/7014701723.html,,2019-11-18,US,2019-11-21
Beautiful Spacious Home, Nov 18, &excats=134-40&min_price=200000&max_price=1000000, Virginia, Richmond, For Sale-Wanted, General, https://richmond.craigslist.org/for/d/richmond-beautiful-spacious-home/7018034248.html,,2019-11-18,US,2019-11-21
Baseball basketball and football cards, Nov 18, &excats=134-40&min_price=200000&max_price=1000000, Virginia, Winchester, For Sale-Wanted, Collectibles, https://winchester.craigslist.org/clt/d/front-royal-baseball-basketball-and/7022605037.html,,2019-11-18,US,2019-11-21
Lobsterboat, Nov 18, &excats=134-40&min_price=200000&max_price=1000000, Maine, Maine, For Sale-Wanted, Boat Parts, https://maine.craigslist.org/boa/d/spruce-head-lobsterboat/7022689072.html,,2019-11-18,US,2019-11-21
2004 Twin Engine 40 ft Silverton 35 Motor Yacht, Nov 18, &excats=134-40&min_price=200000&max_price=1000000, Maryland, Annapolis, For Sale-Wanted, Boat Parts, https://annapolis.craigslist.org/boa/d/grasonville-2004-twin-engine-40-ft/7022199994.html,,2019-11-18,US,2019-11-21
2016 CAT 349 FL, Nov 18, &excats=134-40&min_price=200000&max_price=1000000, Maryland, Baltimore, For Sale-Wanted, Heavy Equipment, https://baltimore.craigslist.org/hvo/d/baltimore-2016-cat-349-fl/7005191171.html,,2019-11-18,US,2019-11-21
WATERFRONT TOWNHOUSE, Nov 18, &excats=134-40&min_price=200000&max_price=1000000, Maryland, Eastern Shore, For Sale-Wanted, General, https://easternshore.craigslist.org/for/d/chester-waterfront-townhouse/7014701723.html,,2019-11-18,US,2019-11-21
3 - ISLANDS IN NICARAGUA, Nov 18, &excats=134-40&min_price=200000&max_price=1000000, New Mexico, Albuquerque, For Sale-Wanted, General, https://albuquerque.craigslist.org/for/d/las-vegas-3-islands-in-nicaragua/7022445632.html,,2019-11-18,US,2019-11-21
LOOKING TO BUY FIRE WOOD SEASONED, Nov 18, &excats=134-40&min_price=200000&max_price=1000000, Michigan, Battle Creek, For Sale-Wanted, Wanted, https://battlecreek.craigslist.org/wan/d/dowling-looking-to-buy-fire-wood/7022375201.html,Want,2019-11-18,US,2019-11-21
2017 Entegra Cornerstone 45B, Nov 18, &excats=134-40&min_price=200000&max_price=1000000, Michigan, Grand Rapids, For Sale-Wanted, RVs, https://grandrapids.craigslist.org/rvd/d/grand-rapids-2017-entegra-cornerstone/7022309444.html,,2019-11-18,US,2019-11-21
Baked Goods, Nov 18, &excats=134-40&min_price=200000&max_price=1000000, Michigan, Jackson, For Sale-Wanted, Wanted, https://jxn.craigslist.org/wan/d/jackson-baked-goods/7022466135.html,,2019-11-18,US,2019-11-21
26 acre Estate, Nov 18, &excats=134-40&min_price=200000&max_price=1000000, Ohio, Cleveland, For Sale-Wanted, General, https://cleveland.craigslist.org/for/d/26-acre-estate/7022855834.html,,2019-11-18,US,2019-11-21
West side property, Nov 18, &excats=134-40&min_price=200000&max_price=1000000, Ohio, Cleveland, For Sale-Wanted, Household, https://cleveland.craigslist.org/hsh/d/cleveland-west-side-property/7022739616.html,,2019-11-18,US,2019-11-21
River View Home-5000sq.ft. 5acres, Nov 18, &excats=134-40&min_price=200000&max_price=1000000, Ohio, Cleveland, For Sale-Wanted, General, https://cleveland.craigslist.org/for/d/river-view-home-5000sqft-5acres/7013915917.html,,2019-11-18,US,2019-11-21
House For Sale, Nov 18, &excats=134-40&min_price=200000&max_price=1000000, Ohio, Toledo, For Sale-Wanted, General, https://toledo.craigslist.org/for/d/perrysburg-house-for-sale/7022349635.html,,2019-11-18,US,2019-11-21
2015 Newmar Ventana, Nov 18, &excats=134-40&min_price=200000&max_price=1000000, North Carolina, Boone, For Sale-Wanted, RVs, https://boone.craigslist.org/rvs/d/okeechobee-2015-newmar-ventana/7022355288.html,,2019-11-18,US,2019-11-21
2018 Pursuit 385 Offshore, Nov 18, &excats=134-40&min_price=200000&max_price=1000000, Louisiana, New Orleans, For Sale-Wanted, Boat Parts, https://neworleans.craigslist.org/boa/d/destin-2018-pursuit-385-offshore/7007139049.html,,2019-11-18,US,2019-11-21
Custom Houseboat by Lakeview *16x88*4br/2-ba*LOADED!!!, Nov 18, &excats=134-40&min_price=200000&max_price=1000000, Oklahoma, Oklahoma City, For Sale-Wanted, Boat Parts, https://oklahomacity.craigslist.org/boa/d/royal-custom-houseboat-by-lakeview/7004410193.html,,2019-11-18,US,2019-11-21
Lakeview Custom Houseboat  88&#39;x16 Widebody 4/Br2/Ba Large Kitchen, Nov 18, &excats=134-40&min_price=200000&max_price=1000000, Oklahoma, Texoma, For Sale-Wanted, Boat Parts, https://texoma.craigslist.org/boa/d/royal-lakeview-custom-houseboat-88x16/7004410338.html,,2019-11-18,US,2019-11-21
2014 NEWMAR ESSEX, Nov 18, &excats=134-40&min_price=200000&max_price=1000000, Oklahoma, Tulsa, For Sale-Wanted, RVs, https://tulsa.craigslist.org/rvs/d/broken-arrow-2014-newmar-essex/7022416759.html,,2019-11-18,US,2019-11-21
2010 Shelby mustang, Nov 18, &excats=134-40&min_price=200000&max_price=1000000, Oklahoma, Tulsa, For Sale-Wanted, Cars And Trucks, https://tulsa.craigslist.org/cto/d/broken-arrow-2010-shelby-mustang/7022256408.html,,2019-11-18,US,2019-11-21
WATER STORAGE BARRELS, Nov 18, &excats=134-40&min_price=200000&max_price=1000000, Idaho, Boise, For Sale-Wanted, Farm and Garden, https://boise.craigslist.org/grd/d/middleton-water-storage-barrels/7015847694.html,,2019-11-18,US,2019-11-21
Versa ID2014 Silage Bagger - 1980 hrs, Nov 18, &excats=134-40&min_price=200000&max_price=1000000, Idaho, Twin Falls, For Sale-Wanted, Farm and Garden, https://twinfalls.craigslist.org/grq/d/annabella-versa-id2014-silage-bagger-hrs/7022864772.html,,2019-11-18,US,2019-11-21
**NEW** 2019 Mil-Stak SP/3255 Big Bale Stacker Wagon - SELF PROPELLED, Nov 18, &excats=134-40&min_price=200000&max_price=1000000, Idaho, Twin Falls, For Sale-Wanted, Farm and Garden, https://twinfalls.craigslist.org/grq/d/new-2019-mil-stak-sp-3255-big-bale/7022862659.html,,2019-11-18,US,2019-11-21
Jersey Calves 4 to 14 weeks old, Nov 18, &excats=134-40&min_price=200000&max_price=1000000, Tennessee, Chattanooga, For Sale-Wanted, Farm and Garden, https://chattanooga.craigslist.org/grd/d/cleveland-jersey-calves-4-to-14-weeks/7016315495.html,,2019-11-18,US,2019-11-21
2019 TIGERCAT 610E SKIDDER, Nov 18, &excats=134-40&min_price=200000&max_price=1000000, Tennessee, Jackson, For Sale-Wanted, Heavy Equipment, https://jacksontn.craigslist.org/hvo/d/state-line-2019-tigercat-610e-skidder/7014788328.html,,2019-11-18,US,2019-11-21
Dream Farm House, Nov 18, &excats=134-40&min_price=200000&max_price=1000000, Tennessee, Knoxville, For Sale-Wanted, General, https://knoxville.craigslist.org/for/d/new-market-dream-farm-house/7022809059.html,,2019-11-18,US,2019-11-21
Galaxies S10 Iphone 6 7 imac  buyer, Nov 18, &excats=134-40&min_price=200000&max_price=1000000, Tennessee, Knoxville, For Sale-Wanted, Cell Phones, https://knoxville.craigslist.org/mob/d/gatlinburg-galaxies-s10-iphone-6-7-imac/7016161756.html,,2019-11-18,US,2019-11-21
Jersey Calves 4 to 14 weeks old, Nov 18, &excats=134-40&min_price=200000&max_price=1000000, Tennessee, Knoxville, For Sale-Wanted, Farm and Garden, https://knoxville.craigslist.org/grd/d/cleveland-jersey-calves-4-to-14-weeks/7017399896.html,,2019-11-18,US,2019-11-21
This is for you tater tot!, Nov 18, &excats=134-40&min_price=200000&max_price=1000000, Tennessee, Knoxville, For Sale-Wanted, General, https://knoxville.craigslist.org/for/d/luttrell-this-is-for-you-tater-tot/7022199415.html,,2019-11-18,US,2019-11-21
Heavy Industrial Property For Sale, Nov 18, &excats=134-40&min_price=200000&max_price=1000000, Tennessee, Memphis, For Sale-Wanted, General, https://memphis.craigslist.org/for/d/gallaway-heavy-industrial-property-for/7016793409.html,,2019-11-18,US,2019-11-21
fresh pine wreaths, Nov 18, &excats=134-40&min_price=200000&max_price=1000000, Tennessee, Nashville, For Sale-Wanted, General, https://nashville.craigslist.org/for/d/nashville-fresh-pine-wreaths/7022801008.html,,2019-11-18,US,2019-11-21
House for Sale, Nov 18, &excats=134-40&min_price=200000&max_price=1000000, Pennsylvania, Philadelphia, For Sale-Wanted, General, https://philadelphia.craigslist.org/for/d/philadelphia-house-for-sale/7017621882.html,,2019-11-18,US,2019-11-21
****Metal wanted****, Nov 18, &excats=134-40&min_price=200000&max_price=1000000, Pennsylvania, Philadelphia, For Sale-Wanted, Wanted, https://philadelphia.craigslist.org/wan/d/metal-wanted/7022247364.html,Want,2019-11-18,US,2019-11-21
WANTED : Tri-axles Tractor trailers & heavy duty trucks, Nov 18, &excats=134-40&min_price=200000&max_price=1000000, Pennsylvania, Pittsburgh, For Sale-Wanted, Heavy Equipment, https://pittsburgh.craigslist.org/hvd/d/wanted-tri-axles-tractor-trailers-heavy/7022264745.html,Want,2019-11-18,US,2019-11-21
CASH JUNK CARS ALL MONROE COUNTY PA REMOVAL SAME DAY, Nov 18, &excats=134-40&min_price=200000&max_price=1000000, Pennsylvania, Poconos, For Sale-Wanted, Cars And Trucks, https://poconos.craigslist.org/cto/d/east-stroudsburg-cash-junk-cars-all/7022319814.html,,2019-11-18,US,2019-11-21
** I BUY iPHONE 11 PRO X XR XS MAX 8 8 PLUS iPAD MAC $$ NEW or USED $$, Nov 18, &excats=134-40&min_price=200000&max_price=1000000, Texas, Austin, For Sale-Wanted, Wanted, https://austin.craigslist.org/wad/d/austin-buy-iphone-11-pro-xr-xs-max-8-8/7022644480.html,,2019-11-18,US,2019-11-21
** I BUY iPHONE 11 PRO X XR XS MAX 8 8 PLUS iPAD MAC $$ NEW or USED $$, Nov 18, &excats=134-40&min_price=200000&max_price=1000000, Texas, Austin, For Sale-Wanted, Wanted, https://austin.craigslist.org/wad/d/austin-buy-iphone-11-pro-xr-xs-max-8-8/7022294572.html,,2019-11-18,US,2019-11-21
2 commercial lots with house, Nov 18, &excats=134-40&min_price=200000&max_price=1000000, Texas, Corpus Christi, For Sale-Wanted, General, https://corpuschristi.craigslist.org/for/d/rockport-2-commercial-lots-with-house/7022366911.html,,2019-11-18,US,2019-11-21
2018 FERRARI 488 SPYDER, Nov 18, &excats=134-40&min_price=200000&max_price=1000000, Texas, Houston, For Sale-Wanted, Cars And Trucks, https://houston.craigslist.org/cto/d/houston-2018-ferrari-488-spyder/7022437981.html,,2019-11-18,US,2019-11-21
house/Dixie Drive/4 lane, Nov 18, &excats=134-40&min_price=200000&max_price=1000000, Texas, Houston, For Sale-Wanted, General, https://houston.craigslist.org/for/d/houston-house-dixie-drive-4-lane/7022408550.html,,2019-11-18,US,2019-11-21
Okuma MacTurn 550w CNC*****price reduced, Nov 18, &excats=134-40&min_price=200000&max_price=1000000, Texas, Houston, For Sale-Wanted, General, https://houston.craigslist.org/for/d/houston-okuma-macturn-550w-cncprice/7013258846.html,,2019-11-18,US,2019-11-21
60 acres for sale menard/el dorado, Nov 18, &excats=134-40&min_price=200000&max_price=1000000, Texas, San Angelo, For Sale-Wanted, General, https://sanangelo.craigslist.org/for/d/fort-mc-kavett-60-acres-for-sale-menard/7019259418.html,,2019-11-18,US,2019-11-21
house on two acres, Nov 18, &excats=134-40&min_price=200000&max_price=1000000, Texas, San Angelo, For Sale-Wanted, General, https://sanangelo.craigslist.org/for/d/san-angelo-house-on-two-acres/7022322703.html,,2019-11-18,US,2019-11-21
Lakeview Custom Houseboat  88&#39;x16 Widebody 4/Br2/Ba Large Kitchen, Nov 18, &excats=134-40&min_price=200000&max_price=1000000, Texas, Texoma, For Sale-Wanted, Boat Parts, https://texoma.craigslist.org/boa/d/royal-lakeview-custom-houseboat-88x16/7004410338.html,,2019-11-18,US,2019-11-21
MSI GT70 gt60 15.6 17.3 Gaming Laptop, Nov 18, &excats=134-40&min_price=200000&max_price=1000000, Missouri, Joplin, For Sale-Wanted, Computers, https://joplin.craigslist.org/sys/d/monett-msi-gt70-gt-gaming-laptop/7010532726.html,,2019-11-18,US,2019-11-21
1963 Porsche 356 Original Collectible, Nov 18, &excats=134-40&min_price=200000&max_price=1000000, Missouri, Kansas City, For Sale-Wanted, Collectibles, https://kansascity.craigslist.org/clt/d/abell-1963-porsche-356-original/7022523090.html,,2019-11-18,US,2019-11-21
1963 Porsche 356 Original Condition, Nov 18, &excats=134-40&min_price=200000&max_price=1000000, Missouri, Kansas City, For Sale-Wanted, Collectibles, https://kansascity.craigslist.org/clt/d/abell-1963-porsche-356-original/7022516194.html,,2019-11-18,US,2019-11-21
Looking for vintage/older unopened bottles of bourbon rum tequila, Nov 18, &excats=134-40&min_price=200000&max_price=1000000, Missouri, Kansas City, For Sale-Wanted, General, https://kansascity.craigslist.org/for/d/mission-looking-for-vintage-older/7003941243.html,Want,2019-11-18,US,2019-11-21
MSI GT70 gt60 15.6 17.3 Gaming Laptop, Nov 18, &excats=134-40&min_price=200000&max_price=1000000, Missouri, Springfield, For Sale-Wanted, Computers, https://springfield.craigslist.org/sys/d/monett-msi-gt70-gt-gaming-laptop/7021253883.html,,2019-11-18,US,2019-11-21
I buy gold and silver, Nov 18, &excats=134-40&min_price=200000&max_price=1000000, Missouri, Springfield, For Sale-Wanted, Wanted, https://springfield.craigslist.org/wan/d/ozark-buy-gold-and-silver/7008882155.html,,2019-11-18,US,2019-11-21
i buy coins and stamps gold and silver, Nov 18, &excats=134-40&min_price=200000&max_price=1000000, Missouri, Springfield, For Sale-Wanted, Wanted, https://springfield.craigslist.org/wan/d/ozark-buy-coins-and-stamps-gold-and/7008881529.html,,2019-11-18,US,2019-11-21
Vinery &quot;Potential&quot;, Nov 18, &excats=134-40&min_price=200000&max_price=1000000, District of Columbia, Washington, For Sale-Wanted, Farm and Garden, https://washingtondc.craigslist.org/nva/grd/d/mount-jackson-vinery-potential/7019172268.html,,2019-11-18,US,2019-11-21
Cuando todas las luces se ponen bajas, Nov 18, &excats=134-40&min_price=200000&max_price=1000000, District of Columbia, Washington, For Sale-Wanted, Cell Phones, https://washingtondc.craigslist.org/doc/mob/d/washington-cuando-todas-las-luces-se/7022752168.html,,2019-11-18,US,2019-11-21
The audience aborts over the ace. The restaurant resides in its crew o, Nov 18, &excats=134-40&min_price=200000&max_price=1000000, District of Columbia, Washington, For Sale-Wanted, Cell Phones, https://washingtondc.craigslist.org/doc/mob/d/washington-the-audience-aborts-over-the/7017529324.html,,2019-11-18,US,2019-11-21
de El Argar durante un perodo avanzado, Nov 18, &excats=134-40&min_price=200000&max_price=1000000, District of Columbia, Washington, For Sale-Wanted, Cell Phones, https://washingtondc.craigslist.org/doc/mob/d/washington-de-el-argar-durante-un/7022719417.html,,2019-11-18,US,2019-11-21
fact a separate life-form, Nov 18, &excats=134-40&min_price=200000&max_price=1000000, District of Columbia, Washington, For Sale-Wanted, Cell Phones, https://washingtondc.craigslist.org/nva/mob/d/springfield-fact-separate-life-form/7022636649.html,,2019-11-18,US,2019-11-21
made up of stones stacked atop one, Nov 18, &excats=134-40&min_price=200000&max_price=1000000, District of Columbia, Washington, For Sale-Wanted, Cell Phones, https://washingtondc.craigslist.org/nva/mob/d/springfield-made-up-of-stones-stacked/7022622522.html,,2019-11-18,US,2019-11-21
Farmette for sale, Nov 18, &excats=134-40&min_price=200000&max_price=1000000, Illinois, Chicago, For Sale-Wanted, Farm and Garden, https://chicago.craigslist.org/chc/grd/d/fox-river-grove-farmette-for-sale/7022588931.html,,2019-11-18,US,2019-11-21
House Garfield Ridge, Nov 18, &excats=134-40&min_price=200000&max_price=1000000, Illinois, Chicago, For Sale-Wanted, General, https://chicago.craigslist.org/chc/for/d/chicago-house-garfield-ridge/7022372661.html,,2019-11-18,US,2019-11-21
HOUSE BOAT 67&#39; PLUCKEBAUM BAYMASTER COASTAL CRUISER -, Nov 18, &excats=134-40&min_price=200000&max_price=1000000, Illinois, Chicago, For Sale-Wanted, Boat Parts, https://chicago.craigslist.org/sox/boa/d/house-boat-67-pluckebaum-baymaster/7015906962.html,,2019-11-18,US,2019-11-21
LOOKING FOR JACK DANIELS BOTTLES / DISPLAYS / TINS / ECT., Nov 18, &excats=134-40&min_price=200000&max_price=1000000, Illinois, Chicago, For Sale-Wanted, Wanted, https://chicago.craigslist.org/sox/wan/d/oak-forest-looking-for-jack-daniels/7018424478.html,Want,2019-11-18,US,2019-11-21
2019 TIGERCAT 610E SKIDDER, Nov 18, &excats=134-40&min_price=200000&max_price=1000000, Mississippi, Hattiesburg, For Sale-Wanted, Heavy Equipment, https://hattiesburg.craigslist.org/hvo/d/state-line-2019-tigercat-610e-skidder/7014783640.html,,2019-11-18,US,2019-11-21
Riverfront Property-36 acres/1500 ft shoreline(both sides), Nov 18, &excats=134-40&min_price=200000&max_price=1000000, Oregon, Portland, For Sale-Wanted, General, https://portland.craigslist.org/clk/for/d/riverfront-property-36-acres-1500-ft/7022895442.html,,2019-11-18,US,2019-11-21
Hewes Craft 29&#39; Adventure, Nov 18, &excats=134-40&min_price=200000&max_price=1000000, Oregon, Portland, For Sale-Wanted, Boat Parts by Dealer, https://portland.craigslist.org/mlt/bod/d/fairview-hewes-craft-29-adventure/7022866058.html,,2019-11-18,US,2019-11-21
Buying excavator  dozers  log loaders any type of heavy equipment, Nov 18, &excats=134-40&min_price=200000&max_price=1000000, Oregon, Portland, For Sale-Wanted, Wanted, https://portland.craigslist.org/clc/wan/d/oregon-city-buying-excavator-dozers-log/7022693354.html,,2019-11-18,US,2019-11-21
Caterpiller 637E twin engine scrapers, Nov 18, &excats=134-40&min_price=200000&max_price=1000000, Oregon, Portland, For Sale-Wanted, Heavy Equipment, https://portland.craigslist.org/wsc/hvo/d/portland-caterpiller-637e-twin-engine/7018232502.html,,2019-11-18,US,2019-11-21
2014 NAIAD 37&#39; RHIIB, Nov 18, &excats=134-40&min_price=200000&max_price=1000000, Oregon, Portland, For Sale-Wanted, Boat Parts, https://portland.craigslist.org/mlt/boa/d/wasilla-2014-naiad-37-rhiib/7022536383.html,,2019-11-18,US,2019-11-21
2014 NAIAD 37&#39; RHIIB, Nov 18, &excats=134-40&min_price=200000&max_price=1000000, Oregon, Portland, For Sale-Wanted, Boat Parts, https://portland.craigslist.org/mlt/boa/d/wasilla-2014-naiad-37-rhiib/7022535618.html,,2019-11-18,US,2019-11-21
TOP PRICES PAID for ROLEX and other FINE WATCHES, Nov 18, &excats=134-40&min_price=200000&max_price=1000000, Oregon, Portland, For Sale-Wanted, Jewelry, https://portland.craigslist.org/mlt/jwl/d/portland-top-prices-paid-for-rolex-and/7014786591.html,,2019-11-18,US,2019-11-21
NEW 2019 Jeanneau NC 37 **20% dn x $2151 mo** VOLVO PENTA**WARRANTY**, Nov 18, &excats=134-40&min_price=200000&max_price=1000000, Oregon, Portland, For Sale-Wanted, Boat Parts by Dealer, https://portland.craigslist.org/mlt/bod/d/portland-new-2019-jeanneau-nc-dn-2151/7022475658.html,,2019-11-18,US,2019-11-21
NEW 2019 Prestige 460 FlyBridge * 20% don x $4846 mo * IPS PODS *, Nov 18, &excats=134-40&min_price=200000&max_price=1000000, Oregon, Portland, For Sale-Wanted, Boat Parts by Dealer, https://portland.craigslist.org/mlt/bod/d/portland-new-2019-prestige-460/7022472720.html,,2019-11-18,US,2019-11-21
Beautiful 5 acre lots/Washougal, Nov 18, &excats=134-40&min_price=200000&max_price=1000000, Oregon, Portland, For Sale-Wanted, General, https://portland.craigslist.org/clk/for/d/washougal-beautiful-5-acre-lots/7022428484.html,,2019-11-18,US,2019-11-21
Beautiful 5 acre lots/Washougal, Nov 18, &excats=134-40&min_price=200000&max_price=1000000, Oregon, Portland, For Sale-Wanted, General, https://portland.craigslist.org/clk/for/d/washougal-beautiful-5-acre-lots/7022428738.html,,2019-11-18,US,2019-11-21
Suzuki SX4 Transmission and Engine Parts 2007- 2009, Nov 18, &excats=134-40&min_price=200000&max_price=1000000, Oregon, Portland, For Sale-Wanted, Auto Parts by Owner, https://portland.craigslist.org/nco/pts/d/warrenton-suzuki-sx4-transmission-and/7022288091.html,,2019-11-18,US,2019-11-21
Pasture for rent! Possibly?! Horses/Goats/Llamas Appx. 12 acres, Nov 18, &excats=134-40&min_price=200000&max_price=1000000, Oregon, Roseburg, For Sale-Wanted, Farm and Garden, https://roseburg.craigslist.org/grd/d/roseburg-pasture-for-rent-possibly/7015636787.html,,2019-11-18,US,2019-11-21
House for sale, Nov 18, &excats=134-40&min_price=200000&max_price=1000000, New York, Hudson Valley, For Sale-Wanted, General, https://hudsonvalley.craigslist.org/for/d/wappingers-falls-house-for-sale/7022722691.html,,2019-11-18,US,2019-11-21
42 private beautiful acres, Nov 18, &excats=134-40&min_price=200000&max_price=1000000, New York, Hudson Valley, For Sale-Wanted, General, https://hudsonvalley.craigslist.org/for/d/new-paltz-42-private-beautiful-acres/7012739633.html,,2019-11-18,US,2019-11-21
YACHT CLUB AREA /Vacant Waterfront Lot- Cape Coral FL, Nov 18, &excats=134-40&min_price=200000&max_price=1000000, New York, Long Island, For Sale-Wanted, Wanted, https://longisland.craigslist.org/wan/d/cape-coral-yacht-club-area-vacant/7007084286.html,,2019-11-18,US,2019-11-21
2019 StanCraft 36&#39; Hammerhead, Nov 18, &excats=134-40&min_price=200000&max_price=1000000, New York, Long Island, For Sale-Wanted, Boat Parts, https://longisland.craigslist.org/boa/d/coeur-alene-2019-stancraft-36-hammerhead/7016368323.html,,2019-11-18,US,2019-11-21
Looking for GI Joe and G.I. Joe items from 1982 to 1994, Nov 18, &excats=134-40&min_price=200000&max_price=1000000, New Jersey, South Jersey, For Sale-Wanted, Wanted, https://southjersey.craigslist.org/wan/d/looking-for-gi-joe-and-gi-joe-items/7008537856.html,Want,2019-11-18,US,2019-11-21
Lakefront home beaver dam wi., Nov 18, &excats=134-40&min_price=200000&max_price=1000000, Wisconsin, Madison, For Sale-Wanted, General, https://madison.craigslist.org/for/d/fox-lake-lakefront-home-beaver-dam-wi/7022730087.html,,2019-11-18,US,2019-11-21
Cash Real Estate Investments, Nov 18, &excats=134-40&min_price=200000&max_price=1000000, Wisconsin, Madison, For Sale-Wanted, Wanted, https://madison.craigslist.org/wan/d/madison-cash-real-estate-investments/7021324980.html,,2019-11-18,US,2019-11-21
2013 StanCraft 360 Rivelle, Nov 18, &excats=134-40&min_price=200000&max_price=1000000, Wisconsin, Milwaukee, For Sale-Wanted, Boat Parts, https://milwaukee.craigslist.org/boa/d/coeur-alene-2013-stancraft-360-rivelle/7014463122.html,,2019-11-18,US,2019-11-21
Edgar Feed Mill & Grain Site, Nov 18, &excats=134-40&min_price=200000&max_price=1000000, Wisconsin, Wausau, For Sale-Wanted, General, https://wausau.craigslist.org/for/d/edgar-edgar-feed-mill-grain-site/7020846297.html,,2019-11-18,US,2019-11-21
Claas Lexion 750, Nov 18, &excats=134-40&min_price=200000&max_price=1000000, California, Chico, For Sale-Wanted, Heavy Equipment, https://chico.craigslist.org/hvo/d/richvale-claas-lexion-750/7022570427.html,,2019-11-18,US,2019-11-21
2015 Coachman Chaparrel Lite 279bhs, Nov 18, &excats=134-40&min_price=200000&max_price=1000000, California, Gold Country, For Sale-Wanted, RVs, https://goldcountry.craigslist.org/rvs/d/cedar-ridge-2015-coachman-chaparrel/7022780723.html,,2019-11-18,US,2019-11-21
150 acre working cattle farm in Southeast Missouri, Nov 18, &excats=134-40&min_price=200000&max_price=1000000, California, Los Angeles, For Sale-Wanted, Farm and Garden, https://losangeles.craigslist.org/lgb/grd/d/ellington-150-acre-working-cattle-farm/7005791191.html,,2019-11-18,US,2019-11-21
150 acre working cattle farm in Southeast Missouri, Nov 18, &excats=134-40&min_price=200000&max_price=1000000, California, Los Angeles, For Sale-Wanted, Farm and Garden, https://losangeles.craigslist.org/lgb/grd/d/ellington-150-acre-working-cattle-farm/7005790633.html,,2019-11-18,US,2019-11-21
Forklift Buyers $$ Cash $ Trucks  heavy equipment buyer, Nov 18, &excats=134-40&min_price=200000&max_price=1000000, California, Los Angeles, For Sale-Wanted, Wanted, https://losangeles.craigslist.org/sgv/wan/d/beverly-hills-forklift-buyers-cash/7015477059.html,,2019-11-18,US,2019-11-21
2013 StanCraft 360 Rivelle, Nov 18, &excats=134-40&min_price=200000&max_price=1000000, California, Los Angeles, For Sale-Wanted, Boat Parts, https://losangeles.craigslist.org/lgb/boa/d/coeur-alene-2013-stancraft-360-rivelle/7016215399.html,,2019-11-18,US,2019-11-21
2019 StanCraft 36&#39; Hammerhead, Nov 18, &excats=134-40&min_price=200000&max_price=1000000, California, Los Angeles, For Sale-Wanted, Boat Parts, https://losangeles.craigslist.org/lgb/boa/d/coeur-alene-2019-stancraft-36-hammerhead/7016350224.html,,2019-11-18,US,2019-11-21
Chemtech KD-30, Nov 18, &excats=134-40&min_price=200000&max_price=1000000, California, Los Angeles, For Sale-Wanted, Heavy Equipment, https://losangeles.craigslist.org/lac/hvo/d/mammoth-lakes-chemtech-kd-30/7022691375.html,,2019-11-18,US,2019-11-21
80 acres fee simple raw land for sale by owner, Nov 18, &excats=134-40&min_price=200000&max_price=1000000, California, Los Angeles, For Sale-Wanted, Farm and Garden, https://losangeles.craigslist.org/ant/grd/d/barstow-80-acres-fee-simple-raw-land/7022651809.html,,2019-11-18,US,2019-11-21
51&#39;Brazapi Luxury Catamaran &quot;Leilani&quot;, Nov 18, &excats=134-40&min_price=200000&max_price=1000000, California, Los Angeles, For Sale-Wanted, Boat Parts, https://losangeles.craigslist.org/lgb/boa/d/honolulu-51brazapi-luxury-catamaran/7022622698.html,,2019-11-18,US,2019-11-21
Forklift Buyers $$ Cash $ Trucks  heavy equipment buyer, Nov 18, &excats=134-40&min_price=200000&max_price=1000000, California, Los Angeles, For Sale-Wanted, Wanted, https://losangeles.craigslist.org/sgv/wan/d/beverly-hills-forklift-buyers-cash/7007467670.html,,2019-11-18,US,2019-11-21
we buy Forklifts $$ Cash $ Trucks  heavy equipment buyer, Nov 18, &excats=134-40&min_price=200000&max_price=1000000, California, Los Angeles, For Sale-Wanted, Wanted, https://losangeles.craigslist.org/lac/wan/d/beverly-hills-we-buy-forklifts-cash/7010823626.html,,2019-11-18,US,2019-11-21
Crew Boat, Nov 18, &excats=134-40&min_price=200000&max_price=1000000, California, Los Angeles, For Sale-Wanted, Boat Parts, https://losangeles.craigslist.org/lgb/boa/d/san-pedro-crew-boat/7013397984.html,,2019-11-18,US,2019-11-21
Ranch with custom home, Nov 18, &excats=134-40&min_price=200000&max_price=1000000, California, Los Angeles, For Sale-Wanted, General, https://losangeles.craigslist.org/sfv/for/d/moreno-valley-ranch-with-custom-home/7022366643.html,,2019-11-18,US,2019-11-21
I Buy Pawn Tickets $5000 -$500000, Nov 18, &excats=134-40&min_price=200000&max_price=1000000, California, Los Angeles, For Sale-Wanted, Wanted, https://losangeles.craigslist.org/wst/wan/d/west-hollywood-buy-pawn-tickets/7014654050.html,,2019-11-18,US,2019-11-21
Marucci cat 8 2019 2020 models, Nov 18, &excats=134-40&min_price=200000&max_price=1000000, California, Los Angeles, For Sale-Wanted, Sporting Goods, https://losangeles.craigslist.org/lac/spo/d/los-angeles-marucci-cat-models/7014093791.html,,2019-11-18,US,2019-11-21
Baseball/softball pro gloves WILSON a2000, Nov 18, &excats=134-40&min_price=200000&max_price=1000000, California, Los Angeles, For Sale-Wanted, Sporting Goods, https://losangeles.craigslist.org/lac/spo/d/los-angeles-baseball-softball-pro/7004544088.html,,2019-11-18,US,2019-11-21
Versa ID2014 Silage Bagger - 1980 hrs, Nov 18, &excats=134-40&min_price=200000&max_price=1000000, California, Merced, For Sale-Wanted, Farm and Garden, https://merced.craigslist.org/grq/d/annabella-versa-id2014-silage-bagger-hrs/7022864871.html,,2019-11-18,US,2019-11-21
2007 Thoroughbred Houseboat, Nov 18, &excats=134-40&min_price=200000&max_price=1000000, California, Redding, For Sale-Wanted, Boat Parts, https://redding.craigslist.org/boa/d/redding-2007-thoroughbred-houseboat/7019401515.html,,2019-11-18,US,2019-11-21
150 acre cattle farm- Southeast Missouri, Nov 18, &excats=134-40&min_price=200000&max_price=1000000, California, Sacramento, For Sale-Wanted, Farm and Garden, https://sacramento.craigslist.org/grd/d/ellington-150-acre-cattle-farm/7005789082.html,,2019-11-18,US,2019-11-21
2017 Entegra Coach Anthem 42RBQ, Nov 18, &excats=134-40&min_price=200000&max_price=1000000, California, Sacramento, For Sale-Wanted, RVs, https://sacramento.craigslist.org/rvs/d/orange-2017-entegra-coach-anthem-42rbq/7022801961.html,,2019-11-18,US,2019-11-21
Metal Fab equipment, Nov 18, &excats=134-40&min_price=200000&max_price=1000000, California, Sacramento, For Sale-Wanted, Tools, https://sfbay.craigslist.org/pen/tls/d/west-sacramento-metal-fab-equipment/7020915671.html,,2019-11-18,US,2019-11-21
Buying vintage & new toys - Hot Wheels - Matchbox - Redlines, Nov 18, &excats=134-40&min_price=200000&max_price=1000000, California, San Diego, For Sale-Wanted, Wanted, https://sandiego.craigslist.org/csd/wan/d/san-diego-buying-vintage-new-toys-hot/7022820325.html,,2019-11-18,US,2019-11-21
Sell Your House In 7 days!!!, Nov 18, &excats=134-40&min_price=200000&max_price=1000000, California, San Diego, For Sale-Wanted, Wanted, https://sandiego.craigslist.org/nsd/wan/d/escondido-sell-your-house-in-7-days/7004778431.html,,2019-11-18,US,2019-11-21
Sell Your House In 7 days!!!, Nov 18, &excats=134-40&min_price=200000&max_price=1000000, California, San Diego, For Sale-Wanted, Wanted, https://sandiego.craigslist.org/nsd/wan/d/escondido-sell-your-house-in-7-days/7008402917.html,,2019-11-18,US,2019-11-21
31? BOSTON WHALER 315 CONQUEST 2013 - LOADED AND PRISTINE CONDITION!, Nov 18, &excats=134-40&min_price=200000&max_price=1000000, California, San Diego, For Sale-Wanted, Boat Parts, https://sandiego.craigslist.org/csd/boa/d/san-diego-31-boston-whaler-315-conquest/7022744229.html,,2019-11-18,US,2019-11-21
LEILANI - 51&#39; custom Catamaran, Nov 18, &excats=134-40&min_price=200000&max_price=1000000, California, San Diego, For Sale-Wanted, Boat Parts, https://sandiego.craigslist.org/csd/boa/d/honolulu-leilani-51-custom-catamaran/7022622426.html,,2019-11-18,US,2019-11-21
2017 Ferrari 488 GTB, Nov 18, &excats=134-40&min_price=200000&max_price=1000000, California, San Diego, For Sale-Wanted, Cars And by Dealer, https://sandiego.craigslist.org/nsd/ctd/d/del-mar-2017-ferrari-488-gtb/7022576373.html,,2019-11-18,US,2019-11-21
2017 Ferrari 488 Spider, Nov 18, &excats=134-40&min_price=200000&max_price=1000000, California, San Diego, For Sale-Wanted, Cars And by Dealer, https://sandiego.craigslist.org/nsd/ctd/d/del-mar-2017-ferrari-488-spider/7022570945.html,,2019-11-18,US,2019-11-21
20 acres on Lyons Peak, Nov 18, &excats=134-40&min_price=200000&max_price=1000000, California, San Diego, For Sale-Wanted, General, https://sandiego.craigslist.org/esd/for/d/20-acres-on-lyons-peak/7022559816.html,,2019-11-18,US,2019-11-21
20 acres on Lyons Peak, Nov 18, &excats=134-40&min_price=200000&max_price=1000000, California, San Diego, For Sale-Wanted, General, https://sandiego.craigslist.org/esd/for/d/20-acres-on-lyons-peak/7022556735.html,,2019-11-18,US,2019-11-21
2000 Sea Ray 3196, Nov 18, &excats=134-40&min_price=200000&max_price=1000000, California, San Diego, For Sale-Wanted, Boat Parts, https://sandiego.craigslist.org/ssd/boa/d/san-pedro-2000-sea-ray-3196/7022487702.html,,2019-11-18,US,2019-11-21
Santa Barbara Dream House, Nov 18, &excats=134-40&min_price=200000&max_price=1000000, California, Santa Barbara, For Sale-Wanted, General, https://santabarbara.craigslist.org/for/d/fillmore-santa-barbara-dream-house/7022466868.html,,2019-11-18,US,2019-11-21
Buying silver coins 4 cash., Nov 18, &excats=134-40&min_price=200000&max_price=1000000, California, Santa Maria, For Sale-Wanted, General, https://santamaria.craigslist.org/for/d/los-alamos-buying-silver-coins-4-cash/7019658374.html,,2019-11-18,US,2019-11-21
I buy both silver and gold coins., Nov 18, &excats=134-40&min_price=200000&max_price=1000000, California, Santa Maria, For Sale-Wanted, Wanted, https://santamaria.craigslist.org/wan/d/santa-maria-buy-both-silver-and-gold/7010019840.html,,2019-11-18,US,2019-11-21
Estate Jewelry Buyer, Nov 18, &excats=134-40&min_price=200000&max_price=1000000, California, Santa Maria, For Sale-Wanted, Jewelry, https://santamaria.craigslist.org/jwl/d/los-alamos-estate-jewelry-buyer/7022315569.html,,2019-11-18,US,2019-11-21
Silver & Gold / Coins & Jewelry / 805-878-245six, Nov 18, &excats=134-40&min_price=200000&max_price=1000000, California, Santa Maria, For Sale-Wanted, Collectibles, https://santamaria.craigslist.org/clt/d/silver-gold-coins-jewelry-six/7022301389.html,,2019-11-18,US,2019-11-21
64 Acres for sale in NE Arkansas, Nov 17, &excats=134-40&min_price=200000&max_price=1000000, Indiana, Indianapolis, For Sale-Wanted, Farm and Garden, https://indianapolis.craigslist.org/grd/d/batesville-64-acres-for-sale-in-ne/7021909124.html,,2019-11-17,US,2019-11-21
Vermont Modern Farmhouse for sale, Nov 17, &excats=134-40&min_price=200000&max_price=1000000, Vermont, Vermont, For Sale-Wanted, General, https://vermont.craigslist.org/for/d/rupert-vermont-modern-farmhouse-for-sale/7002744474.html,,2019-11-17,US,2019-11-21
Newberry- Old Hailes Truck Stop on 6.5  commercial acres, Nov 17, &excats=134-40&min_price=200000&max_price=1000000, South Carolina, Columbia, For Sale-Wanted, General, https://columbia.craigslist.org/for/d/newberry-newberry-old-hailes-truck-stop/7012893154.html,,2019-11-17,US,2019-11-21
domain name SignRemotely.com, Nov 17, &excats=134-40&min_price=200000&max_price=1000000, Massachusetts, Boston, For Sale-Wanted, Electronics, https://boston.craigslist.org/gbs/ele/d/boston-domain-name-signremotelycom/7011385867.html,,2019-11-17,US,2019-11-21
WANTED Commercial Cleaning Equipment, Nov 17, &excats=134-40&min_price=200000&max_price=1000000, Massachusetts, Boston, For Sale-Wanted, Wanted, https://boston.craigslist.org/sob/wan/d/attleboro-wanted-commercial-cleaning/7010944095.html,Want,2019-11-17,US,2019-11-21
ENTIRE INVENTORY OF SPORTS CARDS STORE FOR SALE, Nov 17, &excats=134-40&min_price=200000&max_price=1000000, Massachusetts, Boston, For Sale-Wanted, Collectibles, https://boston.craigslist.org/nwb/clt/d/quincy-entire-inventory-of-sports-cards/7015137415.html,,2019-11-17,US,2019-11-21
64 Acres for sale in NE Arkansas, Nov 17, &excats=134-40&min_price=200000&max_price=1000000, Arkansas, Little Rock, For Sale-Wanted, Farm and Garden, https://littlerock.craigslist.org/grd/d/batesville-64-acres-for-sale-in-ne/7021888318.html,,2019-11-17,US,2019-11-21
1990 Corvette, Nov 17, &excats=134-40&min_price=200000&max_price=1000000, Arizona, Phoenix, For Sale-Wanted, Cars And Trucks, https://phoenix.craigslist.org/evl/cto/d/gilbert-1990-corvette/7022211475.html,,2019-11-17,US,2019-11-21
2017 Fleetwood American Dream, Nov 17, &excats=134-40&min_price=200000&max_price=1000000, Arizona, Phoenix, For Sale-Wanted, RVs, https://phoenix.craigslist.org/wvl/rvs/d/goodyear-2017-fleetwood-american-dream/7022019204.html,,2019-11-17,US,2019-11-21
Solid Cherry filing cabinets, Nov 17, &excats=134-40&min_price=200000&max_price=1000000, Arizona, Phoenix, For Sale-Wanted, Furniture, https://phoenix.craigslist.org/nph/fuo/d/phoenix-solid-cherry-filing-cabinets/7021871257.html,,2019-11-17,US,2019-11-21
NEWMAR CLEARANCE, Nov 17, &excats=134-40&min_price=200000&max_price=1000000, Arizona, Phoenix, For Sale-Wanted, RVs, https://phoenix.craigslist.org/cph/rvd/d/tucson-newmar-clearance/7021720729.html,,2019-11-17,US,2019-11-21
Misc. Items..., Nov 17, &excats=134-40&min_price=200000&max_price=1000000, Arizona, Tucson, For Sale-Wanted, General, https://tucson.craigslist.org/for/d/tucson-misc-items/7021988320.html,,2019-11-17,US,2019-11-21
NEWMAR CLEARANCE, Nov 17, &excats=134-40&min_price=200000&max_price=1000000, Arizona, Tucson, For Sale-Wanted, RVs, https://phoenix.craigslist.org/cph/rvd/d/tucson-newmar-clearance/7021720729.html,,2019-11-17,US,2019-11-21
Barbies in the Back Room!!!, Nov 17, &excats=134-40&min_price=200000&max_price=1000000, Nevada, Las Vegas, For Sale-Wanted, Collectibles, https://lasvegas.craigslist.org/clt/d/las-vegas-barbies-in-the-back-room/7019909935.html,,2019-11-17,US,2019-11-21
Hard to Find Records Lps ROCK Pop & HAIR METAL!!! 1400 S Main, Nov 17, &excats=134-40&min_price=200000&max_price=1000000, Nevada, Las Vegas, For Sale-Wanted, CDs DVDs, https://lasvegas.craigslist.org/emd/d/las-vegas-hard-to-find-records-lps-rock/7022161287.html,Want,2019-11-17,US,2019-11-21
Hard to Find Records Lps ROCK Pop & HAIR METAL!!! 1126 S Main, Nov 17, &excats=134-40&min_price=200000&max_price=1000000, Nevada, Las Vegas, For Sale-Wanted, CDs DVDs, https://lasvegas.craigslist.org/emd/d/las-vegas-hard-to-find-records-lps-rock/7021895108.html,Want,2019-11-17,US,2019-11-21
2 Large Ocean Fish Mahi Mahi, Nov 17, &excats=134-40&min_price=200000&max_price=1000000, Nevada, Las Vegas, For Sale-Wanted, Collectibles, https://lasvegas.craigslist.org/clt/d/las-vegas-2-large-ocean-fish-mahi-mahi/7017690836.html,,2019-11-17,US,2019-11-21
MAIN ST PEDDLERS HAS RECORDS! Grateful Dead and Pink Floyd THE WALL, Nov 17, &excats=134-40&min_price=200000&max_price=1000000, Nevada, Las Vegas, For Sale-Wanted, Collectibles, https://lasvegas.craigslist.org/clt/d/las-vegas-main-st-peddlers-has-records/7021895996.html,,2019-11-17,US,2019-11-21
NoWWW#w BuY!NG ALL MODEL iPHONES!!Feel Free to call/Txt  XX, Nov 17, &excats=134-40&min_price=200000&max_price=1000000, Nevada, Las Vegas, For Sale-Wanted, Cell Phones, https://lasvegas.craigslist.org/mob/d/las-vegas-nowwww-buyng-all-model/7021746637.html,,2019-11-17,US,2019-11-21
$$ GUITARS WANTED $$, Nov 17, &excats=134-40&min_price=200000&max_price=1000000, Nevada, Las Vegas, For Sale-Wanted, Wanted, https://lasvegas.craigslist.org/wan/d/las-vegas-guitars-wanted/7021769321.html,Want,2019-11-17,US,2019-11-21
I b(UY IPHONE X XS (MAX) 2 5 6GB GOOlS-9SELLiPAD, Nov 17, &excats=134-40&min_price=200000&max_price=1000000, Nevada, Las Vegas, For Sale-Wanted, Cell Phones, https://lasvegas.craigslist.org/mob/d/las-vegas-buy-iphone-xs-max-2-5-6gb/7021737093.html,,2019-11-17,US,2019-11-21
Looking for 35 to 38 downeast, Nov 17, &excats=134-40&min_price=200000&max_price=1000000, Delaware, Delaware, For Sale-Wanted, Boat Parts, https://delaware.craigslist.org/boa/d/greenland-looking-for-35-to-38-downeast/7022078228.html,Want,2019-11-17,US,2019-11-21
TERRY CREWS!! GAME WORN SAN DIEGO CHARGERS JERSEY, Nov 17, &excats=134-40&min_price=200000&max_price=1000000, Florida, Orlando, For Sale-Wanted, Collectibles, https://orlando.craigslist.org/clt/d/apopka-terry-crews-game-worn-san-diego/7019718170.html,,2019-11-17,US,2019-11-21
Cash For Gold- Call-Meet-Get Cash- I drive to you, Nov 17, &excats=134-40&min_price=200000&max_price=1000000, Florida, Orlando, For Sale-Wanted, Wanted, https://orlando.craigslist.org/wan/d/umatilla-cash-for-gold-call-meet-get/7013325509.html,,2019-11-17,US,2019-11-21
Wood Chipper Bandit 3090, Nov 17, &excats=134-40&min_price=200000&max_price=1000000, Virginia, Charlottesville, For Sale-Wanted, Heavy Equipment, https://charlottesville.craigslist.org/hvo/d/saint-albans-wood-chipper-bandit-3090/7014631454.html,,2019-11-17,US,2019-11-21
is this your last halloween haunt setup? i buy large halloween collect, Nov 17, &excats=134-40&min_price=200000&max_price=1000000, Virginia, Richmond, For Sale-Wanted, General, https://richmond.craigslist.org/for/d/richmond-is-this-your-last-halloween/7007744293.html,,2019-11-17,US,2019-11-21
seeking lego legos toys more no dealers please easy transaction cash, Nov 17, &excats=134-40&min_price=200000&max_price=1000000, Virginia, Richmond, For Sale-Wanted, General, https://richmond.craigslist.org/for/d/richmond-seeking-lego-legos-toys-more/7017527555.html,Want,2019-11-17,US,2019-11-21
Wood Chipper Bandit 3090, Nov 17, &excats=134-40&min_price=200000&max_price=1000000, Maine, Maine, For Sale-Wanted, Heavy Equipment, https://maine.craigslist.org/hvo/d/saint-albans-wood-chipper-bandit-3090/7021728126.html,,2019-11-17,US,2019-11-21
Like an Oyster, Nov 17, &excats=134-40&min_price=200000&max_price=1000000, Maryland, Annapolis, For Sale-Wanted, Boat Parts, https://annapolis.craigslist.org/boa/d/brunswick-like-an-oyster/7021843053.html,,2019-11-17,US,2019-11-21
FSBO 3bd 2 ba 1747sqft lot 10306sqft $259000, Nov 17, &excats=134-40&min_price=200000&max_price=1000000, New Mexico, Albuquerque, For Sale-Wanted, General, https://albuquerque.craigslist.org/for/d/albuquerque-fsbo-3bd-2-ba-1747sqft-lot/7021814372.html,,2019-11-17,US,2019-11-21
2018 Entegra Insignia, Nov 17, &excats=134-40&min_price=200000&max_price=1000000, Michigan, Grand Rapids, For Sale-Wanted, RVs, https://grandrapids.craigslist.org/rvs/d/mears-2018-entegra-insignia/7021722759.html,,2019-11-17,US,2019-11-21
WANTED HALLOWEEN  MONSTER  MUNSTERS ITEMS, Nov 17, &excats=134-40&min_price=200000&max_price=1000000, Ohio, Youngstown, For Sale-Wanted, Wanted, https://youngstown.craigslist.org/wan/d/warren-wanted-halloween-monster/7005790949.html,Want,2019-11-17,US,2019-11-21
WANTED OLD SODA GAS & OIL SIGNS, Nov 17, &excats=134-40&min_price=200000&max_price=1000000, Ohio, Youngstown, For Sale-Wanted, Wanted, https://youngstown.craigslist.org/wan/d/warren-wanted-old-soda-gas-oil-signs/7005784533.html,Want,2019-11-17,US,2019-11-21
MOVING SALE, Nov 17, &excats=134-40&min_price=200000&max_price=1000000, North Carolina, Charlotte, For Sale-Wanted, General, https://charlotte.craigslist.org/for/d/salisbury-moving-sale/7022106723.html,,2019-11-17,US,2019-11-21
TERRY CREWS!! GAME WORN SAN DIEGO CHARGERS JERSEY, Nov 17, &excats=134-40&min_price=200000&max_price=1000000, Louisiana, New Orleans, For Sale-Wanted, Collectibles, https://neworleans.craigslist.org/clt/d/gonzales-terry-crews-game-worn-san/7011918836.html,,2019-11-17,US,2019-11-21
39.5 acres in St Augusta, Nov 17, &excats=134-40&min_price=200000&max_price=1000000, Minnesota, St Cloud, For Sale-Wanted, Farm and Garden, https://stcloud.craigslist.org/grd/d/saint-cloud-395-acres-in-st-augusta/7021788110.html,,2019-11-17,US,2019-11-21
Machete M12D1 Sport subs, Nov 17, &excats=134-40&min_price=200000&max_price=1000000, Oklahoma, Oklahoma City, For Sale-Wanted, Electronics, https://oklahomacity.craigslist.org/ele/d/edmond-machete-m12d1-sport-subs/7022138548.html,,2019-11-17,US,2019-11-21
Trailer, Nov 17, &excats=134-40&min_price=200000&max_price=1000000, Oklahoma, Oklahoma City, For Sale-Wanted, Farm and Garden, https://oklahomacity.craigslist.org/grd/d/oklahoma-city-trailer/7006136696.html,,2019-11-17,US,2019-11-21
7.62 acre, Nov 17, &excats=134-40&min_price=200000&max_price=1000000, Oklahoma, Tulsa, For Sale-Wanted, Farm and Garden, https://tulsa.craigslist.org/grd/d/tulsa-762-acre/7022092238.html,,2019-11-17,US,2019-11-21
Land for sale, Nov 17, &excats=134-40&min_price=200000&max_price=1000000, Idaho, Twin Falls, For Sale-Wanted, Farm and Garden, https://twinfalls.craigslist.org/grd/d/hansen-land-for-sale/7021714866.html,,2019-11-17,US,2019-11-21
****Metal wanted****, Nov 17, &excats=134-40&min_price=200000&max_price=1000000, Pennsylvania, Philadelphia, For Sale-Wanted, Wanted, https://philadelphia.craigslist.org/wan/d/metal-wanted/7021878246.html,Want,2019-11-17,US,2019-11-21
Star Wars Collectible Card Game CCG SWCCG Decipher Death Star Hoth, Nov 17, &excats=134-40&min_price=200000&max_price=1000000, Pennsylvania, Philadelphia, For Sale-Wanted, Wanted, https://philadelphia.craigslist.org/wan/d/collegeville-star-wars-collectible-card/7010999463.html,,2019-11-17,US,2019-11-21
3 PT HAY FORKS AND SPEARS, Nov 17, &excats=134-40&min_price=200000&max_price=1000000, Texas, Austin, For Sale-Wanted, Farm and Garden, https://austin.craigslist.org/grd/d/rockdale-3-pt-hay-forks-and-spears/7016343653.html,,2019-11-17,US,2019-11-21
3 PT HAY FORKS AND SPEARS, Nov 17, &excats=134-40&min_price=200000&max_price=1000000, Texas, Austin, For Sale-Wanted, Farm and Garden, https://austin.craigslist.org/grd/d/3-pt-hay-forks-and-spears/7018939485.html,,2019-11-17,US,2019-11-21
** I BUY iPHONE 11 PRO X XR XS MAX 8 8 PLUS iPAD MAC $$ NEW or USED $$, Nov 17, &excats=134-40&min_price=200000&max_price=1000000, Texas, Austin, For Sale-Wanted, Wanted, https://austin.craigslist.org/wad/d/austin-buy-iphone-11-pro-xr-xs-max-8-8/7021705356.html,,2019-11-17,US,2019-11-21
2017 CP 690, Nov 17, &excats=134-40&min_price=200000&max_price=1000000, Texas, Houston, For Sale-Wanted, Farm and Garden, https://houston.craigslist.org/grd/d/placedo-2017-cp-690/7022144667.html,,2019-11-17,US,2019-11-21
1997 Ford F250 7.3L, Nov 17, &excats=134-40&min_price=200000&max_price=1000000, Texas, Houston, For Sale-Wanted, Cars And Trucks, https://houston.craigslist.org/cto/d/montgomery-1997-ford-f250-73l/7021889314.html,,2019-11-17,US,2019-11-21
***Ready For Takeoff!***, Nov 17, &excats=134-40&min_price=200000&max_price=1000000, Texas, Houston, For Sale-Wanted, NA, https://houston.craigslist.org/avo/d/hondo-ready-for-takeoff/7019171196.html,,2019-11-17,US,2019-11-21
2019 JOHN DEERE CS690, Nov 17, &excats=134-40&min_price=200000&max_price=1000000, Texas, Lubbock, For Sale-Wanted, Farm and Garden, https://lubbock.craigslist.org/grd/d/cotton-center-2019-john-deere-cs690/7021732897.html,,2019-11-17,US,2019-11-21
Four bedroom three complete baths ( 2 Masters ) OBO, Nov 17, &excats=134-40&min_price=200000&max_price=1000000, Texas, San Marcos, For Sale-Wanted, General, https://sanmarcos.craigslist.org/for/d/dearing-four-bedroom-three-complete/7016324503.html,,2019-11-17,US,2019-11-21
TERRY CREWS!! GAME WORN SAN DIEGO CHARGERS JERSEY, Nov 17, &excats=134-40&min_price=200000&max_price=1000000, Texas, Waco, For Sale-Wanted, Collectibles, https://waco.craigslist.org/clt/d/waco-terry-crews-game-worn-san-diego/7016786212.html,,2019-11-17,US,2019-11-21
HOUSE!, Nov 17, &excats=134-40&min_price=200000&max_price=1000000, Texas, Waco, For Sale-Wanted, General, https://waco.craigslist.org/for/d/waco-house/7021972034.html,,2019-11-17,US,2019-11-21
Looking to Buy 45s & LP Vinyl Records / Album Collections!!!, Nov 17, &excats=134-40&min_price=200000&max_price=1000000, Missouri, Kansas City, For Sale-Wanted, Wanted, https://kansascity.craigslist.org/wan/d/looking-to-buy-45s-lp-vinyl-records/7016703429.html,Want,2019-11-17,US,2019-11-21
WANTED: 1970s - 1990s Vintage Band Tour CONCERT T-SHIRTS (All Sizes), Nov 17, &excats=134-40&min_price=200000&max_price=1000000, Missouri, Kansas City, For Sale-Wanted, Wanted, https://kansascity.craigslist.org/wan/d/kansas-city-wanted-1970s-s-vintage-band/7016703230.html,Want,2019-11-17,US,2019-11-21
2017 Sea Ray 350 Sundancer Coupe, Nov 17, &excats=134-40&min_price=200000&max_price=1000000, Missouri, Springfield, For Sale-Wanted, Boat Parts, https://springfield.craigslist.org/boa/d/hollister-2017-sea-ray-350-sundancer/7010787993.html,,2019-11-17,US,2019-11-21
I am looking to buy vintage toys games signs & more. 1940-1950-1960-1970-1980, Nov 17, &excats=134-40&min_price=200000&max_price=1000000, Missouri, St Louis, For Sale-Wanted, Toys And Games, https://stlouis.craigslist.org/tag/d/saint-louis-am-looking-to-buy-vintage/7022043048.html,Want,2019-11-17,US,2019-11-21
OWNER, Nov 17, &excats=134-40&min_price=200000&max_price=1000000, District of Columbia, Washington, For Sale-Wanted, Wanted, https://washingtondc.craigslist.org/mld/wan/d/rockville-owner/7021820809.html,,2019-11-17,US,2019-11-21
PRICE REDUCTION  21 Acre Horse Farm, Nov 17, &excats=134-40&min_price=200000&max_price=1000000, District of Columbia, Washington, For Sale-Wanted, Farm and Garden, https://washingtondc.craigslist.org/nva/grd/d/warrenton-price-reduction-21-acre-horse/7002482895.html,,2019-11-17,US,2019-11-21
6-units, Nov 17, &excats=134-40&min_price=200000&max_price=1000000, Illinois, Chicago, For Sale-Wanted, General, https://chicago.craigslist.org/nwc/for/d/bensenville-6-units/7009344294.html,,2019-11-17,US,2019-11-21
2003 Ford Ranger Pickup, Nov 17, &excats=134-40&min_price=200000&max_price=1000000, Illinois, Chicago, For Sale-Wanted, General, https://chicago.craigslist.org/nwc/for/d/hanover-park-2003-ford-ranger-pickup/7021984708.html,,2019-11-17,US,2019-11-21
HOUSE BOAT 67&#39; PLUCKEBAUM BAYMASTER COASTAL CRUISER -, Nov 17, &excats=134-40&min_price=200000&max_price=1000000, Illinois, Chicago, For Sale-Wanted, Boat Parts, https://chicago.craigslist.org/sox/boa/d/house-boat-67-pluckebaum-baymaster/7011250347.html,,2019-11-17,US,2019-11-21
Single family house, Nov 17, &excats=134-40&min_price=200000&max_price=1000000, Illinois, Chicago, For Sale-Wanted, General, https://chicago.craigslist.org/wcl/for/d/mooseheart-single-family-house/7021705923.html,,2019-11-17,US,2019-11-21
Roscoe Home, Nov 17, &excats=134-40&min_price=200000&max_price=1000000, Illinois, Rockford, For Sale-Wanted, General, https://rockford.craigslist.org/for/d/roscoe-roscoe-home/7022131347.html,,2019-11-17,US,2019-11-21
Land 1 or more acres, Nov 17, &excats=134-40&min_price=200000&max_price=1000000, Oregon, Eugene, For Sale-Wanted, Wanted, https://eugene.craigslist.org/wan/d/eugene-land-1-or-more-acres/7021938741.html,,2019-11-17,US,2019-11-21
2002 Bayliner/Meridian 5788/580, Nov 17, &excats=134-40&min_price=200000&max_price=1000000, Oregon, Portland, For Sale-Wanted, Boat Parts, https://portland.craigslist.org/mlt/boa/d/anacortes-2002-bayliner-meridian/7022208500.html,,2019-11-17,US,2019-11-21
Split Seasoned Firewood Oak $300 Fir $200/Cord Delivery, Nov 17, &excats=134-40&min_price=200000&max_price=1000000, Oregon, Portland, For Sale-Wanted, General, https://portland.craigslist.org/clc/for/d/split-seasoned-firewood-oak-300-fir-200/7022038216.html,,2019-11-17,US,2019-11-21
NEW 2019 Jeanneau Velasco 37 Fly Bridge * 20% dn x $1989 mo * WARRANTY, Nov 17, &excats=134-40&min_price=200000&max_price=1000000, Oregon, Portland, For Sale-Wanted, Boat Parts by Dealer, https://portland.craigslist.org/mlt/bod/d/portland-new-2019-jeanneau-velasco-37/7021927812.html,,2019-11-17,US,2019-11-21
NEW 2019 Jeanneau NC 33 34&#39; * 20% dn x $1881 mo * WARRANTY, Nov 17, &excats=134-40&min_price=200000&max_price=1000000, Oregon, Portland, For Sale-Wanted, Boat Parts by Dealer, https://portland.craigslist.org/mlt/bod/d/portland-new-2019-jeanneau-nc-dn-1881/7021922912.html,,2019-11-17,US,2019-11-21
82&quot; Square Rigger Steel Hull, Nov 17, &excats=134-40&min_price=200000&max_price=1000000, Oregon, Portland, For Sale-Wanted, Boat Parts, https://portland.craigslist.org/mlt/boa/d/coos-bay-82-square-rigger-steel-hull/7021823402.html,,2019-11-17,US,2019-11-21
Lionel trains Vintage trains, Nov 17, &excats=134-40&min_price=200000&max_price=1000000, New York, Albany, For Sale-Wanted, General, https://albany.craigslist.org/for/d/albany-lionel-trains-vintage-trains/7022059947.html,,2019-11-17,US,2019-11-21
Trains Lionel Train Delmar, Nov 17, &excats=134-40&min_price=200000&max_price=1000000, New York, Albany, For Sale-Wanted, General, https://albany.craigslist.org/for/d/albany-trains-lionel-train-delmar/7022054318.html,,2019-11-17,US,2019-11-21
Wood Chipper Bandit 3090, Nov 17, &excats=134-40&min_price=200000&max_price=1000000, New York, Binghamton, For Sale-Wanted, Heavy Equipment, https://binghamton.craigslist.org/hvo/d/saint-albans-wood-chipper-bandit-3090/7021728488.html,,2019-11-17,US,2019-11-21
3 point hitch carrier, Nov 17, &excats=134-40&min_price=200000&max_price=1000000, New York, Buffalo, For Sale-Wanted, Auto Parts by Owner, https://buffalo.craigslist.org/pts/d/barker-3-point-hitch-carrier/7015867566.html,,2019-11-17,US,2019-11-21
2b2b Condo for sale, Nov 17, &excats=134-40&min_price=200000&max_price=1000000, New York, Long Island, For Sale-Wanted, General, https://longisland.craigslist.org/for/d/marathon-shores-2b2b-condo-for-sale/7017996857.html,,2019-11-17,US,2019-11-21
Trailer storage - plus boats cars ATVs campers etc., Nov 17, &excats=134-40&min_price=200000&max_price=1000000, Wisconsin, Madison, For Sale-Wanted, ATVs UTVs by Owner, https://madison.craigslist.org/snw/d/madison-trailer-storage-plus-boats-cars/7016997138.html,,2019-11-17,US,2019-11-21
WTB large apartment building investment property, Nov 17, &excats=134-40&min_price=200000&max_price=1000000, Wisconsin, Milwaukee, For Sale-Wanted, Wanted, https://milwaukee.craigslist.org/wan/d/milwaukee-wtb-large-apartment-building/7022056486.html,,2019-11-17,US,2019-11-21
ONE OF A KIND NFL GAME WORN JERSEY !!!!, Nov 17, &excats=134-40&min_price=200000&max_price=1000000, Wisconsin, Milwaukee, For Sale-Wanted, Collectibles, https://milwaukee.craigslist.org/clt/d/one-of-kind-nfl-game-worn-jersey/7017298861.html,,2019-11-17,US,2019-11-21
Custom Houseboat, Nov 17, &excats=134-40&min_price=200000&max_price=1000000, California, Gold Country, For Sale-Wanted, Boat Parts, https://goldcountry.craigslist.org/boa/d/moccasin-custom-houseboat/7022200953.html,,2019-11-17,US,2019-11-21
2008 Dodge Ram 3500 with flatbed, Nov 17, &excats=134-40&min_price=200000&max_price=1000000, California, Inland Empire, For Sale-Wanted, Cars And Trucks, https://inlandempire.craigslist.org/cto/d/murrieta-2008-dodge-ram-3500-with/7021821073.html,,2019-11-17,US,2019-11-21
Top CASH Paid for Electric Guitars, Nov 17, &excats=134-40&min_price=200000&max_price=1000000, California, Los Angeles, For Sale-Wanted, Wanted, https://losangeles.craigslist.org/sgv/wan/d/pasadena-top-cash-paid-for-electric/7008519200.html,,2019-11-17,US,2019-11-21
Real estate duckabush River Valley, Nov 17, &excats=134-40&min_price=200000&max_price=1000000, California, Los Angeles, For Sale-Wanted, General, https://losangeles.craigslist.org/wst/for/d/wauna-real-estate-duckabush-river-valley/7022207710.html,,2019-11-17,US,2019-11-21
(5)JBL HLS610  Infinity BU-2, Nov 17, &excats=134-40&min_price=200000&max_price=1000000, California, Los Angeles, For Sale-Wanted, Electronics, https://losangeles.craigslist.org/lgb/ele/d/5jbl-hls610-infinity-bu-2/7002755443.html,,2019-11-17,US,2019-11-21
CASINO & RESORT DEVELOPMENT in paradise., Nov 17, &excats=134-40&min_price=200000&max_price=1000000, California, Los Angeles, For Sale-Wanted, General, https://losangeles.craigslist.org/wst/for/d/beverly-hills-casino-resort-development/7018347224.html,,2019-11-17,US,2019-11-21
farm land, Nov 17, &excats=134-40&min_price=200000&max_price=1000000, California, Los Angeles, For Sale-Wanted, General, https://losangeles.craigslist.org/sfv/for/d/hazlehurst-farm-land/7020192553.html,,2019-11-17,US,2019-11-21
WE PAY CASH FOR BRAND NEW AND USED SMARTPHONES, Nov 17, &excats=134-40&min_price=200000&max_price=1000000, California, Los Angeles, For Sale-Wanted, Wanted, https://losangeles.craigslist.org/lac/wad/d/los-angeles-we-pay-cash-for-brand-new/7022071884.html,,2019-11-17,US,2019-11-21
TERRY CREWS!! GAME WORN SAN DIEGO CHARGERS JERSEY, Nov 17, &excats=134-40&min_price=200000&max_price=1000000, California, Los Angeles, For Sale-Wanted, Collectibles, https://losangeles.craigslist.org/lac/clt/d/santa-monica-terry-crews-game-worn-san/7022018514.html,,2019-11-17,US,2019-11-21
TERRY CREWS!! GAME WORN SAN DIEGO CHARGERS JERSEY, Nov 17, &excats=134-40&min_price=200000&max_price=1000000, California, Los Angeles, For Sale-Wanted, Collectibles, https://losangeles.craigslist.org/sgv/clt/d/pasadena-terry-crews-game-worn-san/7022018219.html,,2019-11-17,US,2019-11-21
2008 CAT D10T dozer extremely nice machine, Nov 17, &excats=134-40&min_price=200000&max_price=1000000, California, Los Angeles, For Sale-Wanted, Heavy Equipment, https://losangeles.craigslist.org/lac/hvo/d/menifee-2008-cat-d10t-dozer-extremely/7009719493.html,,2019-11-17,US,2019-11-21
2005 CAT 385CL excavator, Nov 17, &excats=134-40&min_price=200000&max_price=1000000, California, Los Angeles, For Sale-Wanted, Heavy Equipment, https://losangeles.craigslist.org/lac/hvo/d/sun-city-2005-cat-385cl-excavator/7009630076.html,,2019-11-17,US,2019-11-21
2008 CAT D10T dozer in excellent condition!, Nov 17, &excats=134-40&min_price=200000&max_price=1000000, California, Los Angeles, For Sale-Wanted, Heavy Equipment, https://losangeles.craigslist.org/lac/hvo/d/sun-city-2008-cat-d10t-dozer-in/7009639881.html,,2019-11-17,US,2019-11-21
GOLD CONTRACT. SEEKS CAPITAL., Nov 17, &excats=134-40&min_price=200000&max_price=1000000, California, Los Angeles, For Sale-Wanted, Wanted, https://losangeles.craigslist.org/lac/wan/d/los-angeles-gold-contract-seeks-capital/7018738177.html,,2019-11-17,US,2019-11-21
GREAT VACATION HOME! 4BD/3BA, Nov 17, &excats=134-40&min_price=200000&max_price=1000000, California, Los Angeles, For Sale-Wanted, General, https://losangeles.craigslist.org/lac/for/d/great-vacation-home-4bd-3ba/7021772838.html,,2019-11-17,US,2019-11-21
WE BUY!  ** ANTIQUE Sterling Silver Collectables *** Flatware Sets, Nov 17, &excats=134-40&min_price=200000&max_price=1000000, California, Los Angeles, For Sale-Wanted, Collectibles, https://losangeles.craigslist.org/sfv/clt/d/we-buy-antique-sterling-silver/7005328631.html,,2019-11-17,US,2019-11-21
WE BUY!  ** ANTIQUE Sterling Silver Collectables *** Flatware Sets, Nov 17, &excats=134-40&min_price=200000&max_price=1000000, California, Los Angeles, For Sale-Wanted, Collectibles, https://losangeles.craigslist.org/sfv/clt/d/we-buy-antique-sterling-silver/7004572404.html,,2019-11-17,US,2019-11-21
TERRY CREWS!! GAME WORN SAN DIEGO CHARGERS JERSEY, Nov 17, &excats=134-40&min_price=200000&max_price=1000000, California, Los Angeles, For Sale-Wanted, Collectibles, https://losangeles.craigslist.org/sgv/clt/d/pasadena-terry-crews-game-worn-san/7022018219.html,,2019-11-17,US,2019-11-21
2008 CAT D10T dozer extremely nice machine, Nov 17, &excats=134-40&min_price=200000&max_price=1000000, California, Los Angeles, For Sale-Wanted, Heavy Equipment, https://losangeles.craigslist.org/lac/hvo/d/menifee-2008-cat-d10t-dozer-extremely/7009719493.html,,2019-11-17,US,2019-11-21
2005 CAT 385CL excavator, Nov 17, &excats=134-40&min_price=200000&max_price=1000000, California, Los Angeles, For Sale-Wanted, Heavy Equipment, https://losangeles.craigslist.org/lac/hvo/d/sun-city-2005-cat-385cl-excavator/7009630076.html,,2019-11-17,US,2019-11-21
2008 CAT D10T dozer in excellent condition!, Nov 17, &excats=134-40&min_price=200000&max_price=1000000, California, Los Angeles, For Sale-Wanted, Heavy Equipment, https://losangeles.craigslist.org/lac/hvo/d/sun-city-2008-cat-d10t-dozer-in/7009639881.html,,2019-11-17,US,2019-11-21
GOLD CONTRACT. SEEKS CAPITAL., Nov 17, &excats=134-40&min_price=200000&max_price=1000000, California, Los Angeles, For Sale-Wanted, Wanted, https://losangeles.craigslist.org/lac/wan/d/los-angeles-gold-contract-seeks-capital/7018738177.html,,2019-11-17,US,2019-11-21
GREAT VACATION HOME! 4BD/3BA, Nov 17, &excats=134-40&min_price=200000&max_price=1000000, California, Los Angeles, For Sale-Wanted, General, https://losangeles.craigslist.org/lac/for/d/great-vacation-home-4bd-3ba/7021772838.html,,2019-11-17,US,2019-11-21
WE BUY!  ** ANTIQUE Sterling Silver Collectables *** Flatware Sets, Nov 17, &excats=134-40&min_price=200000&max_price=1000000, California, Los Angeles, For Sale-Wanted, Collectibles, https://losangeles.craigslist.org/sfv/clt/d/we-buy-antique-sterling-silver/7005328631.html,,2019-11-17,US,2019-11-21
WE BUY!  ** ANTIQUE Sterling Silver Collectables *** Flatware Sets, Nov 17, &excats=134-40&min_price=200000&max_price=1000000, California, Los Angeles, For Sale-Wanted, Collectibles, https://losangeles.craigslist.org/sfv/clt/d/we-buy-antique-sterling-silver/7004572404.html,,2019-11-17,US,2019-11-21
CASINO & RESORT DEVELOPMENT in paradise., Nov 17, &excats=134-40&min_price=200000&max_price=1000000, California, Orange County, For Sale-Wanted, General, https://orangecounty.craigslist.org/for/d/beverly-hills-casino-resort-development/7012911129.html,,2019-11-17,US,2019-11-21
38&#39; True North, Nov 17, &excats=134-40&min_price=200000&max_price=1000000, California, Orange County, For Sale-Wanted, Boat Parts, https://orangecounty.craigslist.org/boa/d/newport-beach-38-true-north/7021892625.html,,2019-11-17,US,2019-11-21
2016 *Lamborghini* *Aventador* *2dr Coupe LP 750-4 Supe, Nov 17, &excats=134-40&min_price=200000&max_price=1000000, California, Orange County, For Sale-Wanted, Cars And by Dealer, https://orangecounty.craigslist.org/ctd/d/marina-del-rey-2016-lamborghini/7021748476.html,,2019-11-17,US,2019-11-21
Houseboat 74ft, Nov 17, &excats=134-40&min_price=200000&max_price=1000000, California, Sacramento, For Sale-Wanted, Boat Parts, https://sacramento.craigslist.org/boa/d/oroville-houseboat-74ft/7017932782.html,,2019-11-17,US,2019-11-21
Honda Goldwin, Nov 17, &excats=134-40&min_price=200000&max_price=1000000, California, San Diego, For Sale-Wanted, Motorcycles, https://sandiego.craigslist.org/nsd/mcy/d/murrieta-honda-goldwin/7022175056.html,,2019-11-17,US,2019-11-21
TERRY CREWS!! GAME WORN SAN DIEGO CHARGERS JERSEY, Nov 17, &excats=134-40&min_price=200000&max_price=1000000, California, San Diego, For Sale-Wanted, Collectibles, https://sandiego.craigslist.org/csd/clt/d/san-diego-terry-crews-game-worn-san/7022122452.html,,2019-11-17,US,2019-11-21
2008 CAT D10T dozer in excellent condition!, Nov 17, &excats=134-40&min_price=200000&max_price=1000000, California, San Diego, For Sale-Wanted, Heavy Equipment, https://sandiego.craigslist.org/csd/hvo/d/sun-city-2008-cat-d10t-dozer-in/7017988980.html,,2019-11-17,US,2019-11-21
2008 CAT D10T dozer in excellent condition!, Nov 17, &excats=134-40&min_price=200000&max_price=1000000, California, San Diego, For Sale-Wanted, Heavy Equipment, https://sandiego.craigslist.org/csd/hvo/d/sun-city-2008-cat-d10t-dozer-in/7017988212.html,,2019-11-17,US,2019-11-21
Morton Bay Fig Tree, Nov 17, &excats=134-40&min_price=200000&max_price=1000000, California, San Diego, For Sale-Wanted, Farm and Garden, https://sandiego.craigslist.org/nsd/grd/d/rancho-santa-fe-morton-bay-fig-tree/7021927944.html,,2019-11-17,US,2019-11-21
2016 Ferrari 488 GTB, Nov 17, &excats=134-40&min_price=200000&max_price=1000000, California, San Diego, For Sale-Wanted, General, https://sandiego.craigslist.org/csd/for/d/san-diego-2016-ferrari-488-gtb/7021845983.html,,2019-11-17,US,2019-11-21
82 foot Classic Square Rigger, Nov 17, &excats=134-40&min_price=200000&max_price=1000000, California, San Diego, For Sale-Wanted, Boat Parts, https://sandiego.craigslist.org/csd/boa/d/north-bend-82-foot-classic-square-rigger/7021823680.html,,2019-11-17,US,2019-11-21
82 foot Classic Square Rigger, Nov 17, &excats=134-40&min_price=200000&max_price=1000000, California, San Diego, For Sale-Wanted, Boat Parts, https://sandiego.craigslist.org/csd/boa/d/north-bend-82-foot-classic-square-rigger/7021825117.html,,2019-11-17,US,2019-11-21
2018 Entegra Cornerstone 45Y 605HP Diesel Pusher Motorhome RV, Nov 16, &excats=134-40&min_price=200000&max_price=1000000, Iowa, Cedar Rapids, For Sale-Wanted, RVs, https://cedarrapids.craigslist.org/rvd/d/grand-rapids-2018-entegra-cornerstone/7021345002.html,,2019-11-16,US,2019-11-21
2018 Entegra Cornerstone 45Y 605HP Diesel Pusher Motorhome RV, Nov 16, &excats=134-40&min_price=200000&max_price=1000000, Iowa, Des Moines, For Sale-Wanted, RVs, https://desmoines.craigslist.org/rvd/d/grand-rapids-2018-entegra-cornerstone/7021351671.html,,2019-11-16,US,2019-11-21
2018 Entegra Cornerstone 45Y 605HP Diesel Pusher Motorhome RV, Nov 16, &excats=134-40&min_price=200000&max_price=1000000, Iowa, Iowa City, For Sale-Wanted, RVs, https://iowacity.craigslist.org/rvd/d/grand-rapids-2018-entegra-cornerstone/7021355511.html,,2019-11-16,US,2019-11-21
2018 Entegra Cornerstone 45Y 605HP Diesel Pusher Motorhome RV, Nov 16, &excats=134-40&min_price=200000&max_price=1000000, Iowa, Quad Cities, For Sale-Wanted, RVs, https://quadcities.craigslist.org/rvd/d/grand-rapids-2018-entegra-cornerstone/7021331487.html,,2019-11-16,US,2019-11-21
2018 Entegra Cornerstone 45Y 605HP Diesel Pusher Motorhome RV, Nov 16, &excats=134-40&min_price=200000&max_price=1000000, Iowa, Sioux City, For Sale-Wanted, RVs, https://siouxcity.craigslist.org/rvd/d/grand-rapids-2018-entegra-cornerstone/7021372027.html,,2019-11-16,US,2019-11-21
2018 Entegra Cornerstone 45Y 605HP Diesel Pusher Motorhome RV, Nov 16, &excats=134-40&min_price=200000&max_price=1000000, West Virginia, Charleston, For Sale-Wanted, RVs, https://charlestonwv.craigslist.org/rvd/d/grand-rapids-2018-entegra-cornerstone/7021506119.html,,2019-11-16,US,2019-11-21
House For Sell By Owner, Nov 16, &excats=134-40&min_price=200000&max_price=1000000, Washington, Wenatchee, For Sale-Wanted, General, https://wenatchee.craigslist.org/for/d/wenatchee-house-for-sell-by-owner/7021610268.html,,2019-11-16,US,2019-11-21
2018 Entegra Cornerstone 45Y 605HP Diesel Pusher Motorhome RV, Nov 16, &excats=134-40&min_price=200000&max_price=1000000, Indiana, Fort Wayne, For Sale-Wanted, RVs, https://fortwayne.craigslist.org/rvd/d/grand-rapids-2018-entegra-cornerstone/7021339720.html,,2019-11-16,US,2019-11-21
2018 Entegra Cornerstone 45Y 605HP Diesel Pusher Motorhome RV, Nov 16, &excats=134-40&min_price=200000&max_price=1000000, Indiana, Indianapolis, For Sale-Wanted, RVs, https://indianapolis.craigslist.org/rvd/d/grand-rapids-2018-entegra-cornerstone/7021335659.html,,2019-11-16,US,2019-11-21
Renegade Verona, Nov 16, &excats=134-40&min_price=200000&max_price=1000000, Georgia, Atlanta, For Sale-Wanted, RVs, https://atlanta.craigslist.org/atl/rvd/d/atlanta-renegade-verona/7021228747.html,,2019-11-16,US,2019-11-21
2018 Entegra Cornerstone 45Y 605HP Diesel Pusher Motorhome RV, Nov 16, &excats=134-40&min_price=200000&max_price=1000000, Georgia, Atlanta, For Sale-Wanted, RVs, https://atlanta.craigslist.org/atl/rvd/d/grand-rapids-2018-entegra-cornerstone/7021212963.html,,2019-11-16,US,2019-11-21
2018 Entegra Cornerstone 45Y 605HP Diesel Pusher Motorhome RV, Nov 16, &excats=134-40&min_price=200000&max_price=1000000, Vermont, Vermont, For Sale-Wanted, RVs, https://vermont.craigslist.org/rvd/d/grand-rapids-2018-entegra-cornerstone/7021249378.html,,2019-11-16,US,2019-11-21
2018 Entegra Cornerstone 45Y 605HP Diesel Pusher Motorhome RV, Nov 16, &excats=134-40&min_price=200000&max_price=1000000, Montana, Billings, For Sale-Wanted, RVs, https://billings.craigslist.org/rvd/d/grand-rapids-2018-entegra-cornerstone/7021216439.html,,2019-11-16,US,2019-11-21
2018 Entegra Cornerstone 45Y 605HP Diesel Pusher Motorhome RV, Nov 16, &excats=134-40&min_price=200000&max_price=1000000, Montana, Great Falls, For Sale-Wanted, RVs, https://greatfalls.craigslist.org/rvd/d/grand-rapids-2018-entegra-cornerstone/7021224168.html,,2019-11-16,US,2019-11-21
5 Acres on Clark Fork river, Nov 16, &excats=134-40&min_price=200000&max_price=1000000, Montana, Kalispell, For Sale-Wanted, General, https://kalispell.craigslist.org/for/d/paradise-5-acres-on-clark-fork-river/7011026064.html,,2019-11-16,US,2019-11-21
5 Acres on Clark Fork river, Nov 16, &excats=134-40&min_price=200000&max_price=1000000, Montana, Missoula, For Sale-Wanted, General, https://missoula.craigslist.org/for/d/paradise-5-acres-on-clark-fork-river/7011026768.html,,2019-11-16,US,2019-11-21
2018 Pursuit 325 DC, Nov 16, &excats=134-40&min_price=200000&max_price=1000000, South Carolina, Charleston, For Sale-Wanted, Boat Parts by Dealer, https://charleston.craigslist.org/bod/d/panama-city-2018-pursuit-325-dc/7021256631.html,,2019-11-16,US,2019-11-21
2018 Entegra Cornerstone 45Y 605HP Diesel Pusher Motorhome RV, Nov 16, &excats=134-40&min_price=200000&max_price=1000000, South Carolina, Columbia, For Sale-Wanted, RVs, https://columbia.craigslist.org/rvd/d/grand-rapids-2018-entegra-cornerstone/7021479020.html,,2019-11-16,US,2019-11-21
2018 Entegra Cornerstone 45Y 605HP Diesel Pusher Motorhome RV, Nov 16, &excats=134-40&min_price=200000&max_price=1000000, South Carolina, Myrtle Beach, For Sale-Wanted, RVs, https://myrtlebeach.craigslist.org/rvd/d/grand-rapids-2018-entegra-cornerstone/7021490580.html,,2019-11-16,US,2019-11-21
2018 Entegra Cornerstone 45Y 605HP Diesel Pusher Motorhome RV, Nov 16, &excats=134-40&min_price=200000&max_price=1000000, Massachusetts, Boston, For Sale-Wanted, RVs, https://boston.craigslist.org/gbs/rvd/d/grand-rapids-2018-entegra-cornerstone/7021346678.html,,2019-11-16,US,2019-11-21
looking for harley tanks and fenders with original paint, Nov 16, &excats=134-40&min_price=200000&max_price=1000000, Massachusetts, Boston, For Sale-Wanted, Motorcycle Parts, https://boston.craigslist.org/gbs/mpo/d/looking-for-harley-tanks-and-fenders/7001672591.html,Want,2019-11-16,US,2019-11-21
Homeless and looking for property with Xtra storagre needed and land, Nov 16, &excats=134-40&min_price=200000&max_price=1000000, Massachusetts, Boston, For Sale-Wanted, Wanted, https://boston.craigslist.org/sob/wan/d/brockton-homeless-and-looking-for/7021043847.html,Want,2019-11-16,US,2019-11-21
2018 Entegra Cornerstone 45Y 605HP Diesel Pusher Motorhome RV, Nov 16, &excats=134-40&min_price=200000&max_price=1000000, Arkansas, Little Rock, For Sale-Wanted, RVs, https://littlerock.craigslist.org/rvd/d/grand-rapids-2018-entegra-cornerstone/7021289636.html,,2019-11-16,US,2019-11-21
Copyrights to Children&#39;s Book, Nov 16, &excats=134-40&min_price=200000&max_price=1000000, Arizona, Phoenix, For Sale-Wanted, Books, https://phoenix.craigslist.org/cph/bks/d/phoenix-copyrights-to-childrens-book/7004153750.html,,2019-11-16,US,2019-11-21
TERRY CREWS!! GAME WORN SAN DIEGO CHARGERS JERSEY, Nov 16, &excats=134-40&min_price=200000&max_price=1000000, Arizona, Phoenix, For Sale-Wanted, Collectibles, https://phoenix.craigslist.org/nph/clt/d/scottsdale-terry-crews-game-worn-san/7017294285.html,,2019-11-16,US,2019-11-21
2018 Entegra Cornerstone 45Y 605HP Diesel Pusher Motorhome RV, Nov 16, &excats=134-40&min_price=200000&max_price=1000000, Arizona, Tucson, For Sale-Wanted, RVs, https://tucson.craigslist.org/rvd/d/grand-rapids-2018-entegra-cornerstone/7021266704.html,,2019-11-16,US,2019-11-21
2009 American Eagle Class A, Nov 16, &excats=134-40&min_price=200000&max_price=1000000, Nevada, Las Vegas, For Sale-Wanted, RVs, https://lasvegas.craigslist.org/rvs/d/monterey-2009-american-eagle-class/7021649444.html,,2019-11-16,US,2019-11-21
?? Diabetic Supplies For Sale ??, Nov 16, &excats=134-40&min_price=200000&max_price=1000000, Nevada, Las Vegas, For Sale-Wanted, General, https://lasvegas.craigslist.org/for/d/henderson-diabetic-supplies-for-sale/7002131446.html,,2019-11-16,US,2019-11-21
MAIN ST PEDDLERS HAS RECORDS! Grateful Dead Black Sabbath Pink Floyd, Nov 16, &excats=134-40&min_price=200000&max_price=1000000, Nevada, Las Vegas, For Sale-Wanted, Collectibles, https://lasvegas.craigslist.org/clt/d/las-vegas-main-st-peddlers-has-records/7006188745.html,,2019-11-16,US,2019-11-21
2018 Entegra Cornerstone 45Y 605HP Diesel Pusher Motorhome RV, Nov 16, &excats=134-40&min_price=200000&max_price=1000000, Nevada, Las Vegas, For Sale-Wanted, RVs, https://lasvegas.craigslist.org/rvd/d/grand-rapids-2018-entegra-cornerstone/7021414913.html,,2019-11-16,US,2019-11-21
Auto mechanic technician immediately!!!, Nov 16, &excats=134-40&min_price=200000&max_price=1000000, Nevada, Las Vegas, For Sale-Wanted, Auto Parts by Owner, https://lasvegas.craigslist.org/pts/d/las-vegas-auto-mechanic-technician/7018300622.html,,2019-11-16,US,2019-11-21
NoWW## rr BuYeR NeEd LOCKED LOCK IIPHONES/MMACBOOKS/GGALAX ^^%t, Nov 16, &excats=134-40&min_price=200000&max_price=1000000, Nevada, Las Vegas, For Sale-Wanted, Cell Phones, https://lasvegas.craigslist.org/mob/d/las-vegas-noww-rr-buyer-need-locked/7012278652.html,Want,2019-11-16,US,2019-11-21
Now=WAn.ted..icloud-=PASSWORD=locked iPhone-X-78.plus, Nov 16, &excats=134-40&min_price=200000&max_price=1000000, Nevada, Las Vegas, For Sale-Wanted, Cell Phones, https://lasvegas.craigslist.org/mob/d/las-vegas-nowwantedicloud/7012277567.html,,2019-11-16,US,2019-11-21
TEX$$%^T Apple iPhone 8 64GB Gold PARTS Space gray T-Mobile yhuhg, Nov 16, &excats=134-40&min_price=200000&max_price=1000000, Nevada, Las Vegas, For Sale-Wanted, Cell Phones, https://lasvegas.craigslist.org/mob/d/las-vegas-text-apple-iphone-8-64gb-gold/7012265815.html,,2019-11-16,US,2019-11-21
N@@EW SELL %IPHONE /X\7--SELL PASSCODE IPHONE 7 PLUS ###, Nov 16, &excats=134-40&min_price=200000&max_price=1000000, Nevada, Las Vegas, For Sale-Wanted, Cell Phones, https://lasvegas.craigslist.org/mob/d/las-vegas-new-sell-iphone-x7-sell/7021143313.html,,2019-11-16,US,2019-11-21
@@CAS-H F0R iPH-0-NES*PARTS* iPH-ONE 8 PL-US 64 [&#39;, Nov 16, &excats=134-40&min_price=200000&max_price=1000000, Nevada, Las Vegas, For Sale-Wanted, Cell Phones, https://lasvegas.craigslist.org/mob/d/las-vegas-cas-f0r-iph-0-nesparts-iph/7021130910.html,,2019-11-16,US,2019-11-21
WE##ST%% NEED ed SiLVER Color@ICLOUD iPHONE 8 Sealed iN BoXX =[&#39;, Nov 16, &excats=134-40&min_price=200000&max_price=1000000, Nevada, Las Vegas, For Sale-Wanted, Cell Phones, https://lasvegas.craigslist.org/mob/d/las-vegas-west-need-ed-silver/7021132397.html,Want,2019-11-16,US,2019-11-21
2018 Entegra Cornerstone 45Y 605HP Diesel Pusher Motorhome RV, Nov 16, &excats=134-40&min_price=200000&max_price=1000000, Delaware, Delaware, For Sale-Wanted, RVs, https://delaware.craigslist.org/rvd/d/grand-rapids-2018-entegra-cornerstone/7021253855.html,,2019-11-16,US,2019-11-21
CASH TODAY FOR YOUR ROLEX WATCH, Nov 16, &excats=134-40&min_price=200000&max_price=1000000, Florida, Jacksonville, For Sale-Wanted, Jewelry, https://jacksonville.craigslist.org/jwl/d/jacksonville-cash-today-for-your-rolex/7021308746.html,,2019-11-16,US,2019-11-21
2018 Entegra Cornerstone 45Y 605HP Diesel Pusher Motorhome RV, Nov 16, &excats=134-40&min_price=200000&max_price=1000000, Florida, Jacksonville, For Sale-Wanted, RVs, https://jacksonville.craigslist.org/rvd/d/grand-rapids-2018-entegra-cornerstone/7021324339.html,,2019-11-16,US,2019-11-21
2008 Pursuit 325 DC, Nov 16, &excats=134-40&min_price=200000&max_price=1000000, Florida, Jacksonville, For Sale-Wanted, Boat Parts by Dealer, https://jacksonville.craigslist.org/bod/d/panama-city-beach-2008-pursuit-325-dc/7021254006.html,,2019-11-16,US,2019-11-21
Beautiful 50 Acre Ranch, Nov 16, &excats=134-40&min_price=200000&max_price=1000000, Florida, Jacksonville, For Sale-Wanted, Farm and Garden, https://jacksonville.craigslist.org/grd/d/palatka-beautiful-50-acre-ranch/7017742025.html,,2019-11-16,US,2019-11-21
AUTOMOBILE WANTED, Nov 16, &excats=134-40&min_price=200000&max_price=1000000, Florida, Orlando, For Sale-Wanted, Wanted, https://orlando.craigslist.org/wan/d/automobile-wanted/7021590163.html,Want,2019-11-16,US,2019-11-21
cash buyer for Redtail House, Nov 16, &excats=134-40&min_price=200000&max_price=1000000, Florida, Orlando, For Sale-Wanted, Wanted, https://orlando.craigslist.org/wan/d/sorrento-cash-buyer-for-redtail-house/7014470664.html,,2019-11-16,US,2019-11-21
2018 Entegra Cornerstone 45Y 605HP Diesel Pusher Motorhome RV, Nov 16, &excats=134-40&min_price=200000&max_price=1000000, Florida, Orlando, For Sale-Wanted, RVs, https://orlando.craigslist.org/rvd/d/grand-rapids-2018-entegra-cornerstone/7021294981.html,,2019-11-16,US,2019-11-21
2015 Entegra Coach Anthem 44B, Nov 16, &excats=134-40&min_price=200000&max_price=1000000, Florida, Pensacola, For Sale-Wanted, RVs, https://pensacola.craigslist.org/rvs/d/pensacola-2015-entegra-coach-anthem-44b/7021266822.html,,2019-11-16,US,2019-11-21
2018 Entegra Cornerstone 45Y 605HP Diesel Pusher Motorhome RV, Nov 16, &excats=134-40&min_price=200000&max_price=1000000, Colorado, Denver, For Sale-Wanted, RVs, https://denver.craigslist.org/rvd/d/grand-rapids-2018-entegra-cornerstone/7021320065.html,,2019-11-16,US,2019-11-21
2018 Entegra Cornerstone 45Y 605HP Diesel Pusher Motorhome RV, Nov 16, &excats=134-40&min_price=200000&max_price=1000000, Colorado, Pueblo, For Sale-Wanted, RVs, https://pueblo.craigslist.org/rvd/d/grand-rapids-2018-entegra-cornerstone/7021321725.html,,2019-11-16,US,2019-11-21
??170 acres??, Nov 16, &excats=134-40&min_price=200000&max_price=1000000, Kentucky, Lexington, For Sale-Wanted, Farm and Garden, https://lexington.craigslist.org/grd/d/lancaster-170-acres/7010568952.html,,2019-11-16,US,2019-11-21
Downtown Dutch Colonial House - For Sale, Nov 16, &excats=134-40&min_price=200000&max_price=1000000, Kentucky, Lexington, For Sale-Wanted, Household, https://lexington.craigslist.org/hsh/d/lexington-downtown-dutch-colonial-house/7021165512.html,,2019-11-16,US,2019-11-21
2018 Entegra Cornerstone 45Y 605HP Diesel Pusher Motorhome RV, Nov 16, &excats=134-40&min_price=200000&max_price=1000000, Kentucky, Louisville, For Sale-Wanted, RVs, https://louisville.craigslist.org/rvd/d/grand-rapids-2018-entegra-cornerstone/7021374460.html,,2019-11-16,US,2019-11-21
2018 Entegra Cornerstone 45Y 605HP Diesel Pusher Motorhome RV, Nov 16, &excats=134-40&min_price=200000&max_price=1000000, Nebraska, Lincoln, For Sale-Wanted, RVs, https://lincoln.craigslist.org/rvd/d/grand-rapids-2018-entegra-cornerstone/7021412717.html,,2019-11-16,US,2019-11-21
2018 Entegra Cornerstone 45Y 605HP Diesel Pusher Motorhome RV, Nov 16, &excats=134-40&min_price=200000&max_price=1000000, Virginia, Richmond, For Sale-Wanted, RVs, https://richmond.craigslist.org/rvd/d/grand-rapids-2018-entegra-cornerstone/7021268484.html,,2019-11-16,US,2019-11-21
2018 Entegra Cornerstone 45Y 605HP Diesel Pusher Motorhome RV, Nov 16, &excats=134-40&min_price=200000&max_price=1000000, Virginia, Roanoke, For Sale-Wanted, RVs, https://roanoke.craigslist.org/rvd/d/grand-rapids-2018-entegra-cornerstone/7021502000.html,,2019-11-16,US,2019-11-21
2018 Entegra Cornerstone 45Y 605HP Diesel Pusher Motorhome RV, Nov 16, &excats=134-40&min_price=200000&max_price=1000000, Maine, Maine, For Sale-Wanted, RVs, https://maine.craigslist.org/rvd/d/grand-rapids-2018-entegra-cornerstone/7021232855.html,,2019-11-16,US,2019-11-21
2018 Entegra Cornerstone 45Y 605HP Diesel Pusher Motorhome RV, Nov 16, &excats=134-40&min_price=200000&max_price=1000000, Wyoming, Wyoming, For Sale-Wanted, RVs, https://wyoming.craigslist.org/rvd/d/grand-rapids-2018-entegra-cornerstone/7021264131.html,,2019-11-16,US,2019-11-21
2018 Entegra Cornerstone 45Y 605HP Diesel Pusher Motorhome RV, Nov 16, &excats=134-40&min_price=200000&max_price=1000000, Maryland, Baltimore, For Sale-Wanted, RVs, https://baltimore.craigslist.org/rvd/d/grand-rapids-2018-entegra-cornerstone/7021380341.html,,2019-11-16,US,2019-11-21
2018 Entegra Cornerstone 45Y 605HP Diesel Pusher Motorhome RV, Nov 16, &excats=134-40&min_price=200000&max_price=1000000, New Mexico, Albuquerque, For Sale-Wanted, RVs, https://albuquerque.craigslist.org/rvd/d/grand-rapids-2018-entegra-cornerstone/7021419485.html,,2019-11-16,US,2019-11-21
12 valve CUMMINS and stuff, Nov 16, &excats=134-40&min_price=200000&max_price=1000000, New Mexico, Albuquerque, For Sale-Wanted, Auto Parts by Owner, https://albuquerque.craigslist.org/pts/d/albuquerque-12-valve-cummins-and-stuff/7021106071.html,,2019-11-16,US,2019-11-21
Hunting land 80 ac, Nov 16, &excats=134-40&min_price=200000&max_price=1000000, Michigan, Battle Creek, For Sale-Wanted, Farm and Garden, https://battlecreek.craigslist.org/grd/d/hunting-land-80-ac/7011161471.html,,2019-11-16,US,2019-11-21
2018 Entegra Cornerstone 45Y 605HP Diesel Pusher Motorhome RV, Nov 16, &excats=134-40&min_price=200000&max_price=1000000, Michigan, Grand Rapids, For Sale-Wanted, RVs, https://grandrapids.craigslist.org/rvd/d/grand-rapids-2018-entegra-cornerstone/7021387795.html,,2019-11-16,US,2019-11-21
2018 Entegra Cornerstone 45Y 605HP Diesel Pusher Motorhome RV, Nov 16, &excats=134-40&min_price=200000&max_price=1000000, Michigan, Lansing, For Sale-Wanted, RVs, https://lansing.craigslist.org/rvd/d/grand-rapids-2018-entegra-cornerstone/7021393571.html,,2019-11-16,US,2019-11-21
DVDs for Sale, Nov 16, &excats=134-40&min_price=200000&max_price=1000000, Michigan, Monroe, For Sale-Wanted, CDs DVDs, https://monroemi.craigslist.org/emd/d/carleton-dvds-for-sale/7009518894.html,,2019-11-16,US,2019-11-21
2018 Entegra Cornerstone 45Y 605HP Diesel Pusher Motorhome RV, Nov 16, &excats=134-40&min_price=200000&max_price=1000000, Ohio, Cincinnati, For Sale-Wanted, RVs, https://cincinnati.craigslist.org/rvd/d/grand-rapids-2018-entegra-cornerstone/7021377465.html,,2019-11-16,US,2019-11-21
2018 Entegra Cornerstone 45Y 605HP Diesel Pusher Motorhome RV, Nov 16, &excats=134-40&min_price=200000&max_price=1000000, Ohio, Cleveland, For Sale-Wanted, RVs, https://cleveland.craigslist.org/rvd/d/grand-rapids-2018-entegra-cornerstone/7021274801.html,,2019-11-16,US,2019-11-21
2018 Entegra Cornerstone 45Y 605HP Diesel Pusher Motorhome RV, Nov 16, &excats=134-40&min_price=200000&max_price=1000000, Ohio, Toledo, For Sale-Wanted, RVs, https://toledo.craigslist.org/rvd/d/grand-rapids-2018-entegra-cornerstone/7021466568.html,,2019-11-16,US,2019-11-21
2018 Entegra Cornerstone 45Y 605HP Diesel Pusher Motorhome RV, Nov 16, &excats=134-40&min_price=200000&max_price=1000000, Ohio, Youngstown, For Sale-Wanted, RVs, https://youngstown.craigslist.org/rvd/d/grand-rapids-2018-entegra-cornerstone/7021467946.html,,2019-11-16,US,2019-11-21
2018 Entegra Cornerstone 45Y 605HP Diesel Pusher Motorhome RV, Nov 16, &excats=134-40&min_price=200000&max_price=1000000, North Carolina, Asheville, For Sale-Wanted, RVs, https://asheville.craigslist.org/rvd/d/grand-rapids-2018-entegra-cornerstone/7021434626.html,,2019-11-16,US,2019-11-21
2018 Entegra Cornerstone 45Y 605HP Diesel Pusher Motorhome RV, Nov 16, &excats=134-40&min_price=200000&max_price=1000000, North Carolina, Charlotte, For Sale-Wanted, RVs, https://charlotte.craigslist.org/rvd/d/grand-rapids-2018-entegra-cornerstone/7021438441.html,,2019-11-16,US,2019-11-21
SmartPac SP 600 Sachet Machine, Nov 16, &excats=134-40&min_price=200000&max_price=1000000, North Carolina, Charlotte, For Sale-Wanted, Heavy Equipment, https://charlotte.craigslist.org/hvo/d/charlotte-smartpac-sp-600-sachet-machine/7010838556.html,,2019-11-16,US,2019-11-21
Excellent commercial location for sale, Nov 16, &excats=134-40&min_price=200000&max_price=1000000, North Carolina, Greensboro, For Sale-Wanted, General, https://greensboro.craigslist.org/for/d/greensboro-excellent-commercial/7021617842.html,,2019-11-16,US,2019-11-21
2018 Entegra Cornerstone 45Y 605HP Diesel Pusher Motorhome RV, Nov 16, &excats=134-40&min_price=200000&max_price=1000000, Louisiana, Lafayette, For Sale-Wanted, RVs, https://lafayette.craigslist.org/rvd/d/grand-rapids-2018-entegra-cornerstone/7021376024.html,,2019-11-16,US,2019-11-21
20 acres/1400 ft waterfront on 42 ac Magnolia Lake, Nov 16, &excats=134-40&min_price=200000&max_price=1000000, Louisiana, New Orleans, For Sale-Wanted, General, https://neworleans.craigslist.org/for/d/20-acres-1400-ft-waterfront-on-42-ac/7011084875.html,,2019-11-16,US,2019-11-21
1990 54 Bertram 1990 convertable, Nov 16, &excats=134-40&min_price=200000&max_price=1000000, Louisiana, New Orleans, For Sale-Wanted, Boat Parts, https://neworleans.craigslist.org/boa/d/metairie-bertram-1990-convertable/7017418121.html,,2019-11-16,US,2019-11-21
2018 Entegra Cornerstone 45Y 605HP Diesel Pusher Motorhome RV, Nov 16, &excats=134-40&min_price=200000&max_price=1000000, Louisiana, New Orleans, For Sale-Wanted, RVs, https://neworleans.craigslist.org/rvd/d/grand-rapids-2018-entegra-cornerstone/7021378914.html,,2019-11-16,US,2019-11-21
Perfect location Lower Garden District, Nov 16, &excats=134-40&min_price=200000&max_price=1000000, Louisiana, New Orleans, For Sale-Wanted, General, https://neworleans.craigslist.org/for/d/new-orleans-perfect-location-lower/7013171600.html,,2019-11-16,US,2019-11-21
FREEZER SHRIMP TRAWLER, Nov 16, &excats=134-40&min_price=200000&max_price=1000000, Louisiana, New Orleans, For Sale-Wanted, Boat Parts, https://neworleans.craigslist.org/boa/d/murphy-freezer-shrimp-trawler/7021298325.html,,2019-11-16,US,2019-11-21
2018 Entegra Cornerstone 45Y 605HP Diesel Pusher Motorhome RV, Nov 16, &excats=134-40&min_price=200000&max_price=1000000, Louisiana, Shreveport, For Sale-Wanted, RVs, https://shreveport.craigslist.org/rvd/d/grand-rapids-2018-entegra-cornerstone/7021383943.html,,2019-11-16,US,2019-11-21
Record Sale! Toys Autographs Beatles Memorabilia and MORE!, Nov 16, &excats=134-40&min_price=200000&max_price=1000000, Minnesota, St Cloud, For Sale-Wanted, Collectibles, https://stcloud.craigslist.org/clt/d/hutchinson-record-sale-toys-autographs/7021500319.html,,2019-11-16,US,2019-11-21
100 acre farm, Nov 16, &excats=134-40&min_price=200000&max_price=1000000, Minnesota, St Cloud, For Sale-Wanted, Farm and Garden, https://stcloud.craigslist.org/grd/d/eagle-bend-100-acre-farm/7003603618.html,,2019-11-16,US,2019-11-21
2018 Entegra Cornerstone 45Y 605HP Diesel Pusher Motorhome RV, Nov 16, &excats=134-40&min_price=200000&max_price=1000000, Utah, Salt Lake City, For Sale-Wanted, RVs, https://saltlakecity.craigslist.org/rvd/d/grand-rapids-2018-entegra-cornerstone/7021463274.html,,2019-11-16,US,2019-11-21
2018 Entegra Cornerstone 45Y 605HP Diesel Pusher Motorhome RV, Nov 16, &excats=134-40&min_price=200000&max_price=1000000, Oklahoma, Oklahoma City, For Sale-Wanted, RVs, https://oklahomacity.craigslist.org/rvd/d/grand-rapids-2018-entegra-cornerstone/7021460060.html,,2019-11-16,US,2019-11-21
HOME FOR SALE BY OWNER-2622ft- 1 acre -Choctaw Schools, Nov 16, &excats=134-40&min_price=200000&max_price=1000000, Oklahoma, Oklahoma City, For Sale-Wanted, General, https://oklahomacity.craigslist.org/for/d/choctaw-home-for-sale-by-owner-2622ft-1/7004454181.html,,2019-11-16,US,2019-11-21
**2622ft-3 bed-2.5 bath-3 car garage on 1 acre -Choctaw Schools*, Nov 16, &excats=134-40&min_price=200000&max_price=1000000, Oklahoma, Oklahoma City, For Sale-Wanted, General, https://oklahomacity.craigslist.org/for/d/choctaw-2622ft-3-bed-25-bath-3-car/7004454817.html,,2019-11-16,US,2019-11-21
2018 Entegra Cornerstone 45Y 605HP Diesel Pusher Motorhome RV, Nov 16, &excats=134-40&min_price=200000&max_price=1000000, Oklahoma, Tulsa, For Sale-Wanted, RVs, https://tulsa.craigslist.org/rvd/d/grand-rapids-2018-entegra-cornerstone/7021465268.html,,2019-11-16,US,2019-11-21
2018 Entegra Cornerstone 45Y 605HP Diesel Pusher Motorhome RV, Nov 16, &excats=134-40&min_price=200000&max_price=1000000, Idaho, Boise, For Sale-Wanted, RVs, https://boise.craigslist.org/rvd/d/grand-rapids-2018-entegra-cornerstone/7021326042.html,,2019-11-16,US,2019-11-21
2018 Entegra Cornerstone 45Y 605HP Diesel Pusher Motorhome RV, Nov 16, &excats=134-40&min_price=200000&max_price=1000000, Kansas, Topeka, For Sale-Wanted, RVs, https://topeka.craigslist.org/rvd/d/grand-rapids-2018-entegra-cornerstone/7021364258.html,,2019-11-16,US,2019-11-21
2018 Entegra Cornerstone 45Y 605HP Diesel Pusher Motorhome RV, Nov 16, &excats=134-40&min_price=200000&max_price=1000000, Kansas, Wichita, For Sale-Wanted, RVs, https://wichita.craigslist.org/rvd/d/grand-rapids-2018-entegra-cornerstone/7021365809.html,,2019-11-16,US,2019-11-21
2017 Entegra Coach Cornerstone 45B, Nov 16, &excats=134-40&min_price=200000&max_price=1000000, Tennessee, Chattanooga, For Sale-Wanted, RVs, https://chattanooga.craigslist.org/rvd/d/graysville-2017-entegra-coach/7021379057.html,,2019-11-16,US,2019-11-21
2018 Entegra Cornerstone 45Y 605HP Diesel Pusher Motorhome RV, Nov 16, &excats=134-40&min_price=200000&max_price=1000000, Tennessee, Clarksville, For Sale-Wanted, RVs, https://clarksville.craigslist.org/rvd/d/grand-rapids-2018-entegra-cornerstone/7021487744.html,,2019-11-16,US,2019-11-21
2018 Entegra Cornerstone 45Y 605HP Diesel Pusher Motorhome RV, Nov 16, &excats=134-40&min_price=200000&max_price=1000000, Tennessee, Knoxville, For Sale-Wanted, RVs, https://knoxville.craigslist.org/rvd/d/grand-rapids-2018-entegra-cornerstone/7021491750.html,,2019-11-16,US,2019-11-21
2018 Entegra Cornerstone 45Y 605HP Diesel Pusher Motorhome RV, Nov 16, &excats=134-40&min_price=200000&max_price=1000000, Tennessee, Memphis, For Sale-Wanted, RVs, https://memphis.craigslist.org/rvd/d/grand-rapids-2018-entegra-cornerstone/7021282821.html,,2019-11-16,US,2019-11-21
2018 Entegra Cornerstone 45Y 605HP Diesel Pusher Motorhome RV, Nov 16, &excats=134-40&min_price=200000&max_price=1000000, Tennessee, Nashville, For Sale-Wanted, RVs, https://nashville.craigslist.org/rvd/d/grand-rapids-2018-entegra-cornerstone/7021495740.html,,2019-11-16,US,2019-11-21
2009 17x85 Horizon Yacht, Nov 16, &excats=134-40&min_price=200000&max_price=1000000, Tennessee, Nashville, For Sale-Wanted, Boat Parts by Dealer, https://nashville.craigslist.org/bod/d/byrdstown-x85-horizon-yacht/7021216197.html,,2019-11-16,US,2019-11-21
FARM WITH A VIEW, Nov 16, &excats=134-40&min_price=200000&max_price=1000000, Alabama, Dothan, For Sale-Wanted, Farm and Garden, https://dothan.craigslist.org/grd/d/alford-farm-with-view/7007978998.html,,2019-11-16,US,2019-11-21
2018 Entegra Cornerstone 45Y 605HP Diesel Pusher Motorhome RV, Nov 16, &excats=134-40&min_price=200000&max_price=1000000, Alabama, Mobile, For Sale-Wanted, RVs, https://mobile.craigslist.org/rvd/d/grand-rapids-2018-entegra-cornerstone/7021219529.html,,2019-11-16,US,2019-11-21
2018 Entegra Cornerstone 45Y 605HP Diesel Pusher Motorhome RV, Nov 16, &excats=134-40&min_price=200000&max_price=1000000, Pennsylvania, Erie, For Sale-Wanted, RVs, https://erie.craigslist.org/rvd/d/grand-rapids-2018-entegra-cornerstone/7021470028.html,,2019-11-16,US,2019-11-21
2018 Entegra Cornerstone 45Y 605HP Diesel Pusher Motorhome RV, Nov 16, &excats=134-40&min_price=200000&max_price=1000000, Pennsylvania, Harrisburg, For Sale-Wanted, RVs, https://harrisburg.craigslist.org/rvd/d/grand-rapids-2018-entegra-cornerstone/7021474053.html,,2019-11-16,US,2019-11-21
60 Acres Hunting/Recreational property, Nov 16, &excats=134-40&min_price=200000&max_price=1000000, Pennsylvania, Lancaster, For Sale-Wanted, Farm and Garden, https://lancaster.craigslist.org/grd/d/sayre-60-acres-hunting-recreational/7021325554.html,,2019-11-16,US,2019-11-21
2018 Entegra Cornerstone 45Y 605HP Diesel Pusher Motorhome RV, Nov 16, &excats=134-40&min_price=200000&max_price=1000000, Pennsylvania, Philadelphia, For Sale-Wanted, RVs, https://philadelphia.craigslist.org/rvd/d/grand-rapids-2018-entegra-cornerstone/7021472064.html,,2019-11-16,US,2019-11-21
House for Sale, Nov 16, &excats=134-40&min_price=200000&max_price=1000000, Pennsylvania, Philadelphia, For Sale-Wanted, General, https://philadelphia.craigslist.org/for/d/trenton-house-for-sale/7009261270.html,,2019-11-16,US,2019-11-21
****Metal wanted****, Nov 16, &excats=134-40&min_price=200000&max_price=1000000, Pennsylvania, Philadelphia, For Sale-Wanted, Wanted, https://philadelphia.craigslist.org/wan/d/metal-wanted/7021087039.html,Want,2019-11-16,US,2019-11-21
TERRY CREWS!! GAME WORN SAN DIEGO CHARGERS JERSEY, Nov 16, &excats=134-40&min_price=200000&max_price=1000000, Pennsylvania, Philadelphia, For Sale-Wanted, Collectibles, https://philadelphia.craigslist.org/clt/d/philadelphia-terry-crews-game-worn-san/7021021758.html,,2019-11-16,US,2019-11-21
2018 Entegra Cornerstone 45Y 605HP Diesel Pusher Motorhome RV, Nov 16, &excats=134-40&min_price=200000&max_price=1000000, Pennsylvania, Pittsburgh, For Sale-Wanted, RVs, https://pittsburgh.craigslist.org/rvd/d/grand-rapids-2018-entegra-cornerstone/7021475987.html,,2019-11-16,US,2019-11-21
2018 Entegra Cornerstone 45Y 605HP Diesel Pusher Motorhome RV, Nov 16, &excats=134-40&min_price=200000&max_price=1000000, Pennsylvania, Reading, For Sale-Wanted, RVs, https://reading.craigslist.org/rvd/d/grand-rapids-2018-entegra-cornerstone/7021480352.html,,2019-11-16,US,2019-11-21
2018 Entegra Cornerstone 45Y 605HP Diesel Pusher Motorhome RV, Nov 16, &excats=134-40&min_price=200000&max_price=1000000, Pennsylvania, York, For Sale-Wanted, RVs, https://york.craigslist.org/rvd/d/grand-rapids-2018-entegra-cornerstone/7021485340.html,,2019-11-16,US,2019-11-21
2018 Entegra Cornerstone 45Y 605HP Diesel Pusher Motorhome RV, Nov 16, &excats=134-40&min_price=200000&max_price=1000000, Texas, Austin, For Sale-Wanted, RVs, https://austin.craigslist.org/rvd/d/grand-rapids-2018-entegra-cornerstone/7021492987.html,,2019-11-16,US,2019-11-21
** I BUY iPHONE 11 PRO X XR XS MAX 8 8 PLUS iPAD MAC $$ NEW or USED $$, Nov 16, &excats=134-40&min_price=200000&max_price=1000000, Texas, Austin, For Sale-Wanted, Wanted, https://austin.craigslist.org/wad/d/austin-buy-iphone-11-pro-xr-xs-max-8-8/7021093354.html,,2019-11-16,US,2019-11-21
Super opportunity of a Lifetime!!!- must sell 80% off w $1.3 million!!, Nov 16, &excats=134-40&min_price=200000&max_price=1000000, Texas, Corpus Christi, For Sale-Wanted, General, https://corpuschristi.craigslist.org/fod/d/refugio-super-opportunity-of-lifetime/7021203479.html,,2019-11-16,US,2019-11-21
2018 Entegra Cornerstone 45Y 605HP Diesel Pusher Motorhome RV, Nov 16, &excats=134-40&min_price=200000&max_price=1000000, Texas, El Paso, For Sale-Wanted, RVs, https://elpaso.craigslist.org/rvd/d/grand-rapids-2018-entegra-cornerstone/7021498392.html,,2019-11-16,US,2019-11-21
1994 SUMITOMO SC 1500 200 TON CRAWLER CRANE, Nov 16, &excats=134-40&min_price=200000&max_price=1000000, Texas, Houston, For Sale-Wanted, Heavy Equipment, https://houston.craigslist.org/hvo/d/1994-sumitomo-sc-ton-crawler-crane/7011653373.html,,2019-11-16,US,2019-11-21
2018 Entegra Cornerstone 45Y 605HP Diesel Pusher Motorhome RV, Nov 16, &excats=134-40&min_price=200000&max_price=1000000, Texas, Houston, For Sale-Wanted, RVs, https://houston.craigslist.org/rvd/d/grand-rapids-2018-entegra-cornerstone/7021278657.html,,2019-11-16,US,2019-11-21
Mini Cattle, Nov 16, &excats=134-40&min_price=200000&max_price=1000000, Texas, Houston, For Sale-Wanted, Farm and Garden, https://houston.craigslist.org/grd/d/montgomery-mini-cattle/7019312832.html,,2019-11-16,US,2019-11-21
Amazing 7 Houses Portfolio Beaumont Tx, Nov 16, &excats=134-40&min_price=200000&max_price=1000000, Texas, Houston, For Sale-Wanted, Household, https://houston.craigslist.org/hsh/d/beaumont-amazing-7-houses-portfolio/7021228976.html,,2019-11-16,US,2019-11-21
Super opportunity of a Lifetime!!!must sell 80% off was $1.3 million!!, Nov 16, &excats=134-40&min_price=200000&max_price=1000000, Texas, Houston, For Sale-Wanted, General, https://houston.craigslist.org/fod/d/refugio-super-opportunity-of/7021203018.html,,2019-11-16,US,2019-11-21
Super opportunity of a Lifetime!!!must sell 80% off was $1.3 million!!, Nov 16, &excats=134-40&min_price=200000&max_price=1000000, Texas, Houston, For Sale-Wanted, General, https://houston.craigslist.org/fod/d/refugio-super-opportunity-of/7021201714.html,,2019-11-16,US,2019-11-21
2018 Entegra Cornerstone 45Y 605HP Diesel Pusher Motorhome RV, Nov 16, &excats=134-40&min_price=200000&max_price=1000000, Connecticut, Hartford, For Sale-Wanted, RVs, https://hartford.craigslist.org/rvd/d/grand-rapids-2018-entegra-cornerstone/7021316904.html,,2019-11-16,US,2019-11-21
Looking for downeast 35 to 38, Nov 16, &excats=134-40&min_price=200000&max_price=1000000, Connecticut, Hartford, For Sale-Wanted, Boat Parts, https://hartford.craigslist.org/boa/d/dearing-looking-for-downeast-35-to-38/7021085206.html,Want,2019-11-16,US,2019-11-21
Parker vise vices about 8 of them left!!!, Nov 16, &excats=134-40&min_price=200000&max_price=1000000, Connecticut, Hartford, For Sale-Wanted, Tools, https://hartford.craigslist.org/tls/d/durham-parker-vise-vices-about-8-of/7012591446.html,,2019-11-16,US,2019-11-21
Parker vise vices about 10 of them left!!!, Nov 16, &excats=134-40&min_price=200000&max_price=1000000, Connecticut, Hartford, For Sale-Wanted, Tools, https://hartford.craigslist.org/tls/d/durham-parker-vise-vices-about-10-of/7019758378.html,,2019-11-16,US,2019-11-21
Parker vise vices about 8 of them left!!!, Nov 16, &excats=134-40&min_price=200000&max_price=1000000, Connecticut, Hartford, For Sale-Wanted, Tools, https://hartford.craigslist.org/tls/d/durham-parker-vise-vices-about-8-of/7018019841.html,,2019-11-16,US,2019-11-21
Looking for downeast 35 to 38, Nov 16, &excats=134-40&min_price=200000&max_price=1000000, Connecticut, New Haven, For Sale-Wanted, Boat Parts, https://newhaven.craigslist.org/boa/d/somerville-looking-for-downeast-35-to-38/7021085718.html,Want,2019-11-16,US,2019-11-21
2018 Entegra Cornerstone 45Y 605HP Diesel Pusher Motorhome RV, Nov 16, &excats=134-40&min_price=200000&max_price=1000000, Missouri, Joplin, For Sale-Wanted, RVs, https://joplin.craigslist.org/rvd/d/grand-rapids-2018-entegra-cornerstone/7021401753.html,,2019-11-16,US,2019-11-21
COMMERCIAL PROPERTY, Nov 16, &excats=134-40&min_price=200000&max_price=1000000, Missouri, Joplin, For Sale-Wanted, General, https://joplin.craigslist.org/for/d/neosho-commercial-property/7011267393.html,,2019-11-16,US,2019-11-21
2018 Entegra Cornerstone 45Y 605HP Diesel Pusher Motorhome RV, Nov 16, &excats=134-40&min_price=200000&max_price=1000000, Missouri, Kansas City, For Sale-Wanted, RVs, https://kansascity.craigslist.org/rvd/d/grand-rapids-2018-entegra-cornerstone/7021361810.html,,2019-11-16,US,2019-11-21
2018 Entegra Cornerstone 45Y 605HP Diesel Pusher Motorhome RV, Nov 16, &excats=134-40&min_price=200000&max_price=1000000, Missouri, Springfield, For Sale-Wanted, RVs, https://springfield.craigslist.org/rvd/d/grand-rapids-2018-entegra-cornerstone/7021409073.html,,2019-11-16,US,2019-11-21
2018 Entegra Cornerstone 45Y 605HP Diesel Pusher Motorhome RV, Nov 16, &excats=134-40&min_price=200000&max_price=1000000, Missouri, St Louis, For Sale-Wanted, RVs, https://stlouis.craigslist.org/rvd/d/grand-rapids-2018-entegra-cornerstone/7021341282.html,,2019-11-16,US,2019-11-21
2018 Entegra Cornerstone 45Y 605HP Diesel Pusher Motorhome RV, Nov 16, &excats=134-40&min_price=200000&max_price=1000000, Missouri, St Louis, For Sale-Wanted, RVs, https://stlouis.craigslist.org/rvd/d/grand-rapids-2018-entegra-cornerstone/7021238456.html,,2019-11-16,US,2019-11-21
2018 Entegra Cornerstone 45Y 605HP Diesel Pusher Motorhome RV, Nov 16, &excats=134-40&min_price=200000&max_price=1000000, District of Columbia, Washington, For Sale-Wanted, RVs, https://washingtondc.craigslist.org/doc/rvd/d/grand-rapids-2018-entegra-cornerstone/7021277416.html,,2019-11-16,US,2019-11-21
Lakefront Townhome, Nov 16, &excats=134-40&min_price=200000&max_price=1000000, District of Columbia, Washington, For Sale-Wanted, General, https://washingtondc.craigslist.org/nva/for/d/fairfax-lakefront-townhome/7021253557.html,,2019-11-16,US,2019-11-21
Mini Bike-Coleman CT200U, Nov 16, &excats=134-40&min_price=200000&max_price=1000000, District of Columbia, Washington, For Sale-Wanted, ATVs UTVs by Owner, https://washingtondc.craigslist.org/nva/snw/d/ashburn-mini-bike-coleman-ct200u/7012471751.html,,2019-11-16,US,2019-11-21
3 Bedroom Home on Big Wolf River in New London, Nov 16, &excats=134-40&min_price=200000&max_price=1000000, Illinois, Chicago, For Sale-Wanted, General, https://chicago.craigslist.org/nch/for/d/new-london-3-bedroom-home-on-big-wolf/7021530817.html,,2019-11-16,US,2019-11-21
64 Acres for sale in NE Arkansas, Nov 16, &excats=134-40&min_price=200000&max_price=1000000, Illinois, Chicago, For Sale-Wanted, Farm and Garden, https://chicago.craigslist.org/chc/grd/d/batesville-64-acres-for-sale-in-ne/7021486788.html,,2019-11-16,US,2019-11-21
2018 Entegra Cornerstone 45Y 605HP Diesel Pusher Motorhome RV, Nov 16, &excats=134-40&min_price=200000&max_price=1000000, Illinois, Chicago, For Sale-Wanted, RVs, https://chicago.craigslist.org/chc/rvd/d/grand-rapids-2018-entegra-cornerstone/7021235316.html,,2019-11-16,US,2019-11-21
Speakers  B&W DM570 w/original stands/boxes..made in UK ..MINT..$AVE!, Nov 16, &excats=134-40&min_price=200000&max_price=1000000, Illinois, Chicago, For Sale-Wanted, Electronics, https://chicago.craigslist.org/wcl/ele/d/speakers-bw-dm570-original-stands/7021180393.html,,2019-11-16,US,2019-11-21
Notre Dame/Navy tickets wanted, Nov 16, &excats=134-40&min_price=200000&max_price=1000000, Illinois, Chicago, For Sale-Wanted, Tickets, https://chicago.craigslist.org/chc/tix/d/chicago-notre-dame-navy-tickets-wanted/7021070457.html,Want,2019-11-16,US,2019-11-21
2018 Entegra Cornerstone 45Y 605HP Diesel Pusher Motorhome RV, Nov 16, &excats=134-40&min_price=200000&max_price=1000000, Illinois, Quad Cities, For Sale-Wanted, RVs, https://quadcities.craigslist.org/rvd/d/grand-rapids-2018-entegra-cornerstone/7021331487.html,,2019-11-16,US,2019-11-21
Looking For Orange 4x12, Nov 16, &excats=134-40&min_price=200000&max_price=1000000, Mississippi, Jackson, For Sale-Wanted, Wanted, https://jackson.craigslist.org/wan/d/madison-looking-for-orange-4x12/7021626301.html,Want,2019-11-16,US,2019-11-21
320 ac. Duck Deer Turkey Hogs, Nov 16, &excats=134-40&min_price=200000&max_price=1000000, Mississippi, Jackson, For Sale-Wanted, Sporting Goods, https://jackson.craigslist.org/spo/d/jackson-320-ac-duck-deer-turkey-hogs/7021534108.html,,2019-11-16,US,2019-11-21
2018 Entegra Cornerstone 45Y 605HP Diesel Pusher Motorhome RV, Nov 16, &excats=134-40&min_price=200000&max_price=1000000, Mississippi, Jackson, For Sale-Wanted, RVs, https://jackson.craigslist.org/rvd/d/grand-rapids-2018-entegra-cornerstone/7021242295.html,,2019-11-16,US,2019-11-21
UPDATE! Parts & Project Cars & Trucks 1920&#39;s-80&#39;s 100&#39;s of Cars, Nov 16, &excats=134-40&min_price=200000&max_price=1000000, Oregon, Bend, For Sale-Wanted, Auto Parts by Dealer, https://salem.craigslist.org/ptd/d/great-bend-update-parts-project-cars/7021620629.html,,2019-11-16,US,2019-11-21
Hoverround Scooter trade, Nov 16, &excats=134-40&min_price=200000&max_price=1000000, Oregon, Oregon Coast, For Sale-Wanted, Health And Beauty, https://oregoncoast.craigslist.org/hab/d/coos-bay-hoverround-scooter-trade/7021048217.html,,2019-11-16,US,2019-11-21
Home for sale, Nov 16, &excats=134-40&min_price=200000&max_price=1000000, Oregon, Portland, For Sale-Wanted, General, https://portland.craigslist.org/clk/for/d/vancouver-home-for-sale/7021428588.html,,2019-11-16,US,2019-11-21
TOP PRICES PAID for ROLEX and other FINE WATCHES, Nov 16, &excats=134-40&min_price=200000&max_price=1000000, Oregon, Portland, For Sale-Wanted, Jewelry, https://portland.craigslist.org/mlt/jwl/d/portland-top-prices-paid-for-rolex-and/7019301831.html,,2019-11-16,US,2019-11-21
2018 Entegra Cornerstone 45Y 605HP Diesel Pusher Motorhome RV, Nov 16, &excats=134-40&min_price=200000&max_price=1000000, Oregon, Portland, For Sale-Wanted, RVs, https://portland.craigslist.org/clc/rvd/d/grand-rapids-2018-entegra-cornerstone/7021236918.html,,2019-11-16,US,2019-11-21
Prime Property Panoramic Views, Nov 16, &excats=134-40&min_price=200000&max_price=1000000, Oregon, Portland, For Sale-Wanted, General, https://portland.craigslist.org/grg/for/d/prime-property-panoramic-views/7021203202.html,,2019-11-16,US,2019-11-21
Log Cabin Nimpo Lake BC, Nov 16, &excats=134-40&min_price=200000&max_price=1000000, Oregon, Portland, For Sale-Wanted, General, https://portland.craigslist.org/mlt/for/d/portland-log-cabin-nimpo-lake-bc/7021168990.html,,2019-11-16,US,2019-11-21
GAME WORN NFL FOOTBALL  JERSEY -, Nov 16, &excats=134-40&min_price=200000&max_price=1000000, Oregon, Portland, For Sale-Wanted, Collectibles, https://portland.craigslist.org/clc/clt/d/clackamas-game-worn-nfl-football-jersey/7017840400.html,,2019-11-16,US,2019-11-21
Car lot opportunity on Kenai Peninsula!, Nov 16, &excats=134-40&min_price=200000&max_price=1000000, Oregon, Portland, For Sale-Wanted, Cars And Trucks, https://portland.craigslist.org/nco/cto/d/soldotna-car-lot-opportunity-on-kenai/7021078456.html,,2019-11-16,US,2019-11-21
UPDATE! Parts & Project Cars & Trucks 1920&#39;s-80&#39;s 100&#39;s of Cars, Nov 16, &excats=134-40&min_price=200000&max_price=1000000, Oregon, Salem, For Sale-Wanted, Auto Parts by Dealer, https://salem.craigslist.org/ptd/d/great-bend-update-parts-project-cars/7021620629.html,,2019-11-16,US,2019-11-21
2018 Entegra Cornerstone 45Y 605HP Diesel Pusher Motorhome RV, Nov 16, &excats=134-40&min_price=200000&max_price=1000000, Oregon, Salem, For Sale-Wanted, RVs, https://salem.craigslist.org/rvd/d/grand-rapids-2018-entegra-cornerstone/7021477787.html,,2019-11-16,US,2019-11-21
2018 Entegra Cornerstone 45Y 605HP Diesel Pusher Motorhome RV, Nov 16, &excats=134-40&min_price=200000&max_price=1000000, New York, Albany, For Sale-Wanted, RVs, https://albany.craigslist.org/rvd/d/grand-rapids-2018-entegra-cornerstone/7021417094.html,,2019-11-16,US,2019-11-21
2018 Entegra Cornerstone 45Y 605HP Diesel Pusher Motorhome RV, Nov 16, &excats=134-40&min_price=200000&max_price=1000000, New York, Buffalo, For Sale-Wanted, RVs, https://buffalo.craigslist.org/rvd/d/grand-rapids-2018-entegra-cornerstone/7021433249.html,,2019-11-16,US,2019-11-21
TERRY CREWS!! GAME WORN NFL FOOTBALL JERSEY, Nov 16, &excats=134-40&min_price=200000&max_price=1000000, New York, Buffalo, For Sale-Wanted, Collectibles, https://buffalo.craigslist.org/clt/d/tonawanda-terry-crews-game-worn-nfl/7016661869.html,,2019-11-16,US,2019-11-21
2018 Entegra Cornerstone 45Y 605HP Diesel Pusher Motorhome RV, Nov 16, &excats=134-40&min_price=200000&max_price=1000000, New York, Ithaca, For Sale-Wanted, RVs, https://ithaca.craigslist.org/rvd/d/grand-rapids-2018-entegra-cornerstone/7021421791.html,,2019-11-16,US,2019-11-21
2018 Entegra Cornerstone 45Y 605HP Diesel Pusher Motorhome RV, Nov 16, &excats=134-40&min_price=200000&max_price=1000000, New York, Long Island, For Sale-Wanted, RVs, https://longisland.craigslist.org/rvd/d/grand-rapids-2018-entegra-cornerstone/7021426163.html,,2019-11-16,US,2019-11-21
2018 Entegra Cornerstone 45Y 605HP Diesel Pusher Motorhome RV, Nov 16, &excats=134-40&min_price=200000&max_price=1000000, New York, Rochester, For Sale-Wanted, RVs, https://rochester.craigslist.org/rvd/d/grand-rapids-2018-entegra-cornerstone/7021436927.html,,2019-11-16,US,2019-11-21
Property For Sale: 61 acres 3 multi-use buildings - May subdivide, Nov 16, &excats=134-40&min_price=200000&max_price=1000000, New York, Syracuse, For Sale-Wanted, General, https://syracuse.craigslist.org/for/d/little-york-property-for-sale-61-acres/7021523881.html,,2019-11-16,US,2019-11-21
2018 Entegra Cornerstone 45Y 605HP Diesel Pusher Motorhome RV, Nov 16, &excats=134-40&min_price=200000&max_price=1000000, New York, Syracuse, For Sale-Wanted, RVs, https://syracuse.craigslist.org/rvd/d/grand-rapids-2018-entegra-cornerstone/7021442639.html,,2019-11-16,US,2019-11-21
Farmette for sale plus rentals, Nov 16, &excats=134-40&min_price=200000&max_price=1000000, New York, Watertown, For Sale-Wanted, Farm and Garden, https://watertown.craigslist.org/grd/d/black-river-farmette-for-sale-plus/7021546634.html,,2019-11-16,US,2019-11-21
2018 Entegra Cornerstone 45Y 605HP Diesel Pusher Motorhome RV, Nov 16, &excats=134-40&min_price=200000&max_price=1000000, New Jersey, Jersey Shore, For Sale-Wanted, RVs, https://jerseyshore.craigslist.org/rvd/d/grand-rapids-2018-entegra-cornerstone/7021410555.html,,2019-11-16,US,2019-11-21
2018 Pursuit 325 DC, Nov 16, &excats=134-40&min_price=200000&max_price=1000000, New Jersey, Jersey Shore, For Sale-Wanted, Boat Parts by Dealer, https://jerseyshore.craigslist.org/bod/d/panama-city-2018-pursuit-325-dc/7021271497.html,,2019-11-16,US,2019-11-21
2018 Entegra Cornerstone 45Y 605HP Diesel Pusher Motorhome RV, Nov 16, &excats=134-40&min_price=200000&max_price=1000000, Wisconsin, Eau Claire, For Sale-Wanted, RVs, https://eauclaire.craigslist.org/rvd/d/grand-rapids-2018-entegra-cornerstone/7021514575.html,,2019-11-16,US,2019-11-21
2018 Entegra Cornerstone 45Y 605HP Diesel Pusher Motorhome RV, Nov 16, &excats=134-40&min_price=200000&max_price=1000000, Wisconsin, Green Bay, For Sale-Wanted, RVs, https://greenbay.craigslist.org/rvd/d/grand-rapids-2018-entegra-cornerstone/7021515597.html,,2019-11-16,US,2019-11-21
Open House Nov 17 1-3 pm House for sale, Nov 16, &excats=134-40&min_price=200000&max_price=1000000, Wisconsin, La Crosse, For Sale-Wanted, General, https://lacrosse.craigslist.org/for/d/west-salem-open-house-nov-pm-house-for/7021629914.html,,2019-11-16,US,2019-11-21
2018 Entegra Cornerstone 45Y 605HP Diesel Pusher Motorhome RV, Nov 16, &excats=134-40&min_price=200000&max_price=1000000, Wisconsin, Madison, For Sale-Wanted, RVs, https://madison.craigslist.org/rvd/d/grand-rapids-2018-entegra-cornerstone/7021510314.html,,2019-11-16,US,2019-11-21
3 Bedroom Home on Big Wolf River in New London, Nov 16, &excats=134-40&min_price=200000&max_price=1000000, Wisconsin, Milwaukee, For Sale-Wanted, General, https://milwaukee.craigslist.org/for/d/new-london-3-bedroom-home-on-big-wolf/7021528563.html,,2019-11-16,US,2019-11-21
2018 Entegra Cornerstone 45Y 605HP Diesel Pusher Motorhome RV, Nov 16, &excats=134-40&min_price=200000&max_price=1000000, Wisconsin, Milwaukee, For Sale-Wanted, RVs, https://milwaukee.craigslist.org/rvd/d/grand-rapids-2018-entegra-cornerstone/7021350109.html,,2019-11-16,US,2019-11-21
2018 Entegra Cornerstone 45Y 605HP Diesel Pusher Motorhome RV, Nov 16, &excats=134-40&min_price=200000&max_price=1000000, Wisconsin, Sheboygan, For Sale-Wanted, RVs, https://sheboygan.craigslist.org/rvd/d/grand-rapids-2018-entegra-cornerstone/7021369649.html,,2019-11-16,US,2019-11-21
2018 Entegra Cornerstone 45Y 605HP Diesel Pusher Motorhome RV, Nov 16, &excats=134-40&min_price=200000&max_price=1000000, California, Bakersfield, For Sale-Wanted, RVs, https://bakersfield.craigslist.org/rvd/d/grand-rapids-2018-entegra-cornerstone/7021273024.html,,2019-11-16,US,2019-11-21
SmartPac SP 600 Sachet Machine, Nov 16, &excats=134-40&min_price=200000&max_price=1000000, California, Inland Empire, For Sale-Wanted, Heavy Equipment, https://inlandempire.craigslist.org/hvo/d/rancho-palos-verdes-smartpac-sp-600/7010549430.html,,2019-11-16,US,2019-11-21
ONE OF A KIND NFL GAME WORN JERSEY !!!!, Nov 16, &excats=134-40&min_price=200000&max_price=1000000, California, Inland Empire, For Sale-Wanted, Collectibles, https://inlandempire.craigslist.org/clt/d/riverside-one-of-kind-nfl-game-worn/7012342294.html,,2019-11-16,US,2019-11-21
Copyrights to Children&#39;s Book, Nov 16, &excats=134-40&min_price=200000&max_price=1000000, California, Los Angeles, For Sale-Wanted, Art by Owner, https://losangeles.craigslist.org/lac/art/d/copyrights-to-childrens-book/7021572902.html,,2019-11-16,US,2019-11-21
Copyrights to Children&#39;s Book, Nov 16, &excats=134-40&min_price=200000&max_price=1000000, California, Los Angeles, For Sale-Wanted, Art by Owner, https://losangeles.craigslist.org/lac/art/d/copyrights-to-childrens-book/7021572674.html,,2019-11-16,US,2019-11-21
Copyrights to Children&#39;s Book, Nov 16, &excats=134-40&min_price=200000&max_price=1000000, California, Los Angeles, For Sale-Wanted, Art by Owner, https://losangeles.craigslist.org/lac/art/d/copyrights-to-childrens-book/7021572144.html,,2019-11-16,US,2019-11-21
Crystal&#39;s minerals  rocks !!, Nov 16, &excats=134-40&min_price=200000&max_price=1000000, California, Los Angeles, For Sale-Wanted, Antique By Owner, https://losangeles.craigslist.org/sfv/atq/d/northridge-crystals-minerals-rocks/7017466173.html,,2019-11-16,US,2019-11-21
SmartPac SP 600 Sachet Machine, Nov 16, &excats=134-40&min_price=200000&max_price=1000000, California, Los Angeles, For Sale-Wanted, Heavy Equipment, https://losangeles.craigslist.org/sfv/hvo/d/los-angeles-smartpac-sp-600-sachet/7010836897.html,,2019-11-16,US,2019-11-21
Vacant land 80 acres for sale in Barstow, Nov 16, &excats=134-40&min_price=200000&max_price=1000000, California, Los Angeles, For Sale-Wanted, Farm and Garden, https://losangeles.craigslist.org/lac/grd/d/barstow-vacant-land-80-acres-for-sale/7021251666.html,,2019-11-16,US,2019-11-21
Drott 40 Excavator, Nov 16, &excats=134-40&min_price=200000&max_price=1000000, California, Los Angeles, For Sale-Wanted, Heavy Equipment, https://losangeles.craigslist.org/sfv/hvo/d/topanga-drott-40-excavator/7021207197.html,,2019-11-16,US,2019-11-21
Copyrights to Children&#39;s Book, Nov 16, &excats=134-40&min_price=200000&max_price=1000000, California, Los Angeles, For Sale-Wanted, Art by Owner, https://losangeles.craigslist.org/lac/art/d/copyrights-to-childrens-book/7021572902.html,,2019-11-16,US,2019-11-21
Copyrights to Children&#39;s Book, Nov 16, &excats=134-40&min_price=200000&max_price=1000000, California, Los Angeles, For Sale-Wanted, Art by Owner, https://losangeles.craigslist.org/lac/art/d/copyrights-to-childrens-book/7021572674.html,,2019-11-16,US,2019-11-21
Copyrights to Children&#39;s Book, Nov 16, &excats=134-40&min_price=200000&max_price=1000000, California, Los Angeles, For Sale-Wanted, Art by Owner, https://losangeles.craigslist.org/lac/art/d/copyrights-to-childrens-book/7021572144.html,,2019-11-16,US,2019-11-21
Crystal&#39;s minerals  rocks !!, Nov 16, &excats=134-40&min_price=200000&max_price=1000000, California, Los Angeles, For Sale-Wanted, Antique By Owner, https://losangeles.craigslist.org/sfv/atq/d/northridge-crystals-minerals-rocks/7017466173.html,,2019-11-16,US,2019-11-21
SmartPac SP 600 Sachet Machine, Nov 16, &excats=134-40&min_price=200000&max_price=1000000, California, Los Angeles, For Sale-Wanted, Heavy Equipment, https://losangeles.craigslist.org/sfv/hvo/d/los-angeles-smartpac-sp-600-sachet/7010836897.html,,2019-11-16,US,2019-11-21
Vacant land 80 acres for sale in Barstow, Nov 16, &excats=134-40&min_price=200000&max_price=1000000, California, Los Angeles, For Sale-Wanted, Farm and Garden, https://losangeles.craigslist.org/lac/grd/d/barstow-vacant-land-80-acres-for-sale/7021251666.html,,2019-11-16,US,2019-11-21
Drott 40 Excavator, Nov 16, &excats=134-40&min_price=200000&max_price=1000000, California, Los Angeles, For Sale-Wanted, Heavy Equipment, https://losangeles.craigslist.org/sfv/hvo/d/topanga-drott-40-excavator/7021207197.html,,2019-11-16,US,2019-11-21
2018 Entegra Cornerstone 45Y 605HP Diesel Pusher Motorhome RV, Nov 16, &excats=134-40&min_price=200000&max_price=1000000, California, Modesto, For Sale-Wanted, RVs, https://modesto.craigslist.org/rvd/d/grand-rapids-2018-entegra-cornerstone/7021303807.html,,2019-11-16,US,2019-11-21
.62 Acres OCEANFRONT SANDY BEACH, Nov 16, &excats=134-40&min_price=200000&max_price=1000000, California, Orange County, For Sale-Wanted, General, https://orangecounty.craigslist.org/for/d/yachats-62-acres-oceanfront-sandy-beach/7021375454.html,,2019-11-16,US,2019-11-21
2018 Entegra Cornerstone 45Y 605HP Diesel Pusher Motorhome RV, Nov 16, &excats=134-40&min_price=200000&max_price=1000000, California, Orange County, For Sale-Wanted, RVs, https://orangecounty.craigslist.org/rvd/d/grand-rapids-2018-entegra-cornerstone/7021296958.html,,2019-11-16,US,2019-11-21
Forklift Buyers $$ Cash $ Trucks  heavy equipment buyer, Nov 16, &excats=134-40&min_price=200000&max_price=1000000, California, Orange County, For Sale-Wanted, Wanted, https://orangecounty.craigslist.org/wan/d/anaheim-forklift-buyers-cash-trucks/7001760954.html,,2019-11-16,US,2019-11-21
Buying Baseball Football Basketball Cards  Comics  Coins  Knives $$, Nov 16, &excats=134-40&min_price=200000&max_price=1000000, California, Redding, For Sale-Wanted, General, https://redding.craigslist.org/for/d/redding-buying-baseball-football/7004567612.html,,2019-11-16,US,2019-11-21
Wanted Baseball Football Basketball Cards  Comics  Coins & Knives $$, Nov 16, &excats=134-40&min_price=200000&max_price=1000000, California, Redding, For Sale-Wanted, Collectibles, https://redding.craigslist.org/clt/d/redding-wanted-baseball-football/7004241358.html,Want,2019-11-16,US,2019-11-21
2019 Honda Civic Sedan Si, Nov 16, &excats=134-40&min_price=200000&max_price=1000000, California, Sacramento, For Sale-Wanted, Cars And Trucks, https://sacramento.craigslist.org/cto/d/sacramento-2019-honda-civic-sedan-si/7021658959.html,,2019-11-16,US,2019-11-21
2018 Entegra Cornerstone 45Y 605HP Diesel Pusher Motorhome RV, Nov 16, &excats=134-40&min_price=200000&max_price=1000000, California, Sacramento, For Sale-Wanted, RVs, https://sacramento.craigslist.org/rvd/d/grand-rapids-2018-entegra-cornerstone/7021301336.html,,2019-11-16,US,2019-11-21
2018 Entegra Cornerstone 45Y 605HP Diesel Pusher Motorhome RV, Nov 16, &excats=134-40&min_price=200000&max_price=1000000, California, Santa Barbara, For Sale-Wanted, RVs, https://santabarbara.craigslist.org/rvd/d/grand-rapids-2018-entegra-cornerstone/7021306419.html,,2019-11-16,US,2019-11-21
10000 sq ft commercial aircraft hangar, Nov 16, &excats=134-40&min_price=200000&max_price=1000000, California, Stockton, For Sale-Wanted, NA, https://stockton.craigslist.org/avo/d/yerington-sq-ft-commercial-aircraft/7004018693.html,,2019-11-16,US,2019-11-21
SmartPac SP 600 Sachet Machine, Nov 16, &excats=134-40&min_price=200000&max_price=1000000, California, Susanville, For Sale-Wanted, Heavy Equipment, https://susanville.craigslist.org/hvo/d/los-angeles-smartpac-sp-600-sachet/7010840826.html,,2019-11-16,US,2019-11-21
48&#39; Custom Scott Sprague, Nov 15, &excats=134-40&min_price=200000&max_price=1000000, Washington, Bellingham, For Sale-Wanted, Boat Parts, https://bellingham.craigslist.org/boa/d/bellingham-48-custom-scott-sprague/7020779692.html,,2019-11-15,US,2019-11-21
Luke combs scams read, Nov 15, &excats=134-40&min_price=200000&max_price=1000000, Indiana, Indianapolis, For Sale-Wanted, Tickets, https://indianapolis.craigslist.org/tix/d/indianapolis-luke-combs-scams-read/7020370601.html,,2019-11-15,US,2019-11-21
11 acre horse farm, Nov 15, &excats=134-40&min_price=200000&max_price=1000000, Indiana, Terre Haute, For Sale-Wanted, Farm and Garden, https://terrehaute.craigslist.org/grd/d/paris-11-acre-horse-farm/7020725323.html,,2019-11-15,US,2019-11-21
Slice of Heaven, Nov 15, &excats=134-40&min_price=200000&max_price=1000000, Georgia, Atlanta, For Sale-Wanted, Farm and Garden, https://atlanta.craigslist.org/nat/grd/d/taylorsville-slice-of-heaven/7006730646.html,,2019-11-15,US,2019-11-21
MAILBOX CUSTOM MADE, Nov 15, &excats=134-40&min_price=200000&max_price=1000000, Georgia, Atlanta, For Sale-Wanted, General, https://atlanta.craigslist.org/atl/for/d/atlanta-mailbox-custom-made/7020545351.html,,2019-11-15,US,2019-11-21
STAR WARS ACTION FIGURES OPEN BOX, Nov 15, &excats=134-40&min_price=200000&max_price=1000000, Georgia, Atlanta, For Sale-Wanted, Collectibles, https://atlanta.craigslist.org/atl/clt/d/atlanta-star-wars-action-figures-open/7020542320.html,,2019-11-15,US,2019-11-21
SUPERMAN, Nov 15, &excats=134-40&min_price=200000&max_price=1000000, Georgia, Atlanta, For Sale-Wanted, Collectibles, https://atlanta.craigslist.org/atl/clt/d/atlanta-superman/7020539820.html,,2019-11-15,US,2019-11-21
GI JOE, Nov 15, &excats=134-40&min_price=200000&max_price=1000000, Georgia, Atlanta, For Sale-Wanted, Collectibles, https://atlanta.craigslist.org/atl/clt/d/atlanta-gi-joe/7020535856.html,,2019-11-15,US,2019-11-21
A win win for all, Nov 15, &excats=134-40&min_price=200000&max_price=1000000, Georgia, Atlanta, For Sale-Wanted, Wanted, https://atlanta.craigslist.org/wat/wan/d/douglasville-win-win-for-all/7020522059.html,,2019-11-15,US,2019-11-21
2002 Dodge Viper RT 10, Nov 15, &excats=134-40&min_price=200000&max_price=1000000, Vermont, Vermont, For Sale-Wanted, Cars And by Dealer, https://vermont.craigslist.org/ctd/d/middleboro-2002-dodge-viper-rt-10/7020684025.html,,2019-11-15,US,2019-11-21
2010 Sea Ray 610 Sundancer, Nov 15, &excats=134-40&min_price=200000&max_price=1000000, South Carolina, Charleston, For Sale-Wanted, Boat Parts by Dealer, https://charleston.craigslist.org/bod/d/wilmington-2010-sea-ray-610-sundancer/7020723045.html,,2019-11-15,US,2019-11-21
2010 Sea Ray 610 Sundancer, Nov 15, &excats=134-40&min_price=200000&max_price=1000000, South Carolina, Hilton Head, For Sale-Wanted, Boat Parts by Dealer, https://hiltonhead.craigslist.org/bod/d/wilmington-2010-sea-ray-610-sundancer/7020723262.html,,2019-11-15,US,2019-11-21
2010 Sea Ray 610 Sundancer, Nov 15, &excats=134-40&min_price=200000&max_price=1000000, South Carolina, Myrtle Beach, For Sale-Wanted, Boat Parts by Dealer, https://myrtlebeach.craigslist.org/bod/d/wilmington-2010-sea-ray-610-sundancer/7020722688.html,,2019-11-15,US,2019-11-21
Buying Commercial Cleaning Equipment, Nov 15, &excats=134-40&min_price=200000&max_price=1000000, Massachusetts, Boston, For Sale-Wanted, Wanted, https://boston.craigslist.org/nos/wan/d/attleboro-falls-buying-commercial/7020616586.html,,2019-11-15,US,2019-11-21
Family Mausoleum, Nov 15, &excats=134-40&min_price=200000&max_price=1000000, Arizona, Phoenix, For Sale-Wanted, General, https://phoenix.craigslist.org/wvl/for/d/glendale-family-mausoleum/7020861592.html,,2019-11-15,US,2019-11-21
??BUYER IPHONE X XS 11 PRO MAX  XR  8  7 PLUS ?? CASH NOW AIRPODS, Nov 15, &excats=134-40&min_price=200000&max_price=1000000, Arizona, Phoenix, For Sale-Wanted, Wanted, https://phoenix.craigslist.org/nph/wad/d/phoenix-buyer-iphone-xs-11-pro-max-xr/7020806560.html,,2019-11-15,US,2019-11-21
??BUYER IPHONE X XS 11 PRO MAX  XR  8  7 PLUS MACBOOK ?? CASH NOW, Nov 15, &excats=134-40&min_price=200000&max_price=1000000, Arizona, Phoenix, For Sale-Wanted, Wanted, https://phoenix.craigslist.org/nph/wad/d/phoenix-buyer-iphone-xs-11-pro-max-xr/7020805919.html,,2019-11-15,US,2019-11-21
??BUYER IPHONE X XS 11 PRO MAX  XR  8  7 PLUS IPAD ?? CASH NOW, Nov 15, &excats=134-40&min_price=200000&max_price=1000000, Arizona, Phoenix, For Sale-Wanted, Wanted, https://phoenix.craigslist.org/nph/wad/d/phoenix-buyer-iphone-xs-11-pro-max-xr/7020805096.html,,2019-11-15,US,2019-11-21
??BUYER IPHONE X XS MAX  XR  8  7 PLUS IPAD ?? CASH NOW, Nov 15, &excats=134-40&min_price=200000&max_price=1000000, Arizona, Phoenix, For Sale-Wanted, Wanted, https://phoenix.craigslist.org/nph/wad/d/phoenix-buyer-iphone-xs-max-xr-plus/7020776090.html,,2019-11-15,US,2019-11-21
1997 DCB 24 extream, Nov 15, &excats=134-40&min_price=200000&max_price=1000000, Arizona, Phoenix, For Sale-Wanted, Boat Parts, https://phoenix.craigslist.org/nph/boa/d/phoenix-1997-dcb-24-extream/7002712111.html,,2019-11-15,US,2019-11-21
2017 Agco- Amity air seeder with agco-amity 5250 air cart, Nov 15, &excats=134-40&min_price=200000&max_price=1000000, North Dakota, Bismarck, For Sale-Wanted, Farm and Garden, https://bismarck.craigslist.org/grd/d/wheaton-2017-agco-amity-air-seeder-with/7020515059.html,,2019-11-15,US,2019-11-21
2010 Sea Ray 610 Sundancer, Nov 15, &excats=134-40&min_price=200000&max_price=1000000, Florida, Jacksonville, For Sale-Wanted, Boat Parts by Dealer, https://jacksonville.craigslist.org/bod/d/wilmington-2010-sea-ray-610-sundancer/7020721489.html,,2019-11-15,US,2019-11-21
2014 Tiffin Allegro Bus 37 AP, Nov 15, &excats=134-40&min_price=200000&max_price=1000000, Florida, Orlando, For Sale-Wanted, RVs, https://orlando.craigslist.org/rvd/d/winter-garden-2014-tiffin-allegro-bus/7020496879.html,,2019-11-15,US,2019-11-21
Gold Buyers Diamond Buyers Rolex Buyers Jewelry Buyers Cash, Nov 15, &excats=134-40&min_price=200000&max_price=1000000, Florida, Space Coast, For Sale-Wanted, Jewelry, https://spacecoast.craigslist.org/jwl/d/melbourne-gold-buyers-diamond-buyers/7020842007.html,,2019-11-15,US,2019-11-21
Buying Old Rolex anytime, Nov 15, &excats=134-40&min_price=200000&max_price=1000000, Florida, Space Coast, For Sale-Wanted, Jewelry, https://spacecoast.craigslist.org/jwl/d/melbourne-buying-old-rolex-anytime/7020840323.html,,2019-11-15,US,2019-11-21
Home For Sale, Nov 15, &excats=134-40&min_price=200000&max_price=1000000, Florida, Space Coast, For Sale-Wanted, General, https://spacecoast.craigslist.org/for/d/satellite-beach-home-for-sale/7020653850.html,,2019-11-15,US,2019-11-21
4BEDROOM BLOCK HOUSE WITH INLAW SUITE  TURN KEY READY, Nov 15, &excats=134-40&min_price=200000&max_price=1000000, Florida, St Augustine, For Sale-Wanted, General, https://staugustine.craigslist.org/for/d/saint-augustine-4bedroom-block-house/7020491349.html,,2019-11-15,US,2019-11-21
Kilns 1 Glass$ 300 & 1 Ceramic $600, Nov 15, &excats=134-40&min_price=200000&max_price=1000000, Colorado, Denver, For Sale-Wanted, Art by Owner, https://denver.craigslist.org/art/d/denver-kilns-1-glass-ceramic-600/7020676987.html,,2019-11-15,US,2019-11-21
2010 Sea Ray 610 Sundancer, Nov 15, &excats=134-40&min_price=200000&max_price=1000000, Virginia, Fredericksburg, For Sale-Wanted, Boat Parts by Dealer, https://fredericksburg.craigslist.org/bod/d/wilmington-2010-sea-ray-610-sundancer/7020722939.html,,2019-11-15,US,2019-11-21
2010 Sea Ray 610 Sundancer, Nov 15, &excats=134-40&min_price=200000&max_price=1000000, Maryland, Annapolis, For Sale-Wanted, Boat Parts by Dealer, https://annapolis.craigslist.org/bod/d/wilmington-2010-sea-ray-610-sundancer/7020723144.html,,2019-11-15,US,2019-11-21
2010 Sea Ray 610 Sundancer, Nov 15, &excats=134-40&min_price=200000&max_price=1000000, Maryland, Baltimore, For Sale-Wanted, Boat Parts by Dealer, https://baltimore.craigslist.org/bod/d/wilmington-2010-sea-ray-610-sundancer/7020723278.html,,2019-11-15,US,2019-11-21
Cash Paid 4 Antiques & Household Items, Nov 15, &excats=134-40&min_price=200000&max_price=1000000, Maryland, Baltimore, For Sale-Wanted, Household, https://baltimore.craigslist.org/hsh/d/cash-paid-4-antiques-household-items/7000692258.html,,2019-11-15,US,2019-11-21
2010 Sea Ray 610 Sundancer, Nov 15, &excats=134-40&min_price=200000&max_price=1000000, Maryland, Frederick, For Sale-Wanted, Boat Parts by Dealer, https://frederick.craigslist.org/bod/d/wilmington-2010-sea-ray-610-sundancer/7020723428.html,,2019-11-15,US,2019-11-21
65 acres waterfront building site, Nov 15, &excats=134-40&min_price=200000&max_price=1000000, New Mexico, Las Cruces, For Sale-Wanted, General, https://lascruces.craigslist.org/for/d/65-acres-waterfront-building-site/7012974713.html,,2019-11-15,US,2019-11-21
Old movie posters, Nov 15, &excats=134-40&min_price=200000&max_price=1000000, Ohio, Cincinnati, For Sale-Wanted, Antique By Owner, https://cincinnati.craigslist.org/atq/d/ft-mitchell-old-movie-posters/7020433522.html,,2019-11-15,US,2019-11-21
8n 9n 2n TRACTOR TIRE  RIM FORD 8N 9N 2N MF, Nov 15, &excats=134-40&min_price=200000&max_price=1000000, Ohio, Cleveland, For Sale-Wanted, Farm and Garden, https://cleveland.craigslist.org/grd/d/8n-9n-2n-tractor-tire-rim-ford-8n-9n-2n/7015893383.html,,2019-11-15,US,2019-11-21
8n 9n 2n ford masey ferguson tractor tire  rim, Nov 15, &excats=134-40&min_price=200000&max_price=1000000, Ohio, Mansfield, For Sale-Wanted, Wanted, https://mansfield.craigslist.org/wan/d/willoughby-8n-9n-2n-ford-masey-ferguson/7016057713.html,,2019-11-15,US,2019-11-21
Land/House Wanted, Nov 15, &excats=134-40&min_price=200000&max_price=1000000, North Carolina, Asheville, For Sale-Wanted, Wanted, https://asheville.craigslist.org/wan/d/hendersonville-land-house-wanted/7020514570.html,Want,2019-11-15,US,2019-11-21
2010 Sea Ray 610 Sundancer, Nov 15, &excats=134-40&min_price=200000&max_price=1000000, North Carolina, Wilmington, For Sale-Wanted, Boat Parts by Dealer, https://wilmington.craigslist.org/bod/d/wilmington-2010-sea-ray-610-sundancer/7020722772.html,,2019-11-15,US,2019-11-21
2010 Sea Ray 610 Sundancer, Nov 15, &excats=134-40&min_price=200000&max_price=1000000, North Carolina, Wilmington, For Sale-Wanted, Boat Parts by Dealer, https://myrtlebeach.craigslist.org/bod/d/wilmington-2010-sea-ray-610-sundancer/7020722688.html,,2019-11-15,US,2019-11-21
2010 Sea Ray 610 Sundancer, Nov 15, &excats=134-40&min_price=200000&max_price=1000000, North Carolina, Wilmington, For Sale-Wanted, Boat Parts by Dealer, https://eastnc.craigslist.org/bod/d/wilmington-2010-sea-ray-610-sundancer/7020722853.html,,2019-11-15,US,2019-11-21
2010 Sea Ray 610 Sundancer, Nov 15, &excats=134-40&min_price=200000&max_price=1000000, North Carolina, Wilmington, For Sale-Wanted, Boat Parts by Dealer, https://raleigh.craigslist.org/bod/d/wilmington-2010-sea-ray-610-sundancer/7020723365.html,,2019-11-15,US,2019-11-21
For sale, Nov 15, &excats=134-40&min_price=200000&max_price=1000000, Louisiana, New Orleans, For Sale-Wanted, General, https://neworleans.craigslist.org/for/d/bush-for-sale/7020992970.html,,2019-11-15,US,2019-11-21
Perfect location Lower Garden District, Nov 15, &excats=134-40&min_price=200000&max_price=1000000, Louisiana, New Orleans, For Sale-Wanted, General, https://neworleans.craigslist.org/for/d/new-orleans-perfect-location-lower/7018486386.html,,2019-11-15,US,2019-11-21
Great 6 bdrm/4 bth Home, Nov 15, &excats=134-40&min_price=200000&max_price=1000000, Utah, St George, For Sale-Wanted, General, https://stgeorge.craigslist.org/for/d/washington-great-6-bdrm-4-bth-home/7005735088.html,,2019-11-15,US,2019-11-21
PowerScreen TrakPactor 500, Nov 15, &excats=134-40&min_price=200000&max_price=1000000, Oklahoma, Oklahoma City, For Sale-Wanted, Heavy Equipment, https://oklahomacity.craigslist.org/hvo/d/georgetown-powerscreen-trakpactor-500/7020576840.html,,2019-11-15,US,2019-11-21
CASH PAID FOR NETWORK & TELECOM EQUIPMENT. FLUKE JUNIPER HP  & MORE, Nov 15, &excats=134-40&min_price=200000&max_price=1000000, Oklahoma, Tulsa, For Sale-Wanted, Wanted, https://tulsa.craigslist.org/wad/d/tulsa-cash-paid-for-network-telecom/7020484985.html,,2019-11-15,US,2019-11-21
GET TOP DOLLAR FAST FOR YOUR NEW OR USED TEST AND MEDICAL EQUIPMENT., Nov 15, &excats=134-40&min_price=200000&max_price=1000000, Oklahoma, Tulsa, For Sale-Wanted, Wanted, https://tulsa.craigslist.org/wad/d/tulsa-get-top-dollar-fast-for-your-new/7020482610.html,,2019-11-15,US,2019-11-21
Beautiful Country Home, Nov 15, &excats=134-40&min_price=200000&max_price=1000000, Idaho, East Idaho, For Sale-Wanted, General, https://eastidaho.craigslist.org/for/d/lewisville-beautiful-country-home/7005717001.html,,2019-11-15,US,2019-11-21
fl home 2.4 ac on thr ST River, Nov 15, &excats=134-40&min_price=200000&max_price=1000000, Tennessee, Knoxville, For Sale-Wanted, Wanted, https://knoxville.craigslist.org/wan/d/lake-como-fl-home-24-ac-on-thr-st-river/7020548970.html,,2019-11-15,US,2019-11-21
wtb old porsche vw bus mercedes ferrari lamborghini delorean jaguar, Nov 15, &excats=134-40&min_price=200000&max_price=1000000, Pennsylvania, Harrisburg, For Sale-Wanted, Wanted, https://harrisburg.craigslist.org/wan/d/jamestown-wtb-old-porsche-vw-bus/7002131494.html,,2019-11-15,US,2019-11-21
!!@ Gift Cards / / Store Credit / / Highest Rates 4 Your Card @!!, Nov 15, &excats=134-40&min_price=200000&max_price=1000000, Pennsylvania, Philadelphia, For Sale-Wanted, Wanted, https://philadelphia.craigslist.org/wan/d/philadelphia-gift-cards-store-credit/7020716519.html,,2019-11-15,US,2019-11-21
****Metal wanted****, Nov 15, &excats=134-40&min_price=200000&max_price=1000000, Pennsylvania, Philadelphia, For Sale-Wanted, Wanted, https://philadelphia.craigslist.org/wan/d/metal-wanted/7020424428.html,Want,2019-11-15,US,2019-11-21
City lot with direct city views!, Nov 15, &excats=134-40&min_price=200000&max_price=1000000, Pennsylvania, Pittsburgh, For Sale-Wanted, Heavy Equipment, https://pittsburgh.craigslist.org/hvo/d/pittsburgh-city-lot-with-direct-city/7020836779.html,,2019-11-15,US,2019-11-21
5 bedroom House with side 1 bedroomapt, Nov 15, &excats=134-40&min_price=200000&max_price=1000000, Pennsylvania, Pittsburgh, For Sale-Wanted, General, https://pittsburgh.craigslist.org/for/d/pittsburgh-5-bedroom-house-with-side-1/7020824997.html,,2019-11-15,US,2019-11-21
PowerScreen TrakPactor 500, Nov 15, &excats=134-40&min_price=200000&max_price=1000000, Texas, Amarillo, For Sale-Wanted, Heavy Equipment, https://amarillo.craigslist.org/hvo/d/georgetown-powerscreen-trakpactor-500/7020572542.html,,2019-11-15,US,2019-11-21
TERRY CREWS!! GAME WORN SAN DIEGO CHARGERS JERSEY, Nov 15, &excats=134-40&min_price=200000&max_price=1000000, Texas, Austin, For Sale-Wanted, Collectibles, https://austin.craigslist.org/clt/d/austin-terry-crews-game-worn-san-diego/7016517393.html,,2019-11-15,US,2019-11-21
2012 Meridian 391, Nov 15, &excats=134-40&min_price=200000&max_price=1000000, Texas, Austin, For Sale-Wanted, Boat Parts by Dealer, https://austin.craigslist.org/bod/d/austin-2012-meridian-391/7020887804.html,,2019-11-15,US,2019-11-21
OWNER FINANCE OPPORTUNITY WONT LAST - AUSTIN 78747 - 35 min to d, Nov 15, &excats=134-40&min_price=200000&max_price=1000000, Texas, Austin, For Sale-Wanted, General, https://austin.craigslist.org/for/d/austin-owner-finance-opportunity-wont/7020685024.html,,2019-11-15,US,2019-11-21
2016 PowerScreen TrakPactor 500, Nov 15, &excats=134-40&min_price=200000&max_price=1000000, Texas, Austin, For Sale-Wanted, Heavy Equipment, https://austin.craigslist.org/hvo/d/georgetown-2016-powerscreen-trakpactor/7015519477.html,,2019-11-15,US,2019-11-21
** I BUY iPHONE 11 PRO X XR XS MAX 8 8 PLUS iPAD MAC $$ NEW or USED $$, Nov 15, &excats=134-40&min_price=200000&max_price=1000000, Texas, Austin, For Sale-Wanted, Wanted, https://austin.craigslist.org/wad/d/austin-buy-iphone-11-pro-xr-xs-max-8-8/7020426935.html,,2019-11-15,US,2019-11-21
Super opportunity of a Lifetime!!!- must sell was $1.3 million!!, Nov 15, &excats=134-40&min_price=200000&max_price=1000000, Texas, Corpus Christi, For Sale-Wanted, General, https://corpuschristi.craigslist.org/fod/d/refugio-super-opportunity-of-lifetime/7020971089.html,,2019-11-15,US,2019-11-21
Super opportunity of a Lifetime!!!- must sell was $1.3 million!!, Nov 15, &excats=134-40&min_price=200000&max_price=1000000, Texas, Corpus Christi, For Sale-Wanted, Cars And by Dealer, https://corpuschristi.craigslist.org/ctd/d/refugio-super-opportunity-of-lifetime/7020964694.html,,2019-11-15,US,2019-11-21
CENTRO COMERCIAL EN VENTA, Nov 15, &excats=134-40&min_price=200000&max_price=1000000, Texas, El Paso, For Sale-Wanted, General, https://elpaso.craigslist.org/for/d/san-elizario-centro-comercial-en-venta/7001461661.html,,2019-11-15,US,2019-11-21
Super opportunity of a Lifetime!!!must sell 80% off was $1.3 million!!, Nov 15, &excats=134-40&min_price=200000&max_price=1000000, Texas, Houston, For Sale-Wanted, General, https://houston.craigslist.org/fod/d/refugio-super-opportunity-of/7020968903.html,,2019-11-15,US,2019-11-21
60 Volt Craftsman lawnmower/ and blower., Nov 15, &excats=134-40&min_price=200000&max_price=1000000, Texas, Houston, For Sale-Wanted, General, https://houston.craigslist.org/for/d/pasadena-60-volt-craftsman-lawnmower/7020770310.html,,2019-11-15,US,2019-11-21
Louis Vuitton Aquarelle, Nov 15, &excats=134-40&min_price=200000&max_price=1000000, Texas, Houston, For Sale-Wanted, Clothes, https://houston.craigslist.org/clo/d/webster-louis-vuitton-aquarelle/7020713605.html,,2019-11-15,US,2019-11-21
wtd lexus / camry / avalon wheels, Nov 15, &excats=134-40&min_price=200000&max_price=1000000, Texas, Houston, For Sale-Wanted, NA, https://houston.craigslist.org/wto/d/lumberton-wtd-lexus-camry-avalon-wheels/7020711238.html,,2019-11-15,US,2019-11-21
PowerScreen TrakPactor 500, Nov 15, &excats=134-40&min_price=200000&max_price=1000000, Texas, Houston, For Sale-Wanted, Heavy Equipment, https://houston.craigslist.org/hvo/d/georgetown-powerscreen-trakpactor-500/7020580994.html,,2019-11-15,US,2019-11-21
1973 Nissan Skyline GTR Kenmeri, Nov 15, &excats=134-40&min_price=200000&max_price=1000000, Texas, Houston, For Sale-Wanted, Cars And Trucks, https://houston.craigslist.org/cto/d/houston-1973-nissan-skyline-gtr-kenmeri/7020581416.html,,2019-11-15,US,2019-11-21
GET TOP DOLLAR FAST FOR YOUR NEW OR USED TEST AND MEDICAL EQUIPMENT., Nov 15, &excats=134-40&min_price=200000&max_price=1000000, Texas, Houston, For Sale-Wanted, Wanted, https://houston.craigslist.org/wad/d/spring-get-top-dollar-fast-for-your-new/7020490647.html,,2019-11-15,US,2019-11-21
BUYING JUNK VEHICLES!! $$, Nov 15, &excats=134-40&min_price=200000&max_price=1000000, Texas, Lubbock, For Sale-Wanted, Wanted, https://lubbock.craigslist.org/wan/d/lubbock-buying-junk-vehicles/7014076127.html,,2019-11-15,US,2019-11-21
BUYING VEHICLES ANY CONDITION!!, Nov 15, &excats=134-40&min_price=200000&max_price=1000000, Texas, Lubbock, For Sale-Wanted, Wanted, https://lubbock.craigslist.org/wan/d/lubbock-buying-vehicles-any-condition/7008613076.html,,2019-11-15,US,2019-11-21
2016 PowerScreen TrakPactor 500, Nov 15, &excats=134-40&min_price=200000&max_price=1000000, Texas, San Angelo, For Sale-Wanted, Heavy Equipment, https://sanangelo.craigslist.org/hvo/d/georgetown-2016-powerscreen-trakpactor/7020569050.html,,2019-11-15,US,2019-11-21
Buying Commercial Cleaning Equipment, Nov 15, &excats=134-40&min_price=200000&max_price=1000000, Connecticut, Hartford, For Sale-Wanted, Wanted, https://hartford.craigslist.org/wan/d/attleboro-falls-buying-commercial/7020800393.html,,2019-11-15,US,2019-11-21
2019, Nov 15, &excats=134-40&min_price=200000&max_price=1000000, Connecticut, New Haven, For Sale-Wanted, Heavy Equipment, https://newhaven.craigslist.org/hvo/d/bloomfield-2019/7020524066.html,,2019-11-15,US,2019-11-21
ONE OF A KIND!!  San Diego Chargers Game Worn Jersey, Nov 15, &excats=134-40&min_price=200000&max_price=1000000, Missouri, Kansas City, For Sale-Wanted, Collectibles, https://kansascity.craigslist.org/clt/d/one-of-kind-san-diego-chargers-game/7017863287.html,,2019-11-15,US,2019-11-21
WANTED: 1970s - 1990s Vintage Band Tour CONCERT T-SHIRTS (All Sizes), Nov 15, &excats=134-40&min_price=200000&max_price=1000000, Missouri, Kansas City, For Sale-Wanted, Wanted, https://kansascity.craigslist.org/wan/d/kansas-city-wanted-1970s-s-vintage-band/7020517198.html,Want,2019-11-15,US,2019-11-21
Looking to Buy 45s & LP Vinyl Records / Album Collections!!!, Nov 15, &excats=134-40&min_price=200000&max_price=1000000, Missouri, Kansas City, For Sale-Wanted, Wanted, https://kansascity.craigslist.org/wan/d/looking-to-buy-45s-lp-vinyl-records/7020517733.html,Want,2019-11-15,US,2019-11-21
2003 16x78&#39;Houesboat, Nov 15, &excats=134-40&min_price=200000&max_price=1000000, Missouri, Springfield, For Sale-Wanted, Boat Parts, https://springfield.craigslist.org/boa/d/peel-x78houesboat/7021016572.html,,2019-11-15,US,2019-11-21
2000 Carver 506 AFT For Sale *Moving if not sold*, Nov 15, &excats=134-40&min_price=200000&max_price=1000000, Missouri, St Louis, For Sale-Wanted, Boat Parts, https://stlouis.craigslist.org/boa/d/lake-ozark-2000-carver-506-aft-for-sale/7020827100.html,,2019-11-15,US,2019-11-21
House for sale 4 bds 3baths, Nov 15, &excats=134-40&min_price=200000&max_price=1000000, Illinois, Chicago, For Sale-Wanted, General, https://chicago.craigslist.org/nwi/for/d/crown-point-house-for-sale-4-bds-3baths/7013474218.html,,2019-11-15,US,2019-11-21
TERRY CREWS!! GAME WORN SAN DIEGO CHARGERS JERSEY, Nov 15, &excats=134-40&min_price=200000&max_price=1000000, Illinois, Chicago, For Sale-Wanted, Collectibles, https://chicago.craigslist.org/nch/clt/d/skokie-terry-crews-game-worn-san-diego/7016517775.html,,2019-11-15,US,2019-11-21
12681 s Archer, Nov 15, &excats=134-40&min_price=200000&max_price=1000000, Illinois, Chicago, For Sale-Wanted, General, https://chicago.craigslist.org/sox/for/d/lemont-archer/7020961807.html,,2019-11-15,US,2019-11-21
Ink & Toner Cartridge Buy-Back & Recycle Service LOCAL, Nov 15, &excats=134-40&min_price=200000&max_price=1000000, Illinois, Chicago, For Sale-Wanted, Wanted, https://chicago.craigslist.org/nwc/wan/d/mchenry-ink-toner-cartridge-buy-back/7020520305.html,,2019-11-15,US,2019-11-21
2017 MERCEDES BENZ G550 SQUARED 1-OWNER 38S G 550 G63 2018 2019 2016, Nov 15, &excats=134-40&min_price=200000&max_price=1000000, Oregon, Bend, For Sale-Wanted, Cars And by Dealer, https://bend.craigslist.org/ctd/d/portland-2017-mercedes-benz-g550/7020527308.html,,2019-11-15,US,2019-11-21
Land swap. Thurston Rd Springfield, Nov 15, &excats=134-40&min_price=200000&max_price=1000000, Oregon, Eugene, For Sale-Wanted, Farm and Garden, https://eugene.craigslist.org/grd/d/springfield-land-swap-thurston-rd/7020991720.html,,2019-11-15,US,2019-11-21
2017 MERCEDES BENZ G550 SQUARED 1-OWNER 38S G 550 G63 2018 2019 2016, Nov 15, &excats=134-40&min_price=200000&max_price=1000000, Oregon, Eugene, For Sale-Wanted, Cars And by Dealer, https://eugene.craigslist.org/ctd/d/portland-2017-mercedes-benz-g550/7020531201.html,,2019-11-15,US,2019-11-21
Three life rings, Nov 15, &excats=134-40&min_price=200000&max_price=1000000, Oregon, Oregon Coast, For Sale-Wanted, Boat Parts, https://oregoncoast.craigslist.org/bpo/d/coos-bay-three-life-rings/7020576556.html,,2019-11-15,US,2019-11-21
2014 Ferrari F12 Berlinetta, Nov 15, &excats=134-40&min_price=200000&max_price=1000000, Oregon, Portland, For Sale-Wanted, Cars And by Dealer, https://portland.craigslist.org/mlt/ctd/d/portland-2014-ferrari-f12-berlinetta/7020939747.html,,2019-11-15,US,2019-11-21
NEW 2020 Jeanneau NC 895 28ft * 20% dn x $1199 mo * WARRANTY * BLUE, Nov 15, &excats=134-40&min_price=200000&max_price=1000000, Oregon, Portland, For Sale-Wanted, Boat Parts by Dealer, https://portland.craigslist.org/mlt/bod/d/portland-new-2020-jeanneau-nc-ft-20-dn/7020715261.html,,2019-11-15,US,2019-11-21
2017 MERCEDES BENZ G550 SQUARED 1-OWNER 38S G 550 G63 2018 2019 2016, Nov 15, &excats=134-40&min_price=200000&max_price=1000000, Oregon, Portland, For Sale-Wanted, Cars And by Dealer, https://portland.craigslist.org/mlt/ctd/d/portland-2017-mercedes-benz-g550/7020636492.html,,2019-11-15,US,2019-11-21
Thule truck rack 22000xtb, Nov 15, &excats=134-40&min_price=200000&max_price=1000000, Oregon, Portland, For Sale-Wanted, Auto Parts by Owner, https://portland.craigslist.org/mlt/pts/d/portland-thule-truck-rack-22000xtb/7020468239.html,,2019-11-15,US,2019-11-21
202 Dodge Viper rt, Nov 15, &excats=134-40&min_price=200000&max_price=1000000, New York, Albany, For Sale-Wanted, Cars And by Dealer, https://albany.craigslist.org/ctd/d/middleboro-202-dodge-viper-rt/7020684827.html,,2019-11-15,US,2019-11-21
Building For Sale, Nov 15, &excats=134-40&min_price=200000&max_price=1000000, New York, Albany, For Sale-Wanted, General, https://albany.craigslist.org/for/d/troy-building-for-sale/7020478122.html,,2019-11-15,US,2019-11-21
6 car garage home, Nov 15, &excats=134-40&min_price=200000&max_price=1000000, California, Inland Empire, For Sale-Wanted, General, https://inlandempire.craigslist.org/for/d/apple-valley-6-car-garage-home/7020748289.html,,2019-11-15,US,2019-11-21
2008F 250 F 350 F450 F550 6.4 diesel 4x4 auto transmisaion, Nov 15, &excats=134-40&min_price=200000&max_price=1000000, California, Inland Empire, For Sale-Wanted, Auto Parts by Owner, https://inlandempire.craigslist.org/pts/d/rancho-cucamonga-2008f-f450-f-diesel/7009831931.html,,2019-11-15,US,2019-11-21
Ed jeweler Cash 4 Gold, Nov 15, &excats=134-40&min_price=200000&max_price=1000000, California, Los Angeles, For Sale-Wanted, Wanted, https://losangeles.craigslist.org/ant/wan/d/palmdale-ed-jeweler-cash-4-gold/7020960668.html,,2019-11-15,US,2019-11-21
2018 Ferrari 488 GTB - 650 Score WE CARRY CONTRACTS, Nov 15, &excats=134-40&min_price=200000&max_price=1000000, California, Los Angeles, For Sale-Wanted, Cars And by Dealer, https://losangeles.craigslist.org/lac/ctd/d/los-angeles-2018-ferrari-488-gtb-score/7020891801.html,,2019-11-15,US,2019-11-21
SFR REMODEL OPPORTUNITY.., Nov 15, &excats=134-40&min_price=200000&max_price=1000000, California, Los Angeles, For Sale-Wanted, General, https://losangeles.craigslist.org/lac/for/d/inglewood-sfr-remodel-opportunity/7020878527.html,,2019-11-15,US,2019-11-21
ENCINO SINGLE FAMILY, Nov 15, &excats=134-40&min_price=200000&max_price=1000000, California, Los Angeles, For Sale-Wanted, General, https://losangeles.craigslist.org/lac/for/d/encino-encino-single-family/7020866598.html,,2019-11-15,US,2019-11-21
Vacant raw land 80 acres Barstow San Bernardino, Nov 15, &excats=134-40&min_price=200000&max_price=1000000, California, Los Angeles, For Sale-Wanted, Farm and Garden, https://losangeles.craigslist.org/sfv/grd/d/barstow-vacant-raw-land-80-acres/7020826454.html,,2019-11-15,US,2019-11-21
Ed jeweler Cash 4 Gold, Nov 15, &excats=134-40&min_price=200000&max_price=1000000, California, Los Angeles, For Sale-Wanted, Wanted, https://losangeles.craigslist.org/ant/wan/d/palmdale-ed-jeweler-cash-4-gold/7020960668.html,,2019-11-15,US,2019-11-21
2018 Ferrari 488 GTB - 650 Score WE CARRY CONTRACTS, Nov 15, &excats=134-40&min_price=200000&max_price=1000000, California, Los Angeles, For Sale-Wanted, Cars And by Dealer, https://losangeles.craigslist.org/lac/ctd/d/los-angeles-2018-ferrari-488-gtb-score/7020891801.html,,2019-11-15,US,2019-11-21
SFR REMODEL OPPORTUNITY.., Nov 15, &excats=134-40&min_price=200000&max_price=1000000, California, Los Angeles, For Sale-Wanted, General, https://losangeles.craigslist.org/lac/for/d/inglewood-sfr-remodel-opportunity/7020878527.html,,2019-11-15,US,2019-11-21
ENCINO SINGLE FAMILY, Nov 15, &excats=134-40&min_price=200000&max_price=1000000, California, Los Angeles, For Sale-Wanted, General, https://losangeles.craigslist.org/lac/for/d/encino-encino-single-family/7020866598.html,,2019-11-15,US,2019-11-21
Vacant raw land 80 acres Barstow San Bernardino, Nov 15, &excats=134-40&min_price=200000&max_price=1000000, California, Los Angeles, For Sale-Wanted, Farm and Garden, https://losangeles.craigslist.org/sfv/grd/d/barstow-vacant-raw-land-80-acres/7020826454.html,,2019-11-15,US,2019-11-21
1967 68 mustang doors, Nov 15, &excats=134-40&min_price=200000&max_price=1000000, California, Los Angeles, For Sale-Wanted, Auto Parts by Owner, https://losangeles.craigslist.org/ant/pts/d/palmdale-mustang-doors/7020733079.html,,2019-11-15,US,2019-11-21
2018 Ferrari 488 GTB - 650 Score WE CARRY CONTRACTS, Nov 15, &excats=134-40&min_price=200000&max_price=1000000, California, Los Angeles, For Sale-Wanted, Cars And by Dealer, https://losangeles.craigslist.org/lac/ctd/d/los-angeles-2018-ferrari-488-gtb-score/7020717011.html,,2019-11-15,US,2019-11-21
2000 Watt Ermak Fibermak G-Force Fiber Laser Cutting Machine, Nov 15, &excats=134-40&min_price=200000&max_price=1000000, California, Los Angeles, For Sale-Wanted, Tools, https://losangeles.craigslist.org/lac/tls/d/tustin-2000-watt-ermak-fibermak-force/7020632883.html,,2019-11-15,US,2019-11-21
trade home for yacht, Nov 15, &excats=134-40&min_price=200000&max_price=1000000, California, Los Angeles, For Sale-Wanted, Boat Parts, https://losangeles.craigslist.org/lgb/boa/d/las-vegas-trade-home-for-yacht/7002077039.html,,2019-11-15,US,2019-11-21
SELLING A BRAND NEW OR USED IPHONE FOR CASH?!?!?, Nov 15, &excats=134-40&min_price=200000&max_price=1000000, California, Los Angeles, For Sale-Wanted, Wanted, https://losangeles.craigslist.org/lac/wad/d/los-angeles-selling-brand-new-or-used/7020525529.html,,2019-11-15,US,2019-11-21
SR-Zoned Southwestern Ranch style Home. 6 Acres, Nov 15, &excats=134-40&min_price=200000&max_price=1000000, California, Los Angeles, For Sale-Wanted, Farm and Garden, https://losangeles.craigslist.org/sgv/grd/d/tucson-sr-zoned-southwestern-ranch/7020519134.html,,2019-11-15,US,2019-11-21
2017 Entegra Anthem 42RBQ, Nov 15, &excats=134-40&min_price=200000&max_price=1000000, California, Orange County, For Sale-Wanted, RVs, https://orangecounty.craigslist.org/rvs/d/anaheim-2017-entegra-anthem-42rbq/7020943020.html,,2019-11-15,US,2019-11-21
2017 Ferrari 488 GTB $360K Window Custom Ordered, Nov 15, &excats=134-40&min_price=200000&max_price=1000000, California, Orange County, For Sale-Wanted, Cars And by Dealer, https://orangecounty.craigslist.org/ctd/d/costa-mesa-2017-ferrari-488-gtb-360k/7020880977.html,,2019-11-15,US,2019-11-21
Lamborghini Aventador LP700-4 Coupe - Financing Available, Nov 15, &excats=134-40&min_price=200000&max_price=1000000, California, Orange County, For Sale-Wanted, Cars And by Dealer, https://orangecounty.craigslist.org/ctd/d/costa-mesa-lamborghini-aventador-lp700/7020724403.html,,2019-11-15,US,2019-11-21
A Ranch with 35 acre land, Nov 15, &excats=134-40&min_price=200000&max_price=1000000, California, Sacramento, For Sale-Wanted, Farm and Garden, https://sacramento.craigslist.org/grd/d/tracy-ranch-with-35-acre-land/7003113403.html,,2019-11-15,US,2019-11-21
Local and mobile ROLEX buying service!, Nov 15, &excats=134-40&min_price=200000&max_price=1000000, California, Sacramento, For Sale-Wanted, Wanted, https://sacramento.craigslist.org/wad/d/sacramento-local-and-mobile-rolex/7020872892.html,,2019-11-15,US,2019-11-21
$$ Buying Baseball Football Basketball cards Coins Knives & Comics, Nov 15, &excats=134-40&min_price=200000&max_price=1000000, California, Sacramento, For Sale-Wanted, Wanted, https://sacramento.craigslist.org/wan/d/rio-linda-buying-baseball-football/7009392822.html,,2019-11-15,US,2019-11-21
TERRY CREWS!! GAME WORN SAN DIEGO CHARGERS JERSEY, Nov 15, &excats=134-40&min_price=200000&max_price=1000000, California, San Diego, For Sale-Wanted, Collectibles, https://sandiego.craigslist.org/csd/clt/d/san-diego-terry-crews-game-worn-san/7016781418.html,,2019-11-15,US,2019-11-21
1990 Defever 55&#39; Turn Key Upgraded Fuel Efficient Waterfront Home, Nov 15, &excats=134-40&min_price=200000&max_price=1000000, California, San Diego, For Sale-Wanted, Boat Parts by Dealer, https://sandiego.craigslist.org/csd/bod/d/san-diego-1990-defever-55-turn-key/7021006726.html,,2019-11-15,US,2019-11-21
2004 Viking Princess True Luxury at Top Speed, Nov 15, &excats=134-40&min_price=200000&max_price=1000000, California, San Diego, For Sale-Wanted, Boat Parts by Dealer, https://sandiego.craigslist.org/csd/bod/d/san-diego-2004-viking-princess-true/7021005962.html,,2019-11-15,US,2019-11-21
2013 Sea Ray 410- Buy Almost New- Bring all offers, Nov 15, &excats=134-40&min_price=200000&max_price=1000000, California, San Diego, For Sale-Wanted, Boat Parts by Dealer, https://sandiego.craigslist.org/csd/bod/d/san-diego-2013-sea-ray-410-buy-almost/7021005607.html,,2019-11-15,US,2019-11-21
2005 Meridian 58&#39; Liveaboard In Luxury and Cruise in Style!!, Nov 15, &excats=134-40&min_price=200000&max_price=1000000, California, San Diego, For Sale-Wanted, Boat Parts by Dealer, https://sandiego.craigslist.org/csd/bod/d/san-diego-2005-meridian-58-liveaboard/7021005239.html,,2019-11-15,US,2019-11-21
2005 Sea Ray 390 MY Aft Cabin Mint, Nov 15, &excats=134-40&min_price=200000&max_price=1000000, California, San Diego, For Sale-Wanted, Boat Parts, https://sandiego.craigslist.org/csd/boa/d/marina-del-rey-2005-sea-ray-390-my-aft/7020846281.html,,2019-11-15,US,2019-11-21
2017 Ferrari 488 GTB, Nov 15, &excats=134-40&min_price=200000&max_price=1000000, California, San Diego, For Sale-Wanted, Cars And by Dealer, https://sandiego.craigslist.org/nsd/ctd/d/del-mar-2017-ferrari-488-gtb/7020641797.html,,2019-11-15,US,2019-11-21
Looking to purchase business, Nov 15, &excats=134-40&min_price=200000&max_price=1000000, California, San Diego, For Sale-Wanted, Wanted, https://sandiego.craigslist.org/csd/wan/d/saint-paul-looking-to-purchase-business/7018180920.html,Want,2019-11-15,US,2019-11-21
Band new, Nov 15, &excats=134-40&min_price=200000&max_price=1000000, California, Stockton, For Sale-Wanted, Electronics, https://stockton.craigslist.org/ele/d/band-new/7020632361.html,,2019-11-15,US,2019-11-21
Band new, Nov 15, &excats=134-40&min_price=200000&max_price=1000000, California, Stockton, For Sale-Wanted, Electronics, https://stockton.craigslist.org/ele/d/band-new/7020632356.html,,2019-11-15,US,2019-11-21
2017 John Deere S670, Nov 14, &excats=134-40&min_price=200000&max_price=1000000, Iowa, Des Moines, For Sale-Wanted, Farm and Garden, https://desmoines.craigslist.org/grd/d/winterset-2017-john-deere-s670/7019813725.html,,2019-11-14,US,2019-11-21
Star Wars GI Joe WWE Hot Wheels, Nov 14, &excats=134-40&min_price=200000&max_price=1000000, Iowa, Sioux City, For Sale-Wanted, Toys And Games, https://siouxcity.craigslist.org/tag/d/sioux-city-star-wars-gi-joe-wwe-hot/7020182592.html,,2019-11-14,US,2019-11-21
2007 LLamada CKR-120 drill, Nov 14, &excats=134-40&min_price=200000&max_price=1000000, Georgia, Atlanta, For Sale-Wanted, Heavy Equipment, https://atlanta.craigslist.org/atl/hvo/d/conyers-2007-llamada-ckr-120-drill/7020198887.html,,2019-11-14,US,2019-11-21
Good Used Saddles, Nov 14, &excats=134-40&min_price=200000&max_price=1000000, Montana, Missoula, For Sale-Wanted, Farm and Garden, https://missoula.craigslist.org/grd/d/victor-good-used-saddles/7014294895.html,,2019-11-14,US,2019-11-21
Pre Estate Sale, Nov 14, &excats=134-40&min_price=200000&max_price=1000000, Massachusetts, Boston, For Sale-Wanted, Furniture, https://boston.craigslist.org/sob/fuo/d/norwell-pre-estate-sale/7019799847.html,,2019-11-14,US,2019-11-21
Heavy Equipment for sale, Nov 14, &excats=134-40&min_price=200000&max_price=1000000, Massachusetts, Boston, For Sale-Wanted, Farm and Garden, https://boston.craigslist.org/gbs/grd/d/walpole-heavy-equipment-for-sale/7019792719.html,,2019-11-14,US,2019-11-21
Wanted: European Sports Cars projects or finished!, Nov 14, &excats=134-40&min_price=200000&max_price=1000000, Massachusetts, Boston, For Sale-Wanted, Wanted, https://boston.craigslist.org/gbs/wan/d/chelsea-wanted-european-sports-cars/7019774174.html,Want,2019-11-14,US,2019-11-21
Ferrari-Lancia-Maserati-Lamborghini, Nov 14, &excats=134-40&min_price=200000&max_price=1000000, Massachusetts, Boston, For Sale-Wanted, Wanted, https://boston.craigslist.org/gbs/wan/d/chelsea-ferrari-lancia-maserati/7019772821.html,,2019-11-14,US,2019-11-21
2017 Tiffin motorhome, Nov 14, &excats=134-40&min_price=200000&max_price=1000000, Arkansas, Fort Smith, For Sale-Wanted, RVs, https://fortsmith.craigslist.org/rvs/d/fort-smith-2017-tiffin-motorhome/7020251513.html,,2019-11-14,US,2019-11-21
2019 Renegade RV Verona 34 VQB, Nov 14, &excats=134-40&min_price=200000&max_price=1000000, Arkansas, Little Rock, For Sale-Wanted, RVs, https://littlerock.craigslist.org/rvd/d/little-rock-2019-renegade-rv-verona-34/7020043881.html,,2019-11-14,US,2019-11-21
Merlin IIIa  Large Turbo-Prop Aircraft, Nov 14, &excats=134-40&min_price=200000&max_price=1000000, Arizona, Phoenix, For Sale-Wanted, NA, https://phoenix.craigslist.org/nph/avo/d/phoenix-merlin-iiia-large-turbo-prop/7017252728.html,,2019-11-14,US,2019-11-21
2014 Lamborghini Gallardo 6 speed stick shift LP 560-2 - NO TAX, Nov 14, &excats=134-40&min_price=200000&max_price=1000000, Arizona, Phoenix, For Sale-Wanted, Cars And Trucks, https://phoenix.craigslist.org/nph/cto/d/scottsdale-2014-lamborghini-gallardo-6/7019883792.html,,2019-11-14,US,2019-11-21
Home Investor Cash Flow As-Is Fixer needs TLC Single Family or Duplex, Nov 14, &excats=134-40&min_price=200000&max_price=1000000, Arizona, Prescott, For Sale-Wanted, General, https://prescott.craigslist.org/for/d/humboldt-home-investor-cash-flow-as-is/7020044962.html,Want,2019-11-14,US,2019-11-21
Vacation Home Hidden Shores Yuma AZ - $225000, Nov 14, &excats=134-40&min_price=200000&max_price=1000000, Arizona, Yuma, For Sale-Wanted, General, https://yuma.craigslist.org/for/d/yuma-vacation-home-hidden-shores-yuma/7015750245.html,,2019-11-14,US,2019-11-21
1979 Lear 35A S, Nov 14, &excats=134-40&min_price=200000&max_price=1000000, Florida, Orlando, For Sale-Wanted, NA, https://orlando.craigslist.org/avo/d/spring-hill-1979-lear-35a/7020357898.html,,2019-11-14,US,2019-11-21
Tiffin Phaeton 2018, Nov 14, &excats=134-40&min_price=200000&max_price=1000000, Florida, Orlando, For Sale-Wanted, RVs, https://orlando.craigslist.org/rvs/d/tangerine-tiffin-phaeton-2018/7020203831.html,,2019-11-14,US,2019-11-21
ONLINE STORAGE AUCTION - STORAGEAUCTIONS.COM, Nov 14, &excats=134-40&min_price=200000&max_price=1000000, Florida, Pensacola, For Sale-Wanted, General, https://pensacola.craigslist.org/for/d/milton-online-storage-auction/7019885172.html,,2019-11-14,US,2019-11-21
Ill buy your home today! $$$ - $99999999, Nov 14, &excats=134-40&min_price=200000&max_price=1000000, Florida, Space Coast, For Sale-Wanted, Wanted, https://spacecoast.craigslist.org/wan/d/palm-bay-ill-buy-your-home-today/7000389292.html,,2019-11-14,US,2019-11-21
DX 350 LC-5 Excavator, Nov 14, &excats=134-40&min_price=200000&max_price=1000000, Colorado, Denver, For Sale-Wanted, Farm and Garden, https://denver.craigslist.org/grd/d/littleton-dx-350-lc-5-excavator/7020174830.html,,2019-11-14,US,2019-11-21
Mountain House, Nov 14, &excats=134-40&min_price=200000&max_price=1000000, Colorado, Denver, For Sale-Wanted, General, https://denver.craigslist.org/for/d/sedalia-mountain-house/7005170989.html,,2019-11-14,US,2019-11-21
Patio Furniture Seating Set&#39;s-All Brand New Member&#39;s Mark, Nov 14, &excats=134-40&min_price=200000&max_price=1000000, Kentucky, Louisville, For Sale-Wanted, Furniture, https://louisville.craigslist.org/fuo/d/taylorsville-patio-furniture-seating/7007325003.html,,2019-11-14,US,2019-11-21
Gorgeous 5bed/3bath home on the Eastside of Casper FSBO, Nov 14, &excats=134-40&min_price=200000&max_price=1000000, Wyoming, Wyoming, For Sale-Wanted, General, https://wyoming.craigslist.org/for/d/casper-gorgeous-5bed-3bath-home-on-the/7020096873.html,,2019-11-14,US,2019-11-21
Polled Hereford calves, Nov 14, &excats=134-40&min_price=200000&max_price=1000000, Michigan, Flint, For Sale-Wanted, Farm and Garden, https://flint.craigslist.org/grd/d/owosso-polled-hereford-calves/7019807707.html,,2019-11-14,US,2019-11-21
Polled Hereford calves, Nov 14, &excats=134-40&min_price=200000&max_price=1000000, Michigan, Lansing, For Sale-Wanted, Farm and Garden, https://lansing.craigslist.org/grd/d/owosso-polled-hereford-calves/7019806716.html,,2019-11-14,US,2019-11-21
Fuel injection, Nov 14, &excats=134-40&min_price=200000&max_price=1000000, Ohio, Cleveland, For Sale-Wanted, General, https://cleveland.craigslist.org/for/d/williamsfield-fuel-injection/7019783322.html,,2019-11-14,US,2019-11-21
Buying nascar race used crew shirts-firesuits and more, Nov 14, &excats=134-40&min_price=200000&max_price=1000000, North Carolina, Charlotte, For Sale-Wanted, Wanted, https://charlotte.craigslist.org/wan/d/lexington-buying-nascar-race-used-crew/7020121472.html,,2019-11-14,US,2019-11-21
19 acres of waterFront property for Sale by Owner, Nov 14, &excats=134-40&min_price=200000&max_price=1000000, North Carolina, Wilmington, For Sale-Wanted, General, https://wilmington.craigslist.org/fod/d/hertford-19-acres-of-waterfront/7020173999.html,,2019-11-14,US,2019-11-21
2017 Mercedes Airstream Interstate Lounger Rv, Nov 14, &excats=134-40&min_price=200000&max_price=1000000, Louisiana, Lafayette, For Sale-Wanted, RVs, https://lafayette.craigslist.org/rvs/d/duson-2017-mercedes-airstream/7020192486.html,,2019-11-14,US,2019-11-21
BUYING Vintage Sports Cards This Weekend in OKC!, Nov 14, &excats=134-40&min_price=200000&max_price=1000000, Oklahoma, Oklahoma City, For Sale-Wanted, Collectibles, https://oklahomacity.craigslist.org/clt/d/oklahoma-city-buying-vintage-sports/7018163296.html,,2019-11-14,US,2019-11-21
Chubbuck Home for Sale, Nov 14, &excats=134-40&min_price=200000&max_price=1000000, Idaho, East Idaho, For Sale-Wanted, General, https://eastidaho.craigslist.org/for/d/pocatello-chubbuck-home-for-sale/7020294523.html,,2019-11-14,US,2019-11-21
Farm land home for sale, Nov 14, &excats=134-40&min_price=200000&max_price=1000000, Tennessee, Chattanooga, For Sale-Wanted, General, https://chattanooga.craigslist.org/for/d/fyffe-farm-land-home-for-sale/7020127379.html,,2019-11-14,US,2019-11-21
5 Bedroom 3 Bath Brick Home, Nov 14, &excats=134-40&min_price=200000&max_price=1000000, Tennessee, Clarksville, For Sale-Wanted, Household, https://clarksville.craigslist.org/hsh/d/clarksville-5-bedroom-3-bath-brick-home/7020178427.html,,2019-11-14,US,2019-11-21
2015 Harley Davidson Heritage Classic Trike, Nov 14, &excats=134-40&min_price=200000&max_price=1000000, Tennessee, Knoxville, For Sale-Wanted, Motorcycles, https://knoxville.craigslist.org/mcy/d/oak-ridge-2015-harley-davidson-heritage/7020032798.html,,2019-11-14,US,2019-11-21
Lakefront Home, Nov 14, &excats=134-40&min_price=200000&max_price=1000000, Tennessee, Knoxville, For Sale-Wanted, General, https://knoxville.craigslist.org/for/d/lenoir-city-lakefront-home/7005962888.html,,2019-11-14,US,2019-11-21
2018 Thor Motor Coach Tuscany 42GX, Nov 14, &excats=134-40&min_price=200000&max_price=1000000, Tennessee, Memphis, For Sale-Wanted, RVs, https://memphis.craigslist.org/rvd/d/little-rock-2018-thor-motor-coach/7019849455.html,,2019-11-14,US,2019-11-21
Scenic Horse/Hobby Farm, Nov 14, &excats=134-40&min_price=200000&max_price=1000000, Alabama, Dothan, For Sale-Wanted, Farm and Garden, https://dothan.craigslist.org/grd/d/fort-rucker-scenic-horse-hobby-farm/7014139986.html,,2019-11-14,US,2019-11-21
2012 Cabo 40, Nov 14, &excats=134-40&min_price=200000&max_price=1000000, Alabama, Mobile, For Sale-Wanted, Boat Parts, https://mobile.craigslist.org/boa/d/destin-2012-cabo-40/7000788417.html,,2019-11-14,US,2019-11-21
Farm/Land, Nov 14, &excats=134-40&min_price=200000&max_price=1000000, Pennsylvania, Lancaster, For Sale-Wanted, Farm and Garden, https://lancaster.craigslist.org/grd/d/turin-farm-land/7020165010.html,,2019-11-14,US,2019-11-21
****Metal wanted****, Nov 14, &excats=134-40&min_price=200000&max_price=1000000, Pennsylvania, Philadelphia, For Sale-Wanted, Wanted, https://philadelphia.craigslist.org/wan/d/metal-wanted/7019783888.html,Want,2019-11-14,US,2019-11-21
Buying car collections barn finds trucks, Nov 14, &excats=134-40&min_price=200000&max_price=1000000, Pennsylvania, Pittsburgh, For Sale-Wanted, Wanted, https://pittsburgh.craigslist.org/wad/d/pittsburgh-buying-car-collections-barn/7019858864.html,Want,2019-11-14,US,2019-11-21
Beautiful Home on 2.8 acres, Nov 14, &excats=134-40&min_price=200000&max_price=1000000, Texas, Austin, For Sale-Wanted, General, https://austin.craigslist.org/for/d/liberty-hill-beautiful-home-on-28-acres/7020011496.html,,2019-11-14,US,2019-11-21
Land for sale 106 acres, Nov 14, &excats=134-40&min_price=200000&max_price=1000000, Texas, Austin, For Sale-Wanted, Farm and Garden, https://austin.craigslist.org/grd/d/devine-land-for-sale-106-acres/7014614278.html,,2019-11-14,US,2019-11-21
** I BUY iPHONE 11 PRO X XR XS MAX 8 8 PLUS iPAD MAC $$ NEW or USED $$, Nov 14, &excats=134-40&min_price=200000&max_price=1000000, Texas, Austin, For Sale-Wanted, Wanted, https://austin.craigslist.org/wad/d/austin-buy-iphone-11-pro-xr-xs-max-8-8/7019778719.html,,2019-11-14,US,2019-11-21
PRIME LOCATION - Car lot for sale $365000, Nov 14, &excats=134-40&min_price=200000&max_price=1000000, Texas, Corpus Christi, For Sale-Wanted, General, https://corpuschristi.craigslist.org/for/d/corpus-christi-prime-location-car-lot/7014725203.html,,2019-11-14,US,2019-11-21
Land for sale 106 acres, Nov 14, &excats=134-40&min_price=200000&max_price=1000000, Texas, Corpus Christi, For Sale-Wanted, Farm and Garden, https://corpuschristi.craigslist.org/grd/d/devine-land-for-sale-106-acres/7014614571.html,,2019-11-14,US,2019-11-21
Private Investor Wanted, Nov 14, &excats=134-40&min_price=200000&max_price=1000000, District of Columbia, Washington, For Sale-Wanted, Wanted, https://washingtondc.craigslist.org/doc/wan/d/washington-private-investor-wanted/7020220386.html,Want,2019-11-14,US,2019-11-21
WATERFRONT HOME IN EASTERN NC, Nov 14, &excats=134-40&min_price=200000&max_price=1000000, District of Columbia, Washington, For Sale-Wanted, General, https://washingtondc.craigslist.org/mld/for/d/belhaven-waterfront-home-in-eastern-nc/7019831152.html,,2019-11-14,US,2019-11-21
$$$$WANTED ALL FINE WATCHES $$$$$$$, Nov 14, &excats=134-40&min_price=200000&max_price=1000000, District of Columbia, Washington, For Sale-Wanted, Jewelry, https://washingtondc.craigslist.org/mld/jwl/d/wanted-all-fine-watches/7019774566.html,Want,2019-11-14,US,2019-11-21
LARGE TRUCK BUSINESS LOCATION & STORAGE UNITS FOR SALE-LOW CRIME, Nov 14, &excats=134-40&min_price=200000&max_price=1000000, Illinois, Chicago, For Sale-Wanted, General, https://chicago.craigslist.org/wcl/for/d/malta-large-truck-business-location/7000517884.html,,2019-11-14,US,2019-11-21
2020 Polaris Khaos RMK 800  155, Nov 14, &excats=134-40&min_price=200000&max_price=1000000, Illinois, Chicago, For Sale-Wanted, ATVs UTVs by Dealer, https://chicago.craigslist.org/nwi/snd/d/south-range-2020-polaris-khaos-rmk/7019947703.html,,2019-11-14,US,2019-11-21
Wanting to sell Prime Property, Nov 14, &excats=134-40&min_price=200000&max_price=1000000, Oregon, Portland, For Sale-Wanted, Wanted, https://portland.craigslist.org/grg/wan/d/dallesport-wanting-to-sell-prime/7019958957.html,Want,2019-11-14,US,2019-11-21
BEAUTIFUL STONE HOME on Large Corner Lot, Nov 14, &excats=134-40&min_price=200000&max_price=1000000, New Jersey, South Jersey, For Sale-Wanted, General, https://southjersey.craigslist.org/for/d/millville-beautiful-stone-home-on-large/7000359967.html,,2019-11-14,US,2019-11-21
8 acres Town of Waukesha, Nov 14, &excats=134-40&min_price=200000&max_price=1000000, Wisconsin, Milwaukee, For Sale-Wanted, General, https://milwaukee.craigslist.org/for/d/waukesha-8-acres-town-of-waukesha/7020260580.html,,2019-11-14,US,2019-11-21
1502 Wisconsin Ave - Historical Racine Property For Sale! GREAT PRICE, Nov 14, &excats=134-40&min_price=200000&max_price=1000000, Wisconsin, Milwaukee, For Sale-Wanted, Wanted, https://milwaukee.craigslist.org/wan/d/racine-1502-wisconsin-ave-historical/7020094741.html,,2019-11-14,US,2019-11-21
1502 Wisconsin Ave - Historical Racine Property For Sale! GREAT PRICE, Nov 14, &excats=134-40&min_price=200000&max_price=1000000, Wisconsin, Milwaukee, For Sale-Wanted, Wanted, https://milwaukee.craigslist.org/wan/d/racine-1502-wisconsin-ave-historical/7020092146.html,,2019-11-14,US,2019-11-21
2018 elkridge firth wheel, Nov 14, &excats=134-40&min_price=200000&max_price=1000000, California, Chico, For Sale-Wanted, NA, https://chico.craigslist.org/tro/d/paradise-2018-elkridge-firth-wheel/7018140414.html,,2019-11-14,US,2019-11-21
Mountian Home and acreage, Nov 14, &excats=134-40&min_price=200000&max_price=1000000, California, Gold Country, For Sale-Wanted, General, https://goldcountry.craigslist.org/for/d/alta-mountian-home-and-acreage/7019998441.html,,2019-11-14,US,2019-11-21
How to sell your house in 48 hours or less, Nov 14, &excats=134-40&min_price=200000&max_price=1000000, California, Inland Empire, For Sale-Wanted, Wanted, https://inlandempire.craigslist.org/wan/d/menifee-how-to-sell-your-house-in-48/7020375821.html,,2019-11-14,US,2019-11-21
Looking to buy my family home, Nov 14, &excats=134-40&min_price=200000&max_price=1000000, California, Inland Empire, For Sale-Wanted, General, https://inlandempire.craigslist.org/for/d/moreno-valley-looking-to-buy-my-family/7020202209.html,Want,2019-11-14,US,2019-11-21
Burbank Hilltop -360 view, Nov 14, &excats=134-40&min_price=200000&max_price=1000000, California, Los Angeles, For Sale-Wanted, General, https://losangeles.craigslist.org/sfv/for/d/burbank-burbank-hilltop-360-view/7015610923.html,,2019-11-14,US,2019-11-21
Mountian Home and Acreage, Nov 14, &excats=134-40&min_price=200000&max_price=1000000, California, Los Angeles, For Sale-Wanted, General, https://losangeles.craigslist.org/lgb/for/d/alta-mountian-home-and-acreage/7020038725.html,,2019-11-14,US,2019-11-21
Forklift for Sale TOYOTA  LIFT Rentals, Nov 14, &excats=134-40&min_price=200000&max_price=1000000, California, Los Angeles, For Sale-Wanted, General, https://losangeles.craigslist.org/lac/for/d/huntington-park-forklift-for-sale/7000678247.html,,2019-11-14,US,2019-11-21
3 bedroom 2 bath manufactured home, Nov 14, &excats=134-40&min_price=200000&max_price=1000000, California, Los Angeles, For Sale-Wanted, General, https://losangeles.craigslist.org/lgb/for/d/chattaroy-3-bedroom-2-bath-manufactured/7019763119.html,,2019-11-14,US,2019-11-21
Justin Bieber&#39;s USED Lucky Tighty Whitey&#39;s I stole from his stall!, Nov 14, &excats=134-40&min_price=200000&max_price=1000000, California, Los Angeles, For Sale-Wanted, Collectibles, https://losangeles.craigslist.org/wst/clt/d/beverly-hills-justin-biebers-used-lucky/7019746299.html,,2019-11-14,US,2019-11-21
Mountian Home and Acreage, Nov 14, &excats=134-40&min_price=200000&max_price=1000000, California, Sacramento, For Sale-Wanted, General, https://sacramento.craigslist.org/for/d/alta-mountian-home-and-acreage/7020026532.html,,2019-11-14,US,2019-11-21
2005 Patio Cruiser Houseboat - Lake Oroville, Nov 14, &excats=134-40&min_price=200000&max_price=1000000, California, Sacramento, For Sale-Wanted, Boat Parts, https://sacramento.craigslist.org/boa/d/oroville-2005-patio-cruiser-houseboat/7019889250.html,,2019-11-14,US,2019-11-21
Wanted-Backhoe, Nov 14, &excats=134-40&min_price=200000&max_price=1000000, California, Sacramento, For Sale-Wanted, Heavy Equipment, https://sacramento.craigslist.org/hvo/d/sacramento-wanted-backhoe/7019822189.html,Want,2019-11-14,US,2019-11-21
Oregon surf shop for sale lincoln city retail surfing real estate surf, Nov 14, &excats=134-40&min_price=200000&max_price=1000000, California, San Diego, For Sale-Wanted, Sporting Goods, https://sandiego.craigslist.org/nsd/spo/d/oregon-surf-shop-for-sale-lincoln-city/7014268520.html,,2019-11-14,US,2019-11-21
Oregon surf shop for sale lincoln city retail surfing real estate surf, Nov 14, &excats=134-40&min_price=200000&max_price=1000000, California, San Diego, For Sale-Wanted, Sporting Goods, https://sandiego.craigslist.org/nsd/spo/d/oregon-surf-shop-for-sale-lincoln-city/7011095242.html,,2019-11-14,US,2019-11-21
rolls Royces Bentleys Ferraris lamborghinis I buy, Nov 14, &excats=134-40&min_price=200000&max_price=1000000, California, San Diego, For Sale-Wanted, Wanted, https://sandiego.craigslist.org/csd/wan/d/san-diego-rolls-royces-bentleys/7004423930.html,,2019-11-14,US,2019-11-21
I collect rolls Royces Bentleys Ferraris lamborghinis I buy, Nov 14, &excats=134-40&min_price=200000&max_price=1000000, California, San Diego, For Sale-Wanted, Wanted, https://sandiego.craigslist.org/csd/wan/d/san-diego-collect-rolls-royces-bentleys/7004423890.html,,2019-11-14,US,2019-11-21
I collect rolls Royces Bentleys Ferraris lamborghinis I buy, Nov 14, &excats=134-40&min_price=200000&max_price=1000000, California, San Diego, For Sale-Wanted, Wanted, https://sandiego.craigslist.org/csd/wan/d/san-diego-collect-rolls-royces-bentleys/7004280349.html,,2019-11-14,US,2019-11-21
We buy Ferraris rolls Royce ex jacob breitling hublot audemar piguet, Nov 14, &excats=134-40&min_price=200000&max_price=1000000, California, San Diego, For Sale-Wanted, Wanted, https://sandiego.craigslist.org/csd/wan/d/san-diego-we-buy-ferraris-rolls-royce/7013132226.html,,2019-11-14,US,2019-11-21
We buy Ferraris rolls Royce ex jacob breitling hublot audemar piguet, Nov 14, &excats=134-40&min_price=200000&max_price=1000000, California, San Diego, For Sale-Wanted, Wanted, https://sandiego.craigslist.org/csd/wan/d/san-diego-we-buy-ferraris-rolls-royce/7013132185.html,,2019-11-14,US,2019-11-21
We buy & Gucci planes cars hublot audemar piguet, Nov 14, &excats=134-40&min_price=200000&max_price=1000000, California, San Diego, For Sale-Wanted, Wanted, https://sandiego.craigslist.org/csd/wan/d/san-diego-we-buy-gucci-planes-cars/7013132133.html,,2019-11-14,US,2019-11-21
Wanted Rolex jacob breitling hublot audemar piguet, Nov 14, &excats=134-40&min_price=200000&max_price=1000000, California, San Diego, For Sale-Wanted, Wanted, https://sandiego.craigslist.org/csd/wan/d/bluff-city-wanted-rolex-jacob-breitling/7018339593.html,Want,2019-11-14,US,2019-11-21
I collect rolls Royces Bentleys Ferraris lamborghinis I buy, Nov 14, &excats=134-40&min_price=200000&max_price=1000000, California, San Diego, For Sale-Wanted, Wanted, https://sandiego.craigslist.org/csd/wan/d/san-diego-collect-rolls-royces-bentleys/7018340270.html,,2019-11-14,US,2019-11-21
We buy & Gucci planes cars hublot audemar piguet, Nov 14, &excats=134-40&min_price=200000&max_price=1000000, California, San Diego, For Sale-Wanted, Wanted, https://sandiego.craigslist.org/csd/wan/d/san-diego-we-buy-gucci-planes-cars/7018340104.html,,2019-11-14,US,2019-11-21
Wanted Rolex audemar piguet, Nov 14, &excats=134-40&min_price=200000&max_price=1000000, California, San Diego, For Sale-Wanted, Wanted, https://sandiego.craigslist.org/csd/wan/d/bluff-city-wanted-rolex-audemar-piguet/7018339899.html,Want,2019-11-14,US,2019-11-21
Wanted Rolex jacob breitling hublot audemar piguet, Nov 14, &excats=134-40&min_price=200000&max_price=1000000, California, San Diego, For Sale-Wanted, Wanted, https://sandiego.craigslist.org/csd/wan/d/bluff-city-wanted-rolex-jacob-breitling/7018339763.html,Want,2019-11-14,US,2019-11-21
FORD MUSTANG FOR PARTS, Nov 14, &excats=134-40&min_price=200000&max_price=1000000, California, San Diego, For Sale-Wanted, Auto Parts by Owner, https://sandiego.craigslist.org/csd/pts/d/san-diego-ford-mustang-for-parts/7001497263.html,,2019-11-14,US,2019-11-21
Vacation Home Hidden Shores Yuma AZ, Nov 14, &excats=134-40&min_price=200000&max_price=1000000, California, San Diego, For Sale-Wanted, General, https://sandiego.craigslist.org/csd/for/d/yuma-vacation-home-hidden-shores-yuma-az/7015737591.html,,2019-11-14,US,2019-11-21
15 Acre Horse/Hobby Farm, Nov 14, &excats=134-40&min_price=200000&max_price=1000000, California, San Diego, For Sale-Wanted, Farm and Garden, https://sandiego.craigslist.org/nsd/grd/d/fort-rucker-15-acre-horse-hobby-farm/7012517126.html,,2019-11-14,US,2019-11-21
Ranch Style Home For Sale in Alton IA, Nov 13, &excats=134-40&min_price=200000&max_price=1000000, Iowa, Sioux City, For Sale-Wanted, General, https://siouxcity.craigslist.org/for/d/alton-ranch-style-home-for-sale-in/7019439862.html,,2019-11-13,US,2019-11-21
Home and property for sale, Nov 13, &excats=134-40&min_price=200000&max_price=1000000, Georgia, Atlanta, For Sale-Wanted, General, https://atlanta.craigslist.org/sat/for/d/barnesville-home-and-property-for-sale/7019341964.html,,2019-11-13,US,2019-11-21
Iso lift kit 2002 gmc sierra, Nov 13, &excats=134-40&min_price=200000&max_price=1000000, Georgia, Statesboro, For Sale-Wanted, Auto Parts by Owner, https://statesboro.craigslist.org/pts/d/statesboro-iso-lift-kit-2002-gmc-sierra/7019709949.html,,2019-11-13,US,2019-11-21
Downtown Charleston Duplex, Nov 13, &excats=134-40&min_price=200000&max_price=1000000, South Carolina, Charleston, For Sale-Wanted, General, https://charleston.craigslist.org/for/d/charleston-downtown-charleston-duplex/7019407503.html,,2019-11-13,US,2019-11-21
Ocean Front Condo For Sale, Nov 13, &excats=134-40&min_price=200000&max_price=1000000, South Carolina, Myrtle Beach, For Sale-Wanted, General, https://myrtlebeach.craigslist.org/for/d/myrtle-beach-ocean-front-condo-for-sale/7019237771.html,,2019-11-13,US,2019-11-21
I Buy Rv & Motorhome free dinner card, Nov 13, &excats=134-40&min_price=200000&max_price=1000000, Arkansas, Little Rock, For Sale-Wanted, RVs, https://littlerock.craigslist.org/rvs/d/north-little-rock-buy-rv-motorhome-free/7019337391.html,,2019-11-13,US,2019-11-21
Selling 3 of my 1969 Camaros. All true collector grade cars., Nov 13, &excats=134-40&min_price=200000&max_price=1000000, Arizona, Phoenix, For Sale-Wanted, Cars And Trucks, https://phoenix.craigslist.org/nph/cto/d/farmington-selling-3-of-my-1969-camaros/7019220647.html,,2019-11-13,US,2019-11-21
Turquoise Stone Wanted, Nov 13, &excats=134-40&min_price=200000&max_price=1000000, Arizona, Tucson, For Sale-Wanted, Wanted, https://tucson.craigslist.org/wan/d/tucson-turquoise-stone-wanted/7001709336.html,Want,2019-11-13,US,2019-11-21
NoWww Ne[W Factory Unlocked PARTS iPhone X&#39; YY, Nov 13, &excats=134-40&min_price=200000&max_price=1000000, Nevada, Las Vegas, For Sale-Wanted, Cell Phones, https://lasvegas.craigslist.org/mob/d/las-vegas-nowww-new-factory-unlocked/7012301096.html,,2019-11-13,US,2019-11-21
10 ACRES - HWY 27 DAVENPORT FL, Nov 13, &excats=134-40&min_price=200000&max_price=1000000, Florida, Orlando, For Sale-Wanted, General, https://orlando.craigslist.org/for/d/davenport-10-acres-hwy-27-davenport-fl/7019595731.html,,2019-11-13,US,2019-11-21
2002 Prevost Featherlite Vantare 54k miles, Nov 13, &excats=134-40&min_price=200000&max_price=1000000, Florida, St Augustine, For Sale-Wanted, Cars And Trucks, https://staugustine.craigslist.org/cto/d/ormond-beach-2002-prevost-featherlite/7019632213.html,,2019-11-13,US,2019-11-21
Headboard/footboard and leather sectional for sale, Nov 13, &excats=134-40&min_price=200000&max_price=1000000, Colorado, Denver, For Sale-Wanted, Furniture, https://denver.craigslist.org/fuo/d/aurora-headboard-footboard-and-leather/7019730476.html,,2019-11-13,US,2019-11-21
GORGEOUS COLORADO ROCKIES 162 ACRE RANCH!!, Nov 13, &excats=134-40&min_price=200000&max_price=1000000, Colorado, Denver, For Sale-Wanted, Farm and Garden, https://denver.craigslist.org/grd/d/fairplay-gorgeous-colorado-rockies-162/7005703607.html,,2019-11-13,US,2019-11-21
2 childs paintings, Nov 13, &excats=134-40&min_price=200000&max_price=1000000, Colorado, Denver, For Sale-Wanted, Art by Owner, https://denver.craigslist.org/art/d/aurora-2-childs-paintings/7019345165.html,,2019-11-13,US,2019-11-21
Land for sale in Palmer Lake, Nov 13, &excats=134-40&min_price=200000&max_price=1000000, Colorado, Denver, For Sale-Wanted, General, https://denver.craigslist.org/for/d/colorado-springs-land-for-sale-in/7006338228.html,,2019-11-13,US,2019-11-21
2006 Toyota Corrolla Engine and Transmission for sale, Nov 13, &excats=134-40&min_price=200000&max_price=1000000, Virginia, Fredericksburg, For Sale-Wanted, Auto Parts by Owner, https://fredericksburg.craigslist.org/pts/d/fredericksburg-2006-toyota-corrolla/7000705844.html,,2019-11-13,US,2019-11-21
2011 Newmar Essex 4524, Nov 13, &excats=134-40&min_price=200000&max_price=1000000, Michigan, Grand Rapids, For Sale-Wanted, RVs, https://grandrapids.craigslist.org/rvd/d/grand-rapids-2011-newmar-essex-4524/7019186748.html,,2019-11-13,US,2019-11-21
Two gilts one boar, Nov 13, &excats=134-40&min_price=200000&max_price=1000000, Michigan, Lansing, For Sale-Wanted, Farm and Garden, https://lansing.craigslist.org/grd/d/saint-johns-two-gilts-one-boar/7019098499.html,,2019-11-13,US,2019-11-21
Rock Impact Crusher, Nov 13, &excats=134-40&min_price=200000&max_price=1000000, Ohio, Ashtabula, For Sale-Wanted, Heavy Equipment, https://ashtabula.craigslist.org/hvo/d/ashtabula-rock-impact-crusher/7014156277.html,,2019-11-13,US,2019-11-21
Farm for sale. 233 acres, Nov 13, &excats=134-40&min_price=200000&max_price=1000000, Ohio, Cincinnati, For Sale-Wanted, Farm and Garden, https://cincinnati.craigslist.org/grd/d/aberdeen-farm-for-sale-233-acres/6999550796.html,,2019-11-13,US,2019-11-21
Rock Impact Crusher, Nov 13, &excats=134-40&min_price=200000&max_price=1000000, Ohio, Columbus, For Sale-Wanted, Heavy Equipment, https://columbus.craigslist.org/hvo/d/ashtabula-rock-impact-crusher/7014161548.html,,2019-11-13,US,2019-11-21
sea ray 460 2001, Nov 13, &excats=134-40&min_price=200000&max_price=1000000, Ohio, Sandusky, For Sale-Wanted, Boat Parts, https://sandusky.craigslist.org/boa/d/harsens-island-sea-ray/7019533938.html,,2019-11-13,US,2019-11-21
WANTED VINTAGE CHRISTMAS I, Nov 13, &excats=134-40&min_price=200000&max_price=1000000, Ohio, Youngstown, For Sale-Wanted, Wanted, https://youngstown.craigslist.org/wad/d/warren-wanted-vintage-christmas/7019436411.html,Want,2019-11-13,US,2019-11-21
House for sale by owner, Nov 13, &excats=134-40&min_price=200000&max_price=1000000, North Carolina, Asheville, For Sale-Wanted, General, https://asheville.craigslist.org/for/d/glenwood-house-for-sale-by-owner/7019083960.html,,2019-11-13,US,2019-11-21
Wanted Nascar Sheet Metal Fire Suits Crew Shirts and More!, Nov 13, &excats=134-40&min_price=200000&max_price=1000000, North Carolina, Boone, For Sale-Wanted, Wanted, https://boone.craigslist.org/wan/d/lowell-wanted-nascar-sheet-metal-fire/7019432074.html,Want,2019-11-13,US,2019-11-21
Bradley Creek Marina - 45&#39; Boat Slip For Sale, Nov 13, &excats=134-40&min_price=200000&max_price=1000000, North Carolina, Wilmington, For Sale-Wanted, Boat Parts, https://wilmington.craigslist.org/boa/d/wilmington-bradley-creek-marina-45-boat/7019218580.html,,2019-11-13,US,2019-11-21
Bradley Creek Marina - 65&#39; Boat Slip For Sale, Nov 13, &excats=134-40&min_price=200000&max_price=1000000, North Carolina, Wilmington, For Sale-Wanted, Boat Parts, https://wilmington.craigslist.org/boa/d/wilmington-bradley-creek-marina-65-boat/7019211846.html,,2019-11-13,US,2019-11-21
Bradley Creek Marina - 45&#39; Boat Slip For Sale, Nov 13, &excats=134-40&min_price=200000&max_price=1000000, North Carolina, Wilmington, For Sale-Wanted, Boat Parts, https://wilmington.craigslist.org/boa/d/wilmington-bradley-creek-marina-45-boat/7019219967.html,,2019-11-13,US,2019-11-21
Bradley Creek Marina - 55&#39; Boat Slip For Sale, Nov 13, &excats=134-40&min_price=200000&max_price=1000000, North Carolina, Wilmington, For Sale-Wanted, Boat Parts, https://wilmington.craigslist.org/boa/d/wilmington-bradley-creek-marina-55-boat/7019218240.html,,2019-11-13,US,2019-11-21
40 seahunter 2019 refit, Nov 13, &excats=134-40&min_price=200000&max_price=1000000, Louisiana, Baton Rouge, For Sale-Wanted, Boat Parts, https://batonrouge.craigslist.org/bpo/d/springfield-40-seahunter-2019-refit/7019697703.html,,2019-11-13,US,2019-11-21
2015 Everglades 355CC, Nov 13, &excats=134-40&min_price=200000&max_price=1000000, Louisiana, New Orleans, For Sale-Wanted, Boat Parts by Dealer, https://neworleans.craigslist.org/bod/d/panama-city-2015-everglades-355cc/7019419688.html,,2019-11-13,US,2019-11-21
120 Beautiful Acres in Cromwell Oklahoma, Nov 13, &excats=134-40&min_price=200000&max_price=1000000, Oklahoma, Oklahoma City, For Sale-Wanted, Farm and Garden, https://oklahomacity.craigslist.org/grd/d/cromwell-120-beautiful-acres-in/7019070799.html,,2019-11-13,US,2019-11-21
Taxidermy museum quality collection, Nov 13, &excats=134-40&min_price=200000&max_price=1000000, Kansas, Wichita, For Sale-Wanted, Sporting Goods, https://wichita.craigslist.org/spo/d/las-vegas-taxidermy-museum-quality/7019248616.html,,2019-11-13,US,2019-11-21
House for Sale by Owner, Nov 13, &excats=134-40&min_price=200000&max_price=1000000, Tennessee, Nashville, For Sale-Wanted, General, https://nashville.craigslist.org/for/d/hohenwald-house-for-sale-by-owner/7019239277.html,,2019-11-13,US,2019-11-21
40 center console LIKE NEW, Nov 13, &excats=134-40&min_price=200000&max_price=1000000, Alabama, Mobile, For Sale-Wanted, Boat Parts, https://mobile.craigslist.org/boa/d/springfield-40-center-console-like-new/7019712307.html,,2019-11-13,US,2019-11-21
2015 Everglades 355CC, Nov 13, &excats=134-40&min_price=200000&max_price=1000000, Alabama, Mobile, For Sale-Wanted, Boat Parts by Dealer, https://mobile.craigslist.org/bod/d/panama-city-2015-everglades-355cc/7019418503.html,,2019-11-13,US,2019-11-21
****Metal wanted****, Nov 13, &excats=134-40&min_price=200000&max_price=1000000, Pennsylvania, Philadelphia, For Sale-Wanted, Wanted, https://philadelphia.craigslist.org/wan/d/metal-wanted/7019125798.html,Want,2019-11-13,US,2019-11-21
HUGE WAREHOUSE OVER 53000 square ft under roof on 7 ACRES!, Nov 13, &excats=134-40&min_price=200000&max_price=1000000, Texas, Abilene, For Sale-Wanted, General, https://abilene.craigslist.org/for/d/gorman-huge-warehouse-over-square-ft/7019201929.html,,2019-11-13,US,2019-11-21
** I BUY iPHONE 11 PRO X XR XS MAX 8 8 PLUS iPAD MAC $$ NEW or USED $$, Nov 13, &excats=134-40&min_price=200000&max_price=1000000, Texas, Austin, For Sale-Wanted, Wanted, https://austin.craigslist.org/wad/d/austin-buy-iphone-11-pro-xr-xs-max-8-8/7019251187.html,,2019-11-13,US,2019-11-21
** I BUY iPHONE 11 PRO X XR XS MAX 8 8 PLUS iPAD MAC $$ NEW or USED $$, Nov 13, &excats=134-40&min_price=200000&max_price=1000000, Texas, Austin, For Sale-Wanted, Wanted, https://austin.craigslist.org/wad/d/austin-buy-iphone-11-pro-xr-xs-max-8-8/7019122374.html,,2019-11-13,US,2019-11-21
Harley Davidson Seat Jacket Helmet Windshield, Nov 13, &excats=134-40&min_price=200000&max_price=1000000, Texas, Brownsville, For Sale-Wanted, Motorcycle Parts, https://brownsville.craigslist.org/mpo/d/harlingen-harley-davidson-seat-jacket/7006740139.html,,2019-11-13,US,2019-11-21
Buying IT Network Telecom Equipment Cisco Avaya Polycom Phone Switch, Nov 13, &excats=134-40&min_price=200000&max_price=1000000, Texas, Corpus Christi, For Sale-Wanted, Wanted, https://corpuschristi.craigslist.org/wan/d/corpus-christi-buying-it-network/7019481924.html,,2019-11-13,US,2019-11-21
Air Boat for sale, Nov 13, &excats=134-40&min_price=200000&max_price=1000000, Texas, Corpus Christi, For Sale-Wanted, Boat Parts, https://corpuschristi.craigslist.org/boa/d/corpus-christi-air-boat-for-sale/7019268803.html,,2019-11-13,US,2019-11-21
Christmas decoration and more  horizon, Nov 13, &excats=134-40&min_price=200000&max_price=1000000, Texas, El Paso, For Sale-Wanted, General, https://elpaso.craigslist.org/for/d/el-paso-christmas-decoration-and-more/7014168404.html,,2019-11-13,US,2019-11-21
1 Acre Commercial Property w/ Double-Wide Mobile Home, Nov 13, &excats=134-40&min_price=200000&max_price=1000000, Texas, Houston, For Sale-Wanted, General, https://houston.craigslist.org/for/d/houston-1-acre-commercial-property/7000231187.html,,2019-11-13,US,2019-11-21
Owner will finance beautiful remodel only need down payment no banks, Nov 13, &excats=134-40&min_price=200000&max_price=1000000, Texas, Houston, For Sale-Wanted, General, https://houston.craigslist.org/for/d/houston-owner-will-finance-beautiful/7019376527.html,Want,2019-11-13,US,2019-11-21
NICE ACRE LOT FOR SALE BEHIND THE OUTLET MALL OF SAN MARCOS, Nov 13, &excats=134-40&min_price=200000&max_price=1000000, Texas, San Marcos, For Sale-Wanted, Wanted, https://sanmarcos.craigslist.org/wan/d/san-marcos-nice-acre-lot-for-sale/7001905710.html,,2019-11-13,US,2019-11-21
2014 Case IH 4430 - 120 Patriot Sprayer, Nov 13, &excats=134-40&min_price=200000&max_price=1000000, Missouri, Kansas City, For Sale-Wanted, Farm and Garden, https://kansascity.craigslist.org/grd/d/tonganoxie-2014-case-ih-patriot-sprayer/7019194140.html,,2019-11-13,US,2019-11-21
Small Poultry Farm, Nov 13, &excats=134-40&min_price=200000&max_price=1000000, Missouri, Springfield, For Sale-Wanted, Farm and Garden, https://springfield.craigslist.org/grd/d/berryville-small-poultry-farm/7019656298.html,,2019-11-13,US,2019-11-21
I buy gold and silver, Nov 13, &excats=134-40&min_price=200000&max_price=1000000, Missouri, Springfield, For Sale-Wanted, Wanted, https://springfield.craigslist.org/wan/d/ozark-buy-gold-and-silver/7010393803.html,,2019-11-13,US,2019-11-21
i buy coins and stamps gold and silver, Nov 13, &excats=134-40&min_price=200000&max_price=1000000, Missouri, Springfield, For Sale-Wanted, Wanted, https://springfield.craigslist.org/wan/d/ozark-buy-coins-and-stamps-gold-and/7010392785.html,,2019-11-13,US,2019-11-21
I buy gold and silver, Nov 13, &excats=134-40&min_price=200000&max_price=1000000, Missouri, Springfield, For Sale-Wanted, Wanted, https://springfield.craigslist.org/wan/d/ozark-buy-gold-and-silver/7009435946.html,,2019-11-13,US,2019-11-21
HOME 5BR  S E SPGFLD 4CAR SHOP, Nov 13, &excats=134-40&min_price=200000&max_price=1000000, Missouri, Springfield, For Sale-Wanted, General, https://springfield.craigslist.org/for/d/springfield-home-5br-e-spgfld-4car-shop/7019228021.html,,2019-11-13,US,2019-11-21
2013 Hoist P925 New Lowered Price, Nov 13, &excats=134-40&min_price=200000&max_price=1000000, Illinois, Chicago, For Sale-Wanted, Heavy Equipment, https://chicago.craigslist.org/wcl/hvd/d/chicago-2013-hoist-p925-new-lowered/7019398181.html,,2019-11-13,US,2019-11-21
Stoves.  White. Black stainless, Nov 13, &excats=134-40&min_price=200000&max_price=1000000, Illinois, Springfield, For Sale-Wanted, Appliance by Owner, https://springfieldil.craigslist.org/app/d/springfield-stoves-white-black-stainless/6999903143.html,,2019-11-13,US,2019-11-21
Home for Sale, Nov 13, &excats=134-40&min_price=200000&max_price=1000000, New York, Hudson Valley, For Sale-Wanted, General, https://hudsonvalley.craigslist.org/for/d/nanuet-home-for-sale/7019483665.html,,2019-11-13,US,2019-11-21
Cash for Comic Books, Nov 13, &excats=134-40&min_price=200000&max_price=1000000, New Jersey, Jersey Shore, For Sale-Wanted, Collectibles, https://jerseyshore.craigslist.org/clt/d/pleasantville-cash-for-comic-books/7006213375.html,,2019-11-13,US,2019-11-21
100 Heavily wooded acres Granton area. Clark county hunting land, Nov 13, &excats=134-40&min_price=200000&max_price=1000000, Wisconsin, La Crosse, For Sale-Wanted, General, https://lacrosse.craigslist.org/for/d/granton-100-heavily-wooded-acres/7019338420.html,,2019-11-13,US,2019-11-21
Spirit snowblower and 2 place trailer, Nov 13, &excats=134-40&min_price=200000&max_price=1000000, Wisconsin, Madison, For Sale-Wanted, Farm and Garden, https://madison.craigslist.org/grd/d/baraboo-spirit-snowblower-and-2-place/7019692298.html,,2019-11-13,US,2019-11-21
80 acre Farm for sale, Nov 13, &excats=134-40&min_price=200000&max_price=1000000, Wisconsin, Wausau, For Sale-Wanted, Farm and Garden, https://wausau.craigslist.org/grd/d/edgar-80-acre-farm-for-sale/7002977561.html,,2019-11-13,US,2019-11-21
4Runner 4x4, Nov 13, &excats=134-40&min_price=200000&max_price=1000000, California, Inland Empire, For Sale-Wanted, Cars And Trucks, https://inlandempire.craigslist.org/cto/d/la-puente-4runner-4x4/7019650940.html,,2019-11-13,US,2019-11-21
INVESTOR PROPERTY **AS-IS** POOL HOME, Nov 13, &excats=134-40&min_price=200000&max_price=1000000, California, Inland Empire, For Sale-Wanted, General, https://inlandempire.craigslist.org/for/d/rancho-mirage-investor-property-as-is/7019531354.html,,2019-11-13,US,2019-11-21
CASH CASH CASH FOR YIUR SMARTPHONES, Nov 13, &excats=134-40&min_price=200000&max_price=1000000, California, Los Angeles, For Sale-Wanted, Wanted, https://losangeles.craigslist.org/lac/wad/d/los-angeles-cash-cash-cash-for-yiur/7019437592.html,,2019-11-13,US,2019-11-21
Adult Supplies and Materials for your Party, Nov 13, &excats=134-40&min_price=200000&max_price=1000000, California, Orange County, For Sale-Wanted, General, https://orangecounty.craigslist.org/for/d/anaheim-adult-supplies-and-materials/7001222969.html,,2019-11-13,US,2019-11-21
Adult Supplies and Materials for your Party, Nov 13, &excats=134-40&min_price=200000&max_price=1000000, California, Orange County, For Sale-Wanted, General, https://orangecounty.craigslist.org/for/d/seal-beach-adult-supplies-and-materials/7010575698.html,,2019-11-13,US,2019-11-21
2016 Rolls Royce Phantom Drophead under 4k miles - Perfect condition, Nov 13, &excats=134-40&min_price=200000&max_price=1000000, California, Orange County, For Sale-Wanted, Cars And Trucks, https://orangecounty.craigslist.org/cto/d/diamond-bar-2016-rolls-royce-phantom/7019502179.html,,2019-11-13,US,2019-11-21
Help find this truck, Nov 13, &excats=134-40&min_price=200000&max_price=1000000, California, Redding, For Sale-Wanted, Wanted, https://redding.craigslist.org/wan/d/shasta-lake-help-find-this-truck/7019720940.html,Want,2019-11-13,US,2019-11-21
Want to buy prius c, Nov 13, &excats=134-40&min_price=200000&max_price=1000000, California, Sacramento, For Sale-Wanted, Cars And Trucks, https://sacramento.craigslist.org/cto/d/antelope-want-to-buy-prius/7019585590.html,Want,2019-11-13,US,2019-11-21
Estate Jewelry Buyer, Nov 13, &excats=134-40&min_price=200000&max_price=1000000, California, Santa Maria, For Sale-Wanted, Jewelry, https://santamaria.craigslist.org/jwl/d/los-alamos-estate-jewelry-buyer/7019658156.html,,2019-11-13,US,2019-11-21
Lockeford 1.89 acre, Nov 13, &excats=134-40&min_price=200000&max_price=1000000, California, Stockton, For Sale-Wanted, General, https://stockton.craigslist.org/for/d/lockeford-lockeford-189-acre/7019704082.html,,2019-11-13,US,2019-11-21
I COLLECT 30&#39;s 40&#39;s 50&#39;s 60&#39;s 70&#39;s Motorcycles, Nov 12, &excats=134-40&min_price=200000&max_price=1000000, Iowa, Des Moines, For Sale-Wanted, Wanted, https://desmoines.craigslist.org/wad/d/urbandale-collect-30s-40s-50s-60s-70s/7018630169.html,,2019-11-12,US,2019-11-21
I COLLECT 30&#39;s 40&#39;s 50&#39;s 60&#39;s 70&#39;s Motorcycles, Nov 12, &excats=134-40&min_price=200000&max_price=1000000, Iowa, Dubuque, For Sale-Wanted, Wanted, https://dubuque.craigslist.org/wad/d/peosta-collect-30s-40s-50s-60s-70s/7018630783.html,,2019-11-12,US,2019-11-21
Like New 2016 Ranger Tug, Nov 12, &excats=134-40&min_price=200000&max_price=1000000, Washington, Bellingham, For Sale-Wanted, Boat Parts, https://bellingham.craigslist.org/boa/d/bellingham-like-new-2016-ranger-tug/7018999756.html,,2019-11-12,US,2019-11-21
shipping containers / cargo containers / conex containers /, Nov 12, &excats=134-40&min_price=200000&max_price=1000000, Washington, Bellingham, For Sale-Wanted, General, https://bellingham.craigslist.org/fod/d/shipping-containers-cargo-containers/7018653660.html,,2019-11-12,US,2019-11-21
shipping containers / cargo containers / conex containers /, Nov 12, &excats=134-40&min_price=200000&max_price=1000000, Washington, Wenatchee, For Sale-Wanted, General, https://wenatchee.craigslist.org/fod/d/shipping-containers-cargo-containers/7018664080.html,,2019-11-12,US,2019-11-21
shipping containers / cargo containers / conex containers /, Nov 12, &excats=134-40&min_price=200000&max_price=1000000, Washington, Yakima, For Sale-Wanted, General, https://yakima.craigslist.org/fod/d/shipping-containers-cargo-containers/7018666680.html,,2019-11-12,US,2019-11-21
I COLLECT 30&#39;s 40&#39;s 50&#39;s 60&#39;s 70&#39;s Motorcycles, Nov 12, &excats=134-40&min_price=200000&max_price=1000000, Indiana, Bloomington, For Sale-Wanted, Wanted, https://bloomington.craigslist.org/wad/d/bloomington-collect-30s-40s-50s-60s-70s/7018606774.html,,2019-11-12,US,2019-11-21
Fender Telecoustic & Line 6 amp, Nov 12, &excats=134-40&min_price=200000&max_price=1000000, Indiana, Bloomington, For Sale-Wanted, Musical Instruments, https://indianapolis.craigslist.org/msg/d/bloomington-fender-telecoustic-line-6/7018838414.html,,2019-11-12,US,2019-11-21
I COLLECT 30&#39;s 40&#39;s 50&#39;s 60&#39;s 70&#39;s Motorcycles, Nov 12, &excats=134-40&min_price=200000&max_price=1000000, Indiana, Fort Wayne, For Sale-Wanted, Wanted, https://fortwayne.craigslist.org/wad/d/fort-wayne-collect-30s-40s-50s-60s-70s/7018606301.html,,2019-11-12,US,2019-11-21
Fender Telecoustic & Line 6 amp, Nov 12, &excats=134-40&min_price=200000&max_price=1000000, Indiana, Indianapolis, For Sale-Wanted, Musical Instruments, https://indianapolis.craigslist.org/msg/d/bloomington-fender-telecoustic-line-6/7018838414.html,,2019-11-12,US,2019-11-21
I COLLECT 30&#39;s 40&#39;s 50&#39;s 60&#39;s 70&#39;s Motorcycles, Nov 12, &excats=134-40&min_price=200000&max_price=1000000, Indiana, Indianapolis, For Sale-Wanted, Wanted, https://indianapolis.craigslist.org/wad/d/indianapolis-collect-30s-40s-50s-60s/7018605851.html,,2019-11-12,US,2019-11-21
Farm/Land for sale 13.12 acres Cleveland/Helen Ga., Nov 12, &excats=134-40&min_price=200000&max_price=1000000, Georgia, Atlanta, For Sale-Wanted, Farm and Garden, https://atlanta.craigslist.org/nat/grd/d/cleveland-farm-land-for-sale-1312-acres/7019007425.html,,2019-11-12,US,2019-11-21
10 KT GOLD $20.00 PER GRAMS, Nov 12, &excats=134-40&min_price=200000&max_price=1000000, Georgia, Atlanta, For Sale-Wanted, Wanted, https://atlanta.craigslist.org/nat/wan/d/norcross-10-kt-gold-2000-per-grams/7018847413.html,,2019-11-12,US,2019-11-21
Rent to own, Nov 12, &excats=134-40&min_price=200000&max_price=1000000, Georgia, Atlanta, For Sale-Wanted, Household, https://atlanta.craigslist.org/nat/hsh/d/cartersville-rent-to-own/7018794325.html,,2019-11-12,US,2019-11-21
Event space for sale, Nov 12, &excats=134-40&min_price=200000&max_price=1000000, Georgia, Atlanta, For Sale-Wanted, General, https://atlanta.craigslist.org/atl/for/d/atlanta-event-space-for-sale/7007445929.html,,2019-11-12,US,2019-11-21
5/2 Remodeled near MSU, Nov 12, &excats=134-40&min_price=200000&max_price=1000000, Montana, Bozeman, For Sale-Wanted, General, https://bozeman.craigslist.org/for/d/bozeman-5-2-remodeled-near-msu/7018674645.html,,2019-11-12,US,2019-11-21
Home in the Gallatin Canyon, Nov 12, &excats=134-40&min_price=200000&max_price=1000000, Montana, Bozeman, For Sale-Wanted, General, https://bozeman.craigslist.org/for/d/gallatin-gateway-home-in-the-gallatin/7018419779.html,,2019-11-12,US,2019-11-21
116.86 acres in Bamberg County, Nov 12, &excats=134-40&min_price=200000&max_price=1000000, South Carolina, Charleston, For Sale-Wanted, General, https://charleston.craigslist.org/for/d/olar-acres-in-bamberg-county/7018917524.html,,2019-11-12,US,2019-11-21
2018 Thor Motor Coach Tuscany 42GX, Nov 12, &excats=134-40&min_price=200000&max_price=1000000, Arkansas, Little Rock, For Sale-Wanted, RVs, https://littlerock.craigslist.org/rvd/d/little-rock-2018-thor-motor-coach/7018734486.html,,2019-11-12,US,2019-11-21
Ford 8.8 disc brake 3.73L Rearend, Nov 12, &excats=134-40&min_price=200000&max_price=1000000, Arizona, Tucson, For Sale-Wanted, Auto Parts by Owner, https://tucson.craigslist.org/pts/d/caney-ford-88-disc-brake-373l-rearend/7013273787.html,,2019-11-12,US,2019-11-21
Waterfront Home - Private Boat Ramp & Dock, Nov 12, &excats=134-40&min_price=200000&max_price=1000000, Florida, Jacksonville, For Sale-Wanted, General, https://jacksonville.craigslist.org/for/d/jacksonville-waterfront-home-private/6998557565.html,,2019-11-12,US,2019-11-21
Morbark 7600 Wood Hog Horizontal Grinder, Nov 12, &excats=134-40&min_price=200000&max_price=1000000, Florida, Orlando, For Sale-Wanted, Heavy Equipment, https://orlando.craigslist.org/hvo/d/morbark-7600-wood-hog-horizontal-grinder/7002588331.html,,2019-11-12,US,2019-11-21
2013 Chevrolet Silverado 1500 2WD Ext Cab 143.5&quot; LT, Nov 12, &excats=134-40&min_price=200000&max_price=1000000, Florida, Pensacola, For Sale-Wanted, Cars And by Dealer, https://pensacola.craigslist.org/ctd/d/pensacola-2013-chevrolet-silverado-wd/7018697674.html,,2019-11-12,US,2019-11-21
Gold Buyers Diamond Buyers Rolex Buyers Jewelry Buyers Cash, Nov 12, &excats=134-40&min_price=200000&max_price=1000000, Florida, Space Coast, For Sale-Wanted, Jewelry, https://spacecoast.craigslist.org/jwl/d/melbourne-gold-buyers-diamond-buyers/7018531830.html,,2019-11-12,US,2019-11-21
Bow Front 90 Gallon Saltwater Aquarium Fish Tank, Nov 12, &excats=134-40&min_price=200000&max_price=1000000, Florida, Tallahassee, For Sale-Wanted, General, https://tallahassee.craigslist.org/for/d/tallahassee-bow-front-90-gallon/7018833545.html,,2019-11-12,US,2019-11-21
House and 7.89 Acres  for sale, Nov 12, &excats=134-40&min_price=200000&max_price=1000000, Kentucky, Lexington, For Sale-Wanted, Farm and Garden, https://lexington.craigslist.org/grd/d/nicholasville-house-and-789-acres-for/7004240102.html,,2019-11-12,US,2019-11-21
all flooring installation, Nov 12, &excats=134-40&min_price=200000&max_price=1000000, Kentucky, Louisville, For Sale-Wanted, Household, https://louisville.craigslist.org/hsh/d/jeffersonville-all-flooring-installation/7018474549.html,,2019-11-12,US,2019-11-21
3 Bedroom 3 Bath 4 Car Garage 3 Acres, Nov 12, &excats=134-40&min_price=200000&max_price=1000000, Virginia, Eastern Shore, For Sale-Wanted, Household, https://easternshore.craigslist.org/hsh/d/temperanceville-3-bedroom-3-bath-4-car/7018864428.html,,2019-11-12,US,2019-11-21
Looking for 35 to 38 downeast, Nov 12, &excats=134-40&min_price=200000&max_price=1000000, Virginia, Roanoke, For Sale-Wanted, Boat Parts, https://roanoke.craigslist.org/boa/d/dearing-looking-for-35-to-38-downeast/7018929802.html,Want,2019-11-12,US,2019-11-21
Ohio hunting property Piketon Ohio, Nov 12, &excats=134-40&min_price=200000&max_price=1000000, Maine, Maine, For Sale-Wanted, Sporting Goods, https://maine.craigslist.org/spo/d/frankfort-ohio-hunting-property-piketon/7013084546.html,,2019-11-12,US,2019-11-21
Cape Cod Vacation Home, Nov 12, &excats=134-40&min_price=200000&max_price=1000000, Maine, Maine, For Sale-Wanted, General, https://maine.craigslist.org/for/d/sagamore-cape-cod-vacation-home/7012383786.html,,2019-11-12,US,2019-11-21
3 Bedroom 3 Bath 4 Car Garage 3 Acres, Nov 12, &excats=134-40&min_price=200000&max_price=1000000, Maryland, Eastern Shore, For Sale-Wanted, Household, https://easternshore.craigslist.org/hsh/d/temperanceville-3-bedroom-3-bath-4-car/7018864428.html,,2019-11-12,US,2019-11-21
I COLLECT 30&#39;s 40&#39;s 50&#39;s 60&#39;s 70&#39;s Motorcycles, Nov 12, &excats=134-40&min_price=200000&max_price=1000000, Michigan, Battle Creek, For Sale-Wanted, Wanted, https://battlecreek.craigslist.org/wad/d/battle-creek-collect-30s-40s-50s-60s/7018612018.html,,2019-11-12,US,2019-11-21
2001 sea ray 460 hard top, Nov 12, &excats=134-40&min_price=200000&max_price=1000000, Michigan, Grand Rapids, For Sale-Wanted, Boat Parts, https://grandrapids.craigslist.org/boa/d/harsens-island-2001-sea-ray-460-hard-top/7018958734.html,,2019-11-12,US,2019-11-21
I COLLECT 30&#39;s 40&#39;s 50&#39;s 60&#39;s 70&#39;s Motorcycles, Nov 12, &excats=134-40&min_price=200000&max_price=1000000, Michigan, Grand Rapids, For Sale-Wanted, Wanted, https://grandrapids.craigslist.org/wad/d/rockford-collect-30s-40s-50s-60s-70s/7018612471.html,,2019-11-12,US,2019-11-21
I COLLECT 30&#39;s 40&#39;s 50&#39;s 60&#39;s 70&#39;s Motorcycles, Nov 12, &excats=134-40&min_price=200000&max_price=1000000, Michigan, Lansing, For Sale-Wanted, Wanted, https://lansing.craigslist.org/wad/d/lansing-collect-30s-40s-50s-60s-70s/7018611579.html,,2019-11-12,US,2019-11-21
I COLLECT 30&#39;s 40&#39;s 50&#39;s 60&#39;s 70&#39;s Motorcycles, Nov 12, &excats=134-40&min_price=200000&max_price=1000000, Michigan, Muskegon, For Sale-Wanted, Wanted, https://muskegon.craigslist.org/wad/d/muskegon-collect-30s-40s-50s-60s-70s/7018610085.html,,2019-11-12,US,2019-11-21
I COLLECT 30&#39;s 40&#39;s 50&#39;s 60&#39;s 70&#39;s Motorcycles, Nov 12, &excats=134-40&min_price=200000&max_price=1000000, Ohio, Youngstown, For Sale-Wanted, Wanted, https://youngstown.craigslist.org/wad/d/lowellville-collect-30s-40s-50s-60s-70s/7018603729.html,,2019-11-12,US,2019-11-21
2007 Toyota Tacoma, Nov 12, &excats=134-40&min_price=200000&max_price=1000000, North Carolina, Asheville, For Sale-Wanted, ATVs UTVs by Owner, https://asheville.craigslist.org/snw/d/hartford-2007-toyota-tacoma/7018964927.html,,2019-11-12,US,2019-11-21
Wanted Nascar Sheet Metal Fire Suits Crew Shirts and More!, Nov 12, &excats=134-40&min_price=200000&max_price=1000000, North Carolina, Boone, For Sale-Wanted, Wanted, https://boone.craigslist.org/wan/d/lowell-wanted-nascar-sheet-metal-fire/7018684966.html,Want,2019-11-12,US,2019-11-21
Delicious beef delivered to your door, Nov 12, &excats=134-40&min_price=200000&max_price=1000000, North Carolina, Fayetteville, For Sale-Wanted, Farm and Garden, https://fayetteville.craigslist.org/grd/d/stedman-delicious-beef-delivered-to/7010315499.html,,2019-11-12,US,2019-11-21
TO THE AH REMOVING MY POST IM GOING TO START DOING THE SAME WHAT GOES, Nov 12, &excats=134-40&min_price=200000&max_price=1000000, Louisiana, New Orleans, For Sale-Wanted, Tools, https://neworleans.craigslist.org/tls/d/harvey-to-the-ah-removing-my-post-im/7019004408.html,,2019-11-12,US,2019-11-21
I COLLECT 30&#39;s 40&#39;s 50&#39;s 60&#39;s 70&#39;s Motorcycles, Nov 12, &excats=134-40&min_price=200000&max_price=1000000, Minnesota, Brainerd, For Sale-Wanted, Wanted, https://brainerd.craigslist.org/wad/d/brainerd-collect-30s-40s-50s-60s-70s/7018621548.html,,2019-11-12,US,2019-11-21
I COLLECT 30&#39;s 40&#39;s 50&#39;s 60&#39;s 70&#39;s Motorcycles, Nov 12, &excats=134-40&min_price=200000&max_price=1000000, Minnesota, Mankato, For Sale-Wanted, Wanted, https://mankato.craigslist.org/wad/d/kasota-collect-30s-40s-50s-60s-70s/7018626513.html,,2019-11-12,US,2019-11-21
I COLLECT 30&#39;s 40&#39;s 50&#39;s 60&#39;s 70&#39;s Motorcycles, Nov 12, &excats=134-40&min_price=200000&max_price=1000000, Minnesota, Rochester, For Sale-Wanted, Wanted, https://rmn.craigslist.org/wad/d/rochester-collect-30s-40s-50s-60s-70s/7018625647.html,,2019-11-12,US,2019-11-21
I COLLECT 30&#39;s 40&#39;s 50&#39;s 60&#39;s 70&#39;s Motorcycles, Nov 12, &excats=134-40&min_price=200000&max_price=1000000, Minnesota, St Cloud, For Sale-Wanted, Wanted, https://stcloud.craigslist.org/wad/d/saint-cloud-collect-30s-40s-50s-60s-70s/7018622863.html,,2019-11-12,US,2019-11-21
460 Beautiful Acres in Cromwell Oklahoma, Nov 12, &excats=134-40&min_price=200000&max_price=1000000, Oklahoma, Oklahoma City, For Sale-Wanted, Farm and Garden, https://oklahomacity.craigslist.org/grd/d/cromwell-460-beautiful-acres-in/7019063880.html,,2019-11-12,US,2019-11-21
WANTED:  Metal Brake, Nov 12, &excats=134-40&min_price=200000&max_price=1000000, Idaho, Boise, For Sale-Wanted, Wanted, https://boise.craigslist.org/wan/d/meridian-wanted-metal-brake/7018567130.html,Want,2019-11-12,US,2019-11-21
2019 Kenworth T800 NEW, Nov 12, &excats=134-40&min_price=200000&max_price=1000000, Alabama, Birmingham, For Sale-Wanted, Heavy Equipment, https://bham.craigslist.org/hvd/d/birmingham-2019-kenworth-t800-new/7018525068.html,,2019-11-12,US,2019-11-21
I COLLECT 30&#39;s 40&#39;s 50&#39;s 60&#39;s 70&#39;s Motorcycles, Nov 12, &excats=134-40&min_price=200000&max_price=1000000, Pennsylvania, Erie, For Sale-Wanted, Wanted, https://erie.craigslist.org/wad/d/erie-collect-30s-40s-50s-60s-70s/7018601191.html,,2019-11-12,US,2019-11-21
1970 Ford Mustang Boss 429 Fastback, Nov 12, &excats=134-40&min_price=200000&max_price=1000000, Pennsylvania, Philadelphia, For Sale-Wanted, Cars And by Dealer, https://philadelphia.craigslist.org/ctd/d/philadelphia-1970-ford-mustang-boss-429/7019026676.html,,2019-11-12,US,2019-11-21
****Metal wanted****, Nov 12, &excats=134-40&min_price=200000&max_price=1000000, Pennsylvania, Philadelphia, For Sale-Wanted, Wanted, https://philadelphia.craigslist.org/wan/d/metal-wanted/7018451416.html,Want,2019-11-12,US,2019-11-21
I COLLECT 30&#39;s 40&#39;s 50&#39;s 60&#39;s 70&#39;s Motorcycles, Nov 12, &excats=134-40&min_price=200000&max_price=1000000, Pennsylvania, Pittsburgh, For Sale-Wanted, Wanted, https://pittsburgh.craigslist.org/wad/d/pittsburg-collect-30s-40s-50s-60s-70s/7018601652.html,,2019-11-12,US,2019-11-21
** I BUY iPHONE 11 PRO X XR XS MAX 8 8 PLUS iPAD MAC $$ NEW or USED $$, Nov 12, &excats=134-40&min_price=200000&max_price=1000000, Texas, Austin, For Sale-Wanted, Wanted, https://austin.craigslist.org/wad/d/austin-buy-iphone-11-pro-xr-xs-max-8-8/7018598676.html,,2019-11-12,US,2019-11-21
2014 John Deere 8320R, Nov 12, &excats=134-40&min_price=200000&max_price=1000000, Texas, Austin, For Sale-Wanted, Farm and Garden, https://austin.craigslist.org/grq/d/seguin-2014-john-deere-8320r/7018596842.html,,2019-11-12,US,2019-11-21
** I BUY iPHONE 11 PRO X XR XS MAX 8 8 PLUS iPAD MAC $$ NEW or USED $$, Nov 12, &excats=134-40&min_price=200000&max_price=1000000, Texas, Austin, For Sale-Wanted, Wanted, https://austin.craigslist.org/wad/d/austin-buy-iphone-11-pro-xr-xs-max-8-8/7018454952.html,,2019-11-12,US,2019-11-21
House for sale by Owner, Nov 12, &excats=134-40&min_price=200000&max_price=1000000, Texas, Corpus Christi, For Sale-Wanted, General, https://corpuschristi.craigslist.org/for/d/port-aransas-house-for-sale-by-owner/7019072327.html,,2019-11-12,US,2019-11-21
Wanted rolex watchs  old ugly broken dont care, Nov 12, &excats=134-40&min_price=200000&max_price=1000000, Texas, Corpus Christi, For Sale-Wanted, Jewelry, https://corpuschristi.craigslist.org/jwl/d/corpus-christi-wanted-rolex-watchs-old/7018919326.html,Want,2019-11-12,US,2019-11-21
2900 sf Home Ocean Dr, Nov 12, &excats=134-40&min_price=200000&max_price=1000000, Texas, Corpus Christi, For Sale-Wanted, General, https://corpuschristi.craigslist.org/for/d/corpus-christi-2900-sf-home-ocean-dr/7012077717.html,,2019-11-12,US,2019-11-21
2014 John Deere 8320R, Nov 12, &excats=134-40&min_price=200000&max_price=1000000, Texas, Corpus Christi, For Sale-Wanted, Farm and Garden, https://corpuschristi.craigslist.org/grq/d/seguin-2014-john-deere-8320r/7018610042.html,,2019-11-12,US,2019-11-21
Samsung Galaxy S8 a $250 y el s8 plus  a $300, Nov 12, &excats=134-40&min_price=200000&max_price=1000000, Texas, El Paso, For Sale-Wanted, Cell Phones, https://elpaso.craigslist.org/mob/d/el-paso-samsung-galaxy-s8-250-el-s8/7001395904.html,,2019-11-12,US,2019-11-21
2014 John Deere 8320R, Nov 12, &excats=134-40&min_price=200000&max_price=1000000, Texas, San Marcos, For Sale-Wanted, Farm and Garden, https://sanmarcos.craigslist.org/grq/d/seguin-2014-john-deere-8320r/7018593266.html,,2019-11-12,US,2019-11-21
Bandit 3680 Beast grinder, Nov 12, &excats=134-40&min_price=200000&max_price=1000000, Connecticut, Hartford, For Sale-Wanted, Heavy Equipment, https://hartford.craigslist.org/hvo/d/southwick-bandit-3680-beast-grinder/7018729529.html,,2019-11-12,US,2019-11-21
Looking to Buy 45s & LP Vinyl Records / Album Collections!!!, Nov 12, &excats=134-40&min_price=200000&max_price=1000000, Missouri, Kansas City, For Sale-Wanted, Wanted, https://kansascity.craigslist.org/wan/d/looking-to-buy-45s-lp-vinyl-records/7018549632.html,Want,2019-11-12,US,2019-11-21
I COLLECT 30&#39;s 40&#39;s 50&#39;s 60&#39;s 70&#39;s Motorcycles, Nov 12, &excats=134-40&min_price=200000&max_price=1000000, Illinois, Chicago, For Sale-Wanted, Wanted, https://chicago.craigslist.org/sox/wad/d/chicago-collect-30s-40s-50s-60s-70s/7018636143.html,,2019-11-12,US,2019-11-21
I COLLECT 30&#39;s 40&#39;s 50&#39;s 60&#39;s 70&#39;s Motorcycles, Nov 12, &excats=134-40&min_price=200000&max_price=1000000, Illinois, Chicago, For Sale-Wanted, Wanted, https://chicago.craigslist.org/chc/wad/d/chicago-collect-30s-40s-50s-60s-70s/7018635190.html,,2019-11-12,US,2019-11-21
I COLLECT 30&#39;s 40&#39;s 50&#39;s 60&#39;s 70&#39;s Motorcycles, Nov 12, &excats=134-40&min_price=200000&max_price=1000000, Illinois, Rockford, For Sale-Wanted, Wanted, https://rockford.craigslist.org/wad/d/cherry-valley-collect-30s-40s-50s-60s/7018633160.html,,2019-11-12,US,2019-11-21
I COLLECT 30&#39;s 40&#39;s 50&#39;s 60&#39;s 70&#39;s Motorcycles, Nov 12, &excats=134-40&min_price=200000&max_price=1000000, Illinois, Springfield, For Sale-Wanted, Wanted, https://springfieldil.craigslist.org/wad/d/riverton-collect-30s-40s-50s-60s-70s/7018602143.html,,2019-11-12,US,2019-11-21
brick home for sale by owner, Nov 12, &excats=134-40&min_price=200000&max_price=1000000, Mississippi, Hattiesburg, For Sale-Wanted, General, https://hattiesburg.craigslist.org/for/d/waynesboro-brick-home-for-sale-by-owner/7006615913.html,,2019-11-12,US,2019-11-21
2020 VIPER RTD35 ORANGE W/CAB, Nov 12, &excats=134-40&min_price=200000&max_price=1000000, Oregon, Portland, For Sale-Wanted, Heavy Equipment, https://portland.craigslist.org/wsc/hvd/d/cary-2020-viper-rtd35-orange-cab/7018814442.html,,2019-11-12,US,2019-11-21
2017 MERCEDES BENZ G550 SQUARED 1-OWNER 38S G 550 G63 2018 2019 2016, Nov 12, &excats=134-40&min_price=200000&max_price=1000000, Oregon, Portland, For Sale-Wanted, Cars And by Dealer, https://portland.craigslist.org/mlt/ctd/d/portland-2017-mercedes-benz-g550/7018674639.html,,2019-11-12,US,2019-11-21
RARE 2000 Rookie TOM BRADY game used jersey with COA, Nov 12, &excats=134-40&min_price=200000&max_price=1000000, New York, Hudson Valley, For Sale-Wanted, Sporting Goods, https://hudsonvalley.craigslist.org/spo/d/mellenville-rare-2000-rookie-tom-brady/7018538334.html,,2019-11-12,US,2019-11-21
Power wheels &quot;bone yard&quot;, Nov 12, &excats=134-40&min_price=200000&max_price=1000000, New Jersey, South Jersey, For Sale-Wanted, Toys And Games, https://southjersey.craigslist.org/tag/d/blackwood-power-wheels-bone-yard/7018587499.html,,2019-11-12,US,2019-11-21
I COLLECT 30&#39;s 40&#39;s 50&#39;s 60&#39;s 70&#39;s Motorcycles, Nov 12, &excats=134-40&min_price=200000&max_price=1000000, Wisconsin, Eau Claire, For Sale-Wanted, Wanted, https://eauclaire.craigslist.org/wad/d/eau-claire-collect-30s-40s-50s-60s-70s/7018615588.html,,2019-11-12,US,2019-11-21
I COLLECT VINTAGE MOTORCYCLES RUNNING OR NOT, Nov 12, &excats=134-40&min_price=200000&max_price=1000000, Wisconsin, Green Bay, For Sale-Wanted, Farm and Garden, https://greenbay.craigslist.org/grq/d/green-bay-collect-vintage-motorcycles/7018619309.html,,2019-11-12,US,2019-11-21
I COLLECT 30&#39;s 40&#39;s 50&#39;s 60&#39;s 70&#39;s Motorcycles, Nov 12, &excats=134-40&min_price=200000&max_price=1000000, Wisconsin, Green Bay, For Sale-Wanted, Wanted, https://greenbay.craigslist.org/wad/d/green-bay-collect-30s-40s-50s-60s-70s/7018614059.html,,2019-11-12,US,2019-11-21
I COLLECT 30&#39;s 40&#39;s 50&#39;s 60&#39;s 70&#39;s Motorcycles, Nov 12, &excats=134-40&min_price=200000&max_price=1000000, Wisconsin, La Crosse, For Sale-Wanted, Wanted, https://lacrosse.craigslist.org/wad/d/la-crosse-collect-30s-40s-50s-60s-70s/7018615050.html,,2019-11-12,US,2019-11-21
Home For Sale, Nov 12, &excats=134-40&min_price=200000&max_price=1000000, Wisconsin, Madison, For Sale-Wanted, General, https://madison.craigslist.org/for/d/madison-home-for-sale/7018798937.html,,2019-11-12,US,2019-11-21
I COLLECT 30&#39;s 40&#39;s 50&#39;s 60&#39;s 70&#39;s Motorcycles, Nov 12, &excats=134-40&min_price=200000&max_price=1000000, Wisconsin, Madison, For Sale-Wanted, Wanted, https://madison.craigslist.org/wad/d/madison-collect-30s-40s-50s-60s-70s/7018633767.html,,2019-11-12,US,2019-11-21
I COLLECT 30&#39;s 40&#39;s 50&#39;s 60&#39;s 70&#39;s Motorcycles, Nov 12, &excats=134-40&min_price=200000&max_price=1000000, Wisconsin, Northern Wi, For Sale-Wanted, Wanted, https://northernwi.craigslist.org/wad/d/barron-collect-30s-40s-50s-60s-70s/7018619863.html,,2019-11-12,US,2019-11-21
I COLLECT 30&#39;s 40&#39;s 50&#39;s 60&#39;s 70&#39;s Motorcycles, Nov 12, &excats=134-40&min_price=200000&max_price=1000000, Wisconsin, Wausau, For Sale-Wanted, Wanted, https://wausau.craigslist.org/wad/d/wausau-collect-30s-40s-50s-60s-70s/7018614538.html,,2019-11-12,US,2019-11-21
WE PAY CASH FOR BRAND NEW AND USED SMARTPHONES, Nov 12, &excats=134-40&min_price=200000&max_price=1000000, California, Los Angeles, For Sale-Wanted, Wanted, https://losangeles.craigslist.org/lac/wad/d/los-angeles-we-pay-cash-for-brand-new/7018900070.html,,2019-11-12,US,2019-11-21
2005 Ford GT, Nov 12, &excats=134-40&min_price=200000&max_price=1000000, California, Los Angeles, For Sale-Wanted, Cars And by Dealer, https://losangeles.craigslist.org/lgb/ctd/d/carson-2005-ford-gt/7018463809.html,,2019-11-12,US,2019-11-21
2007 Jayco GreyHawk 33DS, Nov 12, &excats=134-40&min_price=200000&max_price=1000000, California, Sacramento, For Sale-Wanted, RVs, https://sacramento.craigslist.org/rvd/d/martell-2007-jayco-greyhawk-33ds/7018847190.html,,2019-11-12,US,2019-11-21
5 bed/3 bath Home For Sale by Owner, Nov 11, &excats=134-40&min_price=200000&max_price=1000000, Iowa, Des Moines, For Sale-Wanted, General, https://desmoines.craigslist.org/for/d/milford-5-bed-3-bath-home-for-sale-by/7018220515.html,,2019-11-11,US,2019-11-21
5 bed/3 bath Home For Sale by Owner, Nov 11, &excats=134-40&min_price=200000&max_price=1000000, Iowa, Sioux City, For Sale-Wanted, General, https://siouxcity.craigslist.org/for/d/milford-5-bed-3-bath-home-for-sale-by/7018219632.html,,2019-11-11,US,2019-11-21
2008 Sterling 9500 Manitex 4124S Crane 40 ton crane boom truck - $200k, Nov 11, &excats=134-40&min_price=200000&max_price=1000000, Georgia, Atlanta, For Sale-Wanted, Cars And by Dealer, https://atlanta.craigslist.org/nat/ctd/d/jasper-2008-sterling-9500-manitex-4124s/7017949778.html,,2019-11-11,US,2019-11-21
Altec Boom Model ac18-70B 70 Reach 18 Ton Boom - $25000, Nov 11, &excats=134-40&min_price=200000&max_price=1000000, Georgia, Atlanta, For Sale-Wanted, Heavy Equipment, https://atlanta.craigslist.org/nat/hvd/d/ramona-altec-boom-model-ac18-70b-70/7017929047.html,,2019-11-11,US,2019-11-21
Privacy but close to it all!, Nov 11, &excats=134-40&min_price=200000&max_price=1000000, Vermont, Vermont, For Sale-Wanted, General, https://vermont.craigslist.org/for/d/huntington-privacy-but-close-to-it-all/7017704113.html,,2019-11-11,US,2019-11-21
WTB Commerical/Retail property, Nov 11, &excats=134-40&min_price=200000&max_price=1000000, Montana, Helena, For Sale-Wanted, Wanted, https://helena.craigslist.org/wan/d/helena-wtb-commerical-retail-property/7000631274.html,,2019-11-11,US,2019-11-21
2008 Sterling 9500 Manitex 4124S 40 ton crane boom truck $200000, Nov 11, &excats=134-40&min_price=200000&max_price=1000000, South Carolina, Charleston, For Sale-Wanted, Cars And by Dealer, https://charleston.craigslist.org/ctd/d/jasper-2008-sterling-9500-manitex-4124s/7017925139.html,,2019-11-11,US,2019-11-21
Home For Sale By Owner, Nov 11, &excats=134-40&min_price=200000&max_price=1000000, Arkansas, Little Rock, For Sale-Wanted, General, https://littlerock.craigslist.org/for/d/pleasant-grove-home-for-sale-by-owner/7017878889.html,,2019-11-11,US,2019-11-21
Tiny House Huge Private Garden, Nov 11, &excats=134-40&min_price=200000&max_price=1000000, Arizona, Phoenix, For Sale-Wanted, Farm and Garden, https://phoenix.craigslist.org/evl/grd/d/tempe-tiny-house-huge-private-garden/7001894429.html,,2019-11-11,US,2019-11-21
Financing as low as 10% down on Long Standing Auto Shop!, Nov 11, &excats=134-40&min_price=200000&max_price=1000000, Arizona, Phoenix, For Sale-Wanted, Antique By Owner, https://phoenix.craigslist.org/cph/atq/d/las-vegas-financing-as-low-as-10-down/7018320478.html,,2019-11-11,US,2019-11-21
1985 House on 1 Acre - Buckeye, Nov 11, &excats=134-40&min_price=200000&max_price=1000000, Arizona, Phoenix, For Sale-Wanted, General, https://phoenix.craigslist.org/wvl/for/d/goodyear-1985-house-on-1-acre-buckeye/7018335922.html,,2019-11-11,US,2019-11-21
Financing as low as 10% down on Long Standing Auto Shop!, Nov 11, &excats=134-40&min_price=200000&max_price=1000000, Arizona, Phoenix, For Sale-Wanted, General, https://phoenix.craigslist.org/cph/for/d/las-vegas-financing-as-low-as-10-down/7018320929.html,,2019-11-11,US,2019-11-21
HOUSE FOR SALE, Nov 11, &excats=134-40&min_price=200000&max_price=1000000, Arizona, Phoenix, For Sale-Wanted, General, https://phoenix.craigslist.org/wvl/for/d/phoenix-house-for-sale/7018238434.html,,2019-11-11,US,2019-11-21
House for sale four on one lot, Nov 11, &excats=134-40&min_price=200000&max_price=1000000, Arizona, Yuma, For Sale-Wanted, General, https://yuma.craigslist.org/for/d/yuma-house-for-sale-four-on-one-lot/7018180519.html,,2019-11-11,US,2019-11-21
120 Acres with house & pole barn, Nov 11, &excats=134-40&min_price=200000&max_price=1000000, Florida, Gainesville, For Sale-Wanted, General, https://gainesville.craigslist.org/for/d/cedar-key-120-acres-with-house-pole-barn/7017985963.html,,2019-11-11,US,2019-11-21
2008Sterling 9500 Manitex 4124S Crane Truck Boom Truck 40 Ton $200000, Nov 11, &excats=134-40&min_price=200000&max_price=1000000, Florida, Orlando, For Sale-Wanted, Cars And by Dealer, https://orlando.craigslist.org/ctd/d/ramona-2008sterling-9500-manitex-4124s/7017932034.html,,2019-11-11,US,2019-11-21
Wash and detail shop, Nov 11, &excats=134-40&min_price=200000&max_price=1000000, Florida, Pensacola, For Sale-Wanted, General, https://pensacola.craigslist.org/for/d/milton-wash-and-detail-shop/6998540657.html,,2019-11-11,US,2019-11-21
New Bimini Tops 2 sizes available, Nov 11, &excats=134-40&min_price=200000&max_price=1000000, Florida, Space Coast, For Sale-Wanted, Boat Parts, https://spacecoast.craigslist.org/bpo/d/vero-beach-new-bimini-tops-2-sizes/6999940425.html,,2019-11-11,US,2019-11-21
Machinist tools, Nov 11, &excats=134-40&min_price=200000&max_price=1000000, Kentucky, Louisville, For Sale-Wanted, Tools, https://louisville.craigslist.org/tls/d/mount-washington-machinist-tools/7006200692.html,,2019-11-11,US,2019-11-21
2011 Clayton home, Nov 11, &excats=134-40&min_price=200000&max_price=1000000, Virginia, Charlottesville, For Sale-Wanted, General, https://charlottesville.craigslist.org/for/d/quinque-2011-clayton-home/7017975332.html,,2019-11-11,US,2019-11-21
G.I.JOE&#39;s wanted all kinds, Nov 11, &excats=134-40&min_price=200000&max_price=1000000, Virginia, Fredericksburg, For Sale-Wanted, Wanted, https://fredericksburg.craigslist.org/wan/d/fredericksburg-gijoes-wanted-all-kinds/7003102578.html,Want,2019-11-11,US,2019-11-21
Beautiful New England 2 Family Home, Nov 11, &excats=134-40&min_price=200000&max_price=1000000, Maine, Maine, For Sale-Wanted, General, https://maine.craigslist.org/for/d/lisbon-falls-beautiful-new-england-2/7003073613.html,,2019-11-11,US,2019-11-21
Lake house for sale, Nov 11, &excats=134-40&min_price=200000&max_price=1000000, Wyoming, Wyoming, For Sale-Wanted, General, https://wyoming.craigslist.org/for/d/glendo-lake-house-for-sale/7018064595.html,,2019-11-11,US,2019-11-21
Beautiful EOG Villa, Nov 11, &excats=134-40&min_price=200000&max_price=1000000, Maryland, Baltimore, For Sale-Wanted, General, https://baltimore.craigslist.org/for/d/bel-air-beautiful-eog-villa/7017946757.html,,2019-11-11,US,2019-11-21
New Student Trumpet B-Flat  Wisemann  have in Silver or Lacquer, Nov 11, &excats=134-40&min_price=200000&max_price=1000000, New Mexico, Albuquerque, For Sale-Wanted, Musical Instruments, https://albuquerque.craigslist.org/msg/d/new-student-trumpet-flat-wisemann-have/7018281183.html,,2019-11-11,US,2019-11-21
New Wisemann Pocket Trumpet - Great Gift, Nov 11, &excats=134-40&min_price=200000&max_price=1000000, New Mexico, Albuquerque, For Sale-Wanted, Musical Instruments, https://albuquerque.craigslist.org/msg/d/new-wisemann-pocket-trumpet-great-gift/7018280576.html,,2019-11-11,US,2019-11-21
New Trumpet: Bach Stradivarius Clone with Schilke Trim Wisemann, Nov 11, &excats=134-40&min_price=200000&max_price=1000000, New Mexico, Albuquerque, For Sale-Wanted, Musical Instruments, https://albuquerque.craigslist.org/msg/d/new-trumpet-bach-stradivarius-clone/7018280305.html,,2019-11-11,US,2019-11-21
2018 Lamborghini Huracan Performante, Nov 11, &excats=134-40&min_price=200000&max_price=1000000, Ohio, Cleveland, For Sale-Wanted, Cars And by Dealer, https://cleveland.craigslist.org/ctd/d/cuyahoga-falls-2018-lamborghini-huracan/7018258532.html,,2019-11-11,US,2019-11-21
2015 Formula 400 FX SS, Nov 11, &excats=134-40&min_price=200000&max_price=1000000, Ohio, Cleveland, For Sale-Wanted, Boat Parts by Dealer, https://cleveland.craigslist.org/bod/d/langley-2015-formula-400-fx-ss/7018060481.html,,2019-11-11,US,2019-11-21
2019 Lamborghini Urus, Nov 11, &excats=134-40&min_price=200000&max_price=1000000, Ohio, Cleveland, For Sale-Wanted, Cars And by Dealer, https://cleveland.craigslist.org/ctd/d/cuyahoga-falls-2019-lamborghini-urus/7017970074.html,,2019-11-11,US,2019-11-21
2 River Lots in Lafayette- on Leonpacher- adjoining lots off Kaliste, Nov 11, &excats=134-40&min_price=200000&max_price=1000000, Louisiana, Lafayette, For Sale-Wanted, General, https://lafayette.craigslist.org/for/d/lafayette-2-river-lots-in-lafayette-on/7018133421.html,,2019-11-11,US,2019-11-21
Home For Sale By Owner, Nov 11, &excats=134-40&min_price=200000&max_price=1000000, Louisiana, Monroe, For Sale-Wanted, General, https://monroe.craigslist.org/for/d/pleasant-grove-home-for-sale-by-owner/7018193446.html,,2019-11-11,US,2019-11-21
iPhone 7/7 Plus Any Carrier, Nov 11, &excats=134-40&min_price=200000&max_price=1000000, Oklahoma, Oklahoma City, For Sale-Wanted, Cell Phones by Dealer, https://oklahomacity.craigslist.org/mod/d/oklahoma-city-iphone-7-7-plus-any/7018232899.html,,2019-11-11,US,2019-11-21
2015 Formula 400 FX SS, Nov 11, &excats=134-40&min_price=200000&max_price=1000000, Oklahoma, Oklahoma City, For Sale-Wanted, Boat Parts by Dealer, https://oklahomacity.craigslist.org/bod/d/disney-2015-formula-400-fx-ss/7018057544.html,,2019-11-11,US,2019-11-21
2008 Sterling 9500 Manitex 4124S 40 ton crane boom truck $200000, Nov 11, &excats=134-40&min_price=200000&max_price=1000000, Oklahoma, Oklahoma City, For Sale-Wanted, Cars And by Dealer, https://oklahomacity.craigslist.org/ctd/d/jasper-2008-sterling-9500-manitex-4124s/7017937693.html,,2019-11-11,US,2019-11-21
iPhone 8 Plus 64GB Any Carrier, Nov 11, &excats=134-40&min_price=200000&max_price=1000000, Oklahoma, Oklahoma City, For Sale-Wanted, Cell Phones by Dealer, https://oklahomacity.craigslist.org/mod/d/oklahoma-city-iphone-8-plus-64gb-any/7017913363.html,,2019-11-11,US,2019-11-21
ISOA 3 POINTSPRAY BLASTERFOR BRUSH(FAN TYPE), Nov 11, &excats=134-40&min_price=200000&max_price=1000000, Oklahoma, Tulsa, For Sale-Wanted, Farm and Garden, https://tulsa.craigslist.org/grd/d/isoa-3-pointspray-blasterfor-brushfan/7018274210.html,,2019-11-11,US,2019-11-21
2015 Formula 400 FX SS, Nov 11, &excats=134-40&min_price=200000&max_price=1000000, Oklahoma, Tulsa, For Sale-Wanted, Boat Parts by Dealer, https://tulsa.craigslist.org/bod/d/langley-2015-formula-400-fx-ss/7018056401.html,,2019-11-11,US,2019-11-21
FastFairHomeBuyer.com, Nov 11, &excats=134-40&min_price=200000&max_price=1000000, Kansas, Wichita, For Sale-Wanted, Wanted, https://wichita.craigslist.org/wan/d/fastfairhomebuyercom/7016701777.html,,2019-11-11,US,2019-11-21
STRIP MALL FOR SALE, Nov 11, &excats=134-40&min_price=200000&max_price=1000000, Kansas, Wichita, For Sale-Wanted, General, https://wichita.craigslist.org/for/d/wichita-strip-mall-for-sale/7017932287.html,,2019-11-11,US,2019-11-21
Home For Sale By Owner, Nov 11, &excats=134-40&min_price=200000&max_price=1000000, Tennessee, Memphis, For Sale-Wanted, General, https://memphis.craigslist.org/for/d/pleasant-grove-home-for-sale-by-owner/7017865941.html,,2019-11-11,US,2019-11-21
House with 4 acres, Nov 11, &excats=134-40&min_price=200000&max_price=1000000, Tennessee, Nashville, For Sale-Wanted, Antique By Owner, https://nashville.craigslist.org/atq/d/tullahoma-house-with-4-acres/7018294834.html,,2019-11-11,US,2019-11-21
$$$$ CASH FOR COMIC BOOKS IN 48 HRS!!, Nov 11, &excats=134-40&min_price=200000&max_price=1000000, Pennsylvania, Philadelphia, For Sale-Wanted, Wanted, https://philadelphia.craigslist.org/wan/d/cash-for-comic-books-in-48-hrs/7013057355.html,,2019-11-11,US,2019-11-21
****Metal wanted****, Nov 11, &excats=134-40&min_price=200000&max_price=1000000, Pennsylvania, Philadelphia, For Sale-Wanted, Wanted, https://philadelphia.craigslist.org/wan/d/metal-wanted/7017765173.html,Want,2019-11-11,US,2019-11-21
Thanksgiving decanter salt- pepper shaker, Nov 11, &excats=134-40&min_price=200000&max_price=1000000, Pennsylvania, Reading, For Sale-Wanted, General, https://reading.craigslist.org/for/d/reading-thanksgiving-decanter-salt/7018064166.html,,2019-11-11,US,2019-11-21
** I BUY iPHONE 11 PRO X XR XS MAX 8 8 PLUS iPAD MAC $$ NEW or USED $$, Nov 11, &excats=134-40&min_price=200000&max_price=1000000, Texas, Austin, For Sale-Wanted, Wanted, https://austin.craigslist.org/wad/d/austin-buy-iphone-11-pro-xr-xs-max-8-8/7017926921.html,,2019-11-11,US,2019-11-21
Beautiful home in Liberty TX, Nov 11, &excats=134-40&min_price=200000&max_price=1000000, Texas, Austin, For Sale-Wanted, General, https://austin.craigslist.org/for/d/elysian-fields-beautiful-home-in/7017901550.html,,2019-11-11,US,2019-11-21
Home FSBO, Nov 11, &excats=134-40&min_price=200000&max_price=1000000, Texas, Austin, For Sale-Wanted, General, https://austin.craigslist.org/for/d/round-rock-home-fsbo/7014898848.html,,2019-11-11,US,2019-11-21
** I BUY iPHONE 11 PRO X XR XS MAX 8 8 PLUS iPAD MAC $$ NEW or USED $$, Nov 11, &excats=134-40&min_price=200000&max_price=1000000, Texas, Austin, For Sale-Wanted, Wanted, https://austin.craigslist.org/wad/d/austin-buy-iphone-11-pro-xr-xs-max-8-8/7017765208.html,,2019-11-11,US,2019-11-21
Arroyo House on Water For Sale, Nov 11, &excats=134-40&min_price=200000&max_price=1000000, Texas, Brownsville, For Sale-Wanted, Boat Parts, https://brownsville.craigslist.org/boa/d/rio-hondo-arroyo-house-on-water-for-sale/7018393410.html,,2019-11-11,US,2019-11-21
land /lot, Nov 11, &excats=134-40&min_price=200000&max_price=1000000, Texas, Houston, For Sale-Wanted, General, https://houston.craigslist.org/for/d/land-lot/7018263957.html,,2019-11-11,US,2019-11-21
2008 Sterling 9500 Manitex 4124S 40 ton crane boom truck $200000, Nov 11, &excats=134-40&min_price=200000&max_price=1000000, Texas, Houston, For Sale-Wanted, Cars And by Dealer, https://houston.craigslist.org/ctd/d/jasper-2008-sterling-9500-manitex-4124s/7017941583.html,,2019-11-11,US,2019-11-21
2005 chevrolet tahoe parts, Nov 11, &excats=134-40&min_price=200000&max_price=1000000, Connecticut, Hartford, For Sale-Wanted, Auto Parts by Owner, https://hartford.craigslist.org/pts/d/hartford-2005-chevrolet-tahoe-parts/7017907242.html,,2019-11-11,US,2019-11-21
400 gm transmission wtb, Nov 11, &excats=134-40&min_price=200000&max_price=1000000, Missouri, St Louis, For Sale-Wanted, Auto Parts by Owner, https://stlouis.craigslist.org/pts/d/400-gm-transmission-wtb/7018322973.html,,2019-11-11,US,2019-11-21
400 gm transmission wtb, Nov 11, &excats=134-40&min_price=200000&max_price=1000000, Missouri, St Louis, For Sale-Wanted, Auto Parts by Owner, https://stlouis.craigslist.org/pts/d/400-gm-transmission-wtb/7018322607.html,,2019-11-11,US,2019-11-21
Over 1 acre on Lincoln Dr., Nov 11, &excats=134-40&min_price=200000&max_price=1000000, Missouri, St Louis, For Sale-Wanted, Antique By Owner, https://stlouis.craigslist.org/atq/d/troy-over-1-acre-on-lincoln-dr/7017955045.html,,2019-11-11,US,2019-11-21
I Sell Herman Miller AERON CHAIRS ALSO MIRRAS, Nov 11, &excats=134-40&min_price=200000&max_price=1000000, District of Columbia, Washington, For Sale-Wanted, Furniture, https://washingtondc.craigslist.org/nva/fud/d/rockville-sell-herman-miller-aeron/7017945910.html,,2019-11-11,US,2019-11-21
I Sell Herman Miller AERON CHAIRS ALSO MIRRAS, Nov 11, &excats=134-40&min_price=200000&max_price=1000000, District of Columbia, Washington, For Sale-Wanted, Furniture, https://washingtondc.craigslist.org/nva/fud/d/rockville-sell-herman-miller-aeron/7017888297.html,,2019-11-11,US,2019-11-21
I Sell Herman Miller AERON CHAIRS ALSO MIRRAS, Nov 11, &excats=134-40&min_price=200000&max_price=1000000, District of Columbia, Washington, For Sale-Wanted, Furniture, https://washingtondc.craigslist.org/nva/fud/d/sell-herman-miller-aeron-chairs-also/7017883780.html,,2019-11-11,US,2019-11-21
I Sell Herman Miller AERON CHAIRS ALSO MIRRAS, Nov 11, &excats=134-40&min_price=200000&max_price=1000000, District of Columbia, Washington, For Sale-Wanted, Furniture, https://washingtondc.craigslist.org/nva/fud/d/rockville-sell-herman-miller-aeron/7017882373.html,,2019-11-11,US,2019-11-21
2015 Formula 400 FX SS, Nov 11, &excats=134-40&min_price=200000&max_price=1000000, Illinois, Chicago, For Sale-Wanted, Boat Parts by Dealer, https://chicago.craigslist.org/sox/bod/d/disney-2015-formula-400-fx-ss/7018062248.html,,2019-11-11,US,2019-11-21
2017 Rolls-Royce Dawn 6.6L V12 Engine RWD ** COUPE CONVERTIBLE ** w/ Navigat, Nov 11, &excats=134-40&min_price=200000&max_price=1000000, Illinois, Chicago, For Sale-Wanted, Cars And by Dealer, https://chicago.craigslist.org/chc/ctd/d/addison-2017-rolls-royce-dawn-66l-v12/7017945951.html,,2019-11-11,US,2019-11-21
Gorgeous 3/2 on 23 Acres, Nov 11, &excats=134-40&min_price=200000&max_price=1000000, Mississippi, Hattiesburg, For Sale-Wanted, General, https://hattiesburg.craigslist.org/for/d/jay-gorgeous-3-2-on-23-acres/7018295597.html,,2019-11-11,US,2019-11-21
Pedicure chair, Nov 11, &excats=134-40&min_price=200000&max_price=1000000, New York, Binghamton, For Sale-Wanted, General, https://binghamton.craigslist.org/for/d/owego-pedicure-chair/7018103327.html,,2019-11-11,US,2019-11-21
SMART TV 4K HDTV  65&#39;&#39;/58&#39;&#39;/50&#39;&#39;, Nov 11, &excats=134-40&min_price=200000&max_price=1000000, New York, Hudson Valley, For Sale-Wanted, Electronics, https://hudsonvalley.craigslist.org/ele/d/amenia-smart-tv-4k-hdtv/7018058136.html,,2019-11-11,US,2019-11-21
Comic Books Original Comic Art Movie Posters wanted, Nov 11, &excats=134-40&min_price=200000&max_price=1000000, New York, Long Island, For Sale-Wanted, Wanted, https://longisland.craigslist.org/wan/d/orient-comic-books-original-comic-art/7018107215.html,Want,2019-11-11,US,2019-11-21
1939 chevrolet  and 76/77 El Camino, Nov 11, &excats=134-40&min_price=200000&max_price=1000000, Wisconsin, Madison, For Sale-Wanted, Auto Parts by Owner, https://madison.craigslist.org/pts/d/webster-1939-chevrolet-and-el-camino/7017864402.html,,2019-11-11,US,2019-11-21
2015 Formula 400 FX SS, Nov 11, &excats=134-40&min_price=200000&max_price=1000000, Wisconsin, Milwaukee, For Sale-Wanted, Boat Parts by Dealer, https://milwaukee.craigslist.org/bod/d/disney-2015-formula-400-fx-ss/7018061207.html,,2019-11-11,US,2019-11-21
2016 Mud Dog 1200 Vacuum truck, Nov 11, &excats=134-40&min_price=200000&max_price=1000000, Wisconsin, Milwaukee, For Sale-Wanted, Heavy Equipment, https://milwaukee.craigslist.org/hvo/d/franklin-2016-mud-dog-1200-vacuum-truck/7017932972.html,,2019-11-11,US,2019-11-21
????WE BUY PHONES AND PAY INSTANT CASH????, Nov 11, &excats=134-40&min_price=200000&max_price=1000000, California, Bakersfield, For Sale-Wanted, Cell Phones by Dealer, https://bakersfield.craigslist.org/mod/d/lamont-we-buy-phones-and-pay-instant/7017973014.html,,2019-11-11,US,2019-11-21
??????7600???????? ?, Nov 11, &excats=134-40&min_price=200000&max_price=1000000, California, Inland Empire, For Sale-Wanted, General, https://inlandempire.craigslist.org/for/d/monrovia-7600/7018087554.html,,2019-11-11,US,2019-11-21
2008 CAT D10T dozer very nice!, Nov 11, &excats=134-40&min_price=200000&max_price=1000000, California, Inland Empire, For Sale-Wanted, Heavy Equipment, https://inlandempire.craigslist.org/hvo/d/menifee-2008-cat-d10t-dozer-very-nice/7001501602.html,,2019-11-11,US,2019-11-21
WE PAY CASH FOR BRAND NEW AND USED IPHONES, Nov 11, &excats=134-40&min_price=200000&max_price=1000000, California, Los Angeles, For Sale-Wanted, Wanted, https://losangeles.craigslist.org/lac/wad/d/los-angeles-we-pay-cash-for-brand-new/7018347292.html,,2019-11-11,US,2019-11-21
WE PAY CASH FOR BRAND NEW AND USED IPHONES, Nov 11, &excats=134-40&min_price=200000&max_price=1000000, California, Los Angeles, For Sale-Wanted, Wanted, https://losangeles.craigslist.org/lac/wad/d/los-angeles-we-pay-cash-for-brand-new/7018293101.html,,2019-11-11,US,2019-11-21
2016 *Lamborghini* *Aventador* *2dr Coupe LP 750-4 Supe, Nov 11, &excats=134-40&min_price=200000&max_price=1000000, California, Los Angeles, For Sale-Wanted, Cars And by Dealer, https://losangeles.craigslist.org/wst/ctd/d/marina-del-rey-2016-lamborghini/7017845368.html,,2019-11-11,US,2019-11-21
First come first serve $5 each or all 25 for $100, Nov 11, &excats=134-40&min_price=200000&max_price=1000000, California, Orange County, For Sale-Wanted, General, https://orangecounty.craigslist.org/for/d/costa-mesa-first-come-first-serve-5/7018095927.html,,2019-11-11,US,2019-11-21
2017 Renegade Super C Motor Home, Nov 11, &excats=134-40&min_price=200000&max_price=1000000, California, San Diego, For Sale-Wanted, RVs, https://sandiego.craigslist.org/csd/rvs/d/el-cajon-2017-renegade-super-motor-home/7018073202.html,,2019-11-11,US,2019-11-21
REDUCED 50&#39; Jersey Convertible Sportfisher New Upgrades! Nice!, Nov 11, &excats=134-40&min_price=200000&max_price=1000000, California, San Diego, For Sale-Wanted, Boat Parts by Dealer, https://sandiego.craigslist.org/csd/bod/d/san-diego-reduced-50-jersey-convertible/7018005725.html,,2019-11-11,US,2019-11-21
2017 Ferrari 488 Spider, Nov 11, &excats=134-40&min_price=200000&max_price=1000000, California, San Diego, For Sale-Wanted, Cars And by Dealer, https://sandiego.craigslist.org/nsd/ctd/d/del-mar-2017-ferrari-488-spider/7017978050.html,,2019-11-11,US,2019-11-21
2017 Renegade Super C Motor Home, Nov 11, &excats=134-40&min_price=200000&max_price=1000000, California, San Diego, For Sale-Wanted, RVs, https://sandiego.craigslist.org/csd/rvs/d/el-cajon-2017-renegade-super-motor-home/7018073202.html,,2019-11-11,US,2019-11-21
REDUCED 50&#39; Jersey Convertible Sportfisher New Upgrades! Nice!, Nov 11, &excats=134-40&min_price=200000&max_price=1000000, California, San Diego, For Sale-Wanted, Boat Parts by Dealer, https://sandiego.craigslist.org/csd/bod/d/san-diego-reduced-50-jersey-convertible/7018005725.html,,2019-11-11,US,2019-11-21
2017 Ferrari 488 Spider, Nov 11, &excats=134-40&min_price=200000&max_price=1000000, California, San Diego, For Sale-Wanted, Cars And by Dealer, https://sandiego.craigslist.org/nsd/ctd/d/del-mar-2017-ferrari-488-spider/7017978050.html,,2019-11-11,US,2019-11-21
Home Depot pallets!!!!!, Nov 10, &excats=134-40&min_price=200000&max_price=1000000, Indiana, Indianapolis, For Sale-Wanted, Household, https://indianapolis.craigslist.org/hsh/d/franklin-home-depot-pallets/7017576675.html,,2019-11-10,US,2019-11-21
BUYING OLD COINS & COLLECTIONS WE BUY AT COLLECTOR VALUE !! CASH, Nov 10, &excats=134-40&min_price=200000&max_price=1000000, Indiana, Indianapolis, For Sale-Wanted, Wanted, https://terrehaute.craigslist.org/wan/d/indianapolis-buying-old-coins/6997474937.html,,2019-11-10,US,2019-11-21
BUYING OLD COINS & COLLECTIONS WE BUY AT COLLECTOR VALUE !! CASH, Nov 10, &excats=134-40&min_price=200000&max_price=1000000, Indiana, Terre Haute, For Sale-Wanted, Wanted, https://terrehaute.craigslist.org/wan/d/indianapolis-buying-old-coins/6997474937.html,,2019-11-10,US,2019-11-21
only 1 house on little private island, Nov 10, &excats=134-40&min_price=200000&max_price=1000000, Georgia, Atlanta, For Sale-Wanted, General, https://atlanta.craigslist.org/nat/for/d/fortson-only-1-house-on-little-private/7017435768.html,,2019-11-10,US,2019-11-21
Motorhome Class A, Nov 10, &excats=134-40&min_price=200000&max_price=1000000, Georgia, Brunswick, For Sale-Wanted, RVs, https://brunswick.craigslist.org/rvs/d/brunswick-motorhome-class/7017591781.html,,2019-11-10,US,2019-11-21
2004 Freightliner M2 Service truck w/crane, Nov 10, &excats=134-40&min_price=200000&max_price=1000000, Montana, Missoula, For Sale-Wanted, Heavy Equipment, https://missoula.craigslist.org/hvo/d/mukilteo-2004-freightliner-m2-service/7009843423.html,,2019-11-10,US,2019-11-21
Home for Sale, Nov 10, &excats=134-40&min_price=200000&max_price=1000000, South Carolina, Myrtle Beach, For Sale-Wanted, General, https://myrtlebeach.craigslist.org/for/d/north-myrtle-beach-home-for-sale/7017255783.html,,2019-11-10,US,2019-11-21
2020 Newmar Dutch Star 4369 Triple Slide Class A Diesel Pusher, Nov 10, &excats=134-40&min_price=200000&max_price=1000000, Arizona, Phoenix, For Sale-Wanted, RVs, https://phoenix.craigslist.org/cph/rvd/d/mesa-2020-newmar-dutch-star-4369-triple/7017532365.html,,2019-11-10,US,2019-11-21
2019 Newmar Dutch Star 4328 Full Room Slide Class A Diesel Pusher, Nov 10, &excats=134-40&min_price=200000&max_price=1000000, Arizona, Phoenix, For Sale-Wanted, RVs, https://phoenix.craigslist.org/cph/rvd/d/mesa-2019-newmar-dutch-star-4328-full/7017435216.html,,2019-11-10,US,2019-11-21
2019 Newmar Dutch Star 4328 Triple Slide Class A Diesel Pusher, Nov 10, &excats=134-40&min_price=200000&max_price=1000000, Arizona, Phoenix, For Sale-Wanted, RVs, https://phoenix.craigslist.org/cph/rvd/d/mesa-2019-newmar-dutch-star-4328-triple/7017426855.html,,2019-11-10,US,2019-11-21
2019 Newmar Mountain Aire 4550 Quad Slide Class A Diesel Pusher, Nov 10, &excats=134-40&min_price=200000&max_price=1000000, Arizona, Phoenix, For Sale-Wanted, RVs, https://phoenix.craigslist.org/cph/rvd/d/mesa-2019-newmar-mountain-aire-4550/7017418076.html,,2019-11-10,US,2019-11-21
2020 Newmar Mountain Aire 4018 Triple Slide Class A Diesel Pusher, Nov 10, &excats=134-40&min_price=200000&max_price=1000000, Arizona, Phoenix, For Sale-Wanted, RVs, https://phoenix.craigslist.org/cph/rvd/d/mesa-2020-newmar-mountain-aire-4018/7017392733.html,,2019-11-10,US,2019-11-21
Chevy duramax, Nov 10, &excats=134-40&min_price=200000&max_price=1000000, Arizona, Phoenix, For Sale-Wanted, Cars And Trucks, https://phoenix.craigslist.org/nph/cto/d/prescott-valley-chevy-duramax/7017385139.html,,2019-11-10,US,2019-11-21
2020 Newmar Canyon Star 3927 Double Slide Class A Motorhome, Nov 10, &excats=134-40&min_price=200000&max_price=1000000, Arizona, Phoenix, For Sale-Wanted, RVs, https://phoenix.craigslist.org/cph/rvd/d/mesa-2020-newmar-canyon-star-3927/7017358363.html,,2019-11-10,US,2019-11-21
2019 Newmar Dutch Star 4311 Wheelchair Access Class A Diesel Pusher, Nov 10, &excats=134-40&min_price=200000&max_price=1000000, Arizona, Phoenix, For Sale-Wanted, RVs, https://phoenix.craigslist.org/cph/rvd/d/mesa-2019-newmar-dutch-star-4311/7017349801.html,,2019-11-10,US,2019-11-21
Chevy duramax, Nov 10, &excats=134-40&min_price=200000&max_price=1000000, Arizona, Prescott, For Sale-Wanted, Cars And Trucks, https://phoenix.craigslist.org/nph/cto/d/prescott-valley-chevy-duramax/7017385139.html,,2019-11-10,US,2019-11-21
JV for senior assisted living facility, Nov 10, &excats=134-40&min_price=200000&max_price=1000000, Nevada, Las Vegas, For Sale-Wanted, Wanted, https://lasvegas.craigslist.org/wan/d/hawthorne-jv-for-senior-assisted-living/7017552993.html,,2019-11-10,US,2019-11-21
2020 Newmar Dutch Star 4369 Triple Slide Class A Diesel Pusher, Nov 10, &excats=134-40&min_price=200000&max_price=1000000, Nevada, Las Vegas, For Sale-Wanted, RVs, https://lasvegas.craigslist.org/rvd/d/mesa-2020-newmar-dutch-star-4369-triple/7017532280.html,,2019-11-10,US,2019-11-21
2019 Newmar Dutch Star 4328 Full Room Slide Class A Diesel Pusher, Nov 10, &excats=134-40&min_price=200000&max_price=1000000, Nevada, Las Vegas, For Sale-Wanted, RVs, https://lasvegas.craigslist.org/rvd/d/mesa-2019-newmar-dutch-star-4328-full/7017435095.html,,2019-11-10,US,2019-11-21
2019 Newmar Dutch Star 4328 Triple Slide Class A Diesel Pusher, Nov 10, &excats=134-40&min_price=200000&max_price=1000000, Nevada, Las Vegas, For Sale-Wanted, RVs, https://lasvegas.craigslist.org/rvd/d/mesa-2019-newmar-dutch-star-4328-triple/7017426745.html,,2019-11-10,US,2019-11-21
2019 Newmar Mountain Aire 4550 Quad Slide Class A Diesel Pusher, Nov 10, &excats=134-40&min_price=200000&max_price=1000000, Nevada, Las Vegas, For Sale-Wanted, RVs, https://lasvegas.craigslist.org/rvd/d/mesa-2019-newmar-mountain-aire-4550/7017417962.html,,2019-11-10,US,2019-11-21
2020 Newmar Mountain Aire 4018 Triple Slide Class A Diesel Pusher, Nov 10, &excats=134-40&min_price=200000&max_price=1000000, Nevada, Las Vegas, For Sale-Wanted, RVs, https://lasvegas.craigslist.org/rvd/d/mesa-2020-newmar-mountain-aire-4018/7017392622.html,,2019-11-10,US,2019-11-21
Home for sale by owner, Nov 10, &excats=134-40&min_price=200000&max_price=1000000, Nevada, Las Vegas, For Sale-Wanted, General, https://lasvegas.craigslist.org/for/d/las-vegas-home-for-sale-by-owner/7017378694.html,,2019-11-10,US,2019-11-21
2020 Newmar Canyon Star 3927 Double Slide Class A Motorhome, Nov 10, &excats=134-40&min_price=200000&max_price=1000000, Nevada, Las Vegas, For Sale-Wanted, RVs, https://lasvegas.craigslist.org/rvd/d/mesa-2020-newmar-canyon-star-3927/7017358275.html,,2019-11-10,US,2019-11-21
2019 Newmar Dutch Star 4311 Wheelchair Access Class A Diesel Pusher, Nov 10, &excats=134-40&min_price=200000&max_price=1000000, Nevada, Las Vegas, For Sale-Wanted, RVs, https://lasvegas.craigslist.org/rvd/d/mesa-2019-newmar-dutch-star-4311/7017349704.html,,2019-11-10,US,2019-11-21
Hunting and Recreational property in South Central Nebraska, Nov 10, &excats=134-40&min_price=200000&max_price=1000000, Nevada, Las Vegas, For Sale-Wanted, General, https://lasvegas.craigslist.org/for/d/red-cloud-hunting-and-recreational/7006173692.html,,2019-11-10,US,2019-11-21
??Swiss watch collector looking for Rolex Omega, Nov 10, &excats=134-40&min_price=200000&max_price=1000000, Florida, Space Coast, For Sale-Wanted, Jewelry, https://spacecoast.craigslist.org/jwl/d/melbourne-swiss-watch-collector-looking/7017361335.html,Want,2019-11-10,US,2019-11-21
GOLD DIAMONDS AND ROLEX BUYER, Nov 10, &excats=134-40&min_price=200000&max_price=1000000, Florida, Space Coast, For Sale-Wanted, Jewelry, https://spacecoast.craigslist.org/jwl/d/melbourne-gold-diamonds-and-rolex-buyer/7017326454.html,,2019-11-10,US,2019-11-21
GOLD DIAMONDS AND ROLEX BUYER -, Nov 10, &excats=134-40&min_price=200000&max_price=1000000, Florida, Space Coast, For Sale-Wanted, Jewelry, https://spacecoast.craigslist.org/jwl/d/melbourne-gold-diamonds-and-rolex-buyer/7017324619.html,,2019-11-10,US,2019-11-21
Tiffin Allegro Bus 40SP, Nov 10, &excats=134-40&min_price=200000&max_price=1000000, Colorado, Denver, For Sale-Wanted, RVs, https://denver.craigslist.org/rvs/d/edwards-tiffin-allegro-bus-40sp/7017472463.html,,2019-11-10,US,2019-11-21
Hemp Biomass and Seed Separator, Nov 10, &excats=134-40&min_price=200000&max_price=1000000, Colorado, Denver, For Sale-Wanted, Farm and Garden, https://denver.craigslist.org/grd/d/denver-hemp-biomass-and-seed-separator/7017283787.html,,2019-11-10,US,2019-11-21
CONDO FOR SALE, Nov 10, &excats=134-40&min_price=200000&max_price=1000000, Colorado, Denver, For Sale-Wanted, General, https://denver.craigslist.org/for/d/denver-condo-for-sale/7017303611.html,,2019-11-10,US,2019-11-21
Top Cash for Vintage & Rare Guitars & Gear Free Pro Appraisals!, Nov 10, &excats=134-40&min_price=200000&max_price=1000000, New Mexico, Albuquerque, For Sale-Wanted, Wanted, https://albuquerque.craigslist.org/wad/d/boulder-top-cash-for-vintage-rare/7017183338.html,,2019-11-10,US,2019-11-21
Top Cash for Vintage Guitars & Rare Guitars & Gear Free Pro Appraisas, Nov 10, &excats=134-40&min_price=200000&max_price=1000000, New Mexico, Albuquerque, For Sale-Wanted, NA, https://albuquerque.craigslist.org/msd/d/albuquerque-top-cash-for-vintage/7017183209.html,,2019-11-10,US,2019-11-21
A lot of tools, Nov 10, &excats=134-40&min_price=200000&max_price=1000000, Michigan, Battle Creek, For Sale-Wanted, Tools, https://battlecreek.craigslist.org/tls/d/ceresco-lot-of-tools/7017195220.html,,2019-11-10,US,2019-11-21
2018 Entegra Aspire 42DEQ, Nov 10, &excats=134-40&min_price=200000&max_price=1000000, Michigan, Grand Rapids, For Sale-Wanted, RVs, https://grandrapids.craigslist.org/rvd/d/grand-rapids-2018-entegra-aspire-42deq/7017259423.html,,2019-11-10,US,2019-11-21
House and 10 Acres, Nov 10, &excats=134-40&min_price=200000&max_price=1000000, Ohio, Chillicothe, For Sale-Wanted, Farm and Garden, https://chillicothe.craigslist.org/grd/d/waverly-house-and-10-acres/7002688802.html,,2019-11-10,US,2019-11-21
Lake Front Home For Sale By Owner, Nov 10, &excats=134-40&min_price=200000&max_price=1000000, Ohio, Cleveland, For Sale-Wanted, General, https://cleveland.craigslist.org/for/d/sugar-grove-lake-front-home-for-sale-by/7017367284.html,,2019-11-10,US,2019-11-21
Lake Front Home For Sale By Owner, Nov 10, &excats=134-40&min_price=200000&max_price=1000000, Ohio, Columbus, For Sale-Wanted, General, https://columbus.craigslist.org/for/d/sugar-grove-lake-front-home-for-sale-by/7017342390.html,,2019-11-10,US,2019-11-21
4 bd/2ba on corner lot in Northshore school district, Nov 10, &excats=134-40&min_price=200000&max_price=1000000, Louisiana, New Orleans, For Sale-Wanted, General, https://neworleans.craigslist.org/for/d/slidell-4-bd-2ba-on-corner-lot-in/7017697092.html,,2019-11-10,US,2019-11-21
Mobile AL Bayfront Home for Sale, Nov 10, &excats=134-40&min_price=200000&max_price=1000000, Tennessee, Chattanooga, For Sale-Wanted, General, https://chattanooga.craigslist.org/for/d/coden-mobile-al-bayfront-home-for-sale/7003550097.html,,2019-11-10,US,2019-11-21
I buy Dungeons and Dragons stuff. Old books. All of it. I pay more., Nov 10, &excats=134-40&min_price=200000&max_price=1000000, Tennessee, Nashville, For Sale-Wanted, Wanted, https://nashville.craigslist.org/wan/d/franklin-buy-dungeons-and-dragons-stuff/7017619921.html,,2019-11-10,US,2019-11-21
Mobile AL Bayfront Home for Sale, Nov 10, &excats=134-40&min_price=200000&max_price=1000000, Tennessee, Nashville, For Sale-Wanted, General, https://nashville.craigslist.org/for/d/coden-mobile-al-bayfront-home-for-sale/7003560265.html,,2019-11-10,US,2019-11-21
Mobile AL Bayfront Home for Sale, Nov 10, &excats=134-40&min_price=200000&max_price=1000000, Alabama, Auburn, For Sale-Wanted, General, https://auburn.craigslist.org/for/d/coden-mobile-al-bayfront-home-for-sale/7003569557.html,,2019-11-10,US,2019-11-21
Mobile AL Bayfront Home for Sale, Nov 10, &excats=134-40&min_price=200000&max_price=1000000, Alabama, Tuscaloosa, For Sale-Wanted, General, https://tuscaloosa.craigslist.org/for/d/coden-mobile-al-bayfront-home-for-sale/7003578581.html,,2019-11-10,US,2019-11-21
ALWAYS LOOKING TO BUY MORE STAR WARS ITEMS OF MANY KINDS - SEE DETAILS, Nov 10, &excats=134-40&min_price=200000&max_price=1000000, Pennsylvania, Philadelphia, For Sale-Wanted, Wanted, https://philadelphia.craigslist.org/wan/d/always-looking-to-buy-more-star-wars/7015538544.html,Want,2019-11-10,US,2019-11-21
****Metal wanted****, Nov 10, &excats=134-40&min_price=200000&max_price=1000000, Pennsylvania, Philadelphia, For Sale-Wanted, Wanted, https://philadelphia.craigslist.org/wan/d/metal-wanted/7017224385.html,Want,2019-11-10,US,2019-11-21
Live edge wood slabs maple black walnut & more kiln dried!!!, Nov 10, &excats=134-40&min_price=200000&max_price=1000000, Pennsylvania, Philadelphia, For Sale-Wanted, Furniture, https://philadelphia.craigslist.org/fuo/d/bowmanstown-live-edge-wood-slabs-maple/7008006434.html,,2019-11-10,US,2019-11-21
** I BUY iPHONE 11 PRO X XR XS MAX 8 8 PLUS iPAD MAC $$ NEW or USED $$, Nov 10, &excats=134-40&min_price=200000&max_price=1000000, Texas, Austin, For Sale-Wanted, Wanted, https://austin.craigslist.org/wad/d/austin-buy-iphone-11-pro-xr-xs-max-8-8/7017224409.html,,2019-11-10,US,2019-11-21
Ruidoso Property for sale, Nov 10, &excats=134-40&min_price=200000&max_price=1000000, Texas, Lubbock, For Sale-Wanted, General, https://lubbock.craigslist.org/for/d/ruidoso-ruidoso-property-for-sale/7017326891.html,,2019-11-10,US,2019-11-21
Silver by the oz, Nov 10, &excats=134-40&min_price=200000&max_price=1000000, Connecticut, Hartford, For Sale-Wanted, General, https://hartford.craigslist.org/for/d/bolton-silver-by-the-oz/6998942509.html,,2019-11-10,US,2019-11-21
looking for DELL SUPERMICRO HP SERVERS SERVER, Nov 10, &excats=134-40&min_price=200000&max_price=1000000, District of Columbia, Washington, For Sale-Wanted, Computers, https://washingtondc.craigslist.org/nva/syd/d/ashburn-looking-for-dell-supermicro-hp/7017593792.html,Want,2019-11-10,US,2019-11-21
2003 Madell 6240 swing yarder., Nov 10, &excats=134-40&min_price=200000&max_price=1000000, Oregon, Eugene, For Sale-Wanted, Heavy Equipment, https://eugene.craigslist.org/hvo/d/medford-2003-madell-6240-swing-yarder/7013690705.html,,2019-11-10,US,2019-11-21
Tuna Boat, Nov 10, &excats=134-40&min_price=200000&max_price=1000000, Oregon, Oregon Coast, For Sale-Wanted, Boat Parts, https://oregoncoast.craigslist.org/boa/d/seaview-tuna-boat/7017632471.html,,2019-11-10,US,2019-11-21
3 Bedroom house- Loudonville, Nov 10, &excats=134-40&min_price=200000&max_price=1000000, New York, Albany, For Sale-Wanted, General, https://albany.craigslist.org/for/d/albany-3-bedroom-house-loudonville/7017234787.html,,2019-11-10,US,2019-11-21
2005 Mack Granite, Nov 10, &excats=134-40&min_price=200000&max_price=1000000, New York, Buffalo, For Sale-Wanted, Heavy Equipment, https://buffalo.craigslist.org/hvo/d/east-bloomfield-2005-mack-granite/7017291312.html,,2019-11-10,US,2019-11-21
Live edge wood slabs ready to use!!!!, Nov 10, &excats=134-40&min_price=200000&max_price=1000000, New Jersey, South Jersey, For Sale-Wanted, Materials, https://southjersey.craigslist.org/mat/d/aquashicola-live-edge-wood-slabs-ready/7007343098.html,,2019-11-10,US,2019-11-21
Millenium m150 monster hang on tree stand, Nov 10, &excats=134-40&min_price=200000&max_price=1000000, Wisconsin, La Crosse, For Sale-Wanted, Sporting Goods, https://lacrosse.craigslist.org/spo/d/millenium-m150-monster-hang-on-tree/7017248898.html,,2019-11-10,US,2019-11-21
Looking for Class A Motorhome For the right one I will trade my House, Nov 10, &excats=134-40&min_price=200000&max_price=1000000, California, Inland Empire, For Sale-Wanted, Wanted, https://inlandempire.craigslist.org/wan/d/apple-valley-looking-for-class/7017461863.html,Want,2019-11-10,US,2019-11-21
1969 bug parts, Nov 10, &excats=134-40&min_price=200000&max_price=1000000, California, Inland Empire, For Sale-Wanted, Auto Parts by Owner, https://inlandempire.craigslist.org/pts/d/wildomar-1969-bug-parts/7017279273.html,,2019-11-10,US,2019-11-21
Azusa CA Fixer - Partially Renovated, Nov 10, &excats=134-40&min_price=200000&max_price=1000000, California, Orange County, For Sale-Wanted, General, https://orangecounty.craigslist.org/for/d/covina-azusa-ca-fixer-partially/7009196594.html,,2019-11-10,US,2019-11-21
2013 Ferrari 458 GT3 (upgraded to 2015 specs), Nov 10, &excats=134-40&min_price=200000&max_price=1000000, California, Orange County, For Sale-Wanted, Cars And by Dealer, https://orangecounty.craigslist.org/ctd/d/corona-2013-ferrari-458-gt3-upgraded-to/7017599519.html,,2019-11-10,US,2019-11-21
$200000 LOAN REQUEST, Nov 10, &excats=134-40&min_price=200000&max_price=1000000, California, Orange County, For Sale-Wanted, Wanted, https://orangecounty.craigslist.org/wan/d/summerville-loan-request/7017551701.html,,2019-11-10,US,2019-11-21
SERVERS SERVER PARTS UPFRONT PAYMENT buying Dell Servers HP Servers, Nov 10, &excats=134-40&min_price=200000&max_price=1000000, California, Sacramento, For Sale-Wanted, Computer Parts, https://sacramento.craigslist.org/sdp/d/sacramento-servers-server-parts-upfront/7017590791.html,,2019-11-10,US,2019-11-21
SERVERS SERVER PARTS UPFRONT PAYMENT buying Dell Servers HP Servers, Nov 10, &excats=134-40&min_price=200000&max_price=1000000, California, Sacramento, For Sale-Wanted, Computer Parts, https://sacramento.craigslist.org/sdp/d/sacramento-servers-server-parts-upfront/7017577086.html,,2019-11-10,US,2019-11-21
2020 Newmar Dutch Star 4369 Triple Slide Class A Diesel Pusher, Nov 10, &excats=134-40&min_price=200000&max_price=1000000, California, San Diego, For Sale-Wanted, RVs, https://sandiego.craigslist.org/csd/rvd/d/mesa-2020-newmar-dutch-star-4369-triple/7017532306.html,,2019-11-10,US,2019-11-21
2019 Newmar Dutch Star 4328 Full Room Slide Class A Diesel Pusher, Nov 10, &excats=134-40&min_price=200000&max_price=1000000, California, San Diego, For Sale-Wanted, RVs, https://sandiego.craigslist.org/csd/rvd/d/mesa-2019-newmar-dutch-star-4328-full/7017435149.html,,2019-11-10,US,2019-11-21
2019 Newmar Dutch Star 4328 Triple Slide Class A Diesel Pusher, Nov 10, &excats=134-40&min_price=200000&max_price=1000000, California, San Diego, For Sale-Wanted, RVs, https://sandiego.craigslist.org/csd/rvd/d/mesa-2019-newmar-dutch-star-4328-triple/7017426798.html,,2019-11-10,US,2019-11-21
2019 Newmar Mountain Aire 4550 Quad Slide Class A Diesel Pusher, Nov 10, &excats=134-40&min_price=200000&max_price=1000000, California, San Diego, For Sale-Wanted, RVs, https://sandiego.craigslist.org/csd/rvd/d/mesa-2019-newmar-mountain-aire-4550/7017418038.html,,2019-11-10,US,2019-11-21
2020 Newmar Mountain Aire 4018 Triple Slide Class A Diesel Pusher, Nov 10, &excats=134-40&min_price=200000&max_price=1000000, California, San Diego, For Sale-Wanted, RVs, https://sandiego.craigslist.org/csd/rvd/d/mesa-2020-newmar-mountain-aire-4018/7017392667.html,,2019-11-10,US,2019-11-21
2020 Newmar Canyon Star 3927 Double Slide Class A Motorhome, Nov 10, &excats=134-40&min_price=200000&max_price=1000000, California, San Diego, For Sale-Wanted, RVs, https://sandiego.craigslist.org/csd/rvd/d/mesa-2020-newmar-canyon-star-3927/7017358329.html,,2019-11-10,US,2019-11-21
2019 Newmar Dutch Star 4311 Wheelchair Access Class A Diesel Pusher, Nov 10, &excats=134-40&min_price=200000&max_price=1000000, California, San Diego, For Sale-Wanted, RVs, https://sandiego.craigslist.org/csd/rvd/d/mesa-2019-newmar-dutch-star-4311/7017349763.html,,2019-11-10,US,2019-11-21
2020 Newmar Dutch Star 4369 Triple Slide Class A Diesel Pusher, Nov 10, &excats=134-40&min_price=200000&max_price=1000000, California, San Diego, For Sale-Wanted, RVs, https://sandiego.craigslist.org/csd/rvd/d/mesa-2020-newmar-dutch-star-4369-triple/7017532306.html,,2019-11-10,US,2019-11-21
2019 Newmar Dutch Star 4328 Full Room Slide Class A Diesel Pusher, Nov 10, &excats=134-40&min_price=200000&max_price=1000000, California, San Diego, For Sale-Wanted, RVs, https://sandiego.craigslist.org/csd/rvd/d/mesa-2019-newmar-dutch-star-4328-full/7017435149.html,,2019-11-10,US,2019-11-21
2019 Newmar Dutch Star 4328 Triple Slide Class A Diesel Pusher, Nov 10, &excats=134-40&min_price=200000&max_price=1000000, California, San Diego, For Sale-Wanted, RVs, https://sandiego.craigslist.org/csd/rvd/d/mesa-2019-newmar-dutch-star-4328-triple/7017426798.html,,2019-11-10,US,2019-11-21
2019 Newmar Mountain Aire 4550 Quad Slide Class A Diesel Pusher, Nov 10, &excats=134-40&min_price=200000&max_price=1000000, California, San Diego, For Sale-Wanted, RVs, https://sandiego.craigslist.org/csd/rvd/d/mesa-2019-newmar-mountain-aire-4550/7017418038.html,,2019-11-10,US,2019-11-21
2020 Newmar Mountain Aire 4018 Triple Slide Class A Diesel Pusher, Nov 10, &excats=134-40&min_price=200000&max_price=1000000, California, San Diego, For Sale-Wanted, RVs, https://sandiego.craigslist.org/csd/rvd/d/mesa-2020-newmar-mountain-aire-4018/7017392667.html,,2019-11-10,US,2019-11-21
2020 Newmar Canyon Star 3927 Double Slide Class A Motorhome, Nov 10, &excats=134-40&min_price=200000&max_price=1000000, California, San Diego, For Sale-Wanted, RVs, https://sandiego.craigslist.org/csd/rvd/d/mesa-2020-newmar-canyon-star-3927/7017358329.html,,2019-11-10,US,2019-11-21
2019 Newmar Dutch Star 4311 Wheelchair Access Class A Diesel Pusher, Nov 10, &excats=134-40&min_price=200000&max_price=1000000, California, San Diego, For Sale-Wanted, RVs, https://sandiego.craigslist.org/csd/rvd/d/mesa-2019-newmar-dutch-star-4311/7017349763.html,,2019-11-10,US,2019-11-21
UPDATE! Parts & Project Cars & Trucks 1920&#39;s-80&#39;s 100&#39;s of Cars, Nov 09, &excats=134-40&min_price=200000&max_price=1000000, Iowa, Dubuque, For Sale-Wanted, Auto Parts by Dealer, https://dubuque.craigslist.org/ptd/d/great-bend-update-parts-project-cars/7017150427.html,,2019-11-09,US,2019-11-21
For sale 51 ac. in Mae Valley, Nov 09, &excats=134-40&min_price=200000&max_price=1000000, Washington, Moses Lake, For Sale-Wanted, Farm and Garden, https://moseslake.craigslist.org/grd/d/bremerton-for-sale-51-ac-in-mae-valley/7001162733.html,,2019-11-09,US,2019-11-21
ATLANTA GA PACKAGE OF 4..., Nov 09, &excats=134-40&min_price=200000&max_price=1000000, Georgia, Atlanta, For Sale-Wanted, General, https://atlanta.craigslist.org/atl/for/d/atlanta-atlanta-ga-package-of-4/7016690653.html,,2019-11-09,US,2019-11-21
WEST END SALE, Nov 09, &excats=134-40&min_price=200000&max_price=1000000, Georgia, Atlanta, For Sale-Wanted, General, https://atlanta.craigslist.org/sat/for/d/atlanta-west-end-sale/7016668658.html,,2019-11-09,US,2019-11-21
2020 Mercedes G63 AMG, Nov 09, &excats=134-40&min_price=200000&max_price=1000000, Georgia, Atlanta, For Sale-Wanted, Cars And Trucks, https://atlanta.craigslist.org/atl/cto/d/buckhead-2020-mercedes-g63-amg/7016655186.html,,2019-11-09,US,2019-11-21
20 acres prime land, Nov 09, &excats=134-40&min_price=200000&max_price=1000000, Georgia, Atlanta, For Sale-Wanted, General, https://atlanta.craigslist.org/sat/for/d/hampton-20-acres-prime-land/7016636510.html,,2019-11-09,US,2019-11-21
2020 Keystone Alpine 3700FL 5Th Wheel W 5 Slides!, Nov 09, &excats=134-40&min_price=200000&max_price=1000000, Vermont, Vermont, For Sale-Wanted, RVs, https://vermont.craigslist.org/rvd/d/north-turner-2020-keystone-alpine/7016595304.html,,2019-11-09,US,2019-11-21
BUYING ALL NASCAR TICKETS CAN MEET LOCALLY, Nov 09, &excats=134-40&min_price=200000&max_price=1000000, Arizona, Phoenix, For Sale-Wanted, Tickets, https://phoenix.craigslist.org/wvl/tix/d/tolleson-buying-all-nascar-tickets-can/7016910304.html,,2019-11-09,US,2019-11-21
2020 Newmar Kountry Star 3412 Quad Slide Class A Diesel Pusher, Nov 09, &excats=134-40&min_price=200000&max_price=1000000, Arizona, Phoenix, For Sale-Wanted, RVs, https://phoenix.craigslist.org/cph/rvd/d/mesa-2020-newmar-kountry-star-3412-quad/7016901083.html,,2019-11-09,US,2019-11-21
2019 Newmar Dutch Star 4369 Triple Slide Class A Diesel RV, Nov 09, &excats=134-40&min_price=200000&max_price=1000000, Arizona, Phoenix, For Sale-Wanted, RVs, https://phoenix.craigslist.org/cph/rvd/d/mesa-2019-newmar-dutch-star-4369-triple/7016890897.html,,2019-11-09,US,2019-11-21
2014 Allegro Bus Diesel Pusher, Nov 09, &excats=134-40&min_price=200000&max_price=1000000, Arizona, Phoenix, For Sale-Wanted, RVs, https://phoenix.craigslist.org/evl/rvs/d/mesa-2014-allegro-bus-diesel-pusher/7016865302.html,,2019-11-09,US,2019-11-21
2014 Winnebago Tour 42QD Triple Slide Class A Diesel RV, Nov 09, &excats=134-40&min_price=200000&max_price=1000000, Arizona, Phoenix, For Sale-Wanted, RVs, https://phoenix.craigslist.org/cph/rvd/d/mesa-2014-winnebago-tour-42qd-triple/7016781002.html,,2019-11-09,US,2019-11-21
picture of the cowardly lion from mgm grand, Nov 09, &excats=134-40&min_price=200000&max_price=1000000, Nevada, Las Vegas, For Sale-Wanted, Wanted, https://lasvegas.craigslist.org/wan/d/las-vegas-picture-of-the-cowardly-lion/7017172476.html,,2019-11-09,US,2019-11-21
2020 Newmar Kountry Star 3412 Quad Slide Class A Diesel Pusher, Nov 09, &excats=134-40&min_price=200000&max_price=1000000, Nevada, Las Vegas, For Sale-Wanted, RVs, https://lasvegas.craigslist.org/rvd/d/mesa-2020-newmar-kountry-star-3412-quad/7016900963.html,,2019-11-09,US,2019-11-21
2019 Newmar Dutch Star 4369 Triple Slide Class A Diesel RV, Nov 09, &excats=134-40&min_price=200000&max_price=1000000, Nevada, Las Vegas, For Sale-Wanted, RVs, https://lasvegas.craigslist.org/rvd/d/mesa-2019-newmar-dutch-star-4369-triple/7016890734.html,,2019-11-09,US,2019-11-21
3 Bedroom 2Bath (For Sale by Owner), Nov 09, &excats=134-40&min_price=200000&max_price=1000000, Nevada, Las Vegas, For Sale-Wanted, ATVs UTVs by Owner, https://lasvegas.craigslist.org/snw/d/las-vegas-3-bedroom-2bath-for-sale-by/7016785129.html,,2019-11-09,US,2019-11-21
2014 Winnebago Tour 42QD Triple Slide Class A Diesel RV, Nov 09, &excats=134-40&min_price=200000&max_price=1000000, Nevada, Las Vegas, For Sale-Wanted, RVs, https://lasvegas.craigslist.org/rvd/d/mesa-2014-winnebago-tour-42qd-triple/7016780859.html,,2019-11-09,US,2019-11-21
Looking for RTO Owner Finance or take over payments, Nov 09, &excats=134-40&min_price=200000&max_price=1000000, Florida, Jacksonville, For Sale-Wanted, Wanted, https://jacksonville.craigslist.org/wan/d/jacksonville-looking-for-rto-owner/6999574660.html,Want,2019-11-09,US,2019-11-21
Top Cash for Vintage and Rare Guitars & Gear Free Pro Appraisals, Nov 09, &excats=134-40&min_price=200000&max_price=1000000, Colorado, Boulder, For Sale-Wanted, Wanted, https://denver.craigslist.org/wad/d/boulder-top-cash-for-vintage-and-rare/7017181582.html,,2019-11-09,US,2019-11-21
Top Cash for Vintage and Rare Guitars & Gear Free Pro Appraisals, Nov 09, &excats=134-40&min_price=200000&max_price=1000000, Colorado, Boulder, For Sale-Wanted, NA, https://fortcollins.craigslist.org/msd/d/boulder-top-cash-for-vintage-and-rare/7017182431.html,,2019-11-09,US,2019-11-21
Top Cash for Vintage and Rare Guitars & Gear Free Pro Appraisals, Nov 09, &excats=134-40&min_price=200000&max_price=1000000, Colorado, Denver, For Sale-Wanted, Wanted, https://denver.craigslist.org/wad/d/boulder-top-cash-for-vintage-and-rare/7017181582.html,,2019-11-09,US,2019-11-21
disabled veteran needs help, Nov 09, &excats=134-40&min_price=200000&max_price=1000000, Virginia, Lynchburg, For Sale-Wanted, Farm and Garden, https://lynchburg.craigslist.org/grd/d/farmville-disabled-veteran-needs-help/7016562396.html,Want,2019-11-09,US,2019-11-21
2020 Keystone Alpine 3700FL 5Th Wheel W 5 Slides!, Nov 09, &excats=134-40&min_price=200000&max_price=1000000, Maine, Maine, For Sale-Wanted, RVs, https://maine.craigslist.org/rvd/d/north-turner-2020-keystone-alpine/7016580888.html,,2019-11-09,US,2019-11-21
AS-IS - PRIVATE BEACH HOUSE - RENTABLE LOT - MUST GO ASAP!, Nov 09, &excats=134-40&min_price=200000&max_price=1000000, Maryland, Baltimore, For Sale-Wanted, General, https://baltimore.craigslist.org/for/d/saint-leonard-as-is-private-beach-house/7010362756.html,,2019-11-09,US,2019-11-21
!!FIX&FLIP!! BEACH HOUSE W/ LARGE LOT - MUST GO ASAP!, Nov 09, &excats=134-40&min_price=200000&max_price=1000000, Maryland, Baltimore, For Sale-Wanted, General, https://baltimore.craigslist.org/for/d/saint-leonard-fixflip-beach-house-large/7014499719.html,,2019-11-09,US,2019-11-21
Car collection, Nov 09, &excats=134-40&min_price=200000&max_price=1000000, North Carolina, Greensboro, For Sale-Wanted, Cars And Trucks, https://greensboro.craigslist.org/cto/d/greensboro-car-collection/7016968902.html,,2019-11-09,US,2019-11-21
ipurchase test  oil and gas medical automotive survey equipments!, Nov 09, &excats=134-40&min_price=200000&max_price=1000000, Oklahoma, Oklahoma City, For Sale-Wanted, Wanted, https://oklahomacity.craigslist.org/wan/d/ipurchase-test-oil-and-gas-medical/7013082549.html,,2019-11-09,US,2019-11-21
Pocatello 50 acres View Water Power, Nov 09, &excats=134-40&min_price=200000&max_price=1000000, Idaho, East Idaho, For Sale-Wanted, General, https://eastidaho.craigslist.org/for/d/pocatello-50-acres-view-water-power/7016653716.html,,2019-11-09,US,2019-11-21
2019 Renegade RV Verona 34 VQB, Nov 09, &excats=134-40&min_price=200000&max_price=1000000, Tennessee, Memphis, For Sale-Wanted, RVs, https://memphis.craigslist.org/rvd/d/little-rock-2019-renegade-rv-verona-34/7016875829.html,,2019-11-09,US,2019-11-21
LAND FOR SALE - 2.97 Acres - CRC, Nov 09, &excats=134-40&min_price=200000&max_price=1000000, Tennessee, Nashville, For Sale-Wanted, General, https://nashville.craigslist.org/for/d/mount-juliet-land-for-sale-acres-crc/7016648341.html,,2019-11-09,US,2019-11-21
UPDATE! Parts & Project Cars & Trucks 1920&#39;s-80&#39;s 100&#39;s of Cars, Nov 09, &excats=134-40&min_price=200000&max_price=1000000, Alabama, Dothan, For Sale-Wanted, Auto Parts by Dealer, https://dothan.craigslist.org/ptd/d/great-bend-update-parts-project-cars/7017144112.html,,2019-11-09,US,2019-11-21
****Metal wanted****, Nov 09, &excats=134-40&min_price=200000&max_price=1000000, Pennsylvania, Philadelphia, For Sale-Wanted, Wanted, https://philadelphia.craigslist.org/wan/d/metal-wanted/7016608106.html,Want,2019-11-09,US,2019-11-21
Johnson Evinrude 200/225 Power heads, Nov 09, &excats=134-40&min_price=200000&max_price=1000000, Pennsylvania, Philadelphia, For Sale-Wanted, Boat Parts, https://philadelphia.craigslist.org/bpo/d/philadelphia-johnson-evinrude-power/7016601407.html,,2019-11-09,US,2019-11-21
WANTED : Tri-axles Tractor trailers & heavy duty trucks, Nov 09, &excats=134-40&min_price=200000&max_price=1000000, Pennsylvania, Pittsburgh, For Sale-Wanted, Heavy Equipment, https://pittsburgh.craigslist.org/hvd/d/wanted-tri-axles-tractor-trailers-heavy/7016634100.html,Want,2019-11-09,US,2019-11-21
Private Real estate Investor wanted, Nov 09, &excats=134-40&min_price=200000&max_price=1000000, Pennsylvania, Pittsburgh, For Sale-Wanted, Wanted, https://pittsburgh.craigslist.org/wan/d/pittsburgh-private-real-estate-investor/7016619432.html,Want,2019-11-09,US,2019-11-21
Knowles Sport Fisherman for sale, Nov 09, &excats=134-40&min_price=200000&max_price=1000000, Texas, Abilene, For Sale-Wanted, Boat Parts, https://abilene.craigslist.org/boa/d/abilene-knowles-sport-fisherman-for-sale/7016600416.html,,2019-11-09,US,2019-11-21
** I BUY iPHONE 11 PRO X XR XS MAX 8 8 PLUS iPAD MAC $$ NEW or USED $$, Nov 09, &excats=134-40&min_price=200000&max_price=1000000, Texas, Austin, For Sale-Wanted, Wanted, https://austin.craigslist.org/wad/d/austin-buy-iphone-11-pro-xr-xs-max-8-8/7016725342.html,,2019-11-09,US,2019-11-21
$$ I BUY iPHONE 11 PRO X XR XS MAX 8 8 PLUS iPAD MAC $$ NEW or USED $$, Nov 09, &excats=134-40&min_price=200000&max_price=1000000, Texas, Austin, For Sale-Wanted, Wanted, https://austin.craigslist.org/wad/d/austin-buy-iphone-11-pro-xr-xs-max-8-8/7016621812.html,,2019-11-09,US,2019-11-21
50 Acres Hunting Property, Nov 09, &excats=134-40&min_price=200000&max_price=1000000, Texas, College Station, For Sale-Wanted, General, https://collegestation.craigslist.org/for/d/roans-prairie-50-acres-hunting-property/7016866830.html,,2019-11-09,US,2019-11-21
Hummer H3, Nov 09, &excats=134-40&min_price=200000&max_price=1000000, Texas, Corpus Christi, For Sale-Wanted, Cars And Trucks, https://corpuschristi.craigslist.org/cto/d/corpus-christi-hummer-h3/7017097892.html,,2019-11-09,US,2019-11-21
Garage Full of furniture clothes shoes, Nov 09, &excats=134-40&min_price=200000&max_price=1000000, Texas, Lubbock, For Sale-Wanted, General, https://lubbock.craigslist.org/for/d/lubbock-garage-full-of-furniture/7014441429.html,,2019-11-09,US,2019-11-21
JDCS690, Nov 09, &excats=134-40&min_price=200000&max_price=1000000, Texas, Lubbock, For Sale-Wanted, Farm and Garden, https://lubbock.craigslist.org/grd/d/ropesville-jdcs690/7016765629.html,,2019-11-09,US,2019-11-21
Bandit 3090T Whole Tree Chipper PRE EMISSIONS LOW HOURS!!!!!!!, Nov 09, &excats=134-40&min_price=200000&max_price=1000000, Connecticut, Hartford, For Sale-Wanted, Heavy Equipment, https://hartford.craigslist.org/hvo/d/carnegie-bandit-3090t-whole-tree/6997589290.html,,2019-11-09,US,2019-11-21
Bandit Beast 3680 Track Horizontal Grinder, Nov 09, &excats=134-40&min_price=200000&max_price=1000000, Connecticut, Hartford, For Sale-Wanted, Heavy Equipment, https://hartford.craigslist.org/hvo/d/brockton-bandit-beast-3680-track/6997584972.html,,2019-11-09,US,2019-11-21
Bandit Beast 3680 Track Horizontal Grinder, Nov 09, &excats=134-40&min_price=200000&max_price=1000000, Connecticut, Hartford, For Sale-Wanted, Heavy Equipment, https://hartford.craigslist.org/hvo/d/monroeville-bandit-beast-3680-track/6997883975.html,,2019-11-09,US,2019-11-21
Peterson 6700B Horizontal Grinder, Nov 09, &excats=134-40&min_price=200000&max_price=1000000, Connecticut, Hartford, For Sale-Wanted, Heavy Equipment, https://hartford.craigslist.org/hvo/d/worcester-peterson-6700b-horizontal/7010963335.html,,2019-11-09,US,2019-11-21
83.08 Acres For Sale, Nov 09, &excats=134-40&min_price=200000&max_price=1000000, Missouri, Kansas City, For Sale-Wanted, General, https://kansascity.craigslist.org/for/d/harrisburg-8308-acres-for-sale/7016719338.html,,2019-11-09,US,2019-11-21
2018 Keystone Passport, Nov 09, &excats=134-40&min_price=200000&max_price=1000000, Missouri, Springfield, For Sale-Wanted, General, https://springfield.craigslist.org/for/d/greenfield-2018-keystone-passport/7017141289.html,,2019-11-09,US,2019-11-21
83 Acres For Sale, Nov 09, &excats=134-40&min_price=200000&max_price=1000000, Missouri, St Louis, For Sale-Wanted, General, https://stlouis.craigslist.org/for/d/harrisburg-83-acres-for-sale/7016794392.html,,2019-11-09,US,2019-11-21
2019 Lund 1675 Adventure SS, Nov 09, &excats=134-40&min_price=200000&max_price=1000000, Illinois, Chicago, For Sale-Wanted, Boat Parts by Dealer, https://chicago.craigslist.org/nwi/bod/d/south-range-2019-lund-1675-adventure-ss/7016841598.html,,2019-11-09,US,2019-11-21
Colored diamond, Nov 09, &excats=134-40&min_price=200000&max_price=1000000, Oregon, Bend, For Sale-Wanted, Jewelry, https://bend.craigslist.org/jwl/d/northport-colored-diamond/7017145576.html,,2019-11-09,US,2019-11-21
Geo furnace, Nov 09, &excats=134-40&min_price=200000&max_price=1000000, Oregon, Bend, For Sale-Wanted, Appliance by Owner, https://bend.craigslist.org/app/d/madras-geo-furnace/7017058510.html,,2019-11-09,US,2019-11-21
House for sale by owner, Nov 09, &excats=134-40&min_price=200000&max_price=1000000, Oregon, East Oregon, For Sale-Wanted, General, https://eastoregon.craigslist.org/for/d/hermiston-house-for-sale-by-owner/7016900463.html,,2019-11-09,US,2019-11-21
Snow removal jobs wanted!!!!!, Nov 09, &excats=134-40&min_price=200000&max_price=1000000, New York, Albany, For Sale-Wanted, Wanted, https://albany.craigslist.org/wan/d/indian-lake-snow-removal-jobs-wanted/7016682268.html,Want,2019-11-09,US,2019-11-21
Wanted TRAXXAS SLASH ULTIMATE &#39;19, Nov 09, &excats=134-40&min_price=200000&max_price=1000000, New York, Buffalo, For Sale-Wanted, Wanted, https://buffalo.craigslist.org/wan/d/newfane-wanted-traxxas-slash-ultimate-19/7016560753.html,Want,2019-11-09,US,2019-11-21
Lawyer NEEDED REPRESENTATION trade servicess, Nov 09, &excats=134-40&min_price=200000&max_price=1000000, New York, Glens Falls, For Sale-Wanted, Wanted, https://glensfalls.craigslist.org/wan/d/ballston-spa-lawyer-needed/7015018986.html,Want,2019-11-09,US,2019-11-21
Snow removal Jobs Wanted. Lake George to Blue Mountain, Nov 09, &excats=134-40&min_price=200000&max_price=1000000, New York, Glens Falls, For Sale-Wanted, Wanted, https://glensfalls.craigslist.org/wan/d/indian-lake-snow-removal-jobs-wanted/7016680931.html,Want,2019-11-09,US,2019-11-21
Veterans Appreciatation Day, Nov 09, &excats=134-40&min_price=200000&max_price=1000000, New York, Watertown, For Sale-Wanted, Antique By Owner, https://watertown.craigslist.org/atq/d/watertown-veterans-appreciatation-day/7016593762.html,,2019-11-09,US,2019-11-21
Looking for 35 to 38 downeast, Nov 09, &excats=134-40&min_price=200000&max_price=1000000, New Jersey, South Jersey, For Sale-Wanted, Boat Parts, https://southjersey.craigslist.org/boa/d/greenland-looking-for-35-to-38-downeast/7016606467.html,Want,2019-11-09,US,2019-11-21
Hunting Land with Pond, Nov 09, &excats=134-40&min_price=200000&max_price=1000000, Wisconsin, Green Bay, For Sale-Wanted, General, https://greenbay.craigslist.org/for/d/daggett-hunting-land-with-pond/6998335624.html,,2019-11-09,US,2019-11-21
WE PAY CASH FOR BRAND NEW AND USED IPHONES, Nov 09, &excats=134-40&min_price=200000&max_price=1000000, California, Los Angeles, For Sale-Wanted, Wanted, https://losangeles.craigslist.org/lac/wad/d/los-angeles-we-pay-cash-for-brand-new/7017145897.html,,2019-11-09,US,2019-11-21
CASH FOR BRAND NEW AND USED SMARTPHONES, Nov 09, &excats=134-40&min_price=200000&max_price=1000000, California, Los Angeles, For Sale-Wanted, Wanted, https://losangeles.craigslist.org/lac/wad/d/los-angeles-cash-for-brand-new-and-used/7016917180.html,,2019-11-09,US,2019-11-21
1 bedroom condo for sale, Nov 09, &excats=134-40&min_price=200000&max_price=1000000, California, Orange County, For Sale-Wanted, General, https://orangecounty.craigslist.org/for/d/dana-point-1-bedroom-condo-for-sale/7017043569.html,,2019-11-09,US,2019-11-21
1970 Blazer, Nov 09, &excats=134-40&min_price=200000&max_price=1000000, California, Orange County, For Sale-Wanted, Cars And Trucks, https://orangecounty.craigslist.org/cto/d/huntington-beach-1970-blazer/7017002827.html,,2019-11-09,US,2019-11-21
Home in Lubbock Texas, Nov 09, &excats=134-40&min_price=200000&max_price=1000000, California, Orange County, For Sale-Wanted, General, https://orangecounty.craigslist.org/for/d/lubbock-home-in-lubbock-texas/7016934493.html,,2019-11-09,US,2019-11-21
2014 Newmar Dutch Star 4364 Diesel pusher 3 slides one HUGE, Nov 09, &excats=134-40&min_price=200000&max_price=1000000, California, Sacramento, For Sale-Wanted, RVs, https://sacramento.craigslist.org/rvd/d/elk-grove-2014-newmar-dutch-star-4364/7016881938.html,,2019-11-09,US,2019-11-21
2020 Newmar Kountry Star 3412 Quad Slide Class A Diesel Pusher, Nov 09, &excats=134-40&min_price=200000&max_price=1000000, California, San Diego, For Sale-Wanted, RVs, https://sandiego.craigslist.org/csd/rvd/d/mesa-2020-newmar-kountry-star-3412-quad/7016901060.html,,2019-11-09,US,2019-11-21
2019 Newmar Dutch Star 4369 Triple Slide Class A Diesel RV, Nov 09, &excats=134-40&min_price=200000&max_price=1000000, California, San Diego, For Sale-Wanted, RVs, https://sandiego.craigslist.org/csd/rvd/d/mesa-2019-newmar-dutch-star-4369-triple/7016890791.html,,2019-11-09,US,2019-11-21
2014 Winnebago Tour 42QD Triple Slide Class A Diesel RV, Nov 09, &excats=134-40&min_price=200000&max_price=1000000, California, San Diego, For Sale-Wanted, RVs, https://sandiego.craigslist.org/csd/rvd/d/mesa-2014-winnebago-tour-42qd-triple/7016780914.html,,2019-11-09,US,2019-11-21
2020 Newmar Kountry Star 3412 Quad Slide Class A Diesel Pusher, Nov 09, &excats=134-40&min_price=200000&max_price=1000000, California, San Diego, For Sale-Wanted, RVs, https://sandiego.craigslist.org/csd/rvd/d/mesa-2020-newmar-kountry-star-3412-quad/7016901060.html,,2019-11-09,US,2019-11-21
2019 Newmar Dutch Star 4369 Triple Slide Class A Diesel RV, Nov 09, &excats=134-40&min_price=200000&max_price=1000000, California, San Diego, For Sale-Wanted, RVs, https://sandiego.craigslist.org/csd/rvd/d/mesa-2019-newmar-dutch-star-4369-triple/7016890791.html,,2019-11-09,US,2019-11-21
2014 Winnebago Tour 42QD Triple Slide Class A Diesel RV, Nov 09, &excats=134-40&min_price=200000&max_price=1000000, California, San Diego, For Sale-Wanted, RVs, https://sandiego.craigslist.org/csd/rvd/d/mesa-2014-winnebago-tour-42qd-triple/7016780914.html,,2019-11-09,US,2019-11-21
UPDATE! Parts & Project Cars & Trucks 1920&#39;s-80&#39;s 100&#39;s of Cars, Nov 08, &excats=134-40&min_price=200000&max_price=1000000, Iowa, Des Moines, For Sale-Wanted, Auto Parts by Dealer, https://desmoines.craigslist.org/ptd/d/great-bend-update-parts-project-cars/7016528676.html,,2019-11-08,US,2019-11-21
1992 IH 8100 Grain truck, Nov 08, &excats=134-40&min_price=200000&max_price=1000000, Iowa, Sioux City, For Sale-Wanted, Farm and Garden, https://siouxcity.craigslist.org/grd/d/denison-1992-ih-8100-grain-truck/7016050478.html,,2019-11-08,US,2019-11-21
Mulberry   70 Acres Mountain  View, Nov 08, &excats=134-40&min_price=200000&max_price=1000000, Arkansas, Fort Smith, For Sale-Wanted, General, https://fortsmith.craigslist.org/for/d/mulberry-mulberry-70-acres-mountain-view/7016321545.html,,2019-11-08,US,2019-11-21
4 Bedroom with Guest House MASSIVE GARAGE 10 CARS!, Nov 08, &excats=134-40&min_price=200000&max_price=1000000, Arizona, Phoenix, For Sale-Wanted, General, https://phoenix.craigslist.org/nph/for/d/phoenix-4-bedroom-with-guest-house/7016529943.html,,2019-11-08,US,2019-11-21
1970 PLYMOUTH SUPERBIRD, Nov 08, &excats=134-40&min_price=200000&max_price=1000000, Arizona, Phoenix, For Sale-Wanted, Cars And Trucks, https://phoenix.craigslist.org/evl/cto/d/mesa-1970-plymouth-superbird/7016316765.html,,2019-11-08,US,2019-11-21
2 Ton Tow Truck, Nov 08, &excats=134-40&min_price=200000&max_price=1000000, Arizona, Phoenix, For Sale-Wanted, Cars And Trucks, https://phoenix.craigslist.org/cph/cto/d/huntington-beach-2-ton-tow-truck/7016204289.html,,2019-11-08,US,2019-11-21
2018 Tiffin Allegro Bus 37AP Quad Slide Class A Diesel RV, Nov 08, &excats=134-40&min_price=200000&max_price=1000000, Arizona, Phoenix, For Sale-Wanted, RVs, https://phoenix.craigslist.org/evl/rvd/d/mesa-2018-tiffin-allegro-bus-37ap-quad/7016203591.html,,2019-11-08,US,2019-11-21
916 W STRAFORD DR Chandler AZ, Nov 08, &excats=134-40&min_price=200000&max_price=1000000, Arizona, Phoenix, For Sale-Wanted, General, https://phoenix.craigslist.org/nph/for/d/chandler-916-straford-dr-chandler-az/7016063108.html,,2019-11-08,US,2019-11-21
Single Story Serene Completely RENOVATED Pahrump home FOR SALE, Nov 08, &excats=134-40&min_price=200000&max_price=1000000, Nevada, Las Vegas, For Sale-Wanted, General, https://lasvegas.craigslist.org/fod/d/pahrump-single-story-serene-completely/7016275623.html,,2019-11-08,US,2019-11-21
1951 Mercury Custom Award Winning Restomod, Nov 08, &excats=134-40&min_price=200000&max_price=1000000, Nevada, Las Vegas, For Sale-Wanted, Cars And by Dealer, https://lasvegas.craigslist.org/ctd/d/rancho-cordova-1951-mercury-custom/7016122828.html,,2019-11-08,US,2019-11-21
UPDATE! Parts & Project Cars & Trucks 1920&#39;s-80&#39;s 100&#39;s of Cars, Nov 08, &excats=134-40&min_price=200000&max_price=1000000, Delaware, Delaware, For Sale-Wanted, Auto Parts by Dealer, https://delaware.craigslist.org/ptd/d/great-bend-update-parts-project-cars/7016516484.html,,2019-11-08,US,2019-11-21
Waterfront 8 acres, Nov 08, &excats=134-40&min_price=200000&max_price=1000000, Florida, Gainesville, For Sale-Wanted, Farm and Garden, https://gainesville.craigslist.org/grd/d/florahome-waterfront-8-acres/7015940563.html,,2019-11-08,US,2019-11-21
Property, Nov 08, &excats=134-40&min_price=200000&max_price=1000000, Florida, Ocala, For Sale-Wanted, General, https://ocala.craigslist.org/for/d/fort-mc-coy-property/7015988163.html,,2019-11-08,US,2019-11-21
2018 Monaco RV Signature 44M, Nov 08, &excats=134-40&min_price=200000&max_price=1000000, Florida, Orlando, For Sale-Wanted, RVs, https://orlando.craigslist.org/rvd/d/winter-garden-2018-monaco-rv-signature/7016148458.html,,2019-11-08,US,2019-11-21
??Swiss watch collector looking for Rolex Omega, Nov 08, &excats=134-40&min_price=200000&max_price=1000000, Florida, Space Coast, For Sale-Wanted, Jewelry, https://spacecoast.craigslist.org/jwl/d/melbourne-swiss-watch-collector-looking/7016376632.html,Want,2019-11-08,US,2019-11-21
Buying Old Rolex anytime, Nov 08, &excats=134-40&min_price=200000&max_price=1000000, Florida, Space Coast, For Sale-Wanted, Jewelry, https://spacecoast.craigslist.org/jwl/d/melbourne-buying-old-rolex-anytime/7016374976.html,,2019-11-08,US,2019-11-21
3/3 home with guesthouse, Nov 08, &excats=134-40&min_price=200000&max_price=1000000, Florida, Tallahassee, For Sale-Wanted, General, https://tallahassee.craigslist.org/for/d/quincy-3-3-home-with-guesthouse/6998928940.html,,2019-11-08,US,2019-11-21
UPDATE! Parts & Project Cars & Trucks 1920&#39;s-80&#39;s 100&#39;s of Cars, Nov 08, &excats=134-40&min_price=200000&max_price=1000000, Colorado, Denver, For Sale-Wanted, Auto Parts by Dealer, https://denver.craigslist.org/ptd/d/great-bend-update-parts-project-cars/7016522245.html,,2019-11-08,US,2019-11-21
86 Kenworth t600 end belly dump, Nov 08, &excats=134-40&min_price=200000&max_price=1000000, Colorado, Denver, For Sale-Wanted, Heavy Equipment, https://denver.craigslist.org/hvo/d/denver-86-kenworth-t600-end-belly-dump/7016268917.html,,2019-11-08,US,2019-11-21
searching for legos lego toys to buy cash paid looking for large lots, Nov 08, &excats=134-40&min_price=200000&max_price=1000000, Virginia, Richmond, For Sale-Wanted, General, https://richmond.craigslist.org/for/d/richmond-searching-for-legos-lego-toys/7000383456.html,Want,2019-11-08,US,2019-11-21
searching for vintage toys games collectibles and more to buy cash p, Nov 08, &excats=134-40&min_price=200000&max_price=1000000, Virginia, Richmond, For Sale-Wanted, General, https://richmond.craigslist.org/for/d/richmond-searching-for-vintage-toys/7000387090.html,,2019-11-08,US,2019-11-21
Condo for Sale, Nov 08, &excats=134-40&min_price=200000&max_price=1000000, Virginia, Richmond, For Sale-Wanted, General, https://richmond.craigslist.org/for/d/chester-condo-for-sale/7016373270.html,,2019-11-08,US,2019-11-21
2016 Newmar Dutch Star 4018, Nov 08, &excats=134-40&min_price=200000&max_price=1000000, Michigan, Grand Rapids, For Sale-Wanted, RVs, https://grandrapids.craigslist.org/rvd/d/grand-rapids-2016-newmar-dutch-star-4018/7016142029.html,,2019-11-08,US,2019-11-21
House for Sale, Nov 08, &excats=134-40&min_price=200000&max_price=1000000, Michigan, Lansing, For Sale-Wanted, General, https://lansing.craigslist.org/for/d/saint-johns-house-for-sale/6999230627.html,,2019-11-08,US,2019-11-21
4 Buildings and Lot, Nov 08, &excats=134-40&min_price=200000&max_price=1000000, North Carolina, Greensboro, For Sale-Wanted, General, https://greensboro.craigslist.org/for/d/candor-4-buildings-and-lot/7016452126.html,,2019-11-08,US,2019-11-21
Real estate investor partner, Nov 08, &excats=134-40&min_price=200000&max_price=1000000, North Carolina, Wilmington, For Sale-Wanted, Wanted, https://wilmington.craigslist.org/wan/d/wilmington-real-estate-investor-partner/7016343710.html,,2019-11-08,US,2019-11-21
Ford Model B Speed Parts, Nov 08, &excats=134-40&min_price=200000&max_price=1000000, Minnesota, St Cloud, For Sale-Wanted, Auto Parts by Owner, https://stcloud.craigslist.org/pts/d/waite-park-ford-model-speed-parts/7009437648.html,,2019-11-08,US,2019-11-21
Home for sale south Guthrie, Nov 08, &excats=134-40&min_price=200000&max_price=1000000, Oklahoma, Oklahoma City, For Sale-Wanted, General, https://oklahomacity.craigslist.org/for/d/guthrie-home-for-sale-south-guthrie/7011260330.html,,2019-11-08,US,2019-11-21
2 Homes on 36 acres, Nov 08, &excats=134-40&min_price=200000&max_price=1000000, Oklahoma, Tulsa, For Sale-Wanted, General, https://tulsa.craigslist.org/for/d/claremore-2-homes-on-36-acres/7016322316.html,,2019-11-08,US,2019-11-21
REDUCED! 2014 Newmar Dutchstar 4374 Diesel Coach, Nov 08, &excats=134-40&min_price=200000&max_price=1000000, Idaho, Boise, For Sale-Wanted, RVs, https://boise.craigslist.org/rvd/d/meridian-reduced-2014-newmar-dutchstar/7016103831.html,,2019-11-08,US,2019-11-21
junk cars wanted Call 3163479064, Nov 08, &excats=134-40&min_price=200000&max_price=1000000, Kansas, Wichita, For Sale-Wanted, Cars And Trucks, https://wichita.craigslist.org/cto/d/wichita-junk-cars-wanted-call/7015990865.html,Want,2019-11-08,US,2019-11-21
LOADED ONE OWNER 2008 Chevy  LTZ 2500HD 4X4, Nov 08, &excats=134-40&min_price=200000&max_price=1000000, Tennessee, Knoxville, For Sale-Wanted, Cars And Trucks, https://knoxville.craigslist.org/cto/d/knoxville-loaded-one-owner-2008-chevy/7016353426.html,,2019-11-08,US,2019-11-21
land for sale 82 acres, Nov 08, &excats=134-40&min_price=200000&max_price=1000000, Tennessee, Nashville, For Sale-Wanted, Farm and Garden, https://nashville.craigslist.org/grd/d/puryear-land-for-sale-82-acres/7016242155.html,,2019-11-08,US,2019-11-21
****Metal wanted****, Nov 08, &excats=134-40&min_price=200000&max_price=1000000, Pennsylvania, Philadelphia, For Sale-Wanted, Wanted, https://philadelphia.craigslist.org/wan/d/metal-wanted/7015927921.html,Want,2019-11-08,US,2019-11-21
Oak slabs live edge, Nov 08, &excats=134-40&min_price=200000&max_price=1000000, Pennsylvania, Reading, For Sale-Wanted, Furniture, https://reading.craigslist.org/fuo/d/reading-oak-slabs-live-edge/7016458795.html,,2019-11-08,US,2019-11-21
1951 Mercury Custom Award Winning Show Car, Nov 08, &excats=134-40&min_price=200000&max_price=1000000, Texas, Austin, For Sale-Wanted, Cars And by Dealer, https://austin.craigslist.org/ctd/d/rancho-cordova-1951-mercury-custom/7016126886.html,,2019-11-08,US,2019-11-21
$$ I BUY iPHONE 11 PRO X XR XS MAX 8 8 PLUS iPAD MAC $$ NEW or USED $$, Nov 08, &excats=134-40&min_price=200000&max_price=1000000, Texas, Austin, For Sale-Wanted, Wanted, https://austin.craigslist.org/wad/d/austin-buy-iphone-11-pro-xr-xs-max-8-8/7016086913.html,,2019-11-08,US,2019-11-21
$$ I BUY iPHONE 11 PRO X XR XS MAX 8 8 PLUS iPAD MAC $$ NEW or USED $$, Nov 08, &excats=134-40&min_price=200000&max_price=1000000, Texas, Austin, For Sale-Wanted, Wanted, https://austin.craigslist.org/wad/d/austin-buy-iphone-11-pro-xr-xs-max-8-8/7015938833.html,,2019-11-08,US,2019-11-21
Buying IT Network Telecom Equipment Cisco Avaya Polycom Phone Switch, Nov 08, &excats=134-40&min_price=200000&max_price=1000000, Texas, Corpus Christi, For Sale-Wanted, Wanted, https://corpuschristi.craigslist.org/wan/d/corpus-christi-buying-it-network/7016429552.html,,2019-11-08,US,2019-11-21
carpas mesas sillas jumping ballons party rentals, Nov 08, &excats=134-40&min_price=200000&max_price=1000000, Texas, El Paso, For Sale-Wanted, General, https://elpaso.craigslist.org/for/d/el-paso-carpas-mesas-sillas-jumping/7005706646.html,,2019-11-08,US,2019-11-21
Floor-type Horizontal Boring Mill, Nov 08, &excats=134-40&min_price=200000&max_price=1000000, Texas, Houston, For Sale-Wanted, Heavy Equipment, https://houston.craigslist.org/hvo/d/gretna-floor-type-horizontal-boring-mill/7016225708.html,,2019-11-08,US,2019-11-21
2014 Entegra Coach Cornerstone 45K - MIDWESTS #1 PRE-OWNED TRUCK DEALER, Nov 08, &excats=134-40&min_price=200000&max_price=1000000, Texas, Houston, For Sale-Wanted, Cars And by Dealer, https://houston.craigslist.org/ctd/d/saint-cloud-2014-entegra-coach/7016038749.html,,2019-11-08,US,2019-11-21
For parts only 07 Hyundai elantra 2.0L, Nov 08, &excats=134-40&min_price=200000&max_price=1000000, Missouri, Kansas City, For Sale-Wanted, Auto Parts by Owner, https://kansascity.craigslist.org/pts/d/kansas-city-for-parts-only-07-hyundai/6998468565.html,,2019-11-08,US,2019-11-21
14yd Hyd clamshell, Nov 08, &excats=134-40&min_price=200000&max_price=1000000, Missouri, St Louis, For Sale-Wanted, Heavy Equipment, https://stlouis.craigslist.org/hvo/d/east-chicago-14yd-hyd-clamshell/7005851553.html,,2019-11-08,US,2019-11-21
2018 Preimier 40ft Trailer/Camper, Nov 08, &excats=134-40&min_price=200000&max_price=1000000, Missouri, St Louis, For Sale-Wanted, NA, https://stlouis.craigslist.org/tro/d/granite-city-2018-preimier-40ft-trailer/7016348971.html,,2019-11-08,US,2019-11-21
2014 Entegra Coach Cornerstone 45K - MIDWESTS #1 PRE-OWNED TRUCK DEALER, Nov 08, &excats=134-40&min_price=200000&max_price=1000000, Illinois, Chicago, For Sale-Wanted, Cars And by Dealer, https://chicago.craigslist.org/chc/ctd/d/saint-cloud-2014-entegra-coach/7016040151.html,,2019-11-08,US,2019-11-21
Ski-Doo Tundra Sport 600 ACE, Nov 08, &excats=134-40&min_price=200000&max_price=1000000, Illinois, Chicago, For Sale-Wanted, ATVs UTVs by Dealer, https://chicago.craigslist.org/nwi/snd/d/south-range-ski-doo-tundra-sport-600-ace/7016027968.html,,2019-11-08,US,2019-11-21
2017 MERCEDES BENZ G550 SQUARED 1-OWNER 38S G 550 G63 2018 2019 2016, Nov 08, &excats=134-40&min_price=200000&max_price=1000000, Oregon, Bend, For Sale-Wanted, Cars And by Dealer, https://bend.craigslist.org/ctd/d/portland-2017-mercedes-benz-g550/7016044330.html,,2019-11-08,US,2019-11-21
2017 MERCEDES BENZ G550 SQUARED 1-OWNER 38S G 550 G63 2018 2019 2016, Nov 08, &excats=134-40&min_price=200000&max_price=1000000, Oregon, Eugene, For Sale-Wanted, Cars And by Dealer, https://eugene.craigslist.org/ctd/d/portland-2017-mercedes-benz-g550/7016051946.html,,2019-11-08,US,2019-11-21
2017 MERCEDES BENZ G550 SQUARED 1-OWNER 38S G 550 G63 2018 2019 2016, Nov 08, &excats=134-40&min_price=200000&max_price=1000000, Oregon, Portland, For Sale-Wanted, Cars And by Dealer, https://portland.craigslist.org/mlt/ctd/d/portland-2017-mercedes-benz-g550/7016162916.html,,2019-11-08,US,2019-11-21
3bd/2bth/2car/1260 sqft, Nov 08, &excats=134-40&min_price=200000&max_price=1000000, Oregon, Salem, For Sale-Wanted, General, https://salem.craigslist.org/for/d/independence-3bd-2bth-2car-1260-sqft/7016521502.html,,2019-11-08,US,2019-11-21
House for Sale, Nov 08, &excats=134-40&min_price=200000&max_price=1000000, New York, Rochester, For Sale-Wanted, General, https://rochester.craigslist.org/for/d/san-antonio-house-for-sale/7015891622.html,,2019-11-08,US,2019-11-21
Looking for Heated shop space, Nov 08, &excats=134-40&min_price=200000&max_price=1000000, Wisconsin, Sheboygan, For Sale-Wanted, Wanted, https://sheboygan.craigslist.org/wan/d/sheboygan-looking-for-heated-shop-space/7016319988.html,Want,2019-11-08,US,2019-11-21
House for Sale, Nov 08, &excats=134-40&min_price=200000&max_price=1000000, California, Gold Country, For Sale-Wanted, General, https://goldcountry.craigslist.org/for/d/penn-valley-house-for-sale/7016004576.html,,2019-11-08,US,2019-11-21
2018 Ferrari 488 GTB - 650 Score WE CARRY CONTRACTS, Nov 08, &excats=134-40&min_price=200000&max_price=1000000, California, Los Angeles, For Sale-Wanted, Cars And by Dealer, https://losangeles.craigslist.org/lac/ctd/d/los-angeles-2018-ferrari-488-gtb-score/7016342863.html,,2019-11-08,US,2019-11-21
1970 Chevelle built by Roadster Shop. LS3. Custom Chassis. SEMA., Nov 08, &excats=134-40&min_price=200000&max_price=1000000, California, Los Angeles, For Sale-Wanted, Cars And by Dealer, https://losangeles.craigslist.org/lgb/ctd/d/rancho-cordova-1970-chevelle-built-by/7016149317.html,,2019-11-08,US,2019-11-21
2014 Entegra Coach Cornerstone 45K - MIDWESTS #1 PRE-OWNED TRUCK DEALER, Nov 08, &excats=134-40&min_price=200000&max_price=1000000, California, Los Angeles, For Sale-Wanted, Cars And by Dealer, https://losangeles.craigslist.org/lgb/ctd/d/saint-cloud-2014-entegra-coach/7016029618.html,,2019-11-08,US,2019-11-21
Buying Video & Photo Production Equipment -Will pay cash on hand-, Nov 08, &excats=134-40&min_price=200000&max_price=1000000, California, Orange County, For Sale-Wanted, Wanted, https://orangecounty.craigslist.org/wad/d/los-angeles-buying-video-photo/7016515123.html,,2019-11-08,US,2019-11-21
Forklift Buyers $$ Cash $ Trucks  heavy equipment buyer, Nov 08, &excats=134-40&min_price=200000&max_price=1000000, California, Orange County, For Sale-Wanted, Wanted, https://orangecounty.craigslist.org/wan/d/anaheim-forklift-buyers-cash-trucks/6997447410.html,,2019-11-08,US,2019-11-21
2017 Ferrari 488 Spider, Nov 08, &excats=134-40&min_price=200000&max_price=1000000, California, San Diego, For Sale-Wanted, Cars And by Dealer, https://sandiego.craigslist.org/nsd/ctd/d/del-mar-2017-ferrari-488-spider/7016399397.html,,2019-11-08,US,2019-11-21
2017 Ferrari 488 Spider, Nov 08, &excats=134-40&min_price=200000&max_price=1000000, California, San Diego, For Sale-Wanted, Cars And by Dealer, https://sandiego.craigslist.org/nsd/ctd/d/del-mar-2017-ferrari-488-spider/7016399397.html,,2019-11-08,US,2019-11-21
Office Space For Sale, Nov 07, &excats=134-40&min_price=200000&max_price=1000000, Iowa, Cedar Rapids, For Sale-Wanted, General, https://cedarrapids.craigslist.org/for/d/hiawatha-office-space-for-sale/7015421911.html,,2019-11-07,US,2019-11-21
I COLLECT 50&#39;s 60&#39;s 70&#39;s Motorcycles, Nov 07, &excats=134-40&min_price=200000&max_price=1000000, Iowa, Des Moines, For Sale-Wanted, Farm and Garden, https://desmoines.craigslist.org/grq/d/green-bay-collect-50s-60s-70s/7015392074.html,,2019-11-07,US,2019-11-21
100 Acre Combo farm in Union county, Nov 07, &excats=134-40&min_price=200000&max_price=1000000, Iowa, Des Moines, For Sale-Wanted, Farm and Garden, https://desmoines.craigslist.org/grd/d/afton-100-acre-combo-farm-in-union/7013424246.html,,2019-11-07,US,2019-11-21
I COLLECT 50&#39;s 60&#39;s 70&#39;s Motorcycles, Nov 07, &excats=134-40&min_price=200000&max_price=1000000, Iowa, Dubuque, For Sale-Wanted, Farm and Garden, https://dubuque.craigslist.org/grq/d/green-bay-collect-50s-60s-70s/7015392731.html,,2019-11-07,US,2019-11-21
2020 Jeanneau 36&#39; NC 1095, Nov 07, &excats=134-40&min_price=200000&max_price=1000000, Washington, Bellingham, For Sale-Wanted, Boat Parts by Dealer, https://bellingham.craigslist.org/bod/d/blaine-2020-jeanneau-36-nc-1095/7015533056.html,,2019-11-07,US,2019-11-21
2019 Jeanneau Velasco 37 - Winter Boating!, Nov 07, &excats=134-40&min_price=200000&max_price=1000000, Washington, Bellingham, For Sale-Wanted, Boat Parts by Dealer, https://bellingham.craigslist.org/bod/d/blaine-2019-jeanneau-velasco-37-winter/7015529687.html,,2019-11-07,US,2019-11-21
I COLLECT 50&#39;s 60&#39;s 70&#39;s Motorcycles, Nov 07, &excats=134-40&min_price=200000&max_price=1000000, Indiana, Fort Wayne, For Sale-Wanted, Farm and Garden, https://fortwayne.craigslist.org/grq/d/green-bay-collect-50s-60s-70s/7015389189.html,,2019-11-07,US,2019-11-21
LITHIA 4 PLEX, Nov 07, &excats=134-40&min_price=200000&max_price=1000000, Georgia, Atlanta, For Sale-Wanted, General, https://atlanta.craigslist.org/nat/for/d/lithia-springs-lithia-4-plex/7015775531.html,,2019-11-07,US,2019-11-21
Buy anytime Old WatchesCoinsSilverGold Coin Anytime Cash, Nov 07, &excats=134-40&min_price=200000&max_price=1000000, Georgia, Atlanta, For Sale-Wanted, Jewelry, https://atlanta.craigslist.org/atl/jwl/d/atlanta-buy-anytime-old/7015668430.html,,2019-11-07,US,2019-11-21
Buy anytime Old WatchesCoinsSilverGold Coin Anytime Cash, Nov 07, &excats=134-40&min_price=200000&max_price=1000000, Georgia, Atlanta, For Sale-Wanted, Jewelry, https://atlanta.craigslist.org/atl/jwl/d/atlanta-buy-anytime-old/7015668177.html,,2019-11-07,US,2019-11-21
2014 Keystone Montana High Country, Nov 07, &excats=134-40&min_price=200000&max_price=1000000, Georgia, Atlanta, For Sale-Wanted, RVs, https://atlanta.craigslist.org/nat/rvs/d/murrayville-2014-keystone-montana-high/7015514359.html,,2019-11-07,US,2019-11-21
2016 Lamborghini Huracan LP610-4, Nov 07, &excats=134-40&min_price=200000&max_price=1000000, Georgia, Atlanta, For Sale-Wanted, Cars And by Dealer, https://atlanta.craigslist.org/atl/ctd/d/miami-2016-lamborghini-huracan-lp610-4/7015372651.html,,2019-11-07,US,2019-11-21
NEW 2019 Dutch Star 4369 by Newmar | 450 HP Cummins, Nov 07, &excats=134-40&min_price=200000&max_price=1000000, Montana, Billings, For Sale-Wanted, RVs, https://billings.craigslist.org/rvd/d/kansas-city-new-2019-dutch-star-4369-by/7015368389.html,,2019-11-07,US,2019-11-21
NEW 2019 Dutch Star 4369 by Newmar | 450 HP Cummins, Nov 07, &excats=134-40&min_price=200000&max_price=1000000, Montana, Missoula, For Sale-Wanted, RVs, https://missoula.craigslist.org/rvd/d/kansas-city-new-2019-dutch-star-4369-by/7015369124.html,,2019-11-07,US,2019-11-21
2007 House in Weatherstone, Nov 07, &excats=134-40&min_price=200000&max_price=1000000, South Carolina, Charleston, For Sale-Wanted, General, https://charleston.craigslist.org/for/d/summerville-2007-house-in-weatherstone/7013786740.html,,2019-11-07,US,2019-11-21
2009 Azimut 62 Evolution, Nov 07, &excats=134-40&min_price=200000&max_price=1000000, South Carolina, Charleston, For Sale-Wanted, Boat Parts by Dealer, https://charleston.craigslist.org/bod/d/wilmington-2009-azimut-62-evolution/7015387956.html,,2019-11-07,US,2019-11-21
2018 Boston Whaler 320 Vantage, Nov 07, &excats=134-40&min_price=200000&max_price=1000000, South Carolina, Charleston, For Sale-Wanted, Boat Parts by Dealer, https://charleston.craigslist.org/bod/d/wilmington-2018-boston-whaler-320/7015333526.html,,2019-11-07,US,2019-11-21
2009 Azimut 62 Evolution, Nov 07, &excats=134-40&min_price=200000&max_price=1000000, South Carolina, Hilton Head, For Sale-Wanted, Boat Parts by Dealer, https://hiltonhead.craigslist.org/bod/d/wilmington-2009-azimut-62-evolution/7015388145.html,,2019-11-07,US,2019-11-21
2018 Boston Whaler 320 Vantage, Nov 07, &excats=134-40&min_price=200000&max_price=1000000, South Carolina, Hilton Head, For Sale-Wanted, Boat Parts by Dealer, https://hiltonhead.craigslist.org/bod/d/wilmington-2018-boston-whaler-320/7015333723.html,,2019-11-07,US,2019-11-21
2009 Azimut 62 Evolution, Nov 07, &excats=134-40&min_price=200000&max_price=1000000, South Carolina, Myrtle Beach, For Sale-Wanted, Boat Parts by Dealer, https://myrtlebeach.craigslist.org/bod/d/wilmington-2009-azimut-62-evolution/7015388023.html,,2019-11-07,US,2019-11-21
New to market for sale by owner, Nov 07, &excats=134-40&min_price=200000&max_price=1000000, South Carolina, Myrtle Beach, For Sale-Wanted, General, https://myrtlebeach.craigslist.org/for/d/myrtle-beach-new-to-market-for-sale-by/7015358601.html,,2019-11-07,US,2019-11-21
2018 Boston Whaler 320 Vantage, Nov 07, &excats=134-40&min_price=200000&max_price=1000000, South Carolina, Myrtle Beach, For Sale-Wanted, Boat Parts by Dealer, https://myrtlebeach.craigslist.org/bod/d/wilmington-2018-boston-whaler-320/7015333608.html,,2019-11-07,US,2019-11-21
2018 Boston Whaler 320 Vantage, Nov 07, &excats=134-40&min_price=200000&max_price=1000000, Massachusetts, Boston, For Sale-Wanted, Boat Parts by Dealer, https://providence.craigslist.org/bod/d/wilmington-2018-boston-whaler-320/7015340261.html,,2019-11-07,US,2019-11-21
Wanted a 4K laptop hp lenovo yoga etc, Nov 07, &excats=134-40&min_price=200000&max_price=1000000, Arizona, Phoenix, For Sale-Wanted, Wanted, https://phoenix.craigslist.org/cph/wan/d/phoenix-wanted-4k-laptop-hp-lenovo-yoga/7015890346.html,Want,2019-11-07,US,2019-11-21
2019 Newmar Dutch Star 4369 Triple Slide Class A Diesel RV, Nov 07, &excats=134-40&min_price=200000&max_price=1000000, Arizona, Phoenix, For Sale-Wanted, RVs, https://phoenix.craigslist.org/evl/rvd/d/mesa-2019-newmar-dutch-star-4369-triple/7015742527.html,,2019-11-07,US,2019-11-21
2014 Winnebago Tour 42QD Triple Slide Class A Diesel RV, Nov 07, &excats=134-40&min_price=200000&max_price=1000000, Arizona, Phoenix, For Sale-Wanted, RVs, https://phoenix.craigslist.org/evl/rvd/d/mesa-2014-winnebago-tour-42qd-triple/7015724751.html,,2019-11-07,US,2019-11-21
I buy junk cars, Nov 07, &excats=134-40&min_price=200000&max_price=1000000, Arizona, Phoenix, For Sale-Wanted, Wanted, https://phoenix.craigslist.org/wvl/wan/d/phoenix-buy-junk-cars/6998676467.html,,2019-11-07,US,2019-11-21
Cash for cars, Nov 07, &excats=134-40&min_price=200000&max_price=1000000, Arizona, Phoenix, For Sale-Wanted, General, https://phoenix.craigslist.org/wvl/for/d/glendale-cash-for-cars/6997702911.html,,2019-11-07,US,2019-11-21
Unwanted cars ugly cars junk cars, Nov 07, &excats=134-40&min_price=200000&max_price=1000000, Arizona, Phoenix, For Sale-Wanted, Wanted, https://phoenix.craigslist.org/wvl/wan/d/phoenix-unwanted-cars-ugly-cars-junk/7002545545.html,Want,2019-11-07,US,2019-11-21
NASCAR HIGH ROW HARD TICKETS GREAT PRICE MEET LOCAL SAVE TIME & MONEY!, Nov 07, &excats=134-40&min_price=200000&max_price=1000000, Arizona, Phoenix, For Sale-Wanted, Tickets, https://phoenix.craigslist.org/evl/tix/d/phoenix-nascar-high-row-hard-tickets/7015578523.html,,2019-11-07,US,2019-11-21
NEW 2019 Dutch Star 4369 by Newmar | 450 HP Cummins, Nov 07, &excats=134-40&min_price=200000&max_price=1000000, Arizona, Phoenix, For Sale-Wanted, RVs, https://phoenix.craigslist.org/cph/rvd/d/kansas-city-new-2019-dutch-star-4369-by/7015369833.html,,2019-11-07,US,2019-11-21
SUPER C SUPREME AIRE BY NEWMAR 500HP 12LTR DETROIT, Nov 07, &excats=134-40&min_price=200000&max_price=1000000, Arizona, Yuma, For Sale-Wanted, RVs, https://yuma.craigslist.org/rvd/d/kansas-city-super-supreme-aire-by/7015688311.html,,2019-11-07,US,2019-11-21
NEW 2019 Dutch Star 4369 by Newmar | 450 HP Cummins, Nov 07, &excats=134-40&min_price=200000&max_price=1000000, Nevada, Las Vegas, For Sale-Wanted, RVs, https://lasvegas.craigslist.org/rvd/d/kansas-city-new-2019-dutch-star-4369-by/7015371293.html,,2019-11-07,US,2019-11-21
2014 Entegra Coach Cornerstone 45K - MIDWESTS #1 PRE-OWNED TRUCK DEALER, Nov 07, &excats=134-40&min_price=200000&max_price=1000000, North Dakota, Bismarck, For Sale-Wanted, Cars And by Dealer, https://bismarck.craigslist.org/ctd/d/saint-cloud-2014-entegra-coach/7015755709.html,,2019-11-07,US,2019-11-21
CASH TODAY FOR YOUR ROLEX WATCH, Nov 07, &excats=134-40&min_price=200000&max_price=1000000, Florida, Gainesville, For Sale-Wanted, Jewelry, https://gainesville.craigslist.org/jwl/d/gainesville-cash-today-for-your-rolex/7015749394.html,,2019-11-07,US,2019-11-21
House for sale by owner, Nov 07, &excats=134-40&min_price=200000&max_price=1000000, Florida, Jacksonville, For Sale-Wanted, General, https://jacksonville.craigslist.org/for/d/jacksonville-house-for-sale-by-owner/7015814810.html,,2019-11-07,US,2019-11-21
2009 Azimut 62 Evolution, Nov 07, &excats=134-40&min_price=200000&max_price=1000000, Florida, Jacksonville, For Sale-Wanted, Boat Parts by Dealer, https://jacksonville.craigslist.org/bod/d/wilmington-2009-azimut-62-evolution/7015387288.html,,2019-11-07,US,2019-11-21
2018 Boston Whaler 320 Vantage, Nov 07, &excats=134-40&min_price=200000&max_price=1000000, Florida, Jacksonville, For Sale-Wanted, Boat Parts by Dealer, https://jacksonville.craigslist.org/bod/d/wilmington-2018-boston-whaler-320/7015319797.html,,2019-11-07,US,2019-11-21
UPDATE! Parts & Project Cars & Trucks 1920&#39;s-80&#39;s 100&#39;s of Cars, Nov 07, &excats=134-40&min_price=200000&max_price=1000000, Florida, Ocala, For Sale-Wanted, Auto Parts by Dealer, https://ocala.craigslist.org/ptd/d/great-bend-update-parts-project-cars/7015839569.html,,2019-11-07,US,2019-11-21
Gold Buyers Diamond Buyers Rolex Buyers Jewelry Buyers Cash ., Nov 07, &excats=134-40&min_price=200000&max_price=1000000, Florida, Ocala, For Sale-Wanted, Jewelry, https://ocala.craigslist.org/jwl/d/ocala-gold-buyers-diamond-buyers-rolex/7015723884.html,,2019-11-07,US,2019-11-21
Gold Buyers Diamond Buyers Rolex Buyers Jewelry Buyers Cash ., Nov 07, &excats=134-40&min_price=200000&max_price=1000000, Florida, Ocala, For Sale-Wanted, Jewelry, https://ocala.craigslist.org/jwl/d/ocala-gold-buyers-diamond-buyers-rolex/7015724312.html,,2019-11-07,US,2019-11-21
NEW 2019 Essex 4551 by Newmar | 605 HP Cummins, Nov 07, &excats=134-40&min_price=200000&max_price=1000000, Florida, Orlando, For Sale-Wanted, RVs, https://orlando.craigslist.org/rvd/d/kansas-city-new-2019-essex-4551-by/7015574641.html,,2019-11-07,US,2019-11-21
looking to Buy - Open House Sunday, Nov 07, &excats=134-40&min_price=200000&max_price=1000000, Florida, Orlando, For Sale-Wanted, General, https://orlando.craigslist.org/for/d/yalaha-looking-to-buy-open-house-sunday/7015529311.html,Want,2019-11-07,US,2019-11-21
NEW 2019 Dutch Star 4369 by Newmar | 450 HP Cummins, Nov 07, &excats=134-40&min_price=200000&max_price=1000000, Florida, Orlando, For Sale-Wanted, RVs, https://orlando.craigslist.org/rvd/d/kansas-city-new-2019-dutch-star-4369-by/7015364420.html,,2019-11-07,US,2019-11-21
2018 Boston Whaler 320 Vantage, Nov 07, &excats=134-40&min_price=200000&max_price=1000000, Florida, Orlando, For Sale-Wanted, Boat Parts by Dealer, https://orlando.craigslist.org/bod/d/wilmington-2018-boston-whaler-320/7015340823.html,,2019-11-07,US,2019-11-21
2000 Proline 30 Walkaround, Nov 07, &excats=134-40&min_price=200000&max_price=1000000, Florida, St Augustine, For Sale-Wanted, Boat Parts, https://staugustine.craigslist.org/boa/d/palm-coast-2000-proline-30-walkaround/7015277643.html,,2019-11-07,US,2019-11-21
2012 CLS AMG Mercedes Benz., Nov 07, &excats=134-40&min_price=200000&max_price=1000000, Colorado, Denver, For Sale-Wanted, Cars And Trucks, https://denver.craigslist.org/cto/d/broomfield-2012-cls-amg-mercedes-benz/7015655093.html,,2019-11-07,US,2019-11-21
NEW 2019 Dutch Star 4369 by Newmar | 450 HP Cummins, Nov 07, &excats=134-40&min_price=200000&max_price=1000000, Colorado, Denver, For Sale-Wanted, RVs, https://denver.craigslist.org/rvd/d/kansas-city-new-2019-dutch-star-4369-by/7015367770.html,,2019-11-07,US,2019-11-21
Must see house, Nov 07, &excats=134-40&min_price=200000&max_price=1000000, Colorado, Pueblo, For Sale-Wanted, General, https://pueblo.craigslist.org/for/d/colorado-springs-must-see-house/7015752345.html,,2019-11-07,US,2019-11-21
Barko 595 Deere 648L Deere 843K entire logging operation, Nov 07, &excats=134-40&min_price=200000&max_price=1000000, Kentucky, Louisville, For Sale-Wanted, Heavy Equipment, https://louisville.craigslist.org/hvo/d/borden-barko-595-deere-648l-deere-843k/7015733859.html,,2019-11-07,US,2019-11-21
2016 Winnebago 42E Used, Nov 07, &excats=134-40&min_price=200000&max_price=1000000, Nebraska, Lincoln, For Sale-Wanted, RVs, https://lincoln.craigslist.org/rvd/d/lincoln-2016-winnebago-42e-used/7015706440.html,,2019-11-07,US,2019-11-21
UPDATE! Parts & Project Cars & Trucks 1920&#39;s-80&#39;s 100&#39;s of Cars, Nov 07, &excats=134-40&min_price=200000&max_price=1000000, Nebraska, North Platte, For Sale-Wanted, Auto Parts by Dealer, https://northplatte.craigslist.org/ptd/d/great-bend-update-parts-project-cars/7015820231.html,,2019-11-07,US,2019-11-21
2009 Azimut 62 Evolution, Nov 07, &excats=134-40&min_price=200000&max_price=1000000, Virginia, Fredericksburg, For Sale-Wanted, Boat Parts by Dealer, https://fredericksburg.craigslist.org/bod/d/wilmington-2009-azimut-62-evolution/7015388622.html,,2019-11-07,US,2019-11-21
2018 Boston Whaler 320 Vantage, Nov 07, &excats=134-40&min_price=200000&max_price=1000000, Virginia, Fredericksburg, For Sale-Wanted, Boat Parts by Dealer, https://fredericksburg.craigslist.org/bod/d/wilmington-2018-boston-whaler-320/7015334593.html,,2019-11-07,US,2019-11-21
Hay and Straw Business, Nov 07, &excats=134-40&min_price=200000&max_price=1000000, Virginia, Lynchburg, For Sale-Wanted, Farm and Garden, https://lynchburg.craigslist.org/grd/d/farmville-hay-and-straw-business/7015324370.html,,2019-11-07,US,2019-11-21
2015 Winnebago Tour 42QD Bath and Half, Nov 07, &excats=134-40&min_price=200000&max_price=1000000, Virginia, Richmond, For Sale-Wanted, RVs, https://richmond.craigslist.org/rvd/d/mechanicsville-2015-winnebago-tour-42qd/7015733024.html,,2019-11-07,US,2019-11-21
2018 Boston Whaler 320 Vantage, Nov 07, &excats=134-40&min_price=200000&max_price=1000000, Maine, Maine, For Sale-Wanted, Boat Parts by Dealer, https://maine.craigslist.org/bod/d/wilmington-2018-boston-whaler-320/7015340639.html,,2019-11-07,US,2019-11-21
Amel Super Maramu, Nov 07, &excats=134-40&min_price=200000&max_price=1000000, Maryland, Annapolis, For Sale-Wanted, Boat Parts, https://annapolis.craigslist.org/boa/d/galesville-amel-super-maramu/7015361079.html,,2019-11-07,US,2019-11-21
2009 Azimut 62 Evolution, Nov 07, &excats=134-40&min_price=200000&max_price=1000000, Maryland, Annapolis, For Sale-Wanted, Boat Parts by Dealer, https://annapolis.craigslist.org/bod/d/wilmington-2009-azimut-62-evolution/7015388860.html,,2019-11-07,US,2019-11-21
Amel Super Maramu, Nov 07, &excats=134-40&min_price=200000&max_price=1000000, Maryland, Annapolis, For Sale-Wanted, Boat Parts, https://annapolis.craigslist.org/boa/d/galesville-amel-super-maramu/7015359682.html,,2019-11-07,US,2019-11-21
2018 Boston Whaler 320 Vantage, Nov 07, &excats=134-40&min_price=200000&max_price=1000000, Maryland, Annapolis, For Sale-Wanted, Boat Parts by Dealer, https://annapolis.craigslist.org/bod/d/wilmington-2018-boston-whaler-320/7015335073.html,,2019-11-07,US,2019-11-21
2009 Azimut 62 Evolution, Nov 07, &excats=134-40&min_price=200000&max_price=1000000, Maryland, Baltimore, For Sale-Wanted, Boat Parts by Dealer, https://baltimore.craigslist.org/bod/d/wilmington-2009-azimut-62-evolution/7015388980.html,,2019-11-07,US,2019-11-21
2018 Boston Whaler 320 Vantage, Nov 07, &excats=134-40&min_price=200000&max_price=1000000, Maryland, Baltimore, For Sale-Wanted, Boat Parts by Dealer, https://baltimore.craigslist.org/bod/d/wilmington-2018-boston-whaler-320/7015338031.html,,2019-11-07,US,2019-11-21
Storage Space and Shop, Nov 07, &excats=134-40&min_price=200000&max_price=1000000, Maryland, Frederick, For Sale-Wanted, General, https://frederick.craigslist.org/for/d/jefferson-storage-space-and-shop/7015788738.html,,2019-11-07,US,2019-11-21
2009 Azimut 62 Evolution, Nov 07, &excats=134-40&min_price=200000&max_price=1000000, Maryland, Frederick, For Sale-Wanted, Boat Parts by Dealer, https://frederick.craigslist.org/bod/d/wilmington-2009-azimut-62-evolution/7015389119.html,,2019-11-07,US,2019-11-21
2018 Boston Whaler 320 Vantage, Nov 07, &excats=134-40&min_price=200000&max_price=1000000, Maryland, Frederick, For Sale-Wanted, Boat Parts by Dealer, https://frederick.craigslist.org/bod/d/wilmington-2018-boston-whaler-320/7015338150.html,,2019-11-07,US,2019-11-21
Sandoval County Dispensers Liquor License, Nov 07, &excats=134-40&min_price=200000&max_price=1000000, New Mexico, Albuquerque, For Sale-Wanted, General, https://albuquerque.craigslist.org/for/d/corrales-sandoval-county-dispensers/7015415901.html,,2019-11-07,US,2019-11-21
Bernalillo ILD Liquor License, Nov 07, &excats=134-40&min_price=200000&max_price=1000000, New Mexico, Albuquerque, For Sale-Wanted, General, https://albuquerque.craigslist.org/for/d/placitas-bernalillo-ild-liquor-license/7015411626.html,,2019-11-07,US,2019-11-21
18 Unit RV Park with Home Shop and Storage Area, Nov 07, &excats=134-40&min_price=200000&max_price=1000000, New Mexico, Albuquerque, For Sale-Wanted, General, https://albuquerque.craigslist.org/for/d/caballo-18-unit-rv-park-with-home-shop/7015379353.html,,2019-11-07,US,2019-11-21
I COLLECT 50&#39;s 60&#39;s 70&#39;s Motorcycles, Nov 07, &excats=134-40&min_price=200000&max_price=1000000, Michigan, Grand Rapids, For Sale-Wanted, Farm and Garden, https://grandrapids.craigslist.org/grq/d/green-bay-collect-50s-60s-70s/7015399240.html,,2019-11-07,US,2019-11-21
2019 Pursuit S288, Nov 07, &excats=134-40&min_price=200000&max_price=1000000, Michigan, Holland, For Sale-Wanted, Boat Parts by Dealer, https://holland.craigslist.org/bod/d/holland-2019-pursuit-s288/7015339782.html,,2019-11-07,US,2019-11-21
National NBT 40, Nov 07, &excats=134-40&min_price=200000&max_price=1000000, Ohio, Cleveland, For Sale-Wanted, Heavy Equipment, https://cleveland.craigslist.org/hvo/d/amherst-national-nbt-40/7015534940.html,,2019-11-07,US,2019-11-21
WE BUY HOUSES FOR CASH AS IS, Nov 07, &excats=134-40&min_price=200000&max_price=1000000, Ohio, Cleveland, For Sale-Wanted, Wanted, https://cleveland.craigslist.org/wad/d/alexandria-we-buy-houses-for-cash-as-is/7015518137.html,,2019-11-07,US,2019-11-21
10ac 4bd 2 bath 11yr old beautiful home, Nov 07, &excats=134-40&min_price=200000&max_price=1000000, Ohio, Columbus, For Sale-Wanted, General, https://columbus.craigslist.org/for/d/south-vienna-10ac-4bd-2-bath-11yr-old/7011822945.html,,2019-11-07,US,2019-11-21
D6T XI dozer, Nov 07, &excats=134-40&min_price=200000&max_price=1000000, Ohio, Columbus, For Sale-Wanted, Heavy Equipment, https://columbus.craigslist.org/hvo/d/buckhannon-d6t-xi-dozer/7015518949.html,,2019-11-07,US,2019-11-21
I COLLECT 50&#39;s 60&#39;s 70&#39;s Motorcycles, Nov 07, &excats=134-40&min_price=200000&max_price=1000000, Ohio, Toledo, For Sale-Wanted, Farm and Garden, https://toledo.craigslist.org/grq/d/green-bay-collect-50s-60s-70s/7015388436.html,,2019-11-07,US,2019-11-21
23 Acres Lake Cherokee Tamassee SC, Nov 07, &excats=134-40&min_price=200000&max_price=1000000, North Carolina, Charlotte, For Sale-Wanted, General, https://charlotte.craigslist.org/for/d/tamassee-23-acres-lake-cherokee/7015711723.html,,2019-11-07,US,2019-11-21
1989 63 VIKING WIDEBODY MY, Nov 07, &excats=134-40&min_price=200000&max_price=1000000, North Carolina, Charlotte, For Sale-Wanted, Boat Parts by Dealer, https://charlotte.craigslist.org/bod/d/myrtle-beach-viking-widebody-my/7015379460.html,,2019-11-07,US,2019-11-21
1994 HATTERAS 52 COCKPIT MOTOR YACHT, Nov 07, &excats=134-40&min_price=200000&max_price=1000000, North Carolina, Charlotte, For Sale-Wanted, Boat Parts by Dealer, https://charlotte.craigslist.org/bod/d/charleston-1994-hatteras-52-cockpit/7015378767.html,,2019-11-07,US,2019-11-21
2009 Azimut 62 Evolution, Nov 07, &excats=134-40&min_price=200000&max_price=1000000, North Carolina, Wilmington, For Sale-Wanted, Boat Parts by Dealer, https://wilmington.craigslist.org/bod/d/wilmington-2009-azimut-62-evolution/7015388288.html,,2019-11-07,US,2019-11-21
2018 Boston Whaler 320 Vantage, Nov 07, &excats=134-40&min_price=200000&max_price=1000000, North Carolina, Wilmington, For Sale-Wanted, Boat Parts by Dealer, https://wilmington.craigslist.org/bod/d/wilmington-2018-boston-whaler-320/7015333908.html,,2019-11-07,US,2019-11-21
2009 Azimut 62 Evolution, Nov 07, &excats=134-40&min_price=200000&max_price=1000000, North Carolina, Wilmington, For Sale-Wanted, Boat Parts by Dealer, https://myrtlebeach.craigslist.org/bod/d/wilmington-2009-azimut-62-evolution/7015388023.html,,2019-11-07,US,2019-11-21
2018 Boston Whaler 320 Vantage, Nov 07, &excats=134-40&min_price=200000&max_price=1000000, North Carolina, Wilmington, For Sale-Wanted, Boat Parts by Dealer, https://myrtlebeach.craigslist.org/bod/d/wilmington-2018-boston-whaler-320/7015333608.html,,2019-11-07,US,2019-11-21
2009 Azimut 62 Evolution, Nov 07, &excats=134-40&min_price=200000&max_price=1000000, North Carolina, Wilmington, For Sale-Wanted, Boat Parts by Dealer, https://eastnc.craigslist.org/bod/d/wilmington-2009-azimut-62-evolution/7015388515.html,,2019-11-07,US,2019-11-21
2018 Boston Whaler 320 Vantage, Nov 07, &excats=134-40&min_price=200000&max_price=1000000, North Carolina, Wilmington, For Sale-Wanted, Boat Parts by Dealer, https://eastnc.craigslist.org/bod/d/wilmington-2018-boston-whaler-320/7015334389.html,,2019-11-07,US,2019-11-21
2009 Azimut 62 Evolution, Nov 07, &excats=134-40&min_price=200000&max_price=1000000, North Carolina, Wilmington, For Sale-Wanted, Boat Parts by Dealer, https://raleigh.craigslist.org/bod/d/wilmington-2009-azimut-62-evolution/7015388413.html,,2019-11-07,US,2019-11-21
2018 Boston Whaler 320 Vantage, Nov 07, &excats=134-40&min_price=200000&max_price=1000000, North Carolina, Wilmington, For Sale-Wanted, Boat Parts by Dealer, https://raleigh.craigslist.org/bod/d/wilmington-2018-boston-whaler-320/7015334276.html,,2019-11-07,US,2019-11-21
MOTIVATED SELLER- 30k price reduction, Nov 07, &excats=134-40&min_price=200000&max_price=1000000, Louisiana, Lake Charles, For Sale-Wanted, General, https://lakecharles.craigslist.org/for/d/arnaudville-motivated-seller-30k-price/7015317258.html,,2019-11-07,US,2019-11-21
Warehouses, Nov 07, &excats=134-40&min_price=200000&max_price=1000000, Louisiana, New Orleans, For Sale-Wanted, Heavy Equipment, https://neworleans.craigslist.org/hvo/d/new-orleans-warehouses/7015389313.html,,2019-11-07,US,2019-11-21
48 Acre Ranch - Poultry Farm, Nov 07, &excats=134-40&min_price=200000&max_price=1000000, Louisiana, Shreveport, For Sale-Wanted, Farm and Garden, https://shreveport.craigslist.org/grd/d/como-48-acre-ranch-poultry-farm/7015645872.html,,2019-11-07,US,2019-11-21
48 Acre Ranch - Poultry Farm, Nov 07, &excats=134-40&min_price=200000&max_price=1000000, Louisiana, Shreveport, For Sale-Wanted, Farm and Garden, https://shreveport.craigslist.org/grd/d/como-48-acre-ranch-poultry-farm/7015639131.html,,2019-11-07,US,2019-11-21
2014 Entegra Coach Cornerstone 45K - MIDWESTS #1 PRE-OWNED TRUCK DEALER, Nov 07, &excats=134-40&min_price=200000&max_price=1000000, Minnesota, St Cloud, For Sale-Wanted, Cars And by Dealer, https://stcloud.craigslist.org/ctd/d/saint-cloud-2014-entegra-coach/7015754816.html,,2019-11-07,US,2019-11-21
I COLLECT 50&#39;s 60&#39;s 70&#39;s Motorcycles, Nov 07, &excats=134-40&min_price=200000&max_price=1000000, Minnesota, St Cloud, For Sale-Wanted, Farm and Garden, https://stcloud.craigslist.org/grq/d/green-bay-collect-50s-60s-70s/7015389852.html,,2019-11-07,US,2019-11-21
48 Acre Ranch - Poultry Farm, Nov 07, &excats=134-40&min_price=200000&max_price=1000000, Oklahoma, Oklahoma City, For Sale-Wanted, Farm and Garden, https://oklahomacity.craigslist.org/grd/d/como-48-acre-ranch-poultry-farm/7015642477.html,,2019-11-07,US,2019-11-21
Looking for a decent priced car, Nov 07, &excats=134-40&min_price=200000&max_price=1000000, Idaho, Boise, For Sale-Wanted, Wanted, https://boise.craigslist.org/wan/d/nampa-looking-for-decent-priced-car/7015736708.html,Want,2019-11-07,US,2019-11-21
NEW 2019 Dutch Star 4369 by Newmar | 450 HP Cummins, Nov 07, &excats=134-40&min_price=200000&max_price=1000000, Idaho, Boise, For Sale-Wanted, RVs, https://boise.craigslist.org/rvd/d/kansas-city-new-2019-dutch-star-4369-by/7015373951.html,,2019-11-07,US,2019-11-21
Walnut Cherry Oak Landscape Rock, Nov 07, &excats=134-40&min_price=200000&max_price=1000000, Tennessee, Nashville, For Sale-Wanted, Farm and Garden, https://nashville.craigslist.org/grd/d/college-grove-walnut-cherry-oak/7015624631.html,,2019-11-07,US,2019-11-21
NEW 2019 Essex 4551 by Newmar | 605 HP Cummins, Nov 07, &excats=134-40&min_price=200000&max_price=1000000, Tennessee, Nashville, For Sale-Wanted, RVs, https://nashville.craigslist.org/rvd/d/kansas-city-new-2019-essex-4551-by/7015597900.html,,2019-11-07,US,2019-11-21
NEW 2019 Dutch Star 4369 by Newmar | 450 HP Cummins, Nov 07, &excats=134-40&min_price=200000&max_price=1000000, Tennessee, Nashville, For Sale-Wanted, RVs, https://nashville.craigslist.org/rvd/d/kansas-city-new-2019-dutch-star-4369-by/7015365674.html,,2019-11-07,US,2019-11-21
SELL YOUR HOUSE FAST FOR CASH SELL MY HOUSE SELL A HOUSE, Nov 07, &excats=134-40&min_price=200000&max_price=1000000, Pennsylvania, Philadelphia, For Sale-Wanted, Wanted, https://philadelphia.craigslist.org/wad/d/philadelphia-sell-your-house-fast-for/7015508836.html,,2019-11-07,US,2019-11-21
SELL MY HOUSE FAST SELL A HOUSE WE BUY HOUSES, Nov 07, &excats=134-40&min_price=200000&max_price=1000000, Pennsylvania, Philadelphia, For Sale-Wanted, Wanted, https://philadelphia.craigslist.org/wad/d/philadelphia-sell-my-house-fast-sell/7015506297.html,,2019-11-07,US,2019-11-21
2018 Boston Whaler 320 Vantage, Nov 07, &excats=134-40&min_price=200000&max_price=1000000, Pennsylvania, Philadelphia, For Sale-Wanted, Boat Parts by Dealer, https://philadelphia.craigslist.org/bod/d/wilmington-2018-boston-whaler-320/7015340064.html,,2019-11-07,US,2019-11-21
2019 Forest River Berkshire 39A, Nov 07, &excats=134-40&min_price=200000&max_price=1000000, Pennsylvania, Philadelphia, For Sale-Wanted, RVs, https://philadelphia.craigslist.org/rvd/d/thornton-2019-forest-river-berkshire-39a/7015317017.html,,2019-11-07,US,2019-11-21
****Metal wanted****, Nov 07, &excats=134-40&min_price=200000&max_price=1000000, Pennsylvania, Philadelphia, For Sale-Wanted, Wanted, https://philadelphia.craigslist.org/wan/d/metal-wanted/7015284719.html,Want,2019-11-07,US,2019-11-21
2018 Boston Whaler 320 Vantage, Nov 07, &excats=134-40&min_price=200000&max_price=1000000, Pennsylvania, Pittsburgh, For Sale-Wanted, Boat Parts by Dealer, https://pittsburgh.craigslist.org/bod/d/wilmington-2018-boston-whaler-320/7015340187.html,,2019-11-07,US,2019-11-21
== I BUY iPHONE 11 PRO X XR XS MAX 8 8 PLUS iPAD MAC $$ NEW or USED $$, Nov 07, &excats=134-40&min_price=200000&max_price=1000000, Texas, Austin, For Sale-Wanted, Wanted, https://austin.craigslist.org/wad/d/austin-buy-iphone-11-pro-xr-xs-max-8-8/7015444511.html,,2019-11-07,US,2019-11-21
$$ I BUY iPHONE 11 PRO X XR XS MAX 8 8 PLUS iPAD MAC $$ NEW or USED $$, Nov 07, &excats=134-40&min_price=200000&max_price=1000000, Texas, Austin, For Sale-Wanted, Wanted, https://austin.craigslist.org/wad/d/austin-buy-iphone-11-pro-xr-xs-max-8-8/7015277114.html,,2019-11-07,US,2019-11-21
Dental Practice for Sale Houston, Nov 07, &excats=134-40&min_price=200000&max_price=1000000, Texas, Houston, For Sale-Wanted, Health And Beauty, https://houston.craigslist.org/hab/d/humble-dental-practice-for-sale-houston/7015844111.html,,2019-11-07,US,2019-11-21
SR-Zoned Southwestern Ranch style Home. 6 Acres, Nov 07, &excats=134-40&min_price=200000&max_price=1000000, Texas, Houston, For Sale-Wanted, General, https://houston.craigslist.org/for/d/tucson-sr-zoned-southwestern-ranch/7015592060.html,,2019-11-07,US,2019-11-21
Beautiful house for sale, Nov 07, &excats=134-40&min_price=200000&max_price=1000000, Texas, Houston, For Sale-Wanted, General, https://houston.craigslist.org/for/d/crosby-beautiful-house-for-sale/7015582377.html,,2019-11-07,US,2019-11-21
2009 Azimut 62 Evolution, Nov 07, &excats=134-40&min_price=200000&max_price=1000000, Connecticut, New Haven, For Sale-Wanted, Boat Parts by Dealer, https://newhaven.craigslist.org/bod/d/wilmington-2009-azimut-62-evolution/7015389965.html,,2019-11-07,US,2019-11-21
2018 Boston Whaler 320 Vantage, Nov 07, &excats=134-40&min_price=200000&max_price=1000000, Connecticut, New Haven, For Sale-Wanted, Boat Parts by Dealer, https://newhaven.craigslist.org/bod/d/wilmington-2018-boston-whaler-320/7015340501.html,,2019-11-07,US,2019-11-21
SUPER C SUPREME AIRE BY NEWMAR 500HP 12LTR DETROIT, Nov 07, &excats=134-40&min_price=200000&max_price=1000000, Missouri, Kansas City, For Sale-Wanted, RVs, https://kansascity.craigslist.org/rvd/d/kansas-city-super-supreme-aire-by/7015625541.html,,2019-11-07,US,2019-11-21
Wanted Wood Chips Tree Mulch, Nov 07, &excats=134-40&min_price=200000&max_price=1000000, Missouri, St Louis, For Sale-Wanted, General, https://stlouis.craigslist.org/for/d/wanted-wood-chips-tree-mulch/7015394936.html,Want,2019-11-07,US,2019-11-21
NEW 2019 Dutch Star 4369 by Newmar | 450 HP Cummins, Nov 07, &excats=134-40&min_price=200000&max_price=1000000, Missouri, St Louis, For Sale-Wanted, RVs, https://stlouis.craigslist.org/rvd/d/kansas-city-new-2019-dutch-star-4369-by/7015366273.html,,2019-11-07,US,2019-11-21
I COLLECT 50&#39;s 60&#39;s 70&#39;s Motorcycles, Nov 07, &excats=134-40&min_price=200000&max_price=1000000, Illinois, Chicago, For Sale-Wanted, Farm and Garden, https://chicago.craigslist.org/wcl/grq/d/green-bay-collect-50s-60s-70s/7015398122.html,,2019-11-07,US,2019-11-21
NEW 2019 Prestige 460 FlyBridge * 20% don x $4846 mo * IPS PODS *, Nov 07, &excats=134-40&min_price=200000&max_price=1000000, Oregon, Portland, For Sale-Wanted, Boat Parts by Dealer, https://portland.craigslist.org/mlt/bod/d/portland-new-2019-prestige-460/7015547501.html,,2019-11-07,US,2019-11-21
NEW 2019 Jeanneau Velasco 37 Fly Bridge * 20% dn x $1989 mo * WARRANTY, Nov 07, &excats=134-40&min_price=200000&max_price=1000000, Oregon, Portland, For Sale-Wanted, Boat Parts by Dealer, https://portland.craigslist.org/mlt/bod/d/portland-new-2019-jeanneau-velasco-37/7015545846.html,,2019-11-07,US,2019-11-21
NEW 2019 Dutch Star 4369 by Newmar | 450 HP Cummins, Nov 07, &excats=134-40&min_price=200000&max_price=1000000, Oregon, Portland, For Sale-Wanted, RVs, https://portland.craigslist.org/nco/rvd/d/kansas-city-new-2019-dutch-star-4369-by/7015372833.html,,2019-11-07,US,2019-11-21
House for sale, Nov 07, &excats=134-40&min_price=200000&max_price=1000000, New York, Hudson Valley, For Sale-Wanted, General, https://hudsonvalley.craigslist.org/for/d/milton-house-for-sale/7015679358.html,,2019-11-07,US,2019-11-21
2009 Azimut 62 Evolution, Nov 07, &excats=134-40&min_price=200000&max_price=1000000, New York, Long Island, For Sale-Wanted, Boat Parts by Dealer, https://longisland.craigslist.org/bod/d/wilmington-2009-azimut-62-evolution/7015389609.html,,2019-11-07,US,2019-11-21
2018 Boston Whaler 320 Vantage, Nov 07, &excats=134-40&min_price=200000&max_price=1000000, New York, Long Island, For Sale-Wanted, Boat Parts by Dealer, https://longisland.craigslist.org/bod/d/wilmington-2018-boston-whaler-320/7015339103.html,,2019-11-07,US,2019-11-21
Charming Split for sale in Colonia NJ, Nov 07, &excats=134-40&min_price=200000&max_price=1000000, New York, Long Island, For Sale-Wanted, General, https://longisland.craigslist.org/for/d/colonia-charming-split-for-sale-in/7015321003.html,,2019-11-07,US,2019-11-21
2009 Azimut 62 Evolution, Nov 07, &excats=134-40&min_price=200000&max_price=1000000, New Jersey, Jersey Shore, For Sale-Wanted, Boat Parts by Dealer, https://jerseyshore.craigslist.org/bod/d/wilmington-2009-azimut-62-evolution/7015389496.html,,2019-11-07,US,2019-11-21
2018 Boston Whaler 320 Vantage, Nov 07, &excats=134-40&min_price=200000&max_price=1000000, New Jersey, Jersey Shore, For Sale-Wanted, Boat Parts by Dealer, https://jerseyshore.craigslist.org/bod/d/wilmington-2018-boston-whaler-320/7015338895.html,,2019-11-07,US,2019-11-21
2009 Azimut 62 Evolution, Nov 07, &excats=134-40&min_price=200000&max_price=1000000, New Jersey, South Jersey, For Sale-Wanted, Boat Parts by Dealer, https://southjersey.craigslist.org/bod/d/wilmington-2009-azimut-62-evolution/7015389361.html,,2019-11-07,US,2019-11-21
2018 Boston Whaler 320 Vantage, Nov 07, &excats=134-40&min_price=200000&max_price=1000000, New Jersey, South Jersey, For Sale-Wanted, Boat Parts by Dealer, https://southjersey.craigslist.org/bod/d/wilmington-2018-boston-whaler-320/7015338456.html,,2019-11-07,US,2019-11-21
Cabin in Ely MN, Nov 07, &excats=134-40&min_price=200000&max_price=1000000, Wisconsin, Milwaukee, For Sale-Wanted, General, https://milwaukee.craigslist.org/for/d/winton-cabin-in-ely-mn/7015855061.html,,2019-11-07,US,2019-11-21
I COLLECT VINTAGE MOTORCYCLES RUNNING OR NOT, Nov 07, &excats=134-40&min_price=200000&max_price=1000000, Wisconsin, Milwaukee, For Sale-Wanted, Farm and Garden, https://milwaukee.craigslist.org/grq/d/green-bay-collect-vintage-motorcycles/7015397212.html,,2019-11-07,US,2019-11-21
PRICE REDUCED 100 Acres Central Wisconsin - HUNT!, Nov 07, &excats=134-40&min_price=200000&max_price=1000000, Wisconsin, Milwaukee, For Sale-Wanted, Sporting Goods, https://milwaukee.craigslist.org/spo/d/neshkoro-price-reduced-100-acres/7015233005.html,,2019-11-07,US,2019-11-21
4 Bedroom 2 Bath FOR SALE BY OWNER!, Nov 07, &excats=134-40&min_price=200000&max_price=1000000, California, Bakersfield, For Sale-Wanted, General, https://bakersfield.craigslist.org/for/d/wasco-4-bedroom-2-bath-for-sale-by-owner/7015672720.html,,2019-11-07,US,2019-11-21
2003 Sumerset Houseboat 75&#39;x 16&#39;, Nov 07, &excats=134-40&min_price=200000&max_price=1000000, California, Chico, For Sale-Wanted, Boat Parts, https://chico.craigslist.org/boa/d/oroville-2003-sumerset-houseboat-75x-16/7010756707.html,,2019-11-07,US,2019-11-21
Class c motorhome, Nov 07, &excats=134-40&min_price=200000&max_price=1000000, California, Inland Empire, For Sale-Wanted, RVs, https://inlandempire.craigslist.org/rvs/d/rimforest-class-motorhome/7015395734.html,,2019-11-07,US,2019-11-21
NEW 2019 Dutch Star 4369 by Newmar | 450 HP Cummins, Nov 07, &excats=134-40&min_price=200000&max_price=1000000, California, Los Angeles, For Sale-Wanted, RVs, https://losangeles.craigslist.org/wst/rvd/d/kansas-city-new-2019-dutch-star-4369-by/7015370746.html,,2019-11-07,US,2019-11-21
2017 Ferrari 488 GTB $360K Window Custom Ordered, Nov 07, &excats=134-40&min_price=200000&max_price=1000000, California, Orange County, For Sale-Wanted, Cars And by Dealer, https://orangecounty.craigslist.org/ctd/d/costa-mesa-2017-ferrari-488-gtb-360k/7015717579.html,,2019-11-07,US,2019-11-21
CASH FOR GOLD 10K 14K 18K 24K CASH FOR DIAMONDS, Nov 07, &excats=134-40&min_price=200000&max_price=1000000, California, Orange County, For Sale-Wanted, Wanted, https://orangecounty.craigslist.org/wad/d/garden-grove-cash-for-gold-10k-14k-18k/7015551270.html,,2019-11-07,US,2019-11-21
Looking to buy a house right now cash., Nov 07, &excats=134-40&min_price=200000&max_price=1000000, California, Orange County, For Sale-Wanted, General, https://orangecounty.craigslist.org/for/d/huntington-beach-looking-to-buy-house/6998713606.html,Want,2019-11-07,US,2019-11-21
House for Sale, Nov 07, &excats=134-40&min_price=200000&max_price=1000000, California, Redding, For Sale-Wanted, General, https://redding.craigslist.org/for/d/san-antonio-house-for-sale/7015894895.html,,2019-11-07,US,2019-11-21
2017 Renegade Super C Motor Home, Nov 07, &excats=134-40&min_price=200000&max_price=1000000, California, San Diego, For Sale-Wanted, RVs, https://sandiego.craigslist.org/csd/rvs/d/el-cajon-2017-renegade-super-motor-home/7015734255.html,,2019-11-07,US,2019-11-21
2017 Renegade Super C Motor Home, Nov 07, &excats=134-40&min_price=200000&max_price=1000000, California, San Diego, For Sale-Wanted, RVs, https://sandiego.craigslist.org/csd/rvs/d/el-cajon-2017-renegade-super-motor-home/7015734255.html,,2019-11-07,US,2019-11-21
House for Sale, Nov 07, &excats=134-40&min_price=200000&max_price=1000000, California, Santa Maria, For Sale-Wanted, General, https://santamaria.craigslist.org/for/d/san-antonio-house-for-sale/7015893927.html,,2019-11-07,US,2019-11-21
Beer Signs Mirror Tin, Nov 06, &excats=134-40&min_price=200000&max_price=1000000, Washington, Bellingham, For Sale-Wanted, Collectibles, https://bellingham.craigslist.org/clt/d/bellingham-beer-signs-mirror-tin/7009414573.html,,2019-11-06,US,2019-11-21
2011 International Prostar Cummins ISX, Nov 06, &excats=134-40&min_price=200000&max_price=1000000, Georgia, Atlanta, For Sale-Wanted, Cars And Trucks, https://atlanta.craigslist.org/nat/cto/d/atlanta-2011-international-prostar/7015107235.html,,2019-11-06,US,2019-11-21
2006 84x16&#39; Houseboat on Lanier, Nov 06, &excats=134-40&min_price=200000&max_price=1000000, Georgia, Atlanta, For Sale-Wanted, Boat Parts, https://atlanta.craigslist.org/nat/boa/d/buford-x16-houseboat-on-lanier/7015040049.html,,2019-11-06,US,2019-11-21
2018 Caterpillar D8T, Nov 06, &excats=134-40&min_price=200000&max_price=1000000, Georgia, Atlanta, For Sale-Wanted, Heavy Equipment, https://atlanta.craigslist.org/atl/hvo/d/tuscaloosa-2018-caterpillar-d8t/7014711132.html,,2019-11-06,US,2019-11-21
2005 25x95 somerset house boat, Nov 06, &excats=134-40&min_price=200000&max_price=1000000, Georgia, Atlanta, For Sale-Wanted, Boat Parts, https://atlanta.craigslist.org/nat/boa/d/buford-x95-somerset-house-boat/7014583541.html,,2019-11-06,US,2019-11-21
Cash for iphone 7- 11 Pro Max, Nov 06, &excats=134-40&min_price=200000&max_price=1000000, Georgia, Atlanta, For Sale-Wanted, Cell Phones by Dealer, https://atlanta.craigslist.org/atl/mod/d/cash-for-iphone-pro-max/7014557610.html,,2019-11-06,US,2019-11-21
Looking for private ground trophy deer for 2020, Nov 06, &excats=134-40&min_price=200000&max_price=1000000, Montana, Billings, For Sale-Wanted, Farm and Garden, https://billings.craigslist.org/grd/d/billings-looking-for-private-ground/7014802609.html,Want,2019-11-06,US,2019-11-21
Car, Nov 06, &excats=134-40&min_price=200000&max_price=1000000, Montana, Butte, For Sale-Wanted, Wanted, https://butte.craigslist.org/wan/d/butte-car/7015183441.html,,2019-11-06,US,2019-11-21
SUPER C SUPREME AIRE BY NEWMAR 500HP 12LTR DETROIT, Nov 06, &excats=134-40&min_price=200000&max_price=1000000, Montana, Missoula, For Sale-Wanted, RVs, https://missoula.craigslist.org/rvd/d/kansas-city-super-supreme-aire-by/7015176142.html,,2019-11-06,US,2019-11-21
home for sale, Nov 06, &excats=134-40&min_price=200000&max_price=1000000, South Carolina, Charleston, For Sale-Wanted, General, https://charleston.craigslist.org/for/d/charleston-home-for-sale/7014796543.html,,2019-11-06,US,2019-11-21
House in Puerto Rico, Nov 06, &excats=134-40&min_price=200000&max_price=1000000, South Carolina, Charleston, For Sale-Wanted, Household, https://charleston.craigslist.org/hsh/d/house-in-puerto-rico/7014570696.html,,2019-11-06,US,2019-11-21
3BR2BA LAKE MURRAY, Nov 06, &excats=134-40&min_price=200000&max_price=1000000, South Carolina, Columbia, For Sale-Wanted, General, https://columbia.craigslist.org/for/d/saluda-3br2ba-lake-murray/7014939648.html,,2019-11-06,US,2019-11-21
Duplex for sale, Nov 06, &excats=134-40&min_price=200000&max_price=1000000, Arkansas, Jonesboro, For Sale-Wanted, General, https://jonesboro.craigslist.org/for/d/walnut-ridge-duplex-for-sale/7015189239.html,,2019-11-06,US,2019-11-21
CLAMSHELL SYSTEM 80 TENT STRUCTURE, Nov 06, &excats=134-40&min_price=200000&max_price=1000000, Arizona, Phoenix, For Sale-Wanted, General, https://phoenix.craigslist.org/evl/for/d/scottsdale-clamshell-system-80-tent/7014937924.html,,2019-11-06,US,2019-11-21
2018 Tiffin Allegro Bus 37AP Quad Slide Class A Diesel RV, Nov 06, &excats=134-40&min_price=200000&max_price=1000000, Arizona, Phoenix, For Sale-Wanted, RVs, https://phoenix.craigslist.org/evl/rvd/d/mesa-2018-tiffin-allegro-bus-37ap-quad/7014772896.html,,2019-11-06,US,2019-11-21
2019 Newmar Dutch Star 4369 Triple Slide Class A Diesel RV, Nov 06, &excats=134-40&min_price=200000&max_price=1000000, Arizona, Phoenix, For Sale-Wanted, RVs, https://phoenix.craigslist.org/evl/rvd/d/mesa-2019-newmar-dutch-star-4369-triple/7014765804.html,,2019-11-06,US,2019-11-21
2014 Winnebago Tour 42QD Triple Slide Class A Diesel RV, Nov 06, &excats=134-40&min_price=200000&max_price=1000000, Arizona, Phoenix, For Sale-Wanted, RVs, https://phoenix.craigslist.org/evl/rvd/d/mesa-2014-winnebago-tour-42qd-triple/7014742563.html,,2019-11-06,US,2019-11-21
Calves, Nov 06, &excats=134-40&min_price=200000&max_price=1000000, Arizona, Show Low, For Sale-Wanted, Farm and Garden, https://showlow.craigslist.org/grd/d/taylor-calves/7015129521.html,,2019-11-06,US,2019-11-21
One Million Prize Contest, Nov 06, &excats=134-40&min_price=200000&max_price=1000000, Nevada, Las Vegas, For Sale-Wanted, Wanted, https://lasvegas.craigslist.org/wan/d/las-vegas-one-million-prize-contest/7015182864.html,,2019-11-06,US,2019-11-21
2013 tracked case 9230. Rear assist. Long folding auger. Auto steer wi, Nov 06, &excats=134-40&min_price=200000&max_price=1000000, North Dakota, Grand Forks, For Sale-Wanted, Farm and Garden, https://grandforks.craigslist.org/grd/d/hallock-2013-tracked-case-9230-rear/7014869965.html,,2019-11-06,US,2019-11-21
??Swiss watch collector looking for Rolex Omega, Nov 06, &excats=134-40&min_price=200000&max_price=1000000, Florida, Jacksonville, For Sale-Wanted, Wanted, https://jacksonville.craigslist.org/wan/d/jacksonville-swiss-watch-collector/7014525683.html,Want,2019-11-06,US,2019-11-21
Buying Rolex Watches old working or not -, Nov 06, &excats=134-40&min_price=200000&max_price=1000000, Florida, Jacksonville, For Sale-Wanted, Jewelry, https://jacksonville.craigslist.org/jwl/d/jacksonville-buying-rolex-watches-old/7014511339.html,,2019-11-06,US,2019-11-21
??Swiss watch collector looking for Rolex Omega, Nov 06, &excats=134-40&min_price=200000&max_price=1000000, Florida, Jacksonville, For Sale-Wanted, Wanted, https://jacksonville.craigslist.org/wan/d/jacksonville-swiss-watch-collector/7014525394.html,Want,2019-11-06,US,2019-11-21
2020 seafox viper, Nov 06, &excats=134-40&min_price=200000&max_price=1000000, Florida, Ocala, For Sale-Wanted, Boat Parts, https://ocala.craigslist.org/boa/d/crystal-river-2020-seafox-viper/7014813666.html,,2019-11-06,US,2019-11-21
2018 Pursuit 325DC dual console boat, Nov 06, &excats=134-40&min_price=200000&max_price=1000000, Florida, Tallahassee, For Sale-Wanted, Boat Parts by Dealer, https://tallahassee.craigslist.org/bod/d/panama-city-2018-pursuit-325dc-dual/7015036331.html,,2019-11-06,US,2019-11-21
healthy home in Boulder/lousiville, Nov 06, &excats=134-40&min_price=200000&max_price=1000000, Colorado, Boulder, For Sale-Wanted, Wanted, https://denver.craigslist.org/wan/d/boulder-healthy-home-in-boulder/7015104325.html,,2019-11-06,US,2019-11-21
healthy home in Boulder/lousiville, Nov 06, &excats=134-40&min_price=200000&max_price=1000000, Colorado, Denver, For Sale-Wanted, Wanted, https://denver.craigslist.org/wan/d/boulder-healthy-home-in-boulder/7015104325.html,,2019-11-06,US,2019-11-21
Land Developer&#39;s Dream (Hazard), Nov 06, &excats=134-40&min_price=200000&max_price=1000000, Nebraska, Grand Island, For Sale-Wanted, Farm and Garden, https://grandisland.craigslist.org/grd/d/hazard-land-developers-dream-hazard/7004479622.html,,2019-11-06,US,2019-11-21
2015 Honda Odyssey Exl Braun Wheelchair Handicap Mobility Van, Nov 06, &excats=134-40&min_price=200000&max_price=1000000, Nebraska, Grand Island, For Sale-Wanted, Cars And by Dealer, https://grandisland.craigslist.org/ctd/d/alda-2015-honda-odyssey-exl-braun/7014593673.html,,2019-11-06,US,2019-11-21
UPDATE! Parts & Project Cars & Trucks 1920&#39;s-80&#39;s 100&#39;s of Cars, Nov 06, &excats=134-40&min_price=200000&max_price=1000000, Virginia, Danville, For Sale-Wanted, Auto Parts by Dealer, https://danville.craigslist.org/ptd/d/great-bend-update-parts-project-cars/7015167992.html,,2019-11-06,US,2019-11-21
Heated anodized aluminum plates/functioning rosin press/shop press, Nov 06, &excats=134-40&min_price=200000&max_price=1000000, Maine, Maine, For Sale-Wanted, Wanted, https://maine.craigslist.org/wan/d/friendship-heated-anodized-aluminum/7010308501.html,,2019-11-06,US,2019-11-21
Re Chromer WANTED***, Nov 06, &excats=134-40&min_price=200000&max_price=1000000, Maine, Maine, For Sale-Wanted, Wanted, https://maine.craigslist.org/wan/d/bangor-re-chromer-wanted/7015176365.html,Want,2019-11-06,US,2019-11-21
Sunday River Ski Area Land, Nov 06, &excats=134-40&min_price=200000&max_price=1000000, Maine, Maine, For Sale-Wanted, General, https://maine.craigslist.org/for/d/bethel-sunday-river-ski-area-land/7010526863.html,,2019-11-06,US,2019-11-21
PRICE REDUCED HOME WITH ACREAGE, Nov 06, &excats=134-40&min_price=200000&max_price=1000000, New Mexico, Albuquerque, For Sale-Wanted, General, https://albuquerque.craigslist.org/for/d/hillsboro-price-reduced-home-with/7014878950.html,,2019-11-06,US,2019-11-21
NEWLY BUILT HOME, Nov 06, &excats=134-40&min_price=200000&max_price=1000000, New Mexico, Albuquerque, For Sale-Wanted, General, https://albuquerque.craigslist.org/for/d/elephant-butte-newly-built-home/7014760759.html,,2019-11-06,US,2019-11-21
2015 Fleetwood Providence 42P, Nov 06, &excats=134-40&min_price=200000&max_price=1000000, Ohio, Columbus, For Sale-Wanted, RVs, https://columbus.craigslist.org/rvs/d/galena-2015-fleetwood-providence-42p/7015176147.html,,2019-11-06,US,2019-11-21
2019 Lamborghini Urus, Nov 06, &excats=134-40&min_price=200000&max_price=1000000, Ohio, Columbus, For Sale-Wanted, Cars And by Dealer, https://columbus.craigslist.org/ctd/d/cuyahoga-falls-2019-lamborghini-urus/7015082175.html,,2019-11-06,US,2019-11-21
Buying ToysAntiquesGames, Nov 06, &excats=134-40&min_price=200000&max_price=1000000, Ohio, Columbus, For Sale-Wanted, Wanted, https://columbus.craigslist.org/wan/d/columbus-buying-toysantiquesgames/7014778805.html,,2019-11-06,US,2019-11-21
2018 Apex Marine 820 CTR Fishtail, Nov 06, &excats=134-40&min_price=200000&max_price=1000000, Ohio, Toledo, For Sale-Wanted, Boat Parts by Dealer, https://toledo.craigslist.org/bod/d/south-range-2018-apex-marine-820-ctr/7014692932.html,,2019-11-06,US,2019-11-21
Wanted Nascar Sheet Metal Fire Suits Crew Shirts and More!, Nov 06, &excats=134-40&min_price=200000&max_price=1000000, North Carolina, Boone, For Sale-Wanted, Wanted, https://boone.craigslist.org/wan/d/lowell-wanted-nascar-sheet-metal-fire/7014914002.html,Want,2019-11-06,US,2019-11-21
Wanted Nascar Sheet Metal Fire Suits Crew Shirts and More!, Nov 06, &excats=134-40&min_price=200000&max_price=1000000, North Carolina, Boone, For Sale-Wanted, Wanted, https://boone.craigslist.org/wan/d/lowell-wanted-nascar-sheet-metal-fire/7014875886.html,Want,2019-11-06,US,2019-11-21
UPDATE! Parts & Project Cars & Trucks 1920&#39;s-80&#39;s 100&#39;s of Cars, Nov 06, &excats=134-40&min_price=200000&max_price=1000000, Louisiana, New Orleans, For Sale-Wanted, Auto Parts by Dealer, https://neworleans.craigslist.org/ptd/d/great-bend-update-parts-project-cars/7015176492.html,,2019-11-06,US,2019-11-21
2012 Komatsu D275AX-5EO, Nov 06, &excats=134-40&min_price=200000&max_price=1000000, Alabama, Tuscaloosa, For Sale-Wanted, Heavy Equipment, https://tuscaloosa.craigslist.org/hvo/d/tuscaloosa-2012-komatsu-d275ax-5eo/7014715396.html,,2019-11-06,US,2019-11-21
2012 Komatsu D275AX-5EO, Nov 06, &excats=134-40&min_price=200000&max_price=1000000, Alabama, Tuscaloosa, For Sale-Wanted, Heavy Equipment, https://bham.craigslist.org/hvo/d/tuscaloosa-2012-komatsu-d275ax-5eo/6995213206.html,,2019-11-06,US,2019-11-21
Home for sale by owner, Nov 06, &excats=134-40&min_price=200000&max_price=1000000, Pennsylvania, Lancaster, For Sale-Wanted, General, https://lancaster.craigslist.org/for/d/akron-home-for-sale-by-owner/7014744423.html,,2019-11-06,US,2019-11-21
WANTED:RedlineBlackwallReal Rider Hot Wheels, Nov 06, &excats=134-40&min_price=200000&max_price=1000000, Pennsylvania, Lancaster, For Sale-Wanted, Wanted, https://lancaster.craigslist.org/wan/d/furlong-wantedredlineblackwallreal/7000723507.html,Want,2019-11-06,US,2019-11-21
****Metal wanted****, Nov 06, &excats=134-40&min_price=200000&max_price=1000000, Pennsylvania, Philadelphia, For Sale-Wanted, Wanted, https://philadelphia.craigslist.org/wan/d/metal-wanted/7014600184.html,Want,2019-11-06,US,2019-11-21
FOR SALE BY OWNER, Nov 06, &excats=134-40&min_price=200000&max_price=1000000, Texas, Abilene, For Sale-Wanted, Farm and Garden, https://abilene.craigslist.org/grd/d/bangs-for-sale-by-owner/7014825248.html,,2019-11-06,US,2019-11-21
? 2016 Allegro Bus 45 OP  ? (188885), Nov 06, &excats=134-40&min_price=200000&max_price=1000000, Texas, Austin, For Sale-Wanted, RVs, https://austin.craigslist.org/rvd/d/austin-allegro-bus-45-op/7015119838.html,,2019-11-06,US,2019-11-21
$$ I BUY iPHONE 11 PRO X XR XS MAX 8 8 PLUS iPAD MAC $$ NEW or USED $$, Nov 06, &excats=134-40&min_price=200000&max_price=1000000, Texas, Austin, For Sale-Wanted, Wanted, https://austin.craigslist.org/wad/d/austin-buy-iphone-11-pro-xr-xs-max-8-8/7014684924.html,,2019-11-06,US,2019-11-21
1999 Manitowoc 888 Crawler Crane, Nov 06, &excats=134-40&min_price=200000&max_price=1000000, Texas, Austin, For Sale-Wanted, Heavy Equipment, https://austin.craigslist.org/hvo/d/port-aransas-1999-manitowoc-888-crawler/7014668105.html,,2019-11-06,US,2019-11-21
I have 80 canvas paintings for 1000000, Nov 06, &excats=134-40&min_price=200000&max_price=1000000, Texas, Houston, For Sale-Wanted, Art by Owner, https://houston.craigslist.org/art/d/houston-have-80-canvas-paintings-for/7015085456.html,,2019-11-06,US,2019-11-21
OWNER FINANCE 3/2 Spring TX Home for Sale, Nov 06, &excats=134-40&min_price=200000&max_price=1000000, Texas, Houston, For Sale-Wanted, General, https://houston.craigslist.org/for/d/spring-owner-finance-3-2-spring-tx-home/7014946661.html,,2019-11-06,US,2019-11-21
UPDATE! Parts & Project Cars & Trucks 1920&#39;s-80&#39;s 100&#39;s of Cars, Nov 06, &excats=134-40&min_price=200000&max_price=1000000, Connecticut, New Haven, For Sale-Wanted, Auto Parts by Dealer, https://newhaven.craigslist.org/ptd/d/great-bend-update-parts-project-cars/7015173298.html,,2019-11-06,US,2019-11-21
House and 25acres, Nov 06, &excats=134-40&min_price=200000&max_price=1000000, Missouri, Springfield, For Sale-Wanted, Farm and Garden, https://springfield.craigslist.org/grd/d/ash-grove-house-and-25acres/7014880243.html,,2019-11-06,US,2019-11-21
UPDATE! Parts & Project Cars & Trucks 1920&#39;s-80&#39;s 100&#39;s of Cars, Nov 06, &excats=134-40&min_price=200000&max_price=1000000, Oregon, Bend, For Sale-Wanted, Auto Parts by Dealer, https://corvallis.craigslist.org/ptd/d/great-bend-update-parts-project-cars/7015152912.html,,2019-11-06,US,2019-11-21
Cat 527 swing boom grapple dozer, Nov 06, &excats=134-40&min_price=200000&max_price=1000000, Oregon, Eugene, For Sale-Wanted, Heavy Equipment, https://eugene.craigslist.org/hvo/d/drain-cat-527-swing-boom-grapple-dozer/7014867711.html,,2019-11-06,US,2019-11-21
Iso: light fixer waldport, Nov 06, &excats=134-40&min_price=200000&max_price=1000000, Oregon, Oregon Coast, For Sale-Wanted, Wanted, https://oregoncoast.craigslist.org/wan/d/marysville-iso-light-fixer-waldport/7014840234.html,,2019-11-06,US,2019-11-21
SUPER C SUPREME AIRE BY NEWMAR 500HP 12LTR DETROIT, Nov 06, &excats=134-40&min_price=200000&max_price=1000000, Oregon, Portland, For Sale-Wanted, RVs, https://portland.craigslist.org/grg/rvd/d/kansas-city-super-supreme-aire-by/7015178688.html,,2019-11-06,US,2019-11-21
Open House Saturday Nov 16 1 PM- 3 PM, Nov 06, &excats=134-40&min_price=200000&max_price=1000000, New York, Albany, For Sale-Wanted, General, https://albany.craigslist.org/for/d/albany-open-house-saturday-nov-16-1-pm/7009706695.html,,2019-11-06,US,2019-11-21
This has been SOLD. Thank you, Nov 06, &excats=134-40&min_price=200000&max_price=1000000, New York, Albany, For Sale-Wanted, NA, https://albany.craigslist.org/tro/d/schenectady-this-has-been-sold-thank-you/7014750623.html,,2019-11-06,US,2019-11-21
BEAUTIFUL NEWLY RENOVATED RETAIL/COMMERCIAL PROPERTY/BUSINESS., Nov 06, &excats=134-40&min_price=200000&max_price=1000000, New York, Long Island, For Sale-Wanted, General, https://longisland.craigslist.org/for/d/farmingville-beautiful-newly-renovated/7014584559.html,,2019-11-06,US,2019-11-21
Beautiful Cicero home for sale, Nov 06, &excats=134-40&min_price=200000&max_price=1000000, New York, Syracuse, For Sale-Wanted, General, https://syracuse.craigslist.org/for/d/cicero-beautiful-cicero-home-for-sale/7014587892.html,,2019-11-06,US,2019-11-21
2019 Qwest Pontoons 820 Lanai Cruise Adventure, Nov 06, &excats=134-40&min_price=200000&max_price=1000000, Wisconsin, Milwaukee, For Sale-Wanted, Boat Parts by Dealer, https://milwaukee.craigslist.org/bod/d/south-range-2019-qwest-pontoons-820/7014695299.html,,2019-11-06,US,2019-11-21
2014 Cruisers Yachts 380 Express W/twin 8.2 MAG Axius IMMACULATE!, Nov 06, &excats=134-40&min_price=200000&max_price=1000000, Wisconsin, Milwaukee, For Sale-Wanted, Boat Parts by Dealer, https://milwaukee.craigslist.org/bod/d/milwaukee-2014-cruisers-yachts-380/7014581793.html,,2019-11-06,US,2019-11-21
UPDATE! Parts & Project Cars & Trucks 1920&#39;s-80&#39;s 100&#39;s of Cars, Nov 06, &excats=134-40&min_price=200000&max_price=1000000, Wisconsin, Northern Wi, For Sale-Wanted, Auto Parts by Dealer, https://northernwi.craigslist.org/ptd/d/great-bend-update-parts-project-cars/7015190770.html,,2019-11-06,US,2019-11-21
2016 Cedar Creek Destination Camper, Nov 06, &excats=134-40&min_price=200000&max_price=1000000, Wisconsin, Wausau, For Sale-Wanted, RVs, https://wausau.craigslist.org/rvs/d/bancroft-2016-cedar-creek-destination/7014635345.html,,2019-11-06,US,2019-11-21
PAYING YOU  15% Interest!!!, Nov 06, &excats=134-40&min_price=200000&max_price=1000000, California, Inland Empire, For Sale-Wanted, Wanted, https://inlandempire.craigslist.org/wan/d/apple-valley-paying-you-15-interest/7014882719.html,,2019-11-06,US,2019-11-21
we Buy Forklifts $$ Cash $ Trucks  heavy equipment buyer, Nov 06, &excats=134-40&min_price=200000&max_price=1000000, California, Orange County, For Sale-Wanted, Wanted, https://orangecounty.craigslist.org/wan/d/anaheim-we-buy-forklifts-cash-trucks/7000424498.html,,2019-11-06,US,2019-11-21
Wanted Mighty Mite Army Jeep AMC, Nov 06, &excats=134-40&min_price=200000&max_price=1000000, California, Redding, For Sale-Wanted, Auto Parts by Owner, https://redding.craigslist.org/pts/d/central-point-wanted-mighty-mite-army/7014677610.html,Want,2019-11-06,US,2019-11-21
New Beneteau Oceanis 55.1, Nov 06, &excats=134-40&min_price=200000&max_price=1000000, California, San Diego, For Sale-Wanted, Boat Parts by Dealer, https://sandiego.craigslist.org/csd/bod/d/san-diego-new-beneteau-oceanis-551/7014829135.html,,2019-11-06,US,2019-11-21
Beneteau GT49 2016, Nov 06, &excats=134-40&min_price=200000&max_price=1000000, California, San Diego, For Sale-Wanted, Boat Parts by Dealer, https://sandiego.craigslist.org/csd/bod/d/san-diego-beneteau-gt/7014823404.html,,2019-11-06,US,2019-11-21
New Beneteau Oceanis 55.1, Nov 06, &excats=134-40&min_price=200000&max_price=1000000, California, San Diego, For Sale-Wanted, Boat Parts by Dealer, https://sandiego.craigslist.org/csd/bod/d/san-diego-new-beneteau-oceanis-551/7014829135.html,,2019-11-06,US,2019-11-21
Beneteau GT49 2016, Nov 06, &excats=134-40&min_price=200000&max_price=1000000, California, San Diego, For Sale-Wanted, Boat Parts by Dealer, https://sandiego.craigslist.org/csd/bod/d/san-diego-beneteau-gt/7014823404.html,,2019-11-06,US,2019-11-21
Estate Jewelry Buyer, Nov 06, &excats=134-40&min_price=200000&max_price=1000000, California, Santa Maria, For Sale-Wanted, Jewelry, https://santamaria.craigslist.org/jwl/d/los-alamos-estate-jewelry-buyer/7012533286.html,,2019-11-06,US,2019-11-21
young family looking to buy farm house, Nov 05, &excats=134-40&min_price=200000&max_price=1000000, Iowa, Mason City, For Sale-Wanted, Wanted, https://masoncity.craigslist.org/wan/d/greene-young-family-looking-to-buy-farm/7013891877.html,Want,2019-11-05,US,2019-11-21
House For Sale w Buildings  3.7 acres Pond, Nov 05, &excats=134-40&min_price=200000&max_price=1000000, Indiana, Fort Wayne, For Sale-Wanted, General, https://fortwayne.craigslist.org/for/d/new-haven-house-for-sale-buildings-37/7013958368.html,,2019-11-05,US,2019-11-21
2020 Discovery Fleetwood 38N RV, Nov 05, &excats=134-40&min_price=200000&max_price=1000000, Indiana, Indianapolis, For Sale-Wanted, RVs, https://indianapolis.craigslist.org/rvs/d/phoenix-2020-discovery-fleetwood-38n-rv/7014394569.html,,2019-11-05,US,2019-11-21
Learn to Make Money From Lending Money, Nov 05, &excats=134-40&min_price=200000&max_price=1000000, Georgia, Atlanta, For Sale-Wanted, Wanted, https://atlanta.craigslist.org/atl/wan/d/atlanta-learn-to-make-money-from/7014417906.html,,2019-11-05,US,2019-11-21
2018 Mercedes-Benz G 550 4x4 Squared G 550 Squared, Nov 05, &excats=134-40&min_price=200000&max_price=1000000, Georgia, Atlanta, For Sale-Wanted, Cars And by Dealer, https://atlanta.craigslist.org/atl/ctd/d/miami-2018-mercedes-benz-550-4x4/7014031169.html,,2019-11-05,US,2019-11-21
10 KT GOLD $20.00 PER GRAMS, Nov 05, &excats=134-40&min_price=200000&max_price=1000000, Georgia, Atlanta, For Sale-Wanted, Wanted, https://atlanta.craigslist.org/nat/wan/d/norcross-10-kt-gold-2000-per-grams/7013852001.html,,2019-11-05,US,2019-11-21
GOLD BUYERS, Nov 05, &excats=134-40&min_price=200000&max_price=1000000, Georgia, Atlanta, For Sale-Wanted, Wanted, https://atlanta.craigslist.org/nat/wan/d/norcross-gold-buyers/7013851707.html,,2019-11-05,US,2019-11-21
Florida Farm  Home- pics on request, Nov 05, &excats=134-40&min_price=200000&max_price=1000000, Vermont, Vermont, For Sale-Wanted, Farm and Garden, https://vermont.craigslist.org/grd/d/oviedo-florida-farm-home-pics-on-request/7014251006.html,,2019-11-05,US,2019-11-21
33 Acres land for sale, Nov 05, &excats=134-40&min_price=200000&max_price=1000000, Vermont, Vermont, For Sale-Wanted, Farm and Garden, https://vermont.craigslist.org/grd/d/new-haven-33-acres-land-for-sale/7014283066.html,,2019-11-05,US,2019-11-21
WANTED MOBILE HOME LOT !, Nov 05, &excats=134-40&min_price=200000&max_price=1000000, Montana, Bozeman, For Sale-Wanted, Wanted, https://bozeman.craigslist.org/wan/d/belgrade-wanted-mobile-home-lot/6994214558.html,Want,2019-11-05,US,2019-11-21
Office Unit For Sale, Nov 05, &excats=134-40&min_price=200000&max_price=1000000, Montana, Kalispell, For Sale-Wanted, General, https://kalispell.craigslist.org/for/d/somers-office-unit-for-sale/7002085768.html,,2019-11-05,US,2019-11-21
2016 Formula 37 PC, Nov 05, &excats=134-40&min_price=200000&max_price=1000000, South Carolina, Charleston, For Sale-Wanted, Boat Parts by Dealer, https://charleston.craigslist.org/bod/d/wilmington-2016-formula-37-pc/7014285828.html,,2019-11-05,US,2019-11-21
2016 Formula 37 PC, Nov 05, &excats=134-40&min_price=200000&max_price=1000000, South Carolina, Hilton Head, For Sale-Wanted, Boat Parts by Dealer, https://hiltonhead.craigslist.org/bod/d/wilmington-2016-formula-37-pc/7014286076.html,,2019-11-05,US,2019-11-21
2016 Formula 37 PC, Nov 05, &excats=134-40&min_price=200000&max_price=1000000, South Carolina, Myrtle Beach, For Sale-Wanted, Boat Parts by Dealer, https://myrtlebeach.craigslist.org/bod/d/wilmington-2016-formula-37-pc/7014285959.html,,2019-11-05,US,2019-11-21
2016 Newmar Mountain Aire 4565 Triple Slide-Out Luxury Motorhome #9878, Nov 05, &excats=134-40&min_price=200000&max_price=1000000, Arizona, Phoenix, For Sale-Wanted, RVs, https://phoenix.craigslist.org/evl/rvd/d/cedar-ridge-2016-newmar-mountain-aire/7014422358.html,,2019-11-05,US,2019-11-21
2015 Newmar Dutch Star 4002 Triple Slide Class A RV, Nov 05, &excats=134-40&min_price=200000&max_price=1000000, Arizona, Phoenix, For Sale-Wanted, RVs, https://phoenix.craigslist.org/evl/rvd/d/mesa-2015-newmar-dutch-star-4002-triple/7014400593.html,,2019-11-05,US,2019-11-21
2020 Discovery Fleetwood 38N RV, Nov 05, &excats=134-40&min_price=200000&max_price=1000000, Arizona, Phoenix, For Sale-Wanted, RVs, https://phoenix.craigslist.org/cph/rvs/d/phoenix-2020-discovery-fleetwood-38n-rv/7014288898.html,,2019-11-05,US,2019-11-21
NEON SRT4 ACR $1 MILLION, Nov 05, &excats=134-40&min_price=200000&max_price=1000000, Arizona, Phoenix, For Sale-Wanted, Cars And by Dealer, https://phoenix.craigslist.org/nph/ctd/d/phoenix-neon-srt4-acr-1-million/7014246937.html,,2019-11-05,US,2019-11-21
2016 Newmar Mountain Aire 4565 Triple Slide-Out Luxury Motorhome #9878, Nov 05, &excats=134-40&min_price=200000&max_price=1000000, Arizona, Tucson, For Sale-Wanted, RVs, https://tucson.craigslist.org/rvd/d/grass-valley-2016-newmar-mountain-aire/7014424107.html,,2019-11-05,US,2019-11-21
Gorgeous Ohio Property in Park Like Setting, Nov 05, &excats=134-40&min_price=200000&max_price=1000000, Nevada, Las Vegas, For Sale-Wanted, General, https://lasvegas.craigslist.org/for/d/burghill-gorgeous-ohio-property-in-park/7014384885.html,,2019-11-05,US,2019-11-21
2016 Newmar Mountain Aire 4565 Triple Slide-Out Luxury Motorhome #9878, Nov 05, &excats=134-40&min_price=200000&max_price=1000000, Nevada, Las Vegas, For Sale-Wanted, RVs, https://lasvegas.craigslist.org/rvd/d/cedar-ridge-2016-newmar-mountain-aire/7014359031.html,,2019-11-05,US,2019-11-21
??Swiss watch collector looking for Rolex Omega, Nov 05, &excats=134-40&min_price=200000&max_price=1000000, Florida, Gainesville, For Sale-Wanted, Jewelry, https://gainesville.craigslist.org/jwl/d/gainesville-swiss-watch-collector/7014517624.html,Want,2019-11-05,US,2019-11-21
2016 Formula 37 PC, Nov 05, &excats=134-40&min_price=200000&max_price=1000000, Florida, Jacksonville, For Sale-Wanted, Boat Parts by Dealer, https://jacksonville.craigslist.org/bod/d/wilmington-2016-formula-37-pc/7014284584.html,,2019-11-05,US,2019-11-21
CASH TODAY FOR YOUR ROLEX WATCH, Nov 05, &excats=134-40&min_price=200000&max_price=1000000, Florida, Jacksonville, For Sale-Wanted, Jewelry, https://jacksonville.craigslist.org/jwl/d/jacksonville-cash-today-for-your-rolex/7013866532.html,,2019-11-05,US,2019-11-21
house, Nov 05, &excats=134-40&min_price=200000&max_price=1000000, Florida, Ocala, For Sale-Wanted, General, https://ocala.craigslist.org/for/d/homosassa-house/7014003710.html,,2019-11-05,US,2019-11-21
2018 Pursuit 325 DC, Nov 05, &excats=134-40&min_price=200000&max_price=1000000, Florida, Ocala, For Sale-Wanted, Boat Parts, https://ocala.craigslist.org/boa/d/ocala-2018-pursuit-325-dc/7013994439.html,,2019-11-05,US,2019-11-21
2016 Formula 37 PC, Nov 05, &excats=134-40&min_price=200000&max_price=1000000, Florida, Orlando, For Sale-Wanted, Boat Parts by Dealer, https://orlando.craigslist.org/bod/d/wilmington-2016-formula-37-pc/7014289002.html,,2019-11-05,US,2019-11-21
54.19 Acre Horse/Cattle Farm, Nov 05, &excats=134-40&min_price=200000&max_price=1000000, Florida, Panama City, For Sale-Wanted, Farm and Garden, https://panamacity.craigslist.org/grd/d/nicholls-5419-acre-horse-cattle-farm/6994125702.html,,2019-11-05,US,2019-11-21
Buying Old Rolex anytime, Nov 05, &excats=134-40&min_price=200000&max_price=1000000, Florida, Space Coast, For Sale-Wanted, Wanted, https://spacecoast.craigslist.org/wan/d/melbourne-buying-old-rolex-anytime/7014503133.html,,2019-11-05,US,2019-11-21
Buying Old Rolex anytime, Nov 05, &excats=134-40&min_price=200000&max_price=1000000, Florida, Space Coast, For Sale-Wanted, Wanted, https://spacecoast.craigslist.org/wan/d/melbourne-buying-old-rolex-anytime/7014502826.html,,2019-11-05,US,2019-11-21
??Swiss watch collector looking for Rolex Omega, Nov 05, &excats=134-40&min_price=200000&max_price=1000000, Florida, Space Coast, For Sale-Wanted, Jewelry, https://spacecoast.craigslist.org/jwl/d/melbourne-swiss-watch-collector-looking/7014478983.html,Want,2019-11-05,US,2019-11-21
Cold loving bloomers see links, Nov 05, &excats=134-40&min_price=200000&max_price=1000000, Florida, Space Coast, For Sale-Wanted, Farm and Garden, https://spacecoast.craigslist.org/grd/d/titusville-cold-loving-bloomers-see/7014027191.html,,2019-11-05,US,2019-11-21
2016 Newmar Mountain Aire 4565 Triple Slide-Out Luxury Motorhome #9878, Nov 05, &excats=134-40&min_price=200000&max_price=1000000, Colorado, Denver, For Sale-Wanted, RVs, https://denver.craigslist.org/rvd/d/cedar-ridge-2016-newmar-mountain-aire/7014425542.html,,2019-11-05,US,2019-11-21
Land for Sale, Nov 05, &excats=134-40&min_price=200000&max_price=1000000, Colorado, Denver, For Sale-Wanted, General, https://denver.craigslist.org/for/d/arvada-land-for-sale/7014314626.html,,2019-11-05,US,2019-11-21
Land for Sale, Nov 05, &excats=134-40&min_price=200000&max_price=1000000, Colorado, Denver, For Sale-Wanted, General, https://denver.craigslist.org/for/d/arvada-land-for-sale/7014302115.html,,2019-11-05,US,2019-11-21
Land for Sale, Nov 05, &excats=134-40&min_price=200000&max_price=1000000, Colorado, Denver, For Sale-Wanted, Farm and Garden, https://denver.craigslist.org/grd/d/arvada-land-for-sale/7014291220.html,,2019-11-05,US,2019-11-21
953 Crawler Loader, Nov 05, &excats=134-40&min_price=200000&max_price=1000000, Kentucky, Lexington, For Sale-Wanted, Heavy Equipment, https://lexington.craigslist.org/hvo/d/frankfort-953-crawler-loader/6997181099.html,,2019-11-05,US,2019-11-21
Salvage Yard/ Auto sales for Sale (Owner Financing), Nov 05, &excats=134-40&min_price=200000&max_price=1000000, Virginia, Danville, For Sale-Wanted, Books, https://danville.craigslist.org/bkd/d/new-market-salvage-yard-auto-sales-for/7014019265.html,,2019-11-05,US,2019-11-21
2016 Formula 37 PC, Nov 05, &excats=134-40&min_price=200000&max_price=1000000, Virginia, Fredericksburg, For Sale-Wanted, Boat Parts by Dealer, https://fredericksburg.craigslist.org/bod/d/wilmington-2016-formula-37-pc/7014286539.html,,2019-11-05,US,2019-11-21
2016 Formula 37 PC, Nov 05, &excats=134-40&min_price=200000&max_price=1000000, Maryland, Annapolis, For Sale-Wanted, Boat Parts by Dealer, https://annapolis.craigslist.org/bod/d/wilmington-2016-formula-37-pc/7014286843.html,,2019-11-05,US,2019-11-21
2016 Formula 37 PC, Nov 05, &excats=134-40&min_price=200000&max_price=1000000, Maryland, Baltimore, For Sale-Wanted, Boat Parts by Dealer, https://baltimore.craigslist.org/bod/d/wilmington-2016-formula-37-pc/7014287036.html,,2019-11-05,US,2019-11-21
2016 Formula 37 PC, Nov 05, &excats=134-40&min_price=200000&max_price=1000000, Maryland, Baltimore, For Sale-Wanted, Boat Parts by Dealer, https://baltimore.craigslist.org/bod/d/wilmington-2016-formula-37-pc/7014286945.html,,2019-11-05,US,2019-11-21
2016 Formula 37 PC, Nov 05, &excats=134-40&min_price=200000&max_price=1000000, Maryland, Frederick, For Sale-Wanted, Boat Parts by Dealer, https://frederick.craigslist.org/bod/d/wilmington-2016-formula-37-pc/7014287177.html,,2019-11-05,US,2019-11-21
2016 Newmar Mountain Aire 4565 Triple Slide-Out Luxury Motorhome #9878, Nov 05, &excats=134-40&min_price=200000&max_price=1000000, New Mexico, Albuquerque, For Sale-Wanted, RVs, https://albuquerque.craigslist.org/rvd/d/cedar-ridge-2016-newmar-mountain-aire/7014427061.html,,2019-11-05,US,2019-11-21
MIROLIN TUB/ SHOWERS, Nov 05, &excats=134-40&min_price=200000&max_price=1000000, Michigan, Grand Rapids, For Sale-Wanted, General, https://grandrapids.craigslist.org/fod/d/mirolin-tub-showers/7014097241.html,,2019-11-05,US,2019-11-21
Vacant Land, Nov 05, &excats=134-40&min_price=200000&max_price=1000000, Michigan, Holland, For Sale-Wanted, General, https://holland.craigslist.org/for/d/hamilton-vacant-land/7014459259.html,,2019-11-05,US,2019-11-21
105 Acres of Land in Del Rio TN, Nov 05, &excats=134-40&min_price=200000&max_price=1000000, North Carolina, Asheville, For Sale-Wanted, General, https://asheville.craigslist.org/for/d/del-rio-105-acres-of-land-in-del-rio-tn/6996029683.html,,2019-11-05,US,2019-11-21
Wanted Nascar Sheet Metal Fire Suits Crew Shirts and More!, Nov 05, &excats=134-40&min_price=200000&max_price=1000000, North Carolina, Boone, For Sale-Wanted, Wanted, https://boone.craigslist.org/wan/d/lowell-wanted-nascar-sheet-metal-fire/7014278024.html,Want,2019-11-05,US,2019-11-21
Wanted Nascar Sheet Metal Fire Suits Crew Shirts and More!, Nov 05, &excats=134-40&min_price=200000&max_price=1000000, North Carolina, Boone, For Sale-Wanted, Wanted, https://boone.craigslist.org/wan/d/lowell-wanted-nascar-sheet-metal-fire/7014234007.html,Want,2019-11-05,US,2019-11-21
Land for Sale, Nov 05, &excats=134-40&min_price=200000&max_price=1000000, North Carolina, Charlotte, For Sale-Wanted, General, https://charlotte.craigslist.org/for/d/charlotte-land-for-sale/7014469925.html,,2019-11-05,US,2019-11-21
2016 Formula 37 PC, Nov 05, &excats=134-40&min_price=200000&max_price=1000000, North Carolina, Wilmington, For Sale-Wanted, Boat Parts by Dealer, https://wilmington.craigslist.org/bod/d/wilmington-2016-formula-37-pc/7014286221.html,,2019-11-05,US,2019-11-21
2016 Formula 37 PC, Nov 05, &excats=134-40&min_price=200000&max_price=1000000, North Carolina, Wilmington, For Sale-Wanted, Boat Parts by Dealer, https://myrtlebeach.craigslist.org/bod/d/wilmington-2016-formula-37-pc/7014285959.html,,2019-11-05,US,2019-11-21
2016 Formula 37 PC, Nov 05, &excats=134-40&min_price=200000&max_price=1000000, North Carolina, Wilmington, For Sale-Wanted, Boat Parts by Dealer, https://eastnc.craigslist.org/bod/d/wilmington-2016-formula-37-pc/7014286393.html,,2019-11-05,US,2019-11-21
2016 Formula 37 PC, Nov 05, &excats=134-40&min_price=200000&max_price=1000000, North Carolina, Wilmington, For Sale-Wanted, Boat Parts by Dealer, https://raleigh.craigslist.org/bod/d/wilmington-2016-formula-37-pc/7014286298.html,,2019-11-05,US,2019-11-21
2016 Formula 37 PC, Nov 05, &excats=134-40&min_price=200000&max_price=1000000, Louisiana, New Orleans, For Sale-Wanted, Boat Parts by Dealer, https://neworleans.craigslist.org/bod/d/wilmington-2016-formula-37-pc/7014288003.html,,2019-11-05,US,2019-11-21
Top Floor Penthouse in Silver Lake Village, Nov 05, &excats=134-40&min_price=200000&max_price=1000000, Utah, Salt Lake City, For Sale-Wanted, General, https://saltlakecity.craigslist.org/for/d/park-city-top-floor-penthouse-in-silver/6994771733.html,,2019-11-05,US,2019-11-21
2016 Newmar Mountain Aire 4565 Triple Slide-Out Luxury Motorhome #9878, Nov 05, &excats=134-40&min_price=200000&max_price=1000000, Idaho, Boise, For Sale-Wanted, RVs, https://boise.craigslist.org/rvd/d/cedar-ridge-2016-newmar-mountain-aire/7014357027.html,,2019-11-05,US,2019-11-21
House for Sale By Owner, Nov 05, &excats=134-40&min_price=200000&max_price=1000000, Tennessee, Chattanooga, For Sale-Wanted, General, https://chattanooga.craigslist.org/for/d/hixson-house-for-sale-by-owner/7013937580.html,,2019-11-05,US,2019-11-21
Farm for Sale., Nov 05, &excats=134-40&min_price=200000&max_price=1000000, Tennessee, Memphis, For Sale-Wanted, Farm and Garden, https://memphis.craigslist.org/grd/d/gates-farm-for-sale/6998150328.html,,2019-11-05,US,2019-11-21
****Metal wanted****, Nov 05, &excats=134-40&min_price=200000&max_price=1000000, Pennsylvania, Philadelphia, For Sale-Wanted, Wanted, https://philadelphia.craigslist.org/wan/d/metal-wanted/7013932376.html,Want,2019-11-05,US,2019-11-21
Gorgeous Ohio Property in Park Like Setting, Nov 05, &excats=134-40&min_price=200000&max_price=1000000, Pennsylvania, Pittsburgh, For Sale-Wanted, General, https://pittsburgh.craigslist.org/for/d/burghill-gorgeous-ohio-property-in-park/7014389072.html,,2019-11-05,US,2019-11-21
Trains trains trains, Nov 05, &excats=134-40&min_price=200000&max_price=1000000, Pennsylvania, Pittsburgh, For Sale-Wanted, Toys And Games, https://pittsburgh.craigslist.org/tag/d/butler-trains-trains-trains/7013919322.html,,2019-11-05,US,2019-11-21
I BUY ATV ATC UTV DIRT BIKES, Nov 05, &excats=134-40&min_price=200000&max_price=1000000, Pennsylvania, Reading, For Sale-Wanted, ATVs UTVs by Owner, https://reading.craigslist.org/snw/d/reading-buy-atv-atc-utv-dirt-bikes/7013972998.html,,2019-11-05,US,2019-11-21
Paintfloorfencestone jobs, Nov 05, &excats=134-40&min_price=200000&max_price=1000000, Texas, Austin, For Sale-Wanted, Farm and Garden, https://austin.craigslist.org/grd/d/georgetown-paintfloorfencestone-jobs/7014510117.html,,2019-11-05,US,2019-11-21
New Braunfels Home for Sale or Lease, Nov 05, &excats=134-40&min_price=200000&max_price=1000000, Texas, Austin, For Sale-Wanted, General, https://austin.craigslist.org/for/d/new-braunfels-new-braunfels-home-for/7014400714.html,,2019-11-05,US,2019-11-21
1997 Manitowoc M250 Crawler Crane, Nov 05, &excats=134-40&min_price=200000&max_price=1000000, Texas, Austin, For Sale-Wanted, Heavy Equipment, https://austin.craigslist.org/hvo/d/sherman-1997-manitowoc-m250-crawler/7014338228.html,,2019-11-05,US,2019-11-21
$$ I BUY iPHONE 11 PRO X XR XS MAX 8 8 PLUS iPAD MAC $$ NEW or USED $$, Nov 05, &excats=134-40&min_price=200000&max_price=1000000, Texas, Austin, For Sale-Wanted, Wanted, https://austin.craigslist.org/wad/d/austin-buy-iphone-11-pro-xr-xs-max-8-8/7013971454.html,,2019-11-05,US,2019-11-21
? ? 2016 Phaeton 44 OH ? ? (195098), Nov 05, &excats=134-40&min_price=200000&max_price=1000000, Texas, Brownsville, For Sale-Wanted, RVs, https://brownsville.craigslist.org/rvs/d/san-juan-phaeton-44-oh/7014339863.html,,2019-11-05,US,2019-11-21
2016 Formula 37 PC, Nov 05, &excats=134-40&min_price=200000&max_price=1000000, Texas, Corpus Christi, For Sale-Wanted, Boat Parts by Dealer, https://corpuschristi.craigslist.org/bod/d/wilmington-2016-formula-37-pc/7014288318.html,,2019-11-05,US,2019-11-21
2016 Formula 37 PC, Nov 05, &excats=134-40&min_price=200000&max_price=1000000, Texas, Galveston, For Sale-Wanted, Boat Parts by Dealer, https://galveston.craigslist.org/bod/d/wilmington-2016-formula-37-pc/7014288171.html,,2019-11-05,US,2019-11-21
2016 Formula 37 PC, Nov 05, &excats=134-40&min_price=200000&max_price=1000000, Texas, Houston, For Sale-Wanted, Boat Parts by Dealer, https://houston.craigslist.org/bod/d/wilmington-2016-formula-37-pc/7014288097.html,,2019-11-05,US,2019-11-21
2000 CATERPILLAR XQ1250G - 1250 KW NATURAL GAS POWER MODULE, Nov 05, &excats=134-40&min_price=200000&max_price=1000000, Texas, Houston, For Sale-Wanted, Heavy Equipment, https://houston.craigslist.org/hvo/d/houston-2000-caterpillar-xq1250g-kw/7014234662.html,,2019-11-05,US,2019-11-21
Cadillac, Nov 05, &excats=134-40&min_price=200000&max_price=1000000, Texas, Houston, For Sale-Wanted, Collectibles, https://houston.craigslist.org/clt/d/dickinson-cadillac/7014238118.html,,2019-11-05,US,2019-11-21
BUYING JUNK VEHICLES!! $$, Nov 05, &excats=134-40&min_price=200000&max_price=1000000, Texas, Lubbock, For Sale-Wanted, Wanted, https://lubbock.craigslist.org/wan/d/lubbock-buying-junk-vehicles/6995866815.html,,2019-11-05,US,2019-11-21
Tools, Nov 05, &excats=134-40&min_price=200000&max_price=1000000, Missouri, Kansas City, For Sale-Wanted, Antique By Owner, https://kansascity.craigslist.org/atq/d/independence-tools/7013882356.html,,2019-11-05,US,2019-11-21
I Sell Herman Miller AERON CHAIRS ALSO MIRRAS, Nov 05, &excats=134-40&min_price=200000&max_price=1000000, District of Columbia, Washington, For Sale-Wanted, Furniture, https://washingtondc.craigslist.org/nva/fud/d/rockville-sell-herman-miller-aeron/7014309917.html,,2019-11-05,US,2019-11-21
2016 Newmar Mountain Aire 4565 Triple Slide-Out Luxury Motorhome #9878, Nov 05, &excats=134-40&min_price=200000&max_price=1000000, Oregon, Bend, For Sale-Wanted, RVs, https://bend.craigslist.org/rvd/d/cedar-ridge-2016-newmar-mountain-aire/7014335261.html,,2019-11-05,US,2019-11-21
1983 Toyota pickup, Nov 05, &excats=134-40&min_price=200000&max_price=1000000, Oregon, Eugene, For Sale-Wanted, Cars And Trucks, https://eugene.craigslist.org/cto/d/bandon-1983-toyota-pickup/7014517373.html,,2019-11-05,US,2019-11-21
2016 Newmar Mountain Aire 4565 Triple Slide-Out Luxury Motorhome #9878, Nov 05, &excats=134-40&min_price=200000&max_price=1000000, Oregon, Eugene, For Sale-Wanted, RVs, https://eugene.craigslist.org/rvd/d/cedar-ridge-2016-newmar-mountain-aire/7014340938.html,,2019-11-05,US,2019-11-21
18 Unit T Hanger, Nov 05, &excats=134-40&min_price=200000&max_price=1000000, Oregon, Eugene, For Sale-Wanted, NA, https://eugene.craigslist.org/avd/d/alvadore-18-unit-hanger/7014303172.html,,2019-11-05,US,2019-11-21
2016 Newmar Mountain Aire 4565 Triple Slide-Out Luxury Motorhome #9878, Nov 05, &excats=134-40&min_price=200000&max_price=1000000, Oregon, Portland, For Sale-Wanted, RVs, https://portland.craigslist.org/mlt/rvd/d/cedar-ridge-2016-newmar-mountain-aire/7014365590.html,,2019-11-05,US,2019-11-21
2014 Tiffin Allegro Bus 37AP, Nov 05, &excats=134-40&min_price=200000&max_price=1000000, Oregon, Portland, For Sale-Wanted, RVs, https://portland.craigslist.org/clk/rvs/d/la-center-2014-tiffin-allegro-bus-37ap/7014316333.html,,2019-11-05,US,2019-11-21
2017 MERCEDES BENZ G550 SQUARED 1-OWNER 38S G 550 G63 2018 2019 2016, Nov 05, &excats=134-40&min_price=200000&max_price=1000000, Oregon, Portland, For Sale-Wanted, Cars And by Dealer, https://portland.craigslist.org/mlt/ctd/d/portland-2017-mercedes-benz-g550/7014152897.html,,2019-11-05,US,2019-11-21
2016 Newmar Mountain Aire 4565 Triple Slide-Out Luxury Motorhome #9878, Nov 05, &excats=134-40&min_price=200000&max_price=1000000, Oregon, Salem, For Sale-Wanted, RVs, https://salem.craigslist.org/rvd/d/cedar-ridge-2016-newmar-mountain-aire/7014434619.html,,2019-11-05,US,2019-11-21
14 Tigercat Bogey Skidder, Nov 05, &excats=134-40&min_price=200000&max_price=1000000, New York, Albany, For Sale-Wanted, Heavy Equipment, https://albany.craigslist.org/hvo/d/glens-falls-14-tigercat-bogey-skidder/6994522461.html,,2019-11-05,US,2019-11-21
Looking for 2017-Current F-250 Cap, Nov 05, &excats=134-40&min_price=200000&max_price=1000000, New York, Albany, For Sale-Wanted, Wanted, https://albany.craigslist.org/wan/d/waterford-looking-for-2017-current-250/7013967883.html,Want,2019-11-05,US,2019-11-21
2015 Warrior 1800, Nov 05, &excats=134-40&min_price=200000&max_price=1000000, New York, Glens Falls, For Sale-Wanted, Heavy Equipment, https://glensfalls.craigslist.org/hvo/d/glens-falls-2015-warrior-1800/6994469097.html,,2019-11-05,US,2019-11-21
2016 Formula 37 PC, Nov 05, &excats=134-40&min_price=200000&max_price=1000000, New York, Long Island, For Sale-Wanted, Boat Parts by Dealer, https://longisland.craigslist.org/bod/d/wilmington-2016-formula-37-pc/7014287771.html,,2019-11-05,US,2019-11-21
Farm sale, Nov 05, &excats=134-40&min_price=200000&max_price=1000000, New York, Watertown, For Sale-Wanted, Farm and Garden, https://watertown.craigslist.org/grd/d/black-river-farm-sale/7014079432.html,,2019-11-05,US,2019-11-21
President James Buchanan ORIGINAL  Oil on Canvas, Nov 05, &excats=134-40&min_price=200000&max_price=1000000, New Jersey, Jersey Shore, For Sale-Wanted, Antique By Owner, https://jerseyshore.craigslist.org/atq/d/tuckerton-president-james-buchanan/7014497033.html,,2019-11-05,US,2019-11-21
2016 Formula 37 PC, Nov 05, &excats=134-40&min_price=200000&max_price=1000000, New Jersey, Jersey Shore, For Sale-Wanted, Boat Parts by Dealer, https://jerseyshore.craigslist.org/bod/d/wilmington-2016-formula-37-pc/7014287628.html,,2019-11-05,US,2019-11-21
2016 Formula 37 PC, Nov 05, &excats=134-40&min_price=200000&max_price=1000000, New Jersey, South Jersey, For Sale-Wanted, Boat Parts by Dealer, https://southjersey.craigslist.org/bod/d/wilmington-2016-formula-37-pc/7014287460.html,,2019-11-05,US,2019-11-21
Home for Sale, Nov 05, &excats=134-40&min_price=200000&max_price=1000000, Wisconsin, Green Bay, For Sale-Wanted, General, https://greenbay.craigslist.org/for/d/green-bay-home-for-sale/7014199655.html,,2019-11-05,US,2019-11-21
Home in Kettle Moraine School District, Nov 05, &excats=134-40&min_price=200000&max_price=1000000, Wisconsin, Milwaukee, For Sale-Wanted, General, https://milwaukee.craigslist.org/for/d/dousman-home-in-kettle-moraine-school/7014360946.html,,2019-11-05,US,2019-11-21
2019 Ski-Doo Grand Touring Sport 600 ACE, Nov 05, &excats=134-40&min_price=200000&max_price=1000000, Wisconsin, Milwaukee, For Sale-Wanted, ATVs UTVs by Dealer, https://milwaukee.craigslist.org/snd/d/south-range-2019-ski-doo-grand-touring/7014049034.html,,2019-11-05,US,2019-11-21
????WE BUY PHONES AND PAY INSTANT CASH????, Nov 05, &excats=134-40&min_price=200000&max_price=1000000, California, Bakersfield, For Sale-Wanted, Cell Phones by Dealer, https://bakersfield.craigslist.org/mod/d/lamont-we-buy-phones-and-pay-instant/7014320809.html,,2019-11-05,US,2019-11-21
I buy Vintage Watches & Old Police/Fireman Badges & Old Signs, Nov 05, &excats=134-40&min_price=200000&max_price=1000000, California, Chico, For Sale-Wanted, Wanted, https://chico.craigslist.org/wan/d/sacramento-buy-vintage-watches-old/6998220633.html,,2019-11-05,US,2019-11-21
Victorville Home for Sale!, Nov 05, &excats=134-40&min_price=200000&max_price=1000000, California, Inland Empire, For Sale-Wanted, General, https://inlandempire.craigslist.org/for/d/victorville-victorville-home-for-sale/7014362657.html,,2019-11-05,US,2019-11-21
2016 Newmar Mountain Aire 4565 Triple Slide-Out Luxury Motorhome #9878, Nov 05, &excats=134-40&min_price=200000&max_price=1000000, California, Inland Empire, For Sale-Wanted, RVs, https://inlandempire.craigslist.org/rvd/d/cedar-ridge-2016-newmar-mountain-aire/7014342885.html,,2019-11-05,US,2019-11-21
2016 Newmar Mountain Aire 4565 Triple Slide-Out Luxury Motorhome #9878, Nov 05, &excats=134-40&min_price=200000&max_price=1000000, California, Los Angeles, For Sale-Wanted, RVs, https://losangeles.craigslist.org/sfv/rvd/d/cedar-ridge-2016-newmar-mountain-aire/7014337367.html,,2019-11-05,US,2019-11-21
SELLING A BRAND NEW OR USED IPHONE, Nov 05, &excats=134-40&min_price=200000&max_price=1000000, California, Los Angeles, For Sale-Wanted, Wanted, https://losangeles.craigslist.org/lac/wad/d/los-angeles-selling-brand-new-or-used/7014168135.html,,2019-11-05,US,2019-11-21
2018 *Bentley* *Bentayga* *Activity Edition AWD* Ros, Nov 05, &excats=134-40&min_price=200000&max_price=1000000, California, Los Angeles, For Sale-Wanted, Cars And by Dealer, https://losangeles.craigslist.org/wst/ctd/d/marina-del-rey-2018-bentley-bentayga/7014014968.html,,2019-11-05,US,2019-11-21
Buying Video & Photo Production Equipment -Will pay cash on hand-, Nov 05, &excats=134-40&min_price=200000&max_price=1000000, California, Orange County, For Sale-Wanted, Wanted, https://orangecounty.craigslist.org/wad/d/los-angeles-buying-video-photo/7014484650.html,,2019-11-05,US,2019-11-21
CASH FOR GOLD CASH FOR DIAMONDS, Nov 05, &excats=134-40&min_price=200000&max_price=1000000, California, Orange County, For Sale-Wanted, Wanted, https://orangecounty.craigslist.org/wad/d/anaheim-cash-for-gold-cash-for-diamonds/7014440541.html,,2019-11-05,US,2019-11-21
2016 Newmar Mountain Aire 4565 Triple Slide-Out Luxury Motorhome #9878, Nov 05, &excats=134-40&min_price=200000&max_price=1000000, California, Orange County, For Sale-Wanted, RVs, https://orangecounty.craigslist.org/rvd/d/cedar-ridge-2016-newmar-mountain-aire/7014353798.html,,2019-11-05,US,2019-11-21
2018 *Bentley* *Bentayga* *Activity Edition AWD* Ros, Nov 05, &excats=134-40&min_price=200000&max_price=1000000, California, Orange County, For Sale-Wanted, Cars And by Dealer, https://orangecounty.craigslist.org/ctd/d/marina-del-rey-2018-bentley-bentayga/7014007096.html,,2019-11-05,US,2019-11-21
Commercial Buildings, Nov 05, &excats=134-40&min_price=200000&max_price=1000000, California, Orange County, For Sale-Wanted, General, https://orangecounty.craigslist.org/for/d/weaverville-commercial-buildings/7013963166.html,,2019-11-05,US,2019-11-21
Wanted Late Model Diesel Coaches, Nov 05, &excats=134-40&min_price=200000&max_price=1000000, California, Sacramento, For Sale-Wanted, RVs, https://sacramento.craigslist.org/rvs/d/orange-wanted-late-model-diesel-coaches/7014455385.html,Want,2019-11-05,US,2019-11-21
2016 Newmar Mountain Aire 4565 Triple Slide-Out Luxury Motorhome #9878, Nov 05, &excats=134-40&min_price=200000&max_price=1000000, California, Sacramento, For Sale-Wanted, RVs, https://sacramento.craigslist.org/rvd/d/cedar-ridge-2016-newmar-mountain-aire/7014221537.html,,2019-11-05,US,2019-11-21
Wanted Late Model Diesel Coaches -, Nov 05, &excats=134-40&min_price=200000&max_price=1000000, California, San Diego, For Sale-Wanted, RVs, https://sandiego.craigslist.org/csd/rvs/d/anaheim-wanted-late-model-diesel/7014460144.html,Want,2019-11-05,US,2019-11-21
2016 Newmar Mountain Aire 4565 Triple Slide-Out Luxury Motorhome #9878, Nov 05, &excats=134-40&min_price=200000&max_price=1000000, California, San Diego, For Sale-Wanted, RVs, https://sandiego.craigslist.org/csd/rvd/d/cedar-ridge-2016-newmar-mountain-aire/7014414236.html,,2019-11-05,US,2019-11-21
2020 Supreme Aire 4573 by Newmar SUPER C, Nov 05, &excats=134-40&min_price=200000&max_price=1000000, California, San Diego, For Sale-Wanted, RVs, https://sandiego.craigslist.org/nsd/rvd/d/kansas-city-2020-supreme-aire-4573-by/7014049783.html,,2019-11-05,US,2019-11-21
Wanted Late Model Diesel Coaches -, Nov 05, &excats=134-40&min_price=200000&max_price=1000000, California, San Diego, For Sale-Wanted, RVs, https://sandiego.craigslist.org/csd/rvs/d/anaheim-wanted-late-model-diesel/7014460144.html,Want,2019-11-05,US,2019-11-21
2016 Newmar Mountain Aire 4565 Triple Slide-Out Luxury Motorhome #9878, Nov 05, &excats=134-40&min_price=200000&max_price=1000000, California, San Diego, For Sale-Wanted, RVs, https://sandiego.craigslist.org/csd/rvd/d/cedar-ridge-2016-newmar-mountain-aire/7014414236.html,,2019-11-05,US,2019-11-21
2020 Supreme Aire 4573 by Newmar SUPER C, Nov 05, &excats=134-40&min_price=200000&max_price=1000000, California, San Diego, For Sale-Wanted, RVs, https://sandiego.craigslist.org/nsd/rvd/d/kansas-city-2020-supreme-aire-4573-by/7014049783.html,,2019-11-05,US,2019-11-21
2013 CAT/CATERPILLAR 815F2 PADFOOT COMPACTOR EROPS HEAT/AC 5900HRS, Nov 04, &excats=134-40&min_price=200000&max_price=1000000, Iowa, Cedar Rapids, For Sale-Wanted, Heavy Equipment, https://cedarrapids.craigslist.org/hvd/d/placerville-2013-cat-caterpillar-815f2/7013752941.html,,2019-11-04,US,2019-11-21
2013 CAT/CATERPILLAR 815F2 PADFOOT COMPACTOR EROPS HEAT/AC 5900HRS, Nov 04, &excats=134-40&min_price=200000&max_price=1000000, Iowa, Des Moines, For Sale-Wanted, Heavy Equipment, https://desmoines.craigslist.org/hvd/d/placerville-2013-cat-caterpillar-815f2/7013753559.html,,2019-11-04,US,2019-11-21
60 Acres in Cass County IL w/ 24x40 Shed City Water Lots of Deer, Nov 04, &excats=134-40&min_price=200000&max_price=1000000, Iowa, Quad Cities, For Sale-Wanted, General, https://quadcities.craigslist.org/for/d/chandlerville-60-acres-in-cass-county/7013825548.html,,2019-11-04,US,2019-11-21
UPDATE! Parts & Project Cars & Trucks 1920&#39;s-80&#39;s 100&#39;s of Cars, Nov 04, &excats=134-40&min_price=200000&max_price=1000000, West Virginia, Morgantown, For Sale-Wanted, Auto Parts by Dealer, https://morgantown.craigslist.org/ptd/d/great-bend-update-parts-project-cars/7013800893.html,,2019-11-04,US,2019-11-21
John Deere 824K Wheel Loader, Nov 04, &excats=134-40&min_price=200000&max_price=1000000, Washington, Bellingham, For Sale-Wanted, Heavy Equipment, https://bellingham.craigslist.org/hvo/d/abbotsford-john-deere-824k-wheel-loader/7013727935.html,,2019-11-04,US,2019-11-21
2013 CAT/CATERPILLAR 815F2 PADFOOT COMPACTOR EROPS HEAT/AC 5900HRS, Nov 04, &excats=134-40&min_price=200000&max_price=1000000, Indiana, Indianapolis, For Sale-Wanted, Heavy Equipment, https://indianapolis.craigslist.org/hvd/d/placerville-2013-cat-caterpillar-815f2/7013748954.html,,2019-11-04,US,2019-11-21
Chaparral 264 sunesta, Nov 04, &excats=134-40&min_price=200000&max_price=1000000, Georgia, Atlanta, For Sale-Wanted, Boat Parts, https://atlanta.craigslist.org/atl/boa/d/buford-chaparral-264-sunesta/6997575356.html,,2019-11-04,US,2019-11-21
2013 CAT/CATERPILLAR 815F2 PADFOOT COMPACTOR EROPS HEAT/AC 5900HRS, Nov 04, &excats=134-40&min_price=200000&max_price=1000000, Montana, Billings, For Sale-Wanted, Heavy Equipment, https://billings.craigslist.org/hvd/d/placerville-2013-cat-caterpillar-815f2/7013739176.html,,2019-11-04,US,2019-11-21
Dutch Star, Nov 04, &excats=134-40&min_price=200000&max_price=1000000, Montana, Missoula, For Sale-Wanted, RVs, https://missoula.craigslist.org/rvs/d/grantsdale-dutch-star/7002729282.html,,2019-11-04,US,2019-11-21
2013 CAT/CATERPILLAR 815F2 PADFOOT COMPACTOR EROPS HEAT/AC 5900HRS, Nov 04, &excats=134-40&min_price=200000&max_price=1000000, Montana, Missoula, For Sale-Wanted, Heavy Equipment, https://missoula.craigslist.org/hvd/d/placerville-2013-cat-caterpillar-815f2/7013739486.html,,2019-11-04,US,2019-11-21
2016 Allegro BUS 40SP, Nov 04, &excats=134-40&min_price=200000&max_price=1000000, Montana, Missoula, For Sale-Wanted, RVs, https://missoula.craigslist.org/rvd/d/missoula-2016-allegro-bus-40sp/7013715486.html,,2019-11-04,US,2019-11-21
2018 Allegro Bus 45OPP, Nov 04, &excats=134-40&min_price=200000&max_price=1000000, Montana, Missoula, For Sale-Wanted, RVs, https://missoula.craigslist.org/rvd/d/missoula-2018-allegro-bus-45opp/7013489414.html,,2019-11-04,US,2019-11-21
2017 Pursuit 325 DC, Nov 04, &excats=134-40&min_price=200000&max_price=1000000, South Carolina, Charleston, For Sale-Wanted, Boat Parts by Dealer, https://charleston.craigslist.org/bod/d/wilmington-2017-pursuit-325-dc/7013261261.html,,2019-11-04,US,2019-11-21
2017 Pursuit 325 DC, Nov 04, &excats=134-40&min_price=200000&max_price=1000000, South Carolina, Hilton Head, For Sale-Wanted, Boat Parts by Dealer, https://hiltonhead.craigslist.org/bod/d/wilmington-2017-pursuit-325-dc/7013261494.html,,2019-11-04,US,2019-11-21
UPDATE! Parts & Project Cars & Trucks 1920&#39;s-80&#39;s 100&#39;s of Cars, Nov 04, &excats=134-40&min_price=200000&max_price=1000000, South Carolina, Myrtle Beach, For Sale-Wanted, Auto Parts by Dealer, https://myrtlebeach.craigslist.org/ptd/d/great-bend-update-parts-project-cars/7013815913.html,,2019-11-04,US,2019-11-21
2017 Pursuit 325 DC, Nov 04, &excats=134-40&min_price=200000&max_price=1000000, South Carolina, Myrtle Beach, For Sale-Wanted, Boat Parts by Dealer, https://myrtlebeach.craigslist.org/bod/d/wilmington-2017-pursuit-325-dc/7013261428.html,,2019-11-04,US,2019-11-21
2013 CAT/CATERPILLAR 815F2 PADFOOT COMPACTOR EROPS HEAT/AC 5900HRS, Nov 04, &excats=134-40&min_price=200000&max_price=1000000, Massachusetts, Boston, For Sale-Wanted, Heavy Equipment, https://boston.craigslist.org/gbs/hvd/d/placerville-2013-cat-caterpillar-815f2/7013759110.html,,2019-11-04,US,2019-11-21
2013 CAT/CATERPILLAR 815F2 PADFOOT COMPACTOR EROPS HEAT/AC 5900HRS, Nov 04, &excats=134-40&min_price=200000&max_price=1000000, Arizona, Phoenix, For Sale-Wanted, Heavy Equipment, https://phoenix.craigslist.org/cph/hvd/d/placerville-2013-cat-caterpillar-815f2/7013736256.html,,2019-11-04,US,2019-11-21
2018 *Ferrari* *812 Superfast* *Coupe* Rosso Corsa, Nov 04, &excats=134-40&min_price=200000&max_price=1000000, Arizona, Phoenix, For Sale-Wanted, Cars And by Dealer, https://phoenix.craigslist.org/nph/ctd/d/scottsdale-2018-ferrari-812-superfast/7013707337.html,,2019-11-04,US,2019-11-21
60 Vintage MotoCross Collection race bikes FOR SALE, Nov 04, &excats=134-40&min_price=200000&max_price=1000000, Arizona, Phoenix, For Sale-Wanted, Motorcycles, https://phoenix.craigslist.org/nph/mcy/d/new-river-60-vintage-motocross/7013337999.html,,2019-11-04,US,2019-11-21
Beautiful horse facility with gorgeous home, Nov 04, &excats=134-40&min_price=200000&max_price=1000000, Arizona, Phoenix, For Sale-Wanted, Farm and Garden, https://phoenix.craigslist.org/wvl/grd/d/wittmann-beautiful-horse-facility-with/7002711852.html,,2019-11-04,US,2019-11-21
2013 CAT/CATERPILLAR 815F2 PADFOOT COMPACTOR EROPS HEAT/AC 5900HRS, Nov 04, &excats=134-40&min_price=200000&max_price=1000000, Arizona, Tucson, For Sale-Wanted, Heavy Equipment, https://tucson.craigslist.org/hvd/d/placerville-2013-cat-caterpillar-815f2/7013737757.html,,2019-11-04,US,2019-11-21
House for sale  By Owner 4 bedroom  2 bath  (Make offer), Nov 04, &excats=134-40&min_price=200000&max_price=1000000, Nevada, Las Vegas, For Sale-Wanted, General, https://lasvegas.craigslist.org/for/d/las-vegas-house-for-sale-by-owner-4/6997876686.html,,2019-11-04,US,2019-11-21
2013 CAT/CATERPILLAR 815F2 PADFOOT COMPACTOR EROPS HEAT/AC 5900HRS, Nov 04, &excats=134-40&min_price=200000&max_price=1000000, Nevada, Las Vegas, For Sale-Wanted, Heavy Equipment, https://lasvegas.craigslist.org/hvd/d/placerville-2013-cat-caterpillar-815f2/7013740050.html,,2019-11-04,US,2019-11-21
2006 Mack granite, Nov 04, &excats=134-40&min_price=200000&max_price=1000000, Florida, Jacksonville, For Sale-Wanted, Heavy Equipment, https://jacksonville.craigslist.org/hvo/d/jacksonville-2006-mack-granite/7013292818.html,,2019-11-04,US,2019-11-21
2017 Pursuit 325 DC, Nov 04, &excats=134-40&min_price=200000&max_price=1000000, Florida, Jacksonville, For Sale-Wanted, Boat Parts by Dealer, https://jacksonville.craigslist.org/bod/d/wilmington-2017-pursuit-325-dc/7013260595.html,,2019-11-04,US,2019-11-21
Commercial property Fruit Market, Nov 04, &excats=134-40&min_price=200000&max_price=1000000, Florida, Orlando, For Sale-Wanted, General, https://orlando.craigslist.org/for/d/tavares-commercial-property-fruit-market/7013205539.html,,2019-11-04,US,2019-11-21
Looking for CB Waterfront Fixer Upper, Nov 04, &excats=134-40&min_price=200000&max_price=1000000, Florida, Space Coast, For Sale-Wanted, Wanted, https://spacecoast.craigslist.org/wan/d/cocoa-beach-looking-for-cb-waterfront/7013689265.html,Want,2019-11-04,US,2019-11-21
2013 CAT/CATERPILLAR 815F2 PADFOOT COMPACTOR EROPS HEAT/AC 5900HRS, Nov 04, &excats=134-40&min_price=200000&max_price=1000000, Colorado, Denver, For Sale-Wanted, Heavy Equipment, https://denver.craigslist.org/hvd/d/placerville-2013-cat-caterpillar-815f2/7013738520.html,,2019-11-04,US,2019-11-21
Home for Sale by Owner in Evergreen CO, Nov 04, &excats=134-40&min_price=200000&max_price=1000000, Colorado, Denver, For Sale-Wanted, General, https://denver.craigslist.org/for/d/evergreen-home-for-sale-by-owner-in/7013502257.html,,2019-11-04,US,2019-11-21
Modular home space, Nov 04, &excats=134-40&min_price=200000&max_price=1000000, Colorado, Denver, For Sale-Wanted, General, https://denver.craigslist.org/for/d/hudson-modular-home-space/6993805411.html,,2019-11-04,US,2019-11-21
2017 Pursuit 325 DC, Nov 04, &excats=134-40&min_price=200000&max_price=1000000, Virginia, Fredericksburg, For Sale-Wanted, Boat Parts by Dealer, https://fredericksburg.craigslist.org/bod/d/wilmington-2017-pursuit-325-dc/7013261989.html,,2019-11-04,US,2019-11-21
Ranch home on 1.67acres in hallowell, Nov 04, &excats=134-40&min_price=200000&max_price=1000000, Maine, Maine, For Sale-Wanted, General, https://maine.craigslist.org/for/d/hallowell-ranch-home-on-167acres-in/7013174972.html,,2019-11-04,US,2019-11-21
2013 CAT/CATERPILLAR 815F2 PADFOOT COMPACTOR EROPS HEAT/AC 5900HRS, Nov 04, &excats=134-40&min_price=200000&max_price=1000000, Wyoming, Wyoming, For Sale-Wanted, Heavy Equipment, https://wyoming.craigslist.org/hvd/d/placerville-2013-cat-caterpillar-815f2/7013739773.html,,2019-11-04,US,2019-11-21
2017 Pursuit 325 DC, Nov 04, &excats=134-40&min_price=200000&max_price=1000000, Maryland, Annapolis, For Sale-Wanted, Boat Parts by Dealer, https://annapolis.craigslist.org/bod/d/wilmington-2017-pursuit-325-dc/7013262200.html,,2019-11-04,US,2019-11-21
2013 CAT/CATERPILLAR 815F2 PADFOOT COMPACTOR EROPS HEAT/AC 5900HRS, Nov 04, &excats=134-40&min_price=200000&max_price=1000000, Maryland, Baltimore, For Sale-Wanted, Heavy Equipment, https://baltimore.craigslist.org/hvd/d/placerville-2013-cat-caterpillar-815f2/7013759027.html,,2019-11-04,US,2019-11-21
2017 Pursuit 325 DC, Nov 04, &excats=134-40&min_price=200000&max_price=1000000, Maryland, Baltimore, For Sale-Wanted, Boat Parts by Dealer, https://baltimore.craigslist.org/bod/d/wilmington-2017-pursuit-325-dc/7013262357.html,,2019-11-04,US,2019-11-21
2017 Pursuit 325 DC, Nov 04, &excats=134-40&min_price=200000&max_price=1000000, Maryland, Frederick, For Sale-Wanted, Boat Parts by Dealer, https://frederick.craigslist.org/bod/d/wilmington-2017-pursuit-325-dc/7013262471.html,,2019-11-04,US,2019-11-21
2013 CAT/CATERPILLAR 815F2 PADFOOT COMPACTOR EROPS HEAT/AC 5900HRS, Nov 04, &excats=134-40&min_price=200000&max_price=1000000, New Mexico, Albuquerque, For Sale-Wanted, Heavy Equipment, https://albuquerque.craigslist.org/hvd/d/placerville-2013-cat-caterpillar-815f2/7013738103.html,,2019-11-04,US,2019-11-21
2013 CAT/CATERPILLAR 815F2 PADFOOT COMPACTOR EROPS HEAT/AC 5900HRS, Nov 04, &excats=134-40&min_price=200000&max_price=1000000, Michigan, Ann Arbor, For Sale-Wanted, Heavy Equipment, https://annarbor.craigslist.org/hvd/d/placerville-2013-cat-caterpillar-815f2/7013749767.html,,2019-11-04,US,2019-11-21
ARCADE PINBALL - VIDEO GAMES - TOYS - CARDS - COLLECTIBLES  MORE $$$, Nov 04, &excats=134-40&min_price=200000&max_price=1000000, Michigan, Lansing, For Sale-Wanted, Wanted, https://lansing.craigslist.org/wad/d/lake-odessa-arcade-pinball-video-games/7013228445.html,,2019-11-04,US,2019-11-21
UPDATE! Parts & Project Cars & Trucks 1920&#39;s-80&#39;s 100&#39;s of Cars, Nov 04, &excats=134-40&min_price=200000&max_price=1000000, Michigan, Monroe, For Sale-Wanted, Auto Parts by Dealer, https://monroemi.craigslist.org/ptd/d/great-bend-update-parts-project-cars/7013788525.html,,2019-11-04,US,2019-11-21
UPDATE! Parts & Project Cars & Trucks 1920&#39;s-80&#39;s 100&#39;s of Cars, Nov 04, &excats=134-40&min_price=200000&max_price=1000000, Michigan, Muskegon, For Sale-Wanted, Auto Parts by Dealer, https://muskegon.craigslist.org/ptd/d/great-bend-update-parts-project-cars/7013813811.html,,2019-11-04,US,2019-11-21
UPDATE! Parts & Project Cars & Trucks 1920&#39;s-80&#39;s 100&#39;s of Cars, Nov 04, &excats=134-40&min_price=200000&max_price=1000000, Michigan, Muskegon, For Sale-Wanted, Auto Parts by Dealer, https://muskegon.craigslist.org/ptd/d/great-bend-update-parts-project-cars/7013808828.html,,2019-11-04,US,2019-11-21
2013 CAT/CATERPILLAR 815F2 PADFOOT COMPACTOR EROPS HEAT/AC 5900HRS, Nov 04, &excats=134-40&min_price=200000&max_price=1000000, Ohio, Cincinnati, For Sale-Wanted, Heavy Equipment, https://cincinnati.craigslist.org/hvd/d/placerville-2013-cat-caterpillar-815f2/7013748231.html,,2019-11-04,US,2019-11-21
2017 Pursuit 325 DC, Nov 04, &excats=134-40&min_price=200000&max_price=1000000, North Carolina, Wilmington, For Sale-Wanted, Boat Parts by Dealer, https://wilmington.craigslist.org/bod/d/wilmington-2017-pursuit-325-dc/7013261579.html,,2019-11-04,US,2019-11-21
2017 Pursuit 325 DC, Nov 04, &excats=134-40&min_price=200000&max_price=1000000, North Carolina, Wilmington, For Sale-Wanted, Boat Parts by Dealer, https://myrtlebeach.craigslist.org/bod/d/wilmington-2017-pursuit-325-dc/7013261428.html,,2019-11-04,US,2019-11-21
2017 Pursuit 325 DC, Nov 04, &excats=134-40&min_price=200000&max_price=1000000, North Carolina, Wilmington, For Sale-Wanted, Boat Parts by Dealer, https://eastnc.craigslist.org/bod/d/wilmington-2017-pursuit-325-dc/7013261790.html,,2019-11-04,US,2019-11-21
2017 Pursuit 325 DC, Nov 04, &excats=134-40&min_price=200000&max_price=1000000, North Carolina, Wilmington, For Sale-Wanted, Boat Parts by Dealer, https://raleigh.craigslist.org/bod/d/wilmington-2017-pursuit-325-dc/7013261685.html,,2019-11-04,US,2019-11-21
Established Restaurant for Sale or Lease, Nov 04, &excats=134-40&min_price=200000&max_price=1000000, Louisiana, Monroe, For Sale-Wanted, Wanted, https://shreveport.craigslist.org/wan/d/monroe-established-restaurant-for-sale/7013644311.html,,2019-11-04,US,2019-11-21
Established Restaurant for Sale or Lease, Nov 04, &excats=134-40&min_price=200000&max_price=1000000, Louisiana, Shreveport, For Sale-Wanted, Wanted, https://shreveport.craigslist.org/wan/d/monroe-established-restaurant-for-sale/7013644311.html,,2019-11-04,US,2019-11-21
2013 CAT/CATERPILLAR 815F2 PADFOOT COMPACTOR EROPS HEAT/AC 5900HRS, Nov 04, &excats=134-40&min_price=200000&max_price=1000000, Utah, Salt Lake City, For Sale-Wanted, Heavy Equipment, https://saltlakecity.craigslist.org/hvd/d/placerville-2013-cat-caterpillar-815f2/7013735824.html,,2019-11-04,US,2019-11-21
2015 NEWMAR DUTCH STYAR 4369 CLASS A MOTOR HOME, Nov 04, &excats=134-40&min_price=200000&max_price=1000000, Oklahoma, Oklahoma City, For Sale-Wanted, RVs, https://oklahomacity.craigslist.org/rvs/d/oklahoma-city-2015-newmar-dutch-styar/7008921817.html,,2019-11-04,US,2019-11-21
2016 NEWMAR DUTCH STAR 4018 CLASS A MOTOR HOME, Nov 04, &excats=134-40&min_price=200000&max_price=1000000, Oklahoma, Oklahoma City, For Sale-Wanted, RVs, https://oklahomacity.craigslist.org/rvs/d/oklahoma-city-2016-newmar-dutch-star/7009429741.html,,2019-11-04,US,2019-11-21
HOME FOR SALE ON 40 ACRES, Nov 04, &excats=134-40&min_price=200000&max_price=1000000, Oklahoma, Tulsa, For Sale-Wanted, Household, https://tulsa.craigslist.org/hsh/d/nowata-home-for-sale-on-40-acres/7013690720.html,,2019-11-04,US,2019-11-21
2013 CAT/CATERPILLAR 815F2 PADFOOT COMPACTOR EROPS HEAT/AC 5900HRS, Nov 04, &excats=134-40&min_price=200000&max_price=1000000, Idaho, Boise, For Sale-Wanted, Heavy Equipment, https://boise.craigslist.org/hvd/d/placerville-2013-cat-caterpillar-815f2/7013735241.html,,2019-11-04,US,2019-11-21
ISO 48in plus box and pan brake, Nov 04, &excats=134-40&min_price=200000&max_price=1000000, Idaho, Boise, For Sale-Wanted, Wanted, https://boise.craigslist.org/wan/d/boise-iso-48in-plus-box-and-pan-brake/7013400193.html,,2019-11-04,US,2019-11-21
I Buy MacBooks and other newer electronics, Nov 04, &excats=134-40&min_price=200000&max_price=1000000, Kansas, Wichita, For Sale-Wanted, Wanted, https://wichita.craigslist.org/wan/d/wichita-buy-macbooks-and-other-newer/7013632536.html,,2019-11-04,US,2019-11-21
I PAY CASH FOR DIABETIC TEST STRIPS, Nov 04, &excats=134-40&min_price=200000&max_price=1000000, Tennessee, Chattanooga, For Sale-Wanted, Wanted, https://chattanooga.craigslist.org/wad/d/chattanooga-pay-cash-for-diabetic-test/7013564992.html,,2019-11-04,US,2019-11-21
UPDATE! Parts & Project Cars & Trucks 1920&#39;s-80&#39;s 100&#39;s of Cars, Nov 04, &excats=134-40&min_price=200000&max_price=1000000, Tennessee, Cookeville, For Sale-Wanted, Auto Parts by Dealer, https://cookeville.craigslist.org/ptd/d/great-bend-update-parts-project-cars/7013825319.html,,2019-11-04,US,2019-11-21
HOUSE BARNS  WITH 5 ACRES, Nov 04, &excats=134-40&min_price=200000&max_price=1000000, Tennessee, Jackson, For Sale-Wanted, Farm and Garden, https://semo.craigslist.org/grd/d/jackson-house-barns-with-5-acres/7013720677.html,,2019-11-04,US,2019-11-21
Multi Home Investment Opportunity!! 4 houses on 2 parcels in the City of Alcoa!!, Nov 04, &excats=134-40&min_price=200000&max_price=1000000, Tennessee, Knoxville, For Sale-Wanted, General, https://knoxville.craigslist.org/for/d/alcoa-multi-home-investment-opportunity/7013838541.html,,2019-11-04,US,2019-11-21
2010 Monaco Dynasty Majestic V, Nov 04, &excats=134-40&min_price=200000&max_price=1000000, Tennessee, Knoxville, For Sale-Wanted, RVs, https://knoxville.craigslist.org/rvs/d/harriman-2010-monaco-dynasty-majestic/7013507699.html,,2019-11-04,US,2019-11-21
25 acres, Nov 04, &excats=134-40&min_price=200000&max_price=1000000, Tennessee, Memphis, For Sale-Wanted, General, https://memphis.craigslist.org/for/d/collierville-25-acres/7013861834.html,,2019-11-04,US,2019-11-21
UPDATE! Parts & Project Cars & Trucks 1920&#39;s-80&#39;s 100&#39;s of Cars, Nov 04, &excats=134-40&min_price=200000&max_price=1000000, Tennessee, Nashville, For Sale-Wanted, Auto Parts by Dealer, https://nashville.craigslist.org/ptd/d/great-bend-update-parts-project-cars/7013818375.html,,2019-11-04,US,2019-11-21
UPDATE! Parts & Project Cars & Trucks 1920&#39;s-80&#39;s 100&#39;s of Cars, Nov 04, &excats=134-40&min_price=200000&max_price=1000000, Alabama, Montgomery, For Sale-Wanted, Auto Parts by Dealer, https://montgomery.craigslist.org/ptd/d/great-bend-update-parts-project-cars/7013792619.html,,2019-11-04,US,2019-11-21
****Metal wanted****, Nov 04, &excats=134-40&min_price=200000&max_price=1000000, Pennsylvania, Philadelphia, For Sale-Wanted, Wanted, https://philadelphia.craigslist.org/wan/d/metal-wanted/7013188182.html,Want,2019-11-04,US,2019-11-21
WANTED : Tri-axles Tractor trailers & heavy duty trucks, Nov 04, &excats=134-40&min_price=200000&max_price=1000000, Pennsylvania, Pittsburgh, For Sale-Wanted, Heavy Equipment, https://pittsburgh.craigslist.org/hvd/d/wanted-tri-axles-tractor-trailers-heavy/7013195964.html,Want,2019-11-04,US,2019-11-21
2013 CAT/CATERPILLAR 815F2 PADFOOT COMPACTOR EROPS HEAT/AC 5900HRS, Nov 04, &excats=134-40&min_price=200000&max_price=1000000, Texas, Austin, For Sale-Wanted, Heavy Equipment, https://austin.craigslist.org/hvd/d/placerville-2013-cat-caterpillar-815f2/7013740979.html,,2019-11-04,US,2019-11-21
Million Dollar Idea!! Looking for business-minded professional..., Nov 04, &excats=134-40&min_price=200000&max_price=1000000, Texas, Austin, For Sale-Wanted, General, https://austin.craigslist.org/for/d/austin-million-dollar-idea-looking-for/7001437137.html,Want,2019-11-04,US,2019-11-21
$$ I BUY iPHONE 11 PRO X XR XS MAX 8 8 PLUS iPAD MAC $$ NEW or USED $$, Nov 04, &excats=134-40&min_price=200000&max_price=1000000, Texas, Austin, For Sale-Wanted, Wanted, https://austin.craigslist.org/wad/d/austin-buy-iphone-11-pro-xr-xs-max-8-8/7013338802.html,,2019-11-04,US,2019-11-21
** I BUY $$ NEW or USED $$ iPHONE 11 PRO X XR XS MAX 8 8 PLUS iPAD MAC, Nov 04, &excats=134-40&min_price=200000&max_price=1000000, Texas, Austin, For Sale-Wanted, Wanted, https://austin.craigslist.org/wad/d/austin-buy-new-or-used-iphone-11-pro-xr/7013178771.html,,2019-11-04,US,2019-11-21
37.02 acres for sale, Nov 04, &excats=134-40&min_price=200000&max_price=1000000, Texas, College Station, For Sale-Wanted, General, https://collegestation.craigslist.org/for/d/healy-3702-acres-for-sale/7013611168.html,,2019-11-04,US,2019-11-21
UPDATE! Parts & Project Cars & Trucks 1920&#39;s-80&#39;s 100&#39;s of Cars, Nov 04, &excats=134-40&min_price=200000&max_price=1000000, Texas, Corpus Christi, For Sale-Wanted, Auto Parts by Dealer, https://corpuschristi.craigslist.org/ptd/d/great-bend-update-parts-project-cars/7013829262.html,,2019-11-04,US,2019-11-21
2008 Volvo L220F, Nov 04, &excats=134-40&min_price=200000&max_price=1000000, Texas, Corpus Christi, For Sale-Wanted, Heavy Equipment, https://corpuschristi.craigslist.org/hvo/d/corpus-christi-2008-volvo-l220f/6994853275.html,,2019-11-04,US,2019-11-21
2017 Pursuit 325 DC, Nov 04, &excats=134-40&min_price=200000&max_price=1000000, Texas, Corpus Christi, For Sale-Wanted, Boat Parts by Dealer, https://corpuschristi.craigslist.org/bod/d/wilmington-2017-pursuit-325-dc/7013262958.html,,2019-11-04,US,2019-11-21
2017 Pursuit 325 DC, Nov 04, &excats=134-40&min_price=200000&max_price=1000000, Texas, Galveston, For Sale-Wanted, Boat Parts by Dealer, https://galveston.craigslist.org/bod/d/wilmington-2017-pursuit-325-dc/7013262819.html,,2019-11-04,US,2019-11-21
2013 CAT/CATERPILLAR 815F2 PADFOOT COMPACTOR EROPS HEAT/AC 5900HRS, Nov 04, &excats=134-40&min_price=200000&max_price=1000000, Texas, Houston, For Sale-Wanted, Heavy Equipment, https://houston.craigslist.org/hvd/d/placerville-2013-cat-caterpillar-815f2/7013741108.html,,2019-11-04,US,2019-11-21
2017 Pursuit 325 DC, Nov 04, &excats=134-40&min_price=200000&max_price=1000000, Texas, Houston, For Sale-Wanted, Boat Parts by Dealer, https://houston.craigslist.org/bod/d/wilmington-2017-pursuit-325-dc/7013262692.html,,2019-11-04,US,2019-11-21
Honda 501 Tiller and a Murray tiller, Nov 04, &excats=134-40&min_price=200000&max_price=1000000, Texas, Houston, For Sale-Wanted, Farm and Garden, https://houston.craigslist.org/grd/d/houston-honda-501-tiller-and-murray/7000451400.html,,2019-11-04,US,2019-11-21
2011 Marquis 420 Sport Bridge Yacht...Boat storage paid until spring!, Nov 04, &excats=134-40&min_price=200000&max_price=1000000, Connecticut, Hartford, For Sale-Wanted, Boat Parts, https://hartford.craigslist.org/boa/d/westbrook-2011-marquis-420-sport-bridge/6995056248.html,,2019-11-04,US,2019-11-21
196 /- Acre Turn-Key Missouri Hunting Property for Sale  St. Clair C, Nov 04, &excats=134-40&min_price=200000&max_price=1000000, Missouri, Kansas City, For Sale-Wanted, Sporting Goods, https://kansascity.craigslist.org/spo/d/osceola-acre-turn-key-missouri-hunting/7013636752.html,,2019-11-04,US,2019-11-21
Lake of The Ozarks 127 Acres for Sale, Nov 04, &excats=134-40&min_price=200000&max_price=1000000, Missouri, Kansas City, For Sale-Wanted, Farm and Garden, https://kansascity.craigslist.org/grd/d/rocky-mount-lake-of-the-ozarks-127/7004803771.html,,2019-11-04,US,2019-11-21
122 Acres - Hunting Farm - Chariton County Missouri, Nov 04, &excats=134-40&min_price=200000&max_price=1000000, Missouri, Kansas City, For Sale-Wanted, Farm and Garden, https://kansascity.craigslist.org/grd/d/brunswick-122-acres-hunting-farm/7004808865.html,,2019-11-04,US,2019-11-21
Nodaway County Missouri 280 Acres for Sale, Nov 04, &excats=134-40&min_price=200000&max_price=1000000, Missouri, Kansas City, For Sale-Wanted, Farm and Garden, https://kansascity.craigslist.org/grd/d/parnell-nodaway-county-missouri-280/7004801996.html,,2019-11-04,US,2019-11-21
60 Acre Property with 2 ponds lots of deer, Nov 04, &excats=134-40&min_price=200000&max_price=1000000, Missouri, St Louis, For Sale-Wanted, General, https://stlouis.craigslist.org/for/d/springfield-60-acre-property-with-2/7013822865.html,,2019-11-04,US,2019-11-21
2013 CAT/CATERPILLAR 815F2 PADFOOT COMPACTOR EROPS HEAT/AC 5900HRS, Nov 04, &excats=134-40&min_price=200000&max_price=1000000, Missouri, St Louis, For Sale-Wanted, Heavy Equipment, https://stlouis.craigslist.org/hvd/d/placerville-2013-cat-caterpillar-815f2/7013747861.html,,2019-11-04,US,2019-11-21
Purchase a Business, Nov 04, &excats=134-40&min_price=200000&max_price=1000000, Missouri, St Louis, For Sale-Wanted, Wanted, https://stlouis.craigslist.org/wan/d/saint-louis-purchase-business/7013432520.html,,2019-11-04,US,2019-11-21
2013 CAT/CATERPILLAR 815F2 PADFOOT COMPACTOR EROPS HEAT/AC 5900HRS, Nov 04, &excats=134-40&min_price=200000&max_price=1000000, Illinois, Decatur, For Sale-Wanted, Heavy Equipment, https://decatur.craigslist.org/hvd/d/placerville-2013-cat-caterpillar-815f2/7013747400.html,,2019-11-04,US,2019-11-21
60 Acre Property with 2 ponds lots of deer, Nov 04, &excats=134-40&min_price=200000&max_price=1000000, Illinois, Peoria, For Sale-Wanted, General, https://peoria.craigslist.org/for/d/springfield-60-acre-property-with-2/7013824388.html,,2019-11-04,US,2019-11-21
60 Acres in Cass County IL w/ 24x40 Shed City Water Lots of Deer, Nov 04, &excats=134-40&min_price=200000&max_price=1000000, Illinois, Springfield, For Sale-Wanted, General, https://springfieldil.craigslist.org/for/d/chandlerville-60-acres-in-cass-county/7013821274.html,,2019-11-04,US,2019-11-21
60 Acre Property with 2 ponds lots of deer, Nov 04, &excats=134-40&min_price=200000&max_price=1000000, Illinois, Springfield, For Sale-Wanted, General, https://peoria.craigslist.org/for/d/springfield-60-acre-property-with-2/7013824388.html,,2019-11-04,US,2019-11-21
60 Acre Property with 2 ponds lots of deer, Nov 04, &excats=134-40&min_price=200000&max_price=1000000, Illinois, Springfield, For Sale-Wanted, General, https://stlouis.craigslist.org/for/d/springfield-60-acre-property-with-2/7013822865.html,,2019-11-04,US,2019-11-21
60 Acres in Cass County IL w/ 24x40 Shed City Water Lots of Deer, Nov 04, &excats=134-40&min_price=200000&max_price=1000000, Illinois, Quad Cities, For Sale-Wanted, General, https://quadcities.craigslist.org/for/d/chandlerville-60-acres-in-cass-county/7013825548.html,,2019-11-04,US,2019-11-21
2013 CAT/CATERPILLAR 815F2 PADFOOT COMPACTOR EROPS HEAT/AC 5900HRS, Nov 04, &excats=134-40&min_price=200000&max_price=1000000, Oregon, Portland, For Sale-Wanted, Heavy Equipment, https://portland.craigslist.org/wsc/hvd/d/placerville-2013-cat-caterpillar-815f2/7013734150.html,,2019-11-04,US,2019-11-21
2013 CAT/CATERPILLAR 815F2 PADFOOT COMPACTOR EROPS HEAT/AC 5900HRS, Nov 04, &excats=134-40&min_price=200000&max_price=1000000, Oregon, Salem, For Sale-Wanted, Heavy Equipment, https://salem.craigslist.org/hvd/d/placerville-2013-cat-caterpillar-815f2/7013733562.html,,2019-11-04,US,2019-11-21
37.02 acres of land for sale, Nov 04, &excats=134-40&min_price=200000&max_price=1000000, New York, Albany, For Sale-Wanted, General, https://albany.craigslist.org/for/d/healy-3702-acres-of-land-for-sale/7013626525.html,,2019-11-04,US,2019-11-21
2003 42 FT EGG HARBOR, Nov 04, &excats=134-40&min_price=200000&max_price=1000000, New York, Long Island, For Sale-Wanted, Boat Parts, https://longisland.craigslist.org/boa/d/freeport-ft-egg-harbor/6994750299.html,,2019-11-04,US,2019-11-21
Buying Macbook Pro Used or Sealed, Nov 04, &excats=134-40&min_price=200000&max_price=1000000, New Jersey, South Jersey, For Sale-Wanted, Wanted, https://southjersey.craigslist.org/wan/d/haddonfield-buying-macbook-pro-used-or/7013862414.html,,2019-11-04,US,2019-11-21
Hunting Land- 40 acres-Bowler-Shawano Co., Nov 04, &excats=134-40&min_price=200000&max_price=1000000, Wisconsin, Green Bay, For Sale-Wanted, Farm and Garden, https://greenbay.craigslist.org/grd/d/bowler-hunting-land-40-acres-bowler/6998509757.html,,2019-11-04,US,2019-11-21
Wauwatosa single family for sale, Nov 04, &excats=134-40&min_price=200000&max_price=1000000, Wisconsin, Milwaukee, For Sale-Wanted, General, https://milwaukee.craigslist.org/for/d/butler-wauwatosa-single-family-for-sale/7013835277.html,,2019-11-04,US,2019-11-21
2013 CAT/CATERPILLAR 815F2 PADFOOT COMPACTOR EROPS HEAT/AC 5900HRS, Nov 04, &excats=134-40&min_price=200000&max_price=1000000, Wisconsin, Milwaukee, For Sale-Wanted, Heavy Equipment, https://milwaukee.craigslist.org/hvd/d/placerville-2013-cat-caterpillar-815f2/7013747966.html,,2019-11-04,US,2019-11-21
2013 CAT/CATERPILLAR 815F2 PADFOOT COMPACTOR EROPS HEAT/AC 5900HRS, Nov 04, &excats=134-40&min_price=200000&max_price=1000000, California, Bakersfield, For Sale-Wanted, Heavy Equipment, https://bakersfield.craigslist.org/hvd/d/diamond-springs-2013-cat-caterpillar/7013732380.html,,2019-11-04,US,2019-11-21
2013 CAT/CATERPILLAR 815F2 PADFOOT COMPACTOR EROPS HEAT/AC 5900HRS, Nov 04, &excats=134-40&min_price=200000&max_price=1000000, California, Gold Country, For Sale-Wanted, Heavy Equipment, https://goldcountry.craigslist.org/hvd/d/diamond-springs-2013-cat-caterpillar/7013740305.html,,2019-11-04,US,2019-11-21
4 bedroom 2 bath 3 car garage, Nov 04, &excats=134-40&min_price=200000&max_price=1000000, California, Inland Empire, For Sale-Wanted, Household, https://inlandempire.craigslist.org/hsh/d/victorville-4-bedroom-2-bath-3-car/7013558875.html,,2019-11-04,US,2019-11-21
2013 CAT/CATERPILLAR 815F2 PADFOOT COMPACTOR EROPS HEAT/AC 5900HRS, Nov 04, &excats=134-40&min_price=200000&max_price=1000000, California, Los Angeles, For Sale-Wanted, Heavy Equipment, https://losangeles.craigslist.org/sfv/hvd/d/diamond-springs-2013-cat-caterpillar/7013732723.html,,2019-11-04,US,2019-11-21
LAND 2015201620082017201520142013201220112010200920082007, Nov 04, &excats=134-40&min_price=200000&max_price=1000000, California, Los Angeles, For Sale-Wanted, Cars And Trucks, https://losangeles.craigslist.org/wst/cto/d/pacoima-land/7013564767.html,,2019-11-04,US,2019-11-21
Turn Key Modern Beautiful Home, Nov 04, &excats=134-40&min_price=200000&max_price=1000000, California, Orange County, For Sale-Wanted, General, https://orangecounty.craigslist.org/for/d/santa-ana-turn-key-modern-beautiful-home/7013832321.html,,2019-11-04,US,2019-11-21
2013 CAT/CATERPILLAR 815F2 PADFOOT COMPACTOR EROPS HEAT/AC 5900HRS, Nov 04, &excats=134-40&min_price=200000&max_price=1000000, California, Redding, For Sale-Wanted, Heavy Equipment, https://redding.craigslist.org/hvd/d/diamond-springs-2013-cat-caterpillar/7013733306.html,,2019-11-04,US,2019-11-21
2003 West Coast Custom Houseboat, Nov 04, &excats=134-40&min_price=200000&max_price=1000000, California, Redding, For Sale-Wanted, Boat Parts by Dealer, https://redding.craigslist.org/bod/d/obrien-2003-west-coast-custom-houseboat/7013353573.html,,2019-11-04,US,2019-11-21
2013 CAT/CATERPILLAR 815F2 PADFOOT COMPACTOR EROPS HEAT/AC 5900HRS, Nov 04, &excats=134-40&min_price=200000&max_price=1000000, California, Sacramento, For Sale-Wanted, Heavy Equipment, https://sacramento.craigslist.org/hvd/d/diamond-springs-2013-cat-caterpillar/7013730942.html,,2019-11-04,US,2019-11-21
2013 CAT/CATERPILLAR 815F2 PADFOOT COMPACTOR EROPS HEAT/AC 5900HRS, Nov 04, &excats=134-40&min_price=200000&max_price=1000000, California, San Diego, For Sale-Wanted, Heavy Equipment, https://sandiego.craigslist.org/csd/hvd/d/diamond-springs-2013-cat-caterpillar/7013732993.html,,2019-11-04,US,2019-11-21
1989 Toyota pickup prerunner, Nov 04, &excats=134-40&min_price=200000&max_price=1000000, California, San Diego, For Sale-Wanted, Cars And Trucks, https://sandiego.craigslist.org/nsd/cto/d/escondido-1989-toyota-pickup-prerunner/7013609097.html,,2019-11-04,US,2019-11-21
2017 Ferrari 488 Spider, Nov 04, &excats=134-40&min_price=200000&max_price=1000000, California, San Diego, For Sale-Wanted, Cars And by Dealer, https://sandiego.craigslist.org/nsd/ctd/d/del-mar-2017-ferrari-488-spider/7013605945.html,,2019-11-04,US,2019-11-21
2017 Ferrari 488 GTB, Nov 04, &excats=134-40&min_price=200000&max_price=1000000, California, San Diego, For Sale-Wanted, Cars And by Dealer, https://sandiego.craigslist.org/nsd/ctd/d/del-mar-2017-ferrari-488-gtb/7013595704.html,,2019-11-04,US,2019-11-21
2013 CAT/CATERPILLAR 815F2 PADFOOT COMPACTOR EROPS HEAT/AC 5900HRS, Nov 04, &excats=134-40&min_price=200000&max_price=1000000, California, Santa Barbara, For Sale-Wanted, Heavy Equipment, https://santabarbara.craigslist.org/hvd/d/diamond-springs-2013-cat-caterpillar/7013731745.html,,2019-11-04,US,2019-11-21
DIVORCE FORCES SALE, Nov 04, &excats=134-40&min_price=200000&max_price=1000000, California, Santa Barbara, For Sale-Wanted, Jewelry, https://santabarbara.craigslist.org/jwl/d/summerland-divorce-forces-sale/7011734589.html,,2019-11-04,US,2019-11-21
House with 40 Acres For Sale in Colorado!, Nov 04, &excats=134-40&min_price=200000&max_price=1000000, California, Stockton, For Sale-Wanted, Farm and Garden, https://stockton.craigslist.org/grd/d/thompson-house-with-40-acres-for-sale/7013837884.html,,2019-11-04,US,2019-11-21
Motor Home Class A - Diesel 2017 Tiffin Motorhomes Phaeton 40 QBH, Nov 03, &excats=134-40&min_price=200000&max_price=1000000, Iowa, Cedar Rapids, For Sale-Wanted, RVs, https://cedarrapids.craigslist.org/rvd/d/gilberts-motor-home-class-diesel-2017/7012693238.html,,2019-11-03,US,2019-11-21
FAST CASH TODAY for Your CoMiCs, Nov 03, &excats=134-40&min_price=200000&max_price=1000000, Indiana, Fort Wayne, For Sale-Wanted, Wanted, https://fortwayne.craigslist.org/wan/d/sturgis-fast-cash-today-for-your-comics/7012978190.html,,2019-11-03,US,2019-11-21
ESP IBANEZ guitars., Nov 03, &excats=134-40&min_price=200000&max_price=1000000, Indiana, Fort Wayne, For Sale-Wanted, Musical Instruments, https://fortwayne.craigslist.org/msg/d/garrett-esp-ibanez-guitars/7012856573.html,,2019-11-03,US,2019-11-21
investment property, Nov 03, &excats=134-40&min_price=200000&max_price=1000000, Georgia, Atlanta, For Sale-Wanted, Wanted, https://atlanta.craigslist.org/nat/wan/d/lexington-investment-property/7012752781.html,,2019-11-03,US,2019-11-21
Land for sale, Nov 03, &excats=134-40&min_price=200000&max_price=1000000, Vermont, Vermont, For Sale-Wanted, General, https://vermont.craigslist.org/for/d/saint-johnsbury-land-for-sale/6995582123.html,,2019-11-03,US,2019-11-21
For sale by owner, Nov 03, &excats=134-40&min_price=200000&max_price=1000000, Montana, Billings, For Sale-Wanted, General, https://billings.craigslist.org/fod/d/ralston-for-sale-by-owner/7012946380.html,,2019-11-03,US,2019-11-21
Concept 2 Rower, Nov 03, &excats=134-40&min_price=200000&max_price=1000000, Montana, Kalispell, For Sale-Wanted, Wanted, https://kalispell.craigslist.org/wan/d/kalispell-concept-2-rower/7012632039.html,,2019-11-03,US,2019-11-21
Want to buy crashed/damaged sport bikes, Nov 03, &excats=134-40&min_price=200000&max_price=1000000, South Carolina, Columbia, For Sale-Wanted, Motorcycles, https://columbia.craigslist.org/mcy/d/lugoff-want-to-buy-crashed-damaged/7005280384.html,Want,2019-11-03,US,2019-11-21
Property for sale, Nov 03, &excats=134-40&min_price=200000&max_price=1000000, South Carolina, Columbia, For Sale-Wanted, Farm and Garden, https://columbia.craigslist.org/grd/d/lexington-property-for-sale/7012751150.html,,2019-11-03,US,2019-11-21
Boston Convenience Store, Nov 03, &excats=134-40&min_price=200000&max_price=1000000, Massachusetts, Boston, For Sale-Wanted, Antiques By Dealer, https://boston.craigslist.org/gbs/atd/d/boston-boston-convenience-store/7013107036.html,,2019-11-03,US,2019-11-21
2005 Sumerset 6816, Nov 03, &excats=134-40&min_price=200000&max_price=1000000, Arizona, Phoenix, For Sale-Wanted, Boat Parts by Dealer, https://phoenix.craigslist.org/nph/bod/d/sun-city-2005-sumerset-6816/7012659145.html,,2019-11-03,US,2019-11-21
Need to sell Asap a 4bdrm 2 bath home in a 11/2 acre in bronson fl, Nov 03, &excats=134-40&min_price=200000&max_price=1000000, Florida, Gainesville, For Sale-Wanted, NA, https://gainesville.craigslist.org/tro/d/bronson-need-to-sell-asap-4bdrm-2-bath/7012666661.html,Want,2019-11-03,US,2019-11-21
2016 NewmarLondon Aire, Nov 03, &excats=134-40&min_price=200000&max_price=1000000, Florida, Ocala, For Sale-Wanted, RVs, https://ocala.craigslist.org/rvs/d/wildwood-2016-newmarlondon-aire/7010556274.html,,2019-11-03,US,2019-11-21
2017 Newmar Dutch Star 4369, Nov 03, &excats=134-40&min_price=200000&max_price=1000000, Florida, Orlando, For Sale-Wanted, RVs, https://orlando.craigslist.org/rvd/d/winter-garden-2017-newmar-dutch-star/7012635349.html,,2019-11-03,US,2019-11-21
Gold Buyers Diamond Buyers Rolex Buyers Jewelry Buyers Cash, Nov 03, &excats=134-40&min_price=200000&max_price=1000000, Florida, Space Coast, For Sale-Wanted, Jewelry, https://spacecoast.craigslist.org/jwl/d/melbourne-gold-buyers-diamond-buyers/7013023600.html,,2019-11-03,US,2019-11-21
Buying Old Rolex anytime, Nov 03, &excats=134-40&min_price=200000&max_price=1000000, Florida, Space Coast, For Sale-Wanted, Jewelry, https://spacecoast.craigslist.org/jwl/d/melbourne-buying-old-rolex-anytime/7013024498.html,,2019-11-03,US,2019-11-21
??Swiss watch collector looking for Rolex Omega, Nov 03, &excats=134-40&min_price=200000&max_price=1000000, Florida, Space Coast, For Sale-Wanted, Jewelry, https://spacecoast.craigslist.org/jwl/d/melbourne-swiss-watch-collector-looking/7013025490.html,Want,2019-11-03,US,2019-11-21
MARIJUANA CANNABIS 5 ACRE LOT COUNTY APPROVED, Nov 03, &excats=134-40&min_price=200000&max_price=1000000, Colorado, Denver, For Sale-Wanted, General, https://denver.craigslist.org/for/d/ordway-marijuana-cannabis-5-acre-lot/7012830710.html,,2019-11-03,US,2019-11-21
Horse Board/Rent Barn, Nov 03, &excats=134-40&min_price=200000&max_price=1000000, Virginia, Richmond, For Sale-Wanted, Wanted, https://richmond.craigslist.org/wan/d/powhatan-horse-board-rent-barn/6994460206.html,,2019-11-03,US,2019-11-21
4 Bed/ 2.75 Bath Home, Nov 03, &excats=134-40&min_price=200000&max_price=1000000, New Mexico, Albuquerque, For Sale-Wanted, General, https://albuquerque.craigslist.org/for/d/tijeras-4-bed-275-bath-home/7012978150.html,,2019-11-03,US,2019-11-21
Kubota g2000 lawn teactor, Nov 03, &excats=134-40&min_price=200000&max_price=1000000, Michigan, Flint, For Sale-Wanted, Farm and Garden, https://flint.craigslist.org/grd/d/flint-kubota-g2000-lawn-teactor/7012921315.html,,2019-11-03,US,2019-11-21
WANTED: ROLEX CARTIER PATEK BREITLING OMEGA AND MORE, Nov 03, &excats=134-40&min_price=200000&max_price=1000000, Oklahoma, Oklahoma City, For Sale-Wanted, Wanted, https://oklahomacity.craigslist.org/wad/d/oklahoma-city-wanted-rolex-cartier/7013068086.html,Want,2019-11-03,US,2019-11-21
Antlers Oklahoma home and 10 acres for sale, Nov 03, &excats=134-40&min_price=200000&max_price=1000000, Oklahoma, Texoma, For Sale-Wanted, General, https://texoma.craigslist.org/for/d/antlers-antlers-oklahoma-home-and-10/7013038781.html,,2019-11-03,US,2019-11-21
West Knoxville House, Nov 03, &excats=134-40&min_price=200000&max_price=1000000, Tennessee, Knoxville, For Sale-Wanted, Household, https://knoxville.craigslist.org/hsh/d/knoxville-west-knoxville-house/7013014878.html,,2019-11-03,US,2019-11-21
****Metal wanted****, Nov 03, &excats=134-40&min_price=200000&max_price=1000000, Pennsylvania, Philadelphia, For Sale-Wanted, Wanted, https://philadelphia.craigslist.org/wan/d/metal-wanted/7012675032.html,Want,2019-11-03,US,2019-11-21
****Metal wanted****, Nov 03, &excats=134-40&min_price=200000&max_price=1000000, Pennsylvania, Philadelphia, For Sale-Wanted, Wanted, https://philadelphia.craigslist.org/wan/d/metal-wanted/7012613305.html,Want,2019-11-03,US,2019-11-21
** I BUY $$ NEW or USED $$ iPHONE 11 PRO X XR XS MAX 8 8 PLUS iPAD MAC, Nov 03, &excats=134-40&min_price=200000&max_price=1000000, Texas, Austin, For Sale-Wanted, Wanted, https://austin.craigslist.org/wad/d/austin-buy-new-or-used-iphone-11-pro-xr/7012607749.html,,2019-11-03,US,2019-11-21
WANTED: ROLEX CARTIER PATEK BREITLING AND MORE, Nov 03, &excats=134-40&min_price=200000&max_price=1000000, Texas, Houston, For Sale-Wanted, Wanted, https://houston.craigslist.org/wad/d/spring-wanted-rolex-cartier-patek/7013059740.html,Want,2019-11-03,US,2019-11-21
Cash for your House Now, Nov 03, &excats=134-40&min_price=200000&max_price=1000000, Texas, Houston, For Sale-Wanted, Wanted, https://houston.craigslist.org/wan/d/houston-cash-for-your-house-now/7012696795.html,,2019-11-03,US,2019-11-21
Asus prime Z270P with I7-7700k Intel cpu, Nov 03, &excats=134-40&min_price=200000&max_price=1000000, Texas, San Marcos, For Sale-Wanted, Computer Parts, https://sanmarcos.craigslist.org/sop/d/san-marcos-asus-prime-z270p-with-i7/7012985198.html,,2019-11-03,US,2019-11-21
Antlers Oklahoma home and 10 acres for sale, Nov 03, &excats=134-40&min_price=200000&max_price=1000000, Texas, Texoma, For Sale-Wanted, General, https://texoma.craigslist.org/for/d/antlers-antlers-oklahoma-home-and-10/7013038781.html,,2019-11-03,US,2019-11-21
RC Plane, Nov 03, &excats=134-40&min_price=200000&max_price=1000000, Connecticut, Hartford, For Sale-Wanted, Toys And Games, https://hartford.craigslist.org/tag/d/vernon-rockville-rc-plane/7013097207.html,,2019-11-03,US,2019-11-21
Commercial bldg., Nov 03, &excats=134-40&min_price=200000&max_price=1000000, Connecticut, New Haven, For Sale-Wanted, General, https://newhaven.craigslist.org/for/d/new-london-commercial-bldg/7012587780.html,,2019-11-03,US,2019-11-21
Farm on the James River, Nov 03, &excats=134-40&min_price=200000&max_price=1000000, Missouri, Springfield, For Sale-Wanted, Farm and Garden, https://springfield.craigslist.org/grd/d/nixa-farm-on-the-james-river/7012750148.html,,2019-11-03,US,2019-11-21
NEW 2019 Jeanneau NC 33 34&#39; * 20% dn x $1881 mo * WARRANTY, Nov 03, &excats=134-40&min_price=200000&max_price=1000000, Oregon, Portland, For Sale-Wanted, Boat Parts by Dealer, https://portland.craigslist.org/mlt/bod/d/portland-new-2019-jeanneau-nc-dn-1881/7012959201.html,,2019-11-03,US,2019-11-21
NEW 2020 Jeanneau NC 895 28ft * 20% dn x $1199 mo * WARRANTY * BLUE, Nov 03, &excats=134-40&min_price=200000&max_price=1000000, Oregon, Portland, For Sale-Wanted, Boat Parts by Dealer, https://portland.craigslist.org/mlt/bod/d/portland-new-2020-jeanneau-nc-ft-20-dn/7012958237.html,,2019-11-03,US,2019-11-21
land for sale, Nov 03, &excats=134-40&min_price=200000&max_price=1000000, Wisconsin, Milwaukee, For Sale-Wanted, General, https://milwaukee.craigslist.org/for/d/trego-land-for-sale/7012978705.html,,2019-11-03,US,2019-11-21
Ranch Home For Sale, Nov 03, &excats=134-40&min_price=200000&max_price=1000000, Wisconsin, Milwaukee, For Sale-Wanted, General, https://milwaukee.craigslist.org/for/d/waukesha-ranch-home-for-sale/7012806803.html,,2019-11-03,US,2019-11-21
53 1998 Navigator 5300, Nov 03, &excats=134-40&min_price=200000&max_price=1000000, California, Los Angeles, For Sale-Wanted, Boat Parts by Dealer, https://losangeles.craigslist.org/lgb/bod/d/pittsburg-navigator-5300/7012723907.html,,2019-11-03,US,2019-11-21
Excavation -Business Equipment, Nov 03, &excats=134-40&min_price=200000&max_price=1000000, California, Modesto, For Sale-Wanted, Heavy Equipment, https://modesto.craigslist.org/hvo/d/modesto-excavation-business-equipment/7012994101.html,,2019-11-03,US,2019-11-21
53 1998 Navigator 5300, Nov 03, &excats=134-40&min_price=200000&max_price=1000000, California, Sacramento, For Sale-Wanted, Boat Parts by Dealer, https://sacramento.craigslist.org/bod/d/pittsburg-navigator-5300/7012725135.html,,2019-11-03,US,2019-11-21
CHAIKA GAZ 13 YEAR 1963 Made in USSR  ??? 13, Nov 03, &excats=134-40&min_price=200000&max_price=1000000, California, San Diego, For Sale-Wanted, Cars And Trucks, https://sandiego.craigslist.org/csd/cto/d/la-jolla-chaika-gaz-13-year-1963-made/7013016684.html,,2019-11-03,US,2019-11-21
1997 Ocean Yachts 48 Super Sport - Marriott Marina, Nov 03, &excats=134-40&min_price=200000&max_price=1000000, California, San Diego, For Sale-Wanted, Boat Parts by Dealer, https://sandiego.craigslist.org/csd/bod/d/san-diego-1997-ocean-yachts-48-super/7012729294.html,,2019-11-03,US,2019-11-21
Home Sale, Nov 03, &excats=134-40&min_price=200000&max_price=1000000, California, Stockton, For Sale-Wanted, Household, https://stockton.craigslist.org/hsh/d/holt-home-sale/7013062187.html,,2019-11-03,US,2019-11-21
2014 Entegra Cornerstone 600HP Diesel Pusher Motorhome RV, Nov 02, &excats=134-40&min_price=200000&max_price=1000000, Iowa, Cedar Rapids, For Sale-Wanted, RVs, https://cedarrapids.craigslist.org/rvd/d/grand-rapids-2014-entegra-cornerstone/7012165438.html,,2019-11-02,US,2019-11-21
2014 Entegra Cornerstone 600HP Diesel Pusher Motorhome RV, Nov 02, &excats=134-40&min_price=200000&max_price=1000000, Iowa, Des Moines, For Sale-Wanted, RVs, https://desmoines.craigslist.org/rvd/d/2014-entegra-cornerstone-600hp-diesel/7012168986.html,,2019-11-02,US,2019-11-21
2014 Caterpillar D6T LGP VPAT with Ripper, Nov 02, &excats=134-40&min_price=200000&max_price=1000000, Iowa, Des Moines, For Sale-Wanted, Heavy Equipment, https://desmoines.craigslist.org/hvo/d/inland-2014-caterpillar-d6t-lgp-vpat/7012056857.html,,2019-11-02,US,2019-11-21
2014 Entegra Cornerstone 600HP Diesel Pusher Motorhome RV, Nov 02, &excats=134-40&min_price=200000&max_price=1000000, Iowa, Iowa City, For Sale-Wanted, RVs, https://iowacity.craigslist.org/rvd/d/grand-rapids-2014-entegra-cornerstone/7012173021.html,,2019-11-02,US,2019-11-21
2014 Entegra Cornerstone 600HP Diesel Pusher Motorhome RV, Nov 02, &excats=134-40&min_price=200000&max_price=1000000, Iowa, Quad Cities, For Sale-Wanted, RVs, https://quadcities.craigslist.org/rvd/d/grand-rapids-2014-entegra-cornerstone/7012151666.html,,2019-11-02,US,2019-11-21
2014 Entegra Cornerstone 600HP Diesel Pusher Motorhome RV, Nov 02, &excats=134-40&min_price=200000&max_price=1000000, Iowa, Sioux City, For Sale-Wanted, RVs, https://siouxcity.craigslist.org/rvd/d/grand-rapids-2014-entegra-cornerstone/7012189206.html,,2019-11-02,US,2019-11-21
2014 Entegra Cornerstone 600HP Diesel Pusher Motorhome RV, Nov 02, &excats=134-40&min_price=200000&max_price=1000000, West Virginia, Charleston, For Sale-Wanted, RVs, https://charlestonwv.craigslist.org/rvd/d/grand-rapids-2014-entegra-cornerstone/7012318230.html,,2019-11-02,US,2019-11-21
2014 Entegra Cornerstone 600HP Diesel Pusher Motorhome RV, Nov 02, &excats=134-40&min_price=200000&max_price=1000000, Indiana, Fort Wayne, For Sale-Wanted, RVs, https://fortwayne.craigslist.org/rvd/d/grand-rapids-2014-entegra-cornerstone/7012049169.html,,2019-11-02,US,2019-11-21
2014 Entegra Cornerstone 600HP Diesel Pusher Motorhome RV, Nov 02, &excats=134-40&min_price=200000&max_price=1000000, Indiana, Indianapolis, For Sale-Wanted, RVs, https://indianapolis.craigslist.org/rvd/d/grand-rapids-2014-entegra-cornerstone/7012162766.html,,2019-11-02,US,2019-11-21
2000 Sumerset Houseboat, Nov 02, &excats=134-40&min_price=200000&max_price=1000000, Georgia, Atlanta, For Sale-Wanted, Boat Parts, https://atlanta.craigslist.org/nat/boa/d/cumming-2000-sumerset-houseboat/7012154806.html,,2019-11-02,US,2019-11-21
2014 Entegra Cornerstone 600HP Diesel Pusher Motorhome RV, Nov 02, &excats=134-40&min_price=200000&max_price=1000000, Georgia, Atlanta, For Sale-Wanted, RVs, https://atlanta.craigslist.org/atl/rvd/d/grand-rapids-2014-entegra-cornerstone/7012040172.html,,2019-11-02,US,2019-11-21
UPDATE! Parts & Project Cars & Trucks 1920&#39;s-80&#39;s 100&#39;s of Cars, Nov 02, &excats=134-40&min_price=200000&max_price=1000000, Georgia, Columbus, For Sale-Wanted, Auto Parts by Dealer, https://columbusga.craigslist.org/ptd/d/great-bend-update-parts-project-cars/7012522065.html,,2019-11-02,US,2019-11-21
2014 Entegra Cornerstone 600HP Diesel Pusher Motorhome RV, Nov 02, &excats=134-40&min_price=200000&max_price=1000000, Vermont, Vermont, For Sale-Wanted, RVs, https://vermont.craigslist.org/rvd/d/grand-rapids-2014-entegra-cornerstone/7012077765.html,,2019-11-02,US,2019-11-21
2014 Entegra Cornerstone 600HP Diesel Pusher Motorhome RV, Nov 02, &excats=134-40&min_price=200000&max_price=1000000, Montana, Billings, For Sale-Wanted, RVs, https://billings.craigslist.org/rvd/d/grand-rapids-2014-entegra-cornerstone/7012058558.html,,2019-11-02,US,2019-11-21
2014 Entegra Cornerstone 600HP Diesel Pusher Motorhome RV, Nov 02, &excats=134-40&min_price=200000&max_price=1000000, Montana, Great Falls, For Sale-Wanted, RVs, https://greatfalls.craigslist.org/rvd/d/grand-rapids-2014-entegra-cornerstone/7012060061.html,,2019-11-02,US,2019-11-21
UPDATE! Parts & Project Cars & Trucks 1920&#39;s-80&#39;s 100&#39;s of Cars, Nov 02, &excats=134-40&min_price=200000&max_price=1000000, Montana, Missoula, For Sale-Wanted, Auto Parts by Dealer, https://missoula.craigslist.org/ptd/d/great-bend-update-parts-project-cars/7012507419.html,,2019-11-02,US,2019-11-21
UPDATE! Parts & Project Cars & Trucks 1920&#39;s-80&#39;s 100&#39;s of Cars, Nov 02, &excats=134-40&min_price=200000&max_price=1000000, South Carolina, Columbia, For Sale-Wanted, Auto Parts by Dealer, https://columbia.craigslist.org/ptd/d/great-bend-update-parts-project-cars/7012516721.html,,2019-11-02,US,2019-11-21
2014 Entegra Cornerstone 600HP Diesel Pusher Motorhome RV, Nov 02, &excats=134-40&min_price=200000&max_price=1000000, South Carolina, Columbia, For Sale-Wanted, RVs, https://columbia.craigslist.org/rvd/d/grand-rapids-2014-entegra-cornerstone/7012291874.html,,2019-11-02,US,2019-11-21
2014 Entegra Cornerstone 600HP Diesel Pusher Motorhome RV, Nov 02, &excats=134-40&min_price=200000&max_price=1000000, South Carolina, Myrtle Beach, For Sale-Wanted, RVs, https://myrtlebeach.craigslist.org/rvd/d/grand-rapids-2014-entegra-cornerstone/7012299924.html,,2019-11-02,US,2019-11-21
2014 Entegra Cornerstone 600HP Diesel Pusher Motorhome RV, Nov 02, &excats=134-40&min_price=200000&max_price=1000000, Massachusetts, Boston, For Sale-Wanted, RVs, https://boston.craigslist.org/gbs/rvd/d/grand-rapids-2014-entegra-cornerstone/7012231933.html,,2019-11-02,US,2019-11-21
2014 Entegra Cornerstone 600HP Diesel Pusher Motorhome RV, Nov 02, &excats=134-40&min_price=200000&max_price=1000000, Arkansas, Little Rock, For Sale-Wanted, RVs, https://littlerock.craigslist.org/rvd/d/grand-rapids-2014-entegra-cornerstone/7012096838.html,,2019-11-02,US,2019-11-21
Wanted By Private Collector - Vinyl Record Albums, Nov 02, &excats=134-40&min_price=200000&max_price=1000000, Arizona, Phoenix, For Sale-Wanted, Wanted, https://phoenix.craigslist.org/nph/wan/d/phoenix-wanted-by-private-collector/7012496558.html,Want,2019-11-02,US,2019-11-21
2019 Toyota Tacoma, Nov 02, &excats=134-40&min_price=200000&max_price=1000000, Arizona, Phoenix, For Sale-Wanted, Cars And Trucks, https://phoenix.craigslist.org/nph/cto/d/cornville-2019-toyota-tacoma/7012377849.html,,2019-11-02,US,2019-11-21
2014 Entegra Cornerstone 600HP Diesel Pusher Motorhome RV, Nov 02, &excats=134-40&min_price=200000&max_price=1000000, Arizona, Tucson, For Sale-Wanted, RVs, https://tucson.craigslist.org/rvd/d/grand-rapids-2014-entegra-cornerstone/7012086609.html,,2019-11-02,US,2019-11-21
2018 McLAREN 720s PERFORMANCE, Nov 02, &excats=134-40&min_price=200000&max_price=1000000, Nevada, Las Vegas, For Sale-Wanted, Cars And by Dealer, https://lasvegas.craigslist.org/ctd/d/fond-du-lac-2018-mclaren-720s/7012458562.html,,2019-11-02,US,2019-11-21
2014 Entegra Cornerstone 600HP Diesel Pusher Motorhome RV, Nov 02, &excats=134-40&min_price=200000&max_price=1000000, Nevada, Las Vegas, For Sale-Wanted, RVs, https://lasvegas.craigslist.org/rvd/d/grand-rapids-2014-entegra-cornerstone/7012227702.html,,2019-11-02,US,2019-11-21
2014 Entegra Cornerstone 600HP Diesel Pusher Motorhome RV, Nov 02, &excats=134-40&min_price=200000&max_price=1000000, Delaware, Delaware, For Sale-Wanted, RVs, https://delaware.craigslist.org/rvd/d/grand-rapids-2014-entegra-cornerstone/7012111593.html,,2019-11-02,US,2019-11-21
2014 Entegra Cornerstone 600HP Diesel Pusher Motorhome RV, Nov 02, &excats=134-40&min_price=200000&max_price=1000000, Florida, Jacksonville, For Sale-Wanted, RVs, https://jacksonville.craigslist.org/rvd/d/grand-rapids-2014-entegra-cornerstone/7012045234.html,,2019-11-02,US,2019-11-21
2016 Caterpillar D6T LGP with Winch, Nov 02, &excats=134-40&min_price=200000&max_price=1000000, Florida, Ocala, For Sale-Wanted, Heavy Equipment, https://ocala.craigslist.org/hvo/d/elkhorn-2016-caterpillar-d6t-lgp-with/7012058852.html,,2019-11-02,US,2019-11-21
2014 Entegra Cornerstone 600HP Diesel Pusher Motorhome RV, Nov 02, &excats=134-40&min_price=200000&max_price=1000000, Florida, Orlando, For Sale-Wanted, RVs, https://orlando.craigslist.org/rvd/d/grand-rapids-2014-entegra-cornerstone/7012142622.html,,2019-11-02,US,2019-11-21
5 Bedroom House for Sale, Nov 02, &excats=134-40&min_price=200000&max_price=1000000, Florida, Orlando, For Sale-Wanted, General, https://orlando.craigslist.org/for/d/lake-mary-5-bedroom-house-for-sale/7012013388.html,,2019-11-02,US,2019-11-21
Home For Sale, Nov 02, &excats=134-40&min_price=200000&max_price=1000000, Florida, Space Coast, For Sale-Wanted, Household, https://spacecoast.craigslist.org/hsh/d/titusville-home-for-sale/7012130474.html,,2019-11-02,US,2019-11-21
Top Cash for Vintage and Rare Guitars & Gear Free Pro Appraisals, Nov 02, &excats=134-40&min_price=200000&max_price=1000000, Colorado, Boulder, For Sale-Wanted, Wanted, https://denver.craigslist.org/wad/d/boulder-top-cash-for-vintage-and-rare/7012484313.html,,2019-11-02,US,2019-11-21
Top Cash for Vintage and Rare Guitars & Gear Free Pro Appraisals, Nov 02, &excats=134-40&min_price=200000&max_price=1000000, Colorado, Boulder, For Sale-Wanted, NA, https://fortcollins.craigslist.org/msd/d/boulder-top-cash-for-vintage-and-rare/7012488325.html,,2019-11-02,US,2019-11-21
Top Cash for Vintage and Rare Guitars & Gear Free Pro Appraisals, Nov 02, &excats=134-40&min_price=200000&max_price=1000000, Colorado, Denver, For Sale-Wanted, Wanted, https://denver.craigslist.org/wad/d/boulder-top-cash-for-vintage-and-rare/7012484313.html,,2019-11-02,US,2019-11-21
2014 Entegra Cornerstone 600HP Diesel Pusher Motorhome RV, Nov 02, &excats=134-40&min_price=200000&max_price=1000000, Colorado, Denver, For Sale-Wanted, RVs, https://denver.craigslist.org/rvd/d/grand-rapids-2014-entegra-cornerstone/7012139190.html,,2019-11-02,US,2019-11-21
2014 Entegra Cornerstone 600HP Diesel Pusher Motorhome RV, Nov 02, &excats=134-40&min_price=200000&max_price=1000000, Colorado, Pueblo, For Sale-Wanted, RVs, https://pueblo.craigslist.org/rvd/d/grand-rapids-2014-entegra-cornerstone/7012140828.html,,2019-11-02,US,2019-11-21
2014 Entegra Cornerstone 600HP Diesel Pusher Motorhome RV, Nov 02, &excats=134-40&min_price=200000&max_price=1000000, Kentucky, Louisville, For Sale-Wanted, RVs, https://louisville.craigslist.org/rvd/d/grand-rapids-2014-entegra-cornerstone/7012190939.html,,2019-11-02,US,2019-11-21
1957 Studebaker Golden Hawk, Nov 02, &excats=134-40&min_price=200000&max_price=1000000, Kentucky, Louisville, For Sale-Wanted, Cars And Trucks, https://louisville.craigslist.org/cto/d/1957-studebaker-golden-hawk/7012025217.html,,2019-11-02,US,2019-11-21
Old Comic Books Wanted, Nov 02, &excats=134-40&min_price=200000&max_price=1000000, Kentucky, Louisville, For Sale-Wanted, Wanted, https://cincinnati.craigslist.org/wan/d/louisville-old-comic-books-wanted/7012499077.html,Want,2019-11-02,US,2019-11-21
2014 Entegra Cornerstone 600HP Diesel Pusher Motorhome RV, Nov 02, &excats=134-40&min_price=200000&max_price=1000000, Nebraska, Lincoln, For Sale-Wanted, RVs, https://lincoln.craigslist.org/rvd/d/grand-rapids-2014-entegra-cornerstone/7012222779.html,,2019-11-02,US,2019-11-21
Elvis Albumns and Memorabilia, Nov 02, &excats=134-40&min_price=200000&max_price=1000000, Virginia, Lynchburg, For Sale-Wanted, Collectibles, https://lynchburg.craigslist.org/clt/d/bedford-elvis-albumns-and-memorabilia/7010045428.html,,2019-11-02,US,2019-11-21
2014 Entegra Cornerstone 600HP Diesel Pusher Motorhome RV, Nov 02, &excats=134-40&min_price=200000&max_price=1000000, Virginia, Richmond, For Sale-Wanted, RVs, https://richmond.craigslist.org/rvd/d/grand-rapids-2014-entegra-cornerstone/7012313789.html,,2019-11-02,US,2019-11-21
2014 Entegra Cornerstone 600HP Diesel Pusher Motorhome RV, Nov 02, &excats=134-40&min_price=200000&max_price=1000000, Virginia, Roanoke, For Sale-Wanted, RVs, https://roanoke.craigslist.org/rvd/d/grand-rapids-2014-entegra-cornerstone/7012315948.html,,2019-11-02,US,2019-11-21
2014 Entegra Cornerstone 600HP Diesel Pusher Motorhome RV, Nov 02, &excats=134-40&min_price=200000&max_price=1000000, Maine, Maine, For Sale-Wanted, RVs, https://maine.craigslist.org/rvd/d/grand-rapids-2014-entegra-cornerstone/7012071337.html,,2019-11-02,US,2019-11-21
2014 Entegra Cornerstone 600HP Diesel Pusher Motorhome RV, Nov 02, &excats=134-40&min_price=200000&max_price=1000000, Wyoming, Wyoming, For Sale-Wanted, RVs, https://wyoming.craigslist.org/rvd/d/2014-entegra-cornerstone-600hp-diesel/7012088380.html,,2019-11-02,US,2019-11-21
2014 Entegra Cornerstone 600HP Diesel Pusher Motorhome RV, Nov 02, &excats=134-40&min_price=200000&max_price=1000000, Maryland, Baltimore, For Sale-Wanted, RVs, https://baltimore.craigslist.org/rvd/d/grand-rapids-2014-entegra-cornerstone/7012201342.html,,2019-11-02,US,2019-11-21
Top Cash for Vintage & Rare Guitars & Gear Free Pro Appraisals!, Nov 02, &excats=134-40&min_price=200000&max_price=1000000, New Mexico, Albuquerque, For Sale-Wanted, Wanted, https://albuquerque.craigslist.org/wad/d/boulder-top-cash-for-vintage-rare/7012491486.html,,2019-11-02,US,2019-11-21
Top Cash for Vintage Guitars & Rare Guitars & Gear Free Pro Appraisas, Nov 02, &excats=134-40&min_price=200000&max_price=1000000, New Mexico, Albuquerque, For Sale-Wanted, NA, https://albuquerque.craigslist.org/msd/d/albuquerque-top-cash-for-vintage/7012491140.html,,2019-11-02,US,2019-11-21
2014 Entegra Cornerstone 600HP Diesel Pusher Motorhome RV, Nov 02, &excats=134-40&min_price=200000&max_price=1000000, New Mexico, Albuquerque, For Sale-Wanted, RVs, https://albuquerque.craigslist.org/rvd/d/grand-rapids-2014-entegra-cornerstone/7012234469.html,,2019-11-02,US,2019-11-21
2014 Entegra Cornerstone 600HP Diesel Pusher Motorhome RV, Nov 02, &excats=134-40&min_price=200000&max_price=1000000, Michigan, Grand Rapids, For Sale-Wanted, RVs, https://grandrapids.craigslist.org/rvd/d/grand-rapids-2014-entegra-cornerstone/7012214388.html,,2019-11-02,US,2019-11-21
2014 Entegra Cornerstone 600HP Diesel Pusher Motorhome RV, Nov 02, &excats=134-40&min_price=200000&max_price=1000000, Michigan, Lansing, For Sale-Wanted, RVs, https://lansing.craigslist.org/rvd/d/grand-rapids-2014-entegra-cornerstone/7012216090.html,,2019-11-02,US,2019-11-21
Homes for Sale, Nov 02, &excats=134-40&min_price=200000&max_price=1000000, Michigan, Muskegon, For Sale-Wanted, General, https://muskegon.craigslist.org/for/d/south-lyon-homes-for-sale/7012223011.html,,2019-11-02,US,2019-11-21
Old Comic Books Wanted, Nov 02, &excats=134-40&min_price=200000&max_price=1000000, Ohio, Cincinnati, For Sale-Wanted, Wanted, https://cincinnati.craigslist.org/wan/d/louisville-old-comic-books-wanted/7012499077.html,Want,2019-11-02,US,2019-11-21
2014 Entegra Cornerstone 600HP Diesel Pusher Motorhome RV, Nov 02, &excats=134-40&min_price=200000&max_price=1000000, Ohio, Cincinnati, For Sale-Wanted, RVs, https://cincinnati.craigslist.org/rvd/d/grand-rapids-2014-entegra-cornerstone/7012198706.html,,2019-11-02,US,2019-11-21
2014 Entegra Cornerstone 600HP Diesel Pusher Motorhome RV, Nov 02, &excats=134-40&min_price=200000&max_price=1000000, Ohio, Cleveland, For Sale-Wanted, RVs, https://cleveland.craigslist.org/rvd/d/grand-rapids-2014-entegra-cornerstone/7012266731.html,,2019-11-02,US,2019-11-21
UPDATE! Parts & Project Cars & Trucks 1920&#39;s-80&#39;s 100&#39;s of Cars, Nov 02, &excats=134-40&min_price=200000&max_price=1000000, Ohio, Columbus, For Sale-Wanted, Auto Parts by Dealer, https://columbus.craigslist.org/ptd/d/great-bend-update-parts-project-cars/7012523283.html,,2019-11-02,US,2019-11-21
Patio and Beach Umbrella New, Nov 02, &excats=134-40&min_price=200000&max_price=1000000, Ohio, Columbus, For Sale-Wanted, General, https://columbus.craigslist.org/for/d/newark-patio-and-beach-umbrella-new/7012364101.html,,2019-11-02,US,2019-11-21
2014 Entegra Cornerstone 600HP Diesel Pusher Motorhome RV, Nov 02, &excats=134-40&min_price=200000&max_price=1000000, Ohio, Toledo, For Sale-Wanted, RVs, https://toledo.craigslist.org/rvd/d/grand-rapids-2014-entegra-cornerstone/7012091130.html,,2019-11-02,US,2019-11-21
2014 Entegra Cornerstone 600HP Diesel Pusher Motorhome RV, Nov 02, &excats=134-40&min_price=200000&max_price=1000000, Ohio, Youngstown, For Sale-Wanted, RVs, https://youngstown.craigslist.org/rvd/d/grand-rapids-2014-entegra-cornerstone/7012117277.html,,2019-11-02,US,2019-11-21
2014 Entegra Cornerstone 600HP Diesel Pusher Motorhome RV, Nov 02, &excats=134-40&min_price=200000&max_price=1000000, North Carolina, Asheville, For Sale-Wanted, RVs, https://asheville.craigslist.org/rvd/d/grand-rapids-2014-entegra-cornerstone/7012250335.html,,2019-11-02,US,2019-11-21
2014 Entegra Cornerstone 600HP Diesel Pusher Motorhome RV, Nov 02, &excats=134-40&min_price=200000&max_price=1000000, North Carolina, Charlotte, For Sale-Wanted, RVs, https://charlotte.craigslist.org/rvd/d/grand-rapids-2014-entegra-cornerstone/7012252026.html,,2019-11-02,US,2019-11-21
2014 Entegra Cornerstone 600HP Diesel Pusher Motorhome RV, Nov 02, &excats=134-40&min_price=200000&max_price=1000000, Louisiana, Lafayette, For Sale-Wanted, RVs, https://lafayette.craigslist.org/rvd/d/grand-rapids-2014-entegra-cornerstone/7012194731.html,,2019-11-02,US,2019-11-21
UPDATE! Parts & Project Cars & Trucks 1920&#39;s-80&#39;s 100&#39;s of Cars, Nov 02, &excats=134-40&min_price=200000&max_price=1000000, Louisiana, Monroe, For Sale-Wanted, Auto Parts by Dealer, https://monroe.craigslist.org/ptd/d/great-bend-update-parts-project-cars/7012510552.html,,2019-11-02,US,2019-11-21
2014 Entegra Cornerstone 600HP Diesel Pusher Motorhome RV, Nov 02, &excats=134-40&min_price=200000&max_price=1000000, Louisiana, New Orleans, For Sale-Wanted, RVs, https://neworleans.craigslist.org/rvd/d/grand-rapids-2014-entegra-cornerstone/7012207403.html,,2019-11-02,US,2019-11-21
2014 Entegra Cornerstone 600HP Diesel Pusher Motorhome RV, Nov 02, &excats=134-40&min_price=200000&max_price=1000000, Louisiana, Shreveport, For Sale-Wanted, RVs, https://shreveport.craigslist.org/rvd/d/grand-rapids-2014-entegra-cornerstone/7012203149.html,,2019-11-02,US,2019-11-21
Lake House For Sale, Nov 02, &excats=134-40&min_price=200000&max_price=1000000, Minnesota, Mankato, For Sale-Wanted, General, https://mankato.craigslist.org/for/d/waterville-lake-house-for-sale/7008400179.html,,2019-11-02,US,2019-11-21
2014 Entegra Cornerstone 600HP Diesel Pusher Motorhome RV, Nov 02, &excats=134-40&min_price=200000&max_price=1000000, Utah, Salt Lake City, For Sale-Wanted, RVs, https://saltlakecity.craigslist.org/rvd/d/grand-rapids-2014-entegra-cornerstone/7012312350.html,,2019-11-02,US,2019-11-21
2014 Entegra Cornerstone 600HP Diesel Pusher Motorhome RV, Nov 02, &excats=134-40&min_price=200000&max_price=1000000, Oklahoma, Oklahoma City, For Sale-Wanted, RVs, https://oklahomacity.craigslist.org/rvd/d/grand-rapids-2014-entegra-cornerstone/7012269771.html,,2019-11-02,US,2019-11-21
2017 Newmar ESSEX Class A, Nov 02, &excats=134-40&min_price=200000&max_price=1000000, Oklahoma, Oklahoma City, For Sale-Wanted, RVs, https://oklahomacity.craigslist.org/rvd/d/glenpool-2017-newmar-essex-class/7012079706.html,,2019-11-02,US,2019-11-21
2014 Entegra Cornerstone 600HP Diesel Pusher Motorhome RV, Nov 02, &excats=134-40&min_price=200000&max_price=1000000, Oklahoma, Tulsa, For Sale-Wanted, RVs, https://tulsa.craigslist.org/rvd/d/grand-rapids-2014-entegra-cornerstone/7012274565.html,,2019-11-02,US,2019-11-21
Home for Sale by Owner, Nov 02, &excats=134-40&min_price=200000&max_price=1000000, Idaho, Boise, For Sale-Wanted, General, https://boise.craigslist.org/for/d/boise-home-for-sale-by-owner/7012321292.html,,2019-11-02,US,2019-11-21
2014 Entegra Cornerstone 600HP Diesel Pusher Motorhome RV, Nov 02, &excats=134-40&min_price=200000&max_price=1000000, Idaho, Boise, For Sale-Wanted, RVs, https://boise.craigslist.org/rvd/d/grand-rapids-2014-entegra-cornerstone/7012144643.html,,2019-11-02,US,2019-11-21
2014 Entegra Cornerstone 600HP Diesel Pusher Motorhome RV, Nov 02, &excats=134-40&min_price=200000&max_price=1000000, Kansas, Topeka, For Sale-Wanted, RVs, https://topeka.craigslist.org/rvd/d/grand-rapids-2014-entegra-cornerstone/7012183186.html,,2019-11-02,US,2019-11-21
2014 Entegra Cornerstone 600HP Diesel Pusher Motorhome RV, Nov 02, &excats=134-40&min_price=200000&max_price=1000000, Kansas, Wichita, For Sale-Wanted, RVs, https://wichita.craigslist.org/rvd/d/grand-rapids-2014-entegra-cornerstone/7012184953.html,,2019-11-02,US,2019-11-21
2014 Entegra Cornerstone 600HP Diesel Pusher Motorhome RV, Nov 02, &excats=134-40&min_price=200000&max_price=1000000, Tennessee, Clarksville, For Sale-Wanted, RVs, https://clarksville.craigslist.org/rvd/d/grand-rapids-2014-entegra-cornerstone/7012280609.html,,2019-11-02,US,2019-11-21
2014 Entegra Cornerstone 600HP Diesel Pusher Motorhome RV, Nov 02, &excats=134-40&min_price=200000&max_price=1000000, Tennessee, Knoxville, For Sale-Wanted, RVs, https://knoxville.craigslist.org/rvd/d/grand-rapids-2014-entegra-cornerstone/7012296943.html,,2019-11-02,US,2019-11-21
2014 Entegra Cornerstone 600HP Diesel Pusher Motorhome RV, Nov 02, &excats=134-40&min_price=200000&max_price=1000000, Tennessee, Memphis, For Sale-Wanted, RVs, https://memphis.craigslist.org/rvd/d/grand-rapids-2014-entegra-cornerstone/7012105100.html,,2019-11-02,US,2019-11-21
2018 McLAREN 720s PERFORMANCE, Nov 02, &excats=134-40&min_price=200000&max_price=1000000, Tennessee, Nashville, For Sale-Wanted, Cars And by Dealer, https://nashville.craigslist.org/ctd/d/fond-du-lac-2018-mclaren-720s/7012468965.html,,2019-11-02,US,2019-11-21
2014 Entegra Cornerstone 600HP Diesel Pusher Motorhome RV, Nov 02, &excats=134-40&min_price=200000&max_price=1000000, Tennessee, Nashville, For Sale-Wanted, RVs, https://nashville.craigslist.org/rvd/d/grand-rapids-2014-entegra-cornerstone/7012304718.html,,2019-11-02,US,2019-11-21
UPDATE! Parts & Project Cars & Trucks 1920&#39;s-80&#39;s 100&#39;s of Cars, Nov 02, &excats=134-40&min_price=200000&max_price=1000000, Alabama, Mobile, For Sale-Wanted, Auto Parts by Dealer, https://mobile.craigslist.org/ptd/d/great-bend-update-parts-project-cars/7012508457.html,,2019-11-02,US,2019-11-21
2014 Entegra Cornerstone 600HP Diesel Pusher Motorhome RV, Nov 02, &excats=134-40&min_price=200000&max_price=1000000, Alabama, Mobile, For Sale-Wanted, RVs, https://mobile.craigslist.org/rvd/d/grand-rapids-2014-entegra-cornerstone/7012080723.html,,2019-11-02,US,2019-11-21
2014 Entegra Cornerstone 600HP Diesel Pusher Motorhome RV, Nov 02, &excats=134-40&min_price=200000&max_price=1000000, Pennsylvania, Erie, For Sale-Wanted, RVs, https://erie.craigslist.org/rvd/d/grand-rapids-2014-entegra-cornerstone/7012279021.html,,2019-11-02,US,2019-11-21
2014 Entegra Cornerstone 600HP Diesel Pusher Motorhome RV, Nov 02, &excats=134-40&min_price=200000&max_price=1000000, Pennsylvania, Harrisburg, For Sale-Wanted, RVs, https://harrisburg.craigslist.org/rvd/d/grand-rapids-2014-entegra-cornerstone/7012276058.html,,2019-11-02,US,2019-11-21
2016 Caterpillar D6T LGP with Winch, Nov 02, &excats=134-40&min_price=200000&max_price=1000000, Pennsylvania, Meadville, For Sale-Wanted, Heavy Equipment, https://meadville.craigslist.org/hvo/d/waterloo-2016-caterpillar-d6t-lgp-with/7012065859.html,,2019-11-02,US,2019-11-21
2014 Entegra Cornerstone 600HP Diesel Pusher Motorhome RV, Nov 02, &excats=134-40&min_price=200000&max_price=1000000, Pennsylvania, Philadelphia, For Sale-Wanted, RVs, https://philadelphia.craigslist.org/rvd/d/grand-rapids-2014-entegra-cornerstone/7012120547.html,,2019-11-02,US,2019-11-21
****Metal wanted****, Nov 02, &excats=134-40&min_price=200000&max_price=1000000, Pennsylvania, Philadelphia, For Sale-Wanted, Wanted, https://philadelphia.craigslist.org/wan/d/metal-wanted/7011959920.html,Want,2019-11-02,US,2019-11-21
2014 Entegra Cornerstone 600HP Diesel Pusher Motorhome RV, Nov 02, &excats=134-40&min_price=200000&max_price=1000000, Pennsylvania, Pittsburgh, For Sale-Wanted, RVs, https://pittsburgh.craigslist.org/rvd/d/grand-rapids-2014-entegra-cornerstone/7012284344.html,,2019-11-02,US,2019-11-21
2014 Entegra Cornerstone 600HP Diesel Pusher Motorhome RV, Nov 02, &excats=134-40&min_price=200000&max_price=1000000, Pennsylvania, Reading, For Sale-Wanted, RVs, https://reading.craigslist.org/rvd/d/grand-rapids-2014-entegra-cornerstone/7012289502.html,,2019-11-02,US,2019-11-21
2016 Caterpillar D6T LGP with Winch, Nov 02, &excats=134-40&min_price=200000&max_price=1000000, Pennsylvania, Williamsport, For Sale-Wanted, Heavy Equipment, https://williamsport.craigslist.org/hvo/d/waterloo-2016-caterpillar-d6t-lgp-with/7012065246.html,,2019-11-02,US,2019-11-21
2014 Entegra Cornerstone 600HP Diesel Pusher Motorhome RV, Nov 02, &excats=134-40&min_price=200000&max_price=1000000, Pennsylvania, York, For Sale-Wanted, RVs, https://york.craigslist.org/rvd/d/grand-rapids-2014-entegra-cornerstone/7012288056.html,,2019-11-02,US,2019-11-21
2014 Entegra Cornerstone 600HP Diesel Pusher Motorhome RV, Nov 02, &excats=134-40&min_price=200000&max_price=1000000, Texas, Austin, For Sale-Wanted, RVs, https://austin.craigslist.org/rvd/d/grand-rapids-2014-entegra-cornerstone/7012301408.html,,2019-11-02,US,2019-11-21
** I BUY $$ NEW or USED $$ iPHONE 11 PRO X XR XS MAX 8 8 PLUS iPAD MAC, Nov 02, &excats=134-40&min_price=200000&max_price=1000000, Texas, Austin, For Sale-Wanted, Wanted, https://austin.craigslist.org/wad/d/austin-buy-new-or-used-iphone-11-pro-xr/7011985896.html,,2019-11-02,US,2019-11-21
UPDATE! Parts & Project Cars & Trucks 1920&#39;s-80&#39;s 100&#39;s of Cars, Nov 02, &excats=134-40&min_price=200000&max_price=1000000, Texas, College Station, For Sale-Wanted, Auto Parts by Dealer, https://collegestation.craigslist.org/ptd/d/great-bend-update-parts-project-cars/7012512425.html,,2019-11-02,US,2019-11-21
1971 OLDSMOBILE CUTLASS S 350 ROCKET AUTOMATIC-SEMI PROJECT  CLASSIC, Nov 02, &excats=134-40&min_price=200000&max_price=1000000, Texas, El Paso, For Sale-Wanted, Auto Parts by Owner, https://elpaso.craigslist.org/pts/d/el-paso-1971-oldsmobile-cutlass-350/7012304639.html,,2019-11-02,US,2019-11-21
2014 Entegra Cornerstone 600HP Diesel Pusher Motorhome RV, Nov 02, &excats=134-40&min_price=200000&max_price=1000000, Texas, El Paso, For Sale-Wanted, RVs, https://elpaso.craigslist.org/rvd/d/grand-rapids-2014-entegra-cornerstone/7012307366.html,,2019-11-02,US,2019-11-21
2018 McLAREN 720s PERFORMANCE, Nov 02, &excats=134-40&min_price=200000&max_price=1000000, Texas, Houston, For Sale-Wanted, Cars And by Dealer, https://houston.craigslist.org/ctd/d/fond-du-lac-2018-mclaren-720s/7012473116.html,,2019-11-02,US,2019-11-21
2014 Entegra Cornerstone 600HP Diesel Pusher Motorhome RV, Nov 02, &excats=134-40&min_price=200000&max_price=1000000, Texas, Houston, For Sale-Wanted, RVs, https://houston.craigslist.org/rvd/d/grand-rapids-2014-entegra-cornerstone/7012308965.html,,2019-11-02,US,2019-11-21
BMW M5, Nov 02, &excats=134-40&min_price=200000&max_price=1000000, Texas, Houston, For Sale-Wanted, Cars And Trucks, https://houston.craigslist.org/cto/d/breckenridge-bmw-m5/7012123556.html,,2019-11-02,US,2019-11-21
2014 Entegra Cornerstone 600HP Diesel Pusher Motorhome RV, Nov 02, &excats=134-40&min_price=200000&max_price=1000000, Connecticut, Hartford, For Sale-Wanted, RVs, https://hartford.craigslist.org/rvd/d/grand-rapids-2014-entegra-cornerstone/7012133067.html,,2019-11-02,US,2019-11-21
2014 Entegra Cornerstone 600HP Diesel Pusher Motorhome RV, Nov 02, &excats=134-40&min_price=200000&max_price=1000000, Missouri, Joplin, For Sale-Wanted, RVs, https://joplin.craigslist.org/rvd/d/grand-rapids-2014-entegra-cornerstone/7012102285.html,,2019-11-02,US,2019-11-21
2014 Entegra Cornerstone 600HP Diesel Pusher Motorhome RV, Nov 02, &excats=134-40&min_price=200000&max_price=1000000, Missouri, Kansas City, For Sale-Wanted, RVs, https://kansascity.craigslist.org/rvd/d/grand-rapids-2014-entegra-cornerstone/7012178963.html,,2019-11-02,US,2019-11-21
2014 Entegra Cornerstone 600HP Diesel Pusher Motorhome RV, Nov 02, &excats=134-40&min_price=200000&max_price=1000000, Missouri, Springfield, For Sale-Wanted, RVs, https://springfield.craigslist.org/rvd/d/grand-rapids-2014-entegra-cornerstone/7012226153.html,,2019-11-02,US,2019-11-21
2014 Entegra Cornerstone 600HP Diesel Pusher Motorhome RV, Nov 02, &excats=134-40&min_price=200000&max_price=1000000, Missouri, St Louis, For Sale-Wanted, RVs, https://stlouis.craigslist.org/rvd/d/grand-rapids-2014-entegra-cornerstone/7012157208.html,,2019-11-02,US,2019-11-21
2014 Caterpillar D6T LGP VPAT with Ripper, Nov 02, &excats=134-40&min_price=200000&max_price=1000000, Missouri, St Louis, For Sale-Wanted, Heavy Equipment, https://stlouis.craigslist.org/hvo/d/harvard-2014-caterpillar-d6t-lgp-vpat/7012056328.html,,2019-11-02,US,2019-11-21
2014 Entegra Cornerstone 600HP Diesel Pusher Motorhome RV, Nov 02, &excats=134-40&min_price=200000&max_price=1000000, Missouri, St Louis, For Sale-Wanted, RVs, https://stlouis.craigslist.org/rvd/d/grand-rapids-2014-entegra-cornerstone/7012056243.html,,2019-11-02,US,2019-11-21
2014 Entegra Cornerstone 600HP Diesel Pusher Motorhome RV, Nov 02, &excats=134-40&min_price=200000&max_price=1000000, District of Columbia, Washington, For Sale-Wanted, RVs, https://washingtondc.craigslist.org/doc/rvd/d/grand-rapids-2014-entegra-cornerstone/7012259849.html,,2019-11-02,US,2019-11-21
2018 McLAREN 720s PERFORMANCE, Nov 02, &excats=134-40&min_price=200000&max_price=1000000, Illinois, Chicago, For Sale-Wanted, Cars And by Dealer, https://chicago.craigslist.org/chc/ctd/d/fond-du-lac-2018-mclaren-720s/7012467091.html,,2019-11-02,US,2019-11-21
2014 Entegra Cornerstone 600HP Diesel Pusher Motorhome RV, Nov 02, &excats=134-40&min_price=200000&max_price=1000000, Illinois, Chicago, For Sale-Wanted, RVs, https://chicago.craigslist.org/chc/rvd/d/grand-rapids-2014-entegra-cornerstone/7012146367.html,,2019-11-02,US,2019-11-21
21 acre 3 bedroom house, Nov 02, &excats=134-40&min_price=200000&max_price=1000000, Illinois, Rockford, For Sale-Wanted, Farm and Garden, https://rockford.craigslist.org/grd/d/south-wayne-21-acre-3-bedroom-house/6992919018.html,,2019-11-02,US,2019-11-21
2014 Entegra Cornerstone 600HP Diesel Pusher Motorhome RV, Nov 02, &excats=134-40&min_price=200000&max_price=1000000, Illinois, Quad Cities, For Sale-Wanted, RVs, https://quadcities.craigslist.org/rvd/d/grand-rapids-2014-entegra-cornerstone/7012151666.html,,2019-11-02,US,2019-11-21
2014 Entegra Cornerstone 600HP Diesel Pusher Motorhome RV, Nov 02, &excats=134-40&min_price=200000&max_price=1000000, Mississippi, Jackson, For Sale-Wanted, RVs, https://jackson.craigslist.org/rvd/d/2014-entegra-cornerstone-600hp-diesel/7012159981.html,,2019-11-02,US,2019-11-21
UPDATE! Parts & Project Cars & Trucks 100&#39;s of Cars in stock, Nov 02, &excats=134-40&min_price=200000&max_price=1000000, Mississippi, Meridian, For Sale-Wanted, Auto Parts by Dealer, https://meridian.craigslist.org/ptd/d/great-bend-update-parts-project-cars/7012501639.html,,2019-11-02,US,2019-11-21
2014 Entegra Cornerstone 600HP Diesel Pusher Motorhome RV, Nov 02, &excats=134-40&min_price=200000&max_price=1000000, Oregon, Portland, For Sale-Wanted, RVs, https://portland.craigslist.org/clc/rvd/d/grand-rapids-2014-entegra-cornerstone/7012273053.html,,2019-11-02,US,2019-11-21
2014 Entegra Cornerstone 600HP Diesel Pusher Motorhome RV, Nov 02, &excats=134-40&min_price=200000&max_price=1000000, Oregon, Salem, For Sale-Wanted, RVs, https://salem.craigslist.org/rvd/d/grand-rapids-2014-entegra-cornerstone/7012277482.html,,2019-11-02,US,2019-11-21
2014 Entegra Cornerstone 600HP Diesel Pusher Motorhome RV, Nov 02, &excats=134-40&min_price=200000&max_price=1000000, New York, Albany, For Sale-Wanted, RVs, https://albany.craigslist.org/rvd/d/grand-rapids-2014-entegra-cornerstone/7012230426.html,,2019-11-02,US,2019-11-21
land, Nov 02, &excats=134-40&min_price=200000&max_price=1000000, New York, Albany, For Sale-Wanted, General, https://albany.craigslist.org/for/d/alplaus-land/7000197412.html,,2019-11-02,US,2019-11-21
2014 Entegra Cornerstone 600HP Diesel Pusher Motorhome RV, Nov 02, &excats=134-40&min_price=200000&max_price=1000000, New York, Buffalo, For Sale-Wanted, RVs, https://buffalo.craigslist.org/rvd/d/grand-rapids-2014-entegra-cornerstone/7012241982.html,,2019-11-02,US,2019-11-21
2014 Entegra Cornerstone 600HP Diesel Pusher Motorhome RV, Nov 02, &excats=134-40&min_price=200000&max_price=1000000, New York, Ithaca, For Sale-Wanted, RVs, https://ithaca.craigslist.org/rvd/d/grand-rapids-2014-entegra-cornerstone/7012236395.html,,2019-11-02,US,2019-11-21
2014 Entegra Cornerstone 600HP Diesel Pusher Motorhome RV, Nov 02, &excats=134-40&min_price=200000&max_price=1000000, New York, Long Island, For Sale-Wanted, RVs, https://longisland.craigslist.org/rvd/d/grand-rapids-2014-entegra-cornerstone/7012240142.html,,2019-11-02,US,2019-11-21
2014 Entegra Cornerstone 600HP Diesel Pusher Motorhome RV, Nov 02, &excats=134-40&min_price=200000&max_price=1000000, New York, Rochester, For Sale-Wanted, RVs, https://rochester.craigslist.org/rvd/d/grand-rapids-2014-entegra-cornerstone/7012244199.html,,2019-11-02,US,2019-11-21
2014 Entegra Cornerstone 600HP Diesel Pusher Motorhome RV, Nov 02, &excats=134-40&min_price=200000&max_price=1000000, New York, Syracuse, For Sale-Wanted, RVs, https://syracuse.craigslist.org/rvd/d/grand-rapids-2014-entegra-cornerstone/7012167127.html,,2019-11-02,US,2019-11-21
2014 Entegra Cornerstone 600HP Diesel Pusher Motorhome RV, Nov 02, &excats=134-40&min_price=200000&max_price=1000000, New Jersey, Jersey Shore, For Sale-Wanted, RVs, https://jerseyshore.craigslist.org/rvd/d/grand-rapids-2014-entegra-cornerstone/7012224484.html,,2019-11-02,US,2019-11-21
2014 Entegra Cornerstone 600HP Diesel Pusher Motorhome RV, Nov 02, &excats=134-40&min_price=200000&max_price=1000000, Wisconsin, Eau Claire, For Sale-Wanted, RVs, https://eauclaire.craigslist.org/rvd/d/grand-rapids-2014-entegra-cornerstone/7012326395.html,,2019-11-02,US,2019-11-21
2020 KENWORTH T800 QUAD DUMP TRUCK w/ ALLISON & 19&#39; BOX - LOADED!!!, Nov 02, &excats=134-40&min_price=200000&max_price=1000000, Wisconsin, Eau Claire, For Sale-Wanted, Heavy Equipment, https://eauclaire.craigslist.org/hvd/d/menomonie-2020-kenworth-t800-quad-dump/7011983750.html,,2019-11-02,US,2019-11-21
2020 KENWORTH T880 QUAD DUMP TRUCK w/ ALLISON CUMMINS & 19&#39; BOX, Nov 02, &excats=134-40&min_price=200000&max_price=1000000, Wisconsin, Eau Claire, For Sale-Wanted, Heavy Equipment, https://eauclaire.craigslist.org/hvd/d/menomonie-2020-kenworth-t880-quad-dump/7011983668.html,,2019-11-02,US,2019-11-21
2014 Entegra Cornerstone 600HP Diesel Pusher Motorhome RV, Nov 02, &excats=134-40&min_price=200000&max_price=1000000, Wisconsin, Green Bay, For Sale-Wanted, RVs, https://greenbay.craigslist.org/rvd/d/grand-rapids-2014-entegra-cornerstone/7012322151.html,,2019-11-02,US,2019-11-21
2014 Entegra Cornerstone 600HP Diesel Pusher Motorhome RV, Nov 02, &excats=134-40&min_price=200000&max_price=1000000, Wisconsin, Madison, For Sale-Wanted, RVs, https://madison.craigslist.org/rvd/d/grand-rapids-2014-entegra-cornerstone/7012324957.html,,2019-11-02,US,2019-11-21
looking for older vw busesbeetles, Nov 02, &excats=134-40&min_price=200000&max_price=1000000, Wisconsin, Madison, For Sale-Wanted, Wanted, https://madison.craigslist.org/wan/d/looking-for-older-vw-busesbeetles/6994723088.html,Want,2019-11-02,US,2019-11-21
3 point grading back blades, Nov 02, &excats=134-40&min_price=200000&max_price=1000000, Wisconsin, Madison, For Sale-Wanted, Farm and Garden, https://madison.craigslist.org/grd/d/ridgeway-3-point-grading-back-blades/6993114381.html,,2019-11-02,US,2019-11-21
House in the country, Nov 02, &excats=134-40&min_price=200000&max_price=1000000, Wisconsin, Madison, For Sale-Wanted, Farm and Garden, https://madison.craigslist.org/grd/d/south-wayne-house-in-the-country/6992919292.html,,2019-11-02,US,2019-11-21
UPDATE! Parts & Project Cars & Trucks 1920&#39;s-80&#39;s 100&#39;s of Cars, Nov 02, &excats=134-40&min_price=200000&max_price=1000000, Wisconsin, Milwaukee, For Sale-Wanted, Auto Parts by Dealer, https://milwaukee.craigslist.org/ptd/d/great-bend-update-parts-project-cars/7012504179.html,,2019-11-02,US,2019-11-21
2014 Entegra Cornerstone 600HP Diesel Pusher Motorhome RV, Nov 02, &excats=134-40&min_price=200000&max_price=1000000, Wisconsin, Milwaukee, For Sale-Wanted, RVs, https://milwaukee.craigslist.org/rvd/d/grand-rapids-2014-entegra-cornerstone/7012327940.html,,2019-11-02,US,2019-11-21
2014 Entegra Cornerstone 600HP Diesel Pusher Motorhome RV, Nov 02, &excats=134-40&min_price=200000&max_price=1000000, Wisconsin, Sheboygan, For Sale-Wanted, RVs, https://sheboygan.craigslist.org/rvd/d/grand-rapids-2014-entegra-cornerstone/7012330135.html,,2019-11-02,US,2019-11-21
2014 Entegra Cornerstone 600HP Diesel Pusher Motorhome RV, Nov 02, &excats=134-40&min_price=200000&max_price=1000000, California, Bakersfield, For Sale-Wanted, RVs, https://bakersfield.craigslist.org/rvd/d/grand-rapids-2014-entegra-cornerstone/7012109092.html,,2019-11-02,US,2019-11-21
DMG MORI seiki 2016 nlx2500/700sy, Nov 02, &excats=134-40&min_price=200000&max_price=1000000, California, Inland Empire, For Sale-Wanted, Tools, https://inlandempire.craigslist.org/tls/d/riverside-dmg-mori-seiki-2016-nlx-sy/7012257787.html,,2019-11-02,US,2019-11-21
UPDATE! Parts & Project Cars & Trucks 1920&#39;s-80&#39;s 100&#39;s of Cars, Nov 02, &excats=134-40&min_price=200000&max_price=1000000, California, Los Angeles, For Sale-Wanted, Auto Parts by Dealer, https://losangeles.craigslist.org/sfv/ptd/d/great-bend-update-parts-project-cars/7012495593.html,,2019-11-02,US,2019-11-21
UPDATE! Parts & Project Cars & Trucks 1920&#39;s-80&#39;s 100&#39;s of Cars, Nov 02, &excats=134-40&min_price=200000&max_price=1000000, California, Merced, For Sale-Wanted, Auto Parts by Dealer, https://merced.craigslist.org/ptd/d/great-bend-update-parts-project-cars/7012499974.html,,2019-11-02,US,2019-11-21
UPDATE! Parts & Project Cars & Trucks 1920&#39;s-80&#39;s 100&#39;s of Cars, Nov 02, &excats=134-40&min_price=200000&max_price=1000000, California, Modesto, For Sale-Wanted, Auto Parts by Dealer, https://modesto.craigslist.org/ptd/d/great-bend-update-parts-project-cars/7012509217.html,,2019-11-02,US,2019-11-21
2014 Entegra Cornerstone 600HP Diesel Pusher Motorhome RV, Nov 02, &excats=134-40&min_price=200000&max_price=1000000, California, Modesto, For Sale-Wanted, RVs, https://modesto.craigslist.org/rvd/d/grand-rapids-2014-entegra-cornerstone/7012118831.html,,2019-11-02,US,2019-11-21
One Acre Lot, Nov 02, &excats=134-40&min_price=200000&max_price=1000000, California, Orange County, For Sale-Wanted, General, https://orangecounty.craigslist.org/for/d/buellton-one-acre-lot/7012500709.html,,2019-11-02,US,2019-11-21
$$$ for Samsung s9 s10 OnePlus MacBook iPhone, Nov 02, &excats=134-40&min_price=200000&max_price=1000000, California, Orange County, For Sale-Wanted, Wanted, https://orangecounty.craigslist.org/wan/d/santa-ana-for-samsung-s9-s10-oneplus/7012452723.html,,2019-11-02,US,2019-11-21
Plants for sale! Monstera Deliciosa Neon Philodendron Pilea Peperomia, Nov 02, &excats=134-40&min_price=200000&max_price=1000000, California, Orange County, For Sale-Wanted, Farm and Garden, https://orangecounty.craigslist.org/grd/d/santa-ana-plants-for-sale-monstera/7002083567.html,,2019-11-02,US,2019-11-21
2014 Entegra Cornerstone 600HP Diesel Pusher Motorhome RV, Nov 02, &excats=134-40&min_price=200000&max_price=1000000, California, Orange County, For Sale-Wanted, RVs, https://orangecounty.craigslist.org/rvd/d/grand-rapids-2014-entegra-cornerstone/7012122285.html,,2019-11-02,US,2019-11-21
2014 Entegra Cornerstone 600HP Diesel Pusher Motorhome RV, Nov 02, &excats=134-40&min_price=200000&max_price=1000000, California, Sacramento, For Sale-Wanted, RVs, https://sacramento.craigslist.org/rvd/d/grand-rapids-2014-entegra-cornerstone/7012114773.html,,2019-11-02,US,2019-11-21
2017 Ferrari 488 Spider, Nov 02, &excats=134-40&min_price=200000&max_price=1000000, California, San Diego, For Sale-Wanted, Cars And by Dealer, https://sandiego.craigslist.org/nsd/ctd/d/del-mar-2017-ferrari-488-spider/7012242674.html,,2019-11-02,US,2019-11-21
2017 Ferrari 488 GTB, Nov 02, &excats=134-40&min_price=200000&max_price=1000000, California, San Diego, For Sale-Wanted, Cars And by Dealer, https://sandiego.craigslist.org/nsd/ctd/d/del-mar-2017-ferrari-488-gtb/7012232746.html,,2019-11-02,US,2019-11-21
2014 Entegra Cornerstone 600HP Diesel Pusher Motorhome RV, Nov 02, &excats=134-40&min_price=200000&max_price=1000000, California, Santa Barbara, For Sale-Wanted, RVs, https://santabarbara.craigslist.org/rvd/d/grand-rapids-2014-entegra-cornerstone/7012130390.html,,2019-11-02,US,2019-11-21
1979 Pluckbaum 62 Baymaster, Nov 01, &excats=134-40&min_price=200000&max_price=1000000, Iowa, Dubuque, For Sale-Wanted, Boat Parts by Dealer, https://dubuque.craigslist.org/bod/d/dubuque-1979-pluckbaum-62-baymaster/7011396323.html,,2019-11-01,US,2019-11-21
2020 JEANNEAU NC 1095, Nov 01, &excats=134-40&min_price=200000&max_price=1000000, Washington, Bellingham, For Sale-Wanted, Boat Parts by Dealer, https://bellingham.craigslist.org/bod/d/blaine-2020-jeanneau-nc-1095/7011643612.html,,2019-11-01,US,2019-11-21
Looking to put 10000 down on contract, Nov 01, &excats=134-40&min_price=200000&max_price=1000000, Indiana, Bloomington, For Sale-Wanted, Wanted, https://bloomington.craigslist.org/wan/d/crawfordsville-looking-to-put-down-on/7011633116.html,Want,2019-11-01,US,2019-11-21
Single Family Home 4 Bed rooms 2.5 Bath rooms 2490sqft, Nov 01, &excats=134-40&min_price=200000&max_price=1000000, Georgia, Atlanta, For Sale-Wanted, General, https://atlanta.craigslist.org/atl/for/d/atlanta-single-family-home-4-bed-rooms/7011402399.html,,2019-11-01,US,2019-11-21
Beautiful 4 bedroom home As-Is, Nov 01, &excats=134-40&min_price=200000&max_price=1000000, Georgia, Atlanta, For Sale-Wanted, General, https://atlanta.craigslist.org/atl/for/d/dallas-beautiful-4-bedroom-home-as-is/7004624699.html,,2019-11-01,US,2019-11-21
2019 Newmar Dutch Star 4369 Triple Slide Class A Diesel RV, Nov 01, &excats=134-40&min_price=200000&max_price=1000000, Arizona, Phoenix, For Sale-Wanted, RVs, https://phoenix.craigslist.org/evl/rvd/d/mesa-2019-newmar-dutch-star-4369-triple/7011599835.html,,2019-11-01,US,2019-11-21
2015 Newmar Dutch Star 4002 Triple Slide Class A RV, Nov 01, &excats=134-40&min_price=200000&max_price=1000000, Arizona, Phoenix, For Sale-Wanted, RVs, https://phoenix.craigslist.org/evl/rvd/d/mesa-2015-newmar-dutch-star-4002-triple/7011564531.html,,2019-11-01,US,2019-11-21
2014 Winnebago Tour 42QD Triple Slide Class A Diesel RV, Nov 01, &excats=134-40&min_price=200000&max_price=1000000, Arizona, Phoenix, For Sale-Wanted, RVs, https://phoenix.craigslist.org/evl/rvd/d/mesa-2014-winnebago-tour-42qd-triple/7011560491.html,,2019-11-01,US,2019-11-21
2018 Tiffin Allegro Bus 37AP Quad Slide Class A Diesel RV, Nov 01, &excats=134-40&min_price=200000&max_price=1000000, Arizona, Phoenix, For Sale-Wanted, RVs, https://phoenix.craigslist.org/evl/rvd/d/mesa-2018-tiffin-allegro-bus-37ap-quad/7011542150.html,,2019-11-01,US,2019-11-21
2014 Winnebago Tour 42QD Triple Slide Class A Diesel RV, Nov 01, &excats=134-40&min_price=200000&max_price=1000000, Arizona, Phoenix, For Sale-Wanted, RVs, https://phoenix.craigslist.org/evl/rvd/d/mesa-2014-winnebago-tour-42qd-triple/7011560491.html,,2019-11-01,US,2019-11-21
2018 Tiffin Allegro Bus 37AP Quad Slide Class A Diesel RV, Nov 01, &excats=134-40&min_price=200000&max_price=1000000, Arizona, Phoenix, For Sale-Wanted, RVs, https://phoenix.craigslist.org/evl/rvd/d/mesa-2018-tiffin-allegro-bus-37ap-quad/7011542150.html,,2019-11-01,US,2019-11-21
Pursuit, Nov 01, &excats=134-40&min_price=200000&max_price=1000000, Florida, Jacksonville, For Sale-Wanted, Boat Parts, https://jacksonville.craigslist.org/bpo/d/miami-pursuit/7011570178.html,,2019-11-01,US,2019-11-21
NEW Overstock $240k Amazon Contractor Truckload, Nov 01, &excats=134-40&min_price=200000&max_price=1000000, Florida, Jacksonville, For Sale-Wanted, Materials, https://jacksonville.craigslist.org/mat/d/green-cove-springs-new-overstock-240k/7011324446.html,,2019-11-01,US,2019-11-21
Newmar Essex 2018, Nov 01, &excats=134-40&min_price=200000&max_price=1000000, Florida, Lakeland, For Sale-Wanted, RVs, https://lakeland.craigslist.org/rvs/d/polk-city-newmar-essex-2018/7011255358.html,,2019-11-01,US,2019-11-21
DO YOU OWN RENTALS, Nov 01, &excats=134-40&min_price=200000&max_price=1000000, Florida, Panama City, For Sale-Wanted, General, https://panamacity.craigslist.org/for/d/panama-city-do-you-own-rentals/7011391060.html,,2019-11-01,US,2019-11-21
NEW Overstock Amazon $240k Contractor Truckload, Nov 01, &excats=134-40&min_price=200000&max_price=1000000, Florida, St Augustine, For Sale-Wanted, Materials, https://staugustine.craigslist.org/mat/d/green-cove-springs-new-overstock-amazon/7011331823.html,,2019-11-01,US,2019-11-21
Home for Sale in Lakewood, Nov 01, &excats=134-40&min_price=200000&max_price=1000000, Colorado, Denver, For Sale-Wanted, General, https://denver.craigslist.org/for/d/denver-home-for-sale-in-lakewood/7011760009.html,,2019-11-01,US,2019-11-21
Prevost Triple Slide ESTATE SALE Motor Coach Motor Home, Nov 01, &excats=134-40&min_price=200000&max_price=1000000, Virginia, Eastern Shore, For Sale-Wanted, RVs, https://easternshore.craigslist.org/rvs/d/stevensville-prevost-triple-slide/7011854647.html,,2019-11-01,US,2019-11-21
Strong 2013 PHAETON, Nov 01, &excats=134-40&min_price=200000&max_price=1000000, Virginia, Richmond, For Sale-Wanted, RVs, https://richmond.craigslist.org/rvs/d/colonial-heights-strong-2013-phaeton/7011809414.html,,2019-11-01,US,2019-11-21
Townhome for Sale Near Short Pump Mall!!, Nov 01, &excats=134-40&min_price=200000&max_price=1000000, Virginia, Richmond, For Sale-Wanted, General, https://richmond.craigslist.org/for/d/henrico-townhome-for-sale-near-short/7011495965.html,,2019-11-01,US,2019-11-21
Prevost Triple Slide ESTATE SALE Motor Coach Motor Home, Nov 01, &excats=134-40&min_price=200000&max_price=1000000, Maryland, Eastern Shore, For Sale-Wanted, RVs, https://easternshore.craigslist.org/rvs/d/stevensville-prevost-triple-slide/7011854647.html,,2019-11-01,US,2019-11-21
PRICE REDUCED HOME FOR SALE WITH ACRES, Nov 01, &excats=134-40&min_price=200000&max_price=1000000, New Mexico, Las Cruces, For Sale-Wanted, General, https://lascruces.craigslist.org/for/d/caballo-price-reduced-home-for-sale/7011608132.html,,2019-11-01,US,2019-11-21
KBB  authorized purchace center, Nov 01, &excats=134-40&min_price=200000&max_price=1000000, Michigan, Flint, For Sale-Wanted, Wanted, https://flint.craigslist.org/wad/d/davison-kbb-authorized-purchace-center/7011303722.html,,2019-11-01,US,2019-11-21
$$ WE BUY ALL IPHONE X XR XS XS MAX$ BRAND NEW --WILL PAY TOP CASH $$$, Nov 01, &excats=134-40&min_price=200000&max_price=1000000, Louisiana, Baton Rouge, For Sale-Wanted, Wanted, https://batonrouge.craigslist.org/wad/d/baton-rouge-we-buy-all-iphone-xr-xs-xs/7011366959.html,,2019-11-01,US,2019-11-21
2017 Fleetwood Discovery 38k, Nov 01, &excats=134-40&min_price=200000&max_price=1000000, Louisiana, New Orleans, For Sale-Wanted, RVs, https://neworleans.craigslist.org/rvs/d/ama-2017-fleetwood-discovery-38k/6992587130.html,,2019-11-01,US,2019-11-21
Lake front lot with acreage for sale on Big Trout Lake- Whitefish Chai, Nov 01, &excats=134-40&min_price=200000&max_price=1000000, Minnesota, Brainerd, For Sale-Wanted, General, https://brainerd.craigslist.org/for/d/crosslake-lake-front-lot-with-acreage/7011591264.html,,2019-11-01,US,2019-11-21
Lake front lot with acreage for sale on Big Trout Lake- Whitefish Chai, Nov 01, &excats=134-40&min_price=200000&max_price=1000000, Minnesota, St Cloud, For Sale-Wanted, General, https://stcloud.craigslist.org/for/d/crosslake-lake-front-lot-with-acreage/7011590344.html,,2019-11-01,US,2019-11-21
Great family home! Safe quiet neighborhood close to police station in Ammon., Nov 01, &excats=134-40&min_price=200000&max_price=1000000, Idaho, East Idaho, For Sale-Wanted, General, https://eastidaho.craigslist.org/for/d/pocatello-great-family-home-safe-quiet/7011915579.html,,2019-11-01,US,2019-11-21
House for sale, Nov 01, &excats=134-40&min_price=200000&max_price=1000000, Pennsylvania, Philadelphia, For Sale-Wanted, General, https://philadelphia.craigslist.org/for/d/wynnewood-house-for-sale/7001784633.html,,2019-11-01,US,2019-11-21
****Metal wanted****, Nov 01, &excats=134-40&min_price=200000&max_price=1000000, Pennsylvania, Philadelphia, For Sale-Wanted, Wanted, https://philadelphia.craigslist.org/wan/d/metal-wanted/7011278927.html,Want,2019-11-01,US,2019-11-21
** I BUY $$ NEW or USED $$ iPHONE 11 PRO X XR XS MAX 8 8 PLUS iPAD MAC, Nov 01, &excats=134-40&min_price=200000&max_price=1000000, Texas, Austin, For Sale-Wanted, Wanted, https://austin.craigslist.org/wad/d/austin-buy-new-or-used-iphone-11-pro-xr/7011301370.html,,2019-11-01,US,2019-11-21
Buying IT Network Telecom Equipment Cisco Avaya Polycom Phone Switch, Nov 01, &excats=134-40&min_price=200000&max_price=1000000, Texas, Corpus Christi, For Sale-Wanted, Wanted, https://corpuschristi.craigslist.org/wan/d/corpus-christi-buying-it-network/7011730145.html,,2019-11-01,US,2019-11-21
Tags Titles Inspections or Mva problems, Nov 01, &excats=134-40&min_price=200000&max_price=1000000, District of Columbia, Washington, For Sale-Wanted, Cars And Trucks, https://washingtondc.craigslist.org/doc/cto/d/washington-tags-titles-inspections-or/7011334530.html,,2019-11-01,US,2019-11-21
Companion Pass / Buddy Pass, Nov 01, &excats=134-40&min_price=200000&max_price=1000000, Illinois, Chicago, For Sale-Wanted, General, https://chicago.craigslist.org/chc/fod/d/grand-island-companion-pass-buddy-pass/7011771544.html,,2019-11-01,US,2019-11-21
2017 MERCEDES BENZ G550 SQUARED 1-OWNER 38S G 550 G63 2018 2019 2016, Nov 01, &excats=134-40&min_price=200000&max_price=1000000, Oregon, Bend, For Sale-Wanted, Cars And by Dealer, https://bend.craigslist.org/ctd/d/portland-2017-mercedes-benz-g550/7011360499.html,,2019-11-01,US,2019-11-21
2017 MERCEDES BENZ G550 SQUARED 1-OWNER 38S G 550 G63 2018 2019 2016, Nov 01, &excats=134-40&min_price=200000&max_price=1000000, Oregon, Eugene, For Sale-Wanted, Cars And by Dealer, https://eugene.craigslist.org/ctd/d/portland-2017-mercedes-benz-g550/7011367204.html,,2019-11-01,US,2019-11-21
2017 MERCEDES BENZ G550 SQUARED 1-OWNER 38S G 550 G63 2018 2019 2016, Nov 01, &excats=134-40&min_price=200000&max_price=1000000, Oregon, Portland, For Sale-Wanted, Cars And by Dealer, https://portland.craigslist.org/mlt/ctd/d/portland-2017-mercedes-benz-g550/7011528036.html,,2019-11-01,US,2019-11-21
120 and 100 acres Osseo Fairchild for sale, Nov 01, &excats=134-40&min_price=200000&max_price=1000000, Wisconsin, Eau Claire, For Sale-Wanted, General, https://eauclaire.craigslist.org/for/d/fairchild-120-and-100-acres-osseo/7011249026.html,,2019-11-01,US,2019-11-21
2017 Honda Pilot Elite Edition AWD - Loaded local 1 owner!, Nov 01, &excats=134-40&min_price=200000&max_price=1000000, Wisconsin, Madison, For Sale-Wanted, Cars And by Dealer, https://madison.craigslist.org/ctd/d/new-glarus-2017-honda-pilot-elite/7011474423.html,,2019-11-01,US,2019-11-21
120 and 100 acre pieces Osseo Fairchild, Nov 01, &excats=134-40&min_price=200000&max_price=1000000, Wisconsin, Madison, For Sale-Wanted, General, https://madison.craigslist.org/for/d/fairchild-120-and-100-acre-pieces-osseo/7011248993.html,,2019-11-01,US,2019-11-21
Horse property lake front, Nov 01, &excats=134-40&min_price=200000&max_price=1000000, California, Bakersfield, For Sale-Wanted, Farm and Garden, https://bakersfield.craigslist.org/grd/d/shell-knob-horse-property-lake-front/7011865509.html,,2019-11-01,US,2019-11-21
WE PAY CASH FOR BRAND NEW AND USED SMARTPHONES !!!!!!, Nov 01, &excats=134-40&min_price=200000&max_price=1000000, California, Los Angeles, For Sale-Wanted, Wanted, https://losangeles.craigslist.org/lac/wad/d/los-angeles-we-pay-cash-for-brand-new/7011658001.html,,2019-11-01,US,2019-11-21
CASH FOR GOLD COIN  10K 14K 18K 24K CASH FOR SILVER COIN, Nov 01, &excats=134-40&min_price=200000&max_price=1000000, California, Orange County, For Sale-Wanted, Wanted, https://orangecounty.craigslist.org/wad/d/garden-grove-cash-for-gold-coin-10k-14k/7011701314.html,,2019-11-01,US,2019-11-21
2014 Newmar Ventana 4377, Nov 01, &excats=134-40&min_price=200000&max_price=1000000, California, San Diego, For Sale-Wanted, RVs, https://sandiego.craigslist.org/esd/rvs/d/santee-2014-newmar-ventana-4377/6992924726.html,,2019-11-01,US,2019-11-21
Bayliner 27&#39;, Nov 01, &excats=134-40&min_price=200000&max_price=1000000, California, Stockton, For Sale-Wanted, Boat Parts, https://stockton.craigslist.org/boa/d/stockton-bayliner-27/7010394364.html,,2019-11-01,US,2019-11-21
Hunting and Farm Land for Sale, Oct 31, &excats=134-40&min_price=200000&max_price=1000000, Indiana, Evansville, For Sale-Wanted, Farm and Garden, https://evansville.craigslist.org/grd/d/washington-hunting-and-farm-land-for/7010892755.html,,2019-10-31,US,2019-11-21
Kidrobot Collection, Oct 31, &excats=134-40&min_price=200000&max_price=1000000, Arizona, Phoenix, For Sale-Wanted, Collectibles, https://phoenix.craigslist.org/evl/clt/d/gilbert-kidrobot-collection/6996448316.html,,2019-10-31,US,2019-11-21
Fantastic Chandler Home for Sale, Oct 31, &excats=134-40&min_price=200000&max_price=1000000, Arizona, Phoenix, For Sale-Wanted, General, https://phoenix.craigslist.org/evl/for/d/chandler-fantastic-chandler-home-for/7011096381.html,,2019-10-31,US,2019-11-21
House for sale, Oct 31, &excats=134-40&min_price=200000&max_price=1000000, Arizona, Phoenix, For Sale-Wanted, General, https://phoenix.craigslist.org/nph/for/d/phoenix-house-for-sale/7010930854.html,,2019-10-31,US,2019-11-21
Cash for your home today!, Oct 31, &excats=134-40&min_price=200000&max_price=1000000, Arizona, Phoenix, For Sale-Wanted, Wanted, https://phoenix.craigslist.org/nph/wan/d/phoenix-cash-for-your-home-today/7010736890.html,,2019-10-31,US,2019-11-21
Kidrobot Collection, Oct 31, &excats=134-40&min_price=200000&max_price=1000000, Arizona, Phoenix, For Sale-Wanted, Collectibles, https://phoenix.craigslist.org/evl/clt/d/gilbert-kidrobot-collection/6996448316.html,,2019-10-31,US,2019-11-21
Fantastic Chandler Home for Sale, Oct 31, &excats=134-40&min_price=200000&max_price=1000000, Arizona, Phoenix, For Sale-Wanted, General, https://phoenix.craigslist.org/evl/for/d/chandler-fantastic-chandler-home-for/7011096381.html,,2019-10-31,US,2019-11-21
House for sale, Oct 31, &excats=134-40&min_price=200000&max_price=1000000, Arizona, Phoenix, For Sale-Wanted, General, https://phoenix.craigslist.org/nph/for/d/phoenix-house-for-sale/7010930854.html,,2019-10-31,US,2019-11-21
Cash for your home today!, Oct 31, &excats=134-40&min_price=200000&max_price=1000000, Arizona, Phoenix, For Sale-Wanted, Wanted, https://phoenix.craigslist.org/nph/wan/d/phoenix-cash-for-your-home-today/7010736890.html,,2019-10-31,US,2019-11-21
Financing as low as 10% down on Long Standing Auto Shop!, Oct 31, &excats=134-40&min_price=200000&max_price=1000000, Nevada, Las Vegas, For Sale-Wanted, Auto Parts by Owner, https://lasvegas.craigslist.org/pts/d/las-vegas-financing-as-low-as-10-down/7011216386.html,,2019-10-31,US,2019-11-21
Long Standing Auto Shop!, Oct 31, &excats=134-40&min_price=200000&max_price=1000000, Nevada, Las Vegas, For Sale-Wanted, Auto Parts by Owner, https://lasvegas.craigslist.org/pts/d/las-vegas-long-standing-auto-shop/7011216469.html,,2019-10-31,US,2019-11-21
house for sale, Oct 31, &excats=134-40&min_price=200000&max_price=1000000, Florida, Jacksonville, For Sale-Wanted, Farm and Garden, https://jacksonville.craigslist.org/grd/d/house-for-sale/7010942448.html,,2019-10-31,US,2019-11-21
Fenced Yard and Land Central Denver, Oct 31, &excats=134-40&min_price=200000&max_price=1000000, Colorado, Denver, For Sale-Wanted, General, https://denver.craigslist.org/for/d/englewood-fenced-yard-and-land-central/7010943276.html,,2019-10-31,US,2019-11-21
Brigestone Blizzak snow tires, Oct 31, &excats=134-40&min_price=200000&max_price=1000000, Colorado, Denver, For Sale-Wanted, NA, https://denver.craigslist.org/wto/d/denver-brigestone-blizzak-snow-tires/7010947294.html,,2019-10-31,US,2019-11-21
John Deere Backhoe, Oct 31, &excats=134-40&min_price=200000&max_price=1000000, Virginia, Eastern Shore, For Sale-Wanted, Heavy Equipment, https://easternshore.craigslist.org/hvo/d/salisbury-john-deere-backhoe/7010607708.html,,2019-10-31,US,2019-11-21
LAND /POND 75.78 acres, Oct 31, &excats=134-40&min_price=200000&max_price=1000000, Virginia, Fredericksburg, For Sale-Wanted, Farm and Garden, https://fredericksburg.craigslist.org/grd/d/partlow-land-pond-7578-acres/7010667472.html,,2019-10-31,US,2019-11-21
Angel investors for new venture., Oct 31, &excats=134-40&min_price=200000&max_price=1000000, Virginia, Richmond, For Sale-Wanted, Wanted, https://richmond.craigslist.org/wan/d/chester-angel-investors-for-new-venture/7011165666.html,,2019-10-31,US,2019-11-21
Fountaine Pajot Lucia 40 - 2017, Oct 31, &excats=134-40&min_price=200000&max_price=1000000, Maryland, Annapolis, For Sale-Wanted, Boat Parts, https://annapolis.craigslist.org/boa/d/charleston-fountaine-pajot-lucia/6994042068.html,,2019-10-31,US,2019-11-21
John Deere Backhoe, Oct 31, &excats=134-40&min_price=200000&max_price=1000000, Maryland, Eastern Shore, For Sale-Wanted, Heavy Equipment, https://easternshore.craigslist.org/hvo/d/salisbury-john-deere-backhoe/7010607708.html,,2019-10-31,US,2019-11-21
2008 45ft Holiday Rambler Navigator Caspian IV, Oct 31, &excats=134-40&min_price=200000&max_price=1000000, Ohio, Cincinnati, For Sale-Wanted, RVs, https://cincinnati.craigslist.org/rvs/d/patrick-afb-ft-holiday-rambler/7010719722.html,,2019-10-31,US,2019-11-21
2018 Lamborghini Huracan Performante, Oct 31, &excats=134-40&min_price=200000&max_price=1000000, Ohio, Columbus, For Sale-Wanted, Cars And by Dealer, https://columbus.craigslist.org/ctd/d/cuyahoga-falls-2018-lamborghini-huracan/7010835073.html,,2019-10-31,US,2019-11-21
4 bed 2.5 bath home for sale in Midland NC, Oct 31, &excats=134-40&min_price=200000&max_price=1000000, North Carolina, Charlotte, For Sale-Wanted, General, https://charlotte.craigslist.org/for/d/midland-4-bed-25-bath-home-for-sale-in/7006876652.html,,2019-10-31,US,2019-11-21
4600 Manitowoc, Oct 31, &excats=134-40&min_price=200000&max_price=1000000, Louisiana, Houma, For Sale-Wanted, Heavy Equipment, https://houma.craigslist.org/hvo/d/bourg-4600-manitowoc/7010647603.html,,2019-10-31,US,2019-11-21
House for sale Covington downtown, Oct 31, &excats=134-40&min_price=200000&max_price=1000000, Louisiana, New Orleans, For Sale-Wanted, General, https://neworleans.craigslist.org/for/d/covington-house-for-sale-covington/7011030822.html,,2019-10-31,US,2019-11-21
Home for sale by Tautphaus Park, Oct 31, &excats=134-40&min_price=200000&max_price=1000000, Idaho, East Idaho, For Sale-Wanted, General, https://eastidaho.craigslist.org/for/d/idaho-falls-home-for-sale-by-tautphaus/7011199893.html,,2019-10-31,US,2019-11-21
Ranch For Sale, Oct 31, &excats=134-40&min_price=200000&max_price=1000000, Idaho, East Idaho, For Sale-Wanted, Farm and Garden, https://eastidaho.craigslist.org/grd/d/leadore-ranch-for-sale/7011149569.html,,2019-10-31,US,2019-11-21
2017 Phoenix 920, Oct 31, &excats=134-40&min_price=200000&max_price=1000000, Tennessee, Chattanooga, For Sale-Wanted, Boat Parts, https://chattanooga.craigslist.org/boa/d/harrison-2017-phoenix-920/6996771942.html,,2019-10-31,US,2019-11-21
****Metal wanted****, Oct 31, &excats=134-40&min_price=200000&max_price=1000000, Pennsylvania, Philadelphia, For Sale-Wanted, Wanted, https://philadelphia.craigslist.org/wan/d/metal-wanted/7010656342.html,Want,2019-10-31,US,2019-11-21
Lubbock Duplex for Sale 6 bed/6 bath/2-2 car, Oct 31, &excats=134-40&min_price=200000&max_price=1000000, Texas, Amarillo, For Sale-Wanted, General, https://amarillo.craigslist.org/for/d/lubbock-lubbock-duplex-for-sale-6-bed-6/6999386749.html,,2019-10-31,US,2019-11-21
** I BUY $$ NEW or USED $$ iPHONE 11 PRO X XR XS MAX 8 8 PLUS iPAD MAC, Oct 31, &excats=134-40&min_price=200000&max_price=1000000, Texas, Austin, For Sale-Wanted, Wanted, https://austin.craigslist.org/wad/d/austin-buy-new-or-used-iphone-11-pro-xr/7010809220.html,,2019-10-31,US,2019-11-21
** I BUY $$ NEW or USED $$ iPHONE 11 PRO X XR XS MAX 8 8 PLUS iPAD MAC, Oct 31, &excats=134-40&min_price=200000&max_price=1000000, Texas, Austin, For Sale-Wanted, Wanted, https://austin.craigslist.org/wad/d/austin-buy-new-or-used-iphone-11-pro-xr/7010672817.html,,2019-10-31,US,2019-11-21
LOT 2 BATTLE RD REAR R32048, Oct 31, &excats=134-40&min_price=200000&max_price=1000000, Texas, Houston, For Sale-Wanted, General, https://houston.craigslist.org/for/d/kendleton-lot-2-battle-rd-rear-r32048/7011139923.html,,2019-10-31,US,2019-11-21
ARDCO K 4 X 4, Oct 31, &excats=134-40&min_price=200000&max_price=1000000, Texas, Houston, For Sale-Wanted, Heavy Equipment, https://houston.craigslist.org/hvo/d/lufkin-ardco-4-4/7011083496.html,,2019-10-31,US,2019-11-21
Ball pythons and racks for sale, Oct 31, &excats=134-40&min_price=200000&max_price=1000000, Texas, Houston, For Sale-Wanted, General, https://houston.craigslist.org/for/d/magnolia-ball-pythons-and-racks-for-sale/7010764854.html,,2019-10-31,US,2019-11-21
For sale, Oct 31, &excats=134-40&min_price=200000&max_price=1000000, Texas, Laredo, For Sale-Wanted, Appliance by Owner, https://laredo.craigslist.org/app/d/laredo-for-sale/7010910256.html,,2019-10-31,US,2019-11-21
Lubbock Duplex for Sale 6 bed/6 bath/2-2 car, Oct 31, &excats=134-40&min_price=200000&max_price=1000000, Texas, Lubbock, For Sale-Wanted, General, https://amarillo.craigslist.org/for/d/lubbock-lubbock-duplex-for-sale-6-bed-6/6999386749.html,,2019-10-31,US,2019-11-21
Jaw crusher, Oct 31, &excats=134-40&min_price=200000&max_price=1000000, Missouri, St Louis, For Sale-Wanted, Heavy Equipment, https://stlouis.craigslist.org/hvo/d/east-alton-jaw-crusher/7011152848.html,,2019-10-31,US,2019-11-21
Purchase a Business, Oct 31, &excats=134-40&min_price=200000&max_price=1000000, Missouri, St Louis, For Sale-Wanted, Wanted, https://stlouis.craigslist.org/wan/d/saint-louis-purchase-business/7010742363.html,,2019-10-31,US,2019-11-21
****ART WANTED***TOP DOLLAR***, Oct 31, &excats=134-40&min_price=200000&max_price=1000000, District of Columbia, Washington, For Sale-Wanted, Wanted, https://washingtondc.craigslist.org/mld/wad/d/rockville-art-wantedtop-dollar/7010986094.html,Want,2019-10-31,US,2019-11-21
Tiffin Allegro 45 2013 Class A motor home, Oct 31, &excats=134-40&min_price=200000&max_price=1000000, Illinois, Chicago, For Sale-Wanted, RVs, https://chicago.craigslist.org/nwc/rvs/d/elgin-tiffin-allegro-class-motor-home/7010751092.html,,2019-10-31,US,2019-11-21
Rabbit Hunting Land iso, Oct 31, &excats=134-40&min_price=200000&max_price=1000000, Oregon, East Oregon, For Sale-Wanted, Wanted, https://eastoregon.craigslist.org/wan/d/burns-rabbit-hunting-land-iso/7011224334.html,,2019-10-31,US,2019-11-21
Vacant Commercial Land, Oct 31, &excats=134-40&min_price=200000&max_price=1000000, New York, Buffalo, For Sale-Wanted, General, https://buffalo.craigslist.org/for/d/yorkshire-vacant-commercial-land/7010933077.html,,2019-10-31,US,2019-11-21
2015 Thor Majestic, Oct 31, &excats=134-40&min_price=200000&max_price=1000000, California, Chico, For Sale-Wanted, RVs, https://chico.craigslist.org/rvd/d/newark-2015-thor-majestic/7010873121.html,,2019-10-31,US,2019-11-21
Custom-Built GOLF CART, Oct 31, &excats=134-40&min_price=200000&max_price=1000000, California, Chico, For Sale-Wanted, NA, https://redding.craigslist.org/wto/d/chico-custom-built-golf-cart/7011206197.html,,2019-10-31,US,2019-11-21
2020 Brazos End dump trailer  FINANCING AVAILABLE, Oct 31, &excats=134-40&min_price=200000&max_price=1000000, California, Inland Empire, For Sale-Wanted, NA, https://inlandempire.craigslist.org/trb/d/commerce-city-2020-brazos-end-dump/7010921917.html,,2019-10-31,US,2019-11-21
2012 Itasca Ellipse 42QD, Oct 31, &excats=134-40&min_price=200000&max_price=1000000, California, Inland Empire, For Sale-Wanted, RVs, https://inlandempire.craigslist.org/rvs/d/aguanga-2012-itasca-ellipse-42qd/7010836439.html,,2019-10-31,US,2019-11-21
2018 Ferrari GTC4Lusso - Perfect Condition, Oct 31, &excats=134-40&min_price=200000&max_price=1000000, California, Los Angeles, For Sale-Wanted, Cars And Trucks, https://losangeles.craigslist.org/lac/cto/d/los-angeles-2018-ferrari-gtc4lusso/7011153882.html,,2019-10-31,US,2019-11-21
1951 Mercury Custom Award Winning Restomod. Art Morrison Chassis., Oct 31, &excats=134-40&min_price=200000&max_price=1000000, California, Los Angeles, For Sale-Wanted, Cars And by Dealer, https://losangeles.craigslist.org/sfv/ctd/d/rancho-cordova-1951-mercury-custom/7011068402.html,,2019-10-31,US,2019-11-21
Cash and FREE Pickups for Unused Test Strips, Oct 31, &excats=134-40&min_price=200000&max_price=1000000, California, Los Angeles, For Sale-Wanted, Wanted, https://losangeles.craigslist.org/wst/wad/d/santa-monica-cash-and-free-pickups-for/7010947811.html,,2019-10-31,US,2019-11-21
Pomona Home For Sale, Oct 31, &excats=134-40&min_price=200000&max_price=1000000, California, Los Angeles, For Sale-Wanted, General, https://losangeles.craigslist.org/sgv/fod/d/pomona-pomona-home-for-sale/7010864978.html,,2019-10-31,US,2019-11-21
Houseboat for sale, Oct 31, &excats=134-40&min_price=200000&max_price=1000000, California, Modesto, For Sale-Wanted, Boat Parts, https://modesto.craigslist.org/boa/d/modesto-houseboat-for-sale/7000796990.html,,2019-10-31,US,2019-11-21
2b/1b 907sqft Brea Country Condo, Oct 31, &excats=134-40&min_price=200000&max_price=1000000, California, Orange County, For Sale-Wanted, General, https://orangecounty.craigslist.org/for/d/fullerton-2b-1b-907sqft-brea-country/6995978382.html,,2019-10-31,US,2019-11-21
Forklift Buyers $$ Cash $ Trucks  heavy equipment buyer, Oct 31, &excats=134-40&min_price=200000&max_price=1000000, California, Orange County, For Sale-Wanted, Wanted, https://orangecounty.craigslist.org/wan/d/anaheim-forklift-buyers-cash-trucks/6990745901.html,,2019-10-31,US,2019-11-21
Custom-Built GOLF CART, Oct 31, &excats=134-40&min_price=200000&max_price=1000000, California, Redding, For Sale-Wanted, NA, https://redding.craigslist.org/wto/d/chico-custom-built-golf-cart/7011206197.html,,2019-10-31,US,2019-11-21
Waukee Home For Sale, Oct 30, &excats=134-40&min_price=200000&max_price=1000000, Iowa, Des Moines, For Sale-Wanted, General, https://desmoines.craigslist.org/for/d/waukee-waukee-home-for-sale/7010225917.html,,2019-10-30,US,2019-11-21
Want to buy your Comic Books / Collections, Oct 30, &excats=134-40&min_price=200000&max_price=1000000, Georgia, Atlanta, For Sale-Wanted, Wanted, https://atlanta.craigslist.org/nat/wan/d/lawrenceville-want-to-buy-your-comic/7010323445.html,Want,2019-10-30,US,2019-11-21
2004 Carver 460 Voyager, Oct 30, &excats=134-40&min_price=200000&max_price=1000000, Georgia, Atlanta, For Sale-Wanted, Boat Parts by Dealer, https://atlanta.craigslist.org/atl/bod/d/wilmington-2004-carver-460-voyager/7010233816.html,,2019-10-30,US,2019-11-21
2004 Carver 460 Voyager, Oct 30, &excats=134-40&min_price=200000&max_price=1000000, South Carolina, Charleston, For Sale-Wanted, Boat Parts by Dealer, https://charleston.craigslist.org/bod/d/wilmington-2004-carver-460-voyager/7010226346.html,,2019-10-30,US,2019-11-21
2004 Carver 460 Voyager, Oct 30, &excats=134-40&min_price=200000&max_price=1000000, South Carolina, Columbia, For Sale-Wanted, Boat Parts by Dealer, https://columbia.craigslist.org/bod/d/wilmington-2004-carver-460-voyager/7010233914.html,,2019-10-30,US,2019-11-21
2004 Carver 460 Voyager, Oct 30, &excats=134-40&min_price=200000&max_price=1000000, South Carolina, Florence, For Sale-Wanted, Boat Parts by Dealer, https://florencesc.craigslist.org/bod/d/wilmington-2004-carver-460-voyager/7010234177.html,,2019-10-30,US,2019-11-21
2004 Carver 460 Voyager, Oct 30, &excats=134-40&min_price=200000&max_price=1000000, South Carolina, Hilton Head, For Sale-Wanted, Boat Parts by Dealer, https://hiltonhead.craigslist.org/bod/d/wilmington-2004-carver-460-voyager/7010226639.html,,2019-10-30,US,2019-11-21
2004 Carver 460 Voyager, Oct 30, &excats=134-40&min_price=200000&max_price=1000000, South Carolina, Myrtle Beach, For Sale-Wanted, Boat Parts by Dealer, https://myrtlebeach.craigslist.org/bod/d/wilmington-2004-carver-460-voyager/7010226507.html,,2019-10-30,US,2019-11-21
2019 Glasstream 360 SCX Center Console Cabin Triple Mercury 350 XL Ver, Oct 30, &excats=134-40&min_price=200000&max_price=1000000, South Carolina, Myrtle Beach, For Sale-Wanted, Boat Parts by Dealer, https://myrtlebeach.craigslist.org/bod/d/richmond-2019-glasstream-360-scx-center/7010123307.html,,2019-10-30,US,2019-11-21
2016 Boston Whaler 420 Outrage, Oct 30, &excats=134-40&min_price=200000&max_price=1000000, Massachusetts, Boston, For Sale-Wanted, Boat Parts by Dealer, https://boston.craigslist.org/gbs/bod/d/quincy-2016-boston-whaler-420-outrage/7010073864.html,,2019-10-30,US,2019-11-21
2018 Boston Whaler 285 Conquest, Oct 30, &excats=134-40&min_price=200000&max_price=1000000, Massachusetts, Boston, For Sale-Wanted, Boat Parts by Dealer, https://boston.craigslist.org/gbs/bod/d/quincy-2018-boston-whaler-285-conquest/7010061739.html,,2019-10-30,US,2019-11-21
3/2 65k Equity Remodel Needed! Cash Only, Oct 30, &excats=134-40&min_price=200000&max_price=1000000, Arizona, Phoenix, For Sale-Wanted, General, https://phoenix.craigslist.org/nph/for/d/phoenix-k-equity-remodel-needed-cash/7010459796.html,Want,2019-10-30,US,2019-11-21
House for Sale 4BD/2 Bth/1980 SqF, Oct 30, &excats=134-40&min_price=200000&max_price=1000000, Arizona, Phoenix, For Sale-Wanted, Household, https://phoenix.craigslist.org/wvl/hsd/d/phoenix-house-for-sale-4bd-2-bth-1980/7010382262.html,,2019-10-30,US,2019-11-21
2020 FOREST RIVER Berkshire 39A, Oct 30, &excats=134-40&min_price=200000&max_price=1000000, Arizona, Phoenix, For Sale-Wanted, RVs, https://phoenix.craigslist.org/cph/rvd/d/phoenix-2020-forest-river-berkshire-39a/7010367223.html,,2019-10-30,US,2019-11-21
2020 FOREST RIVER 40E, Oct 30, &excats=134-40&min_price=200000&max_price=1000000, Arizona, Phoenix, For Sale-Wanted, RVs, https://phoenix.craigslist.org/cph/rvd/d/phoenix-2020-forest-river-40e/7010346722.html,,2019-10-30,US,2019-11-21
2018 Tiffin Allegro Bus 37AP Quad Slide Class A Diesel RV, Oct 30, &excats=134-40&min_price=200000&max_price=1000000, Arizona, Phoenix, For Sale-Wanted, RVs, https://phoenix.craigslist.org/evl/rvd/d/mesa-2018-tiffin-allegro-bus-37ap-quad/7010230820.html,,2019-10-30,US,2019-11-21
2015 Newmar Dutch Star 4002 Triple Slide Class A RV, Oct 30, &excats=134-40&min_price=200000&max_price=1000000, Arizona, Phoenix, For Sale-Wanted, RVs, https://phoenix.craigslist.org/evl/rvd/d/mesa-2015-newmar-dutch-star-4002-triple/7010140579.html,,2019-10-30,US,2019-11-21
2014 Winnebago Tour 42QD Triple Slide Class A Diesel RV, Oct 30, &excats=134-40&min_price=200000&max_price=1000000, Arizona, Phoenix, For Sale-Wanted, RVs, https://phoenix.craigslist.org/evl/rvd/d/mesa-2014-winnebago-tour-42qd-triple/7010133702.html,,2019-10-30,US,2019-11-21
3/2 65k Equity Remodel Needed! Cash Only, Oct 30, &excats=134-40&min_price=200000&max_price=1000000, Arizona, Phoenix, For Sale-Wanted, General, https://phoenix.craigslist.org/nph/for/d/phoenix-k-equity-remodel-needed-cash/7010459796.html,Want,2019-10-30,US,2019-11-21
House for Sale 4BD/2 Bth/1980 SqF, Oct 30, &excats=134-40&min_price=200000&max_price=1000000, Arizona, Phoenix, For Sale-Wanted, Household, https://phoenix.craigslist.org/wvl/hsd/d/phoenix-house-for-sale-4bd-2-bth-1980/7010382262.html,,2019-10-30,US,2019-11-21
2020 FOREST RIVER Berkshire 39A, Oct 30, &excats=134-40&min_price=200000&max_price=1000000, Arizona, Phoenix, For Sale-Wanted, RVs, https://phoenix.craigslist.org/cph/rvd/d/phoenix-2020-forest-river-berkshire-39a/7010367223.html,,2019-10-30,US,2019-11-21
2020 FOREST RIVER 40E, Oct 30, &excats=134-40&min_price=200000&max_price=1000000, Arizona, Phoenix, For Sale-Wanted, RVs, https://phoenix.craigslist.org/cph/rvd/d/phoenix-2020-forest-river-40e/7010346722.html,,2019-10-30,US,2019-11-21
2018 Tiffin Allegro Bus 37AP Quad Slide Class A Diesel RV, Oct 30, &excats=134-40&min_price=200000&max_price=1000000, Arizona, Phoenix, For Sale-Wanted, RVs, https://phoenix.craigslist.org/evl/rvd/d/mesa-2018-tiffin-allegro-bus-37ap-quad/7010230820.html,,2019-10-30,US,2019-11-21
2015 Newmar Dutch Star 4002 Triple Slide Class A RV, Oct 30, &excats=134-40&min_price=200000&max_price=1000000, Arizona, Phoenix, For Sale-Wanted, RVs, https://phoenix.craigslist.org/evl/rvd/d/mesa-2015-newmar-dutch-star-4002-triple/7010140579.html,,2019-10-30,US,2019-11-21
2014 Winnebago Tour 42QD Triple Slide Class A Diesel RV, Oct 30, &excats=134-40&min_price=200000&max_price=1000000, Arizona, Phoenix, For Sale-Wanted, RVs, https://phoenix.craigslist.org/evl/rvd/d/mesa-2014-winnebago-tour-42qd-triple/7010133702.html,,2019-10-30,US,2019-11-21
2020 FOREST RIVER Berkshire 39A, Oct 30, &excats=134-40&min_price=200000&max_price=1000000, Nevada, Las Vegas, For Sale-Wanted, RVs, https://lasvegas.craigslist.org/rvd/d/phoenix-2020-forest-river-berkshire-39a/7010371433.html,,2019-10-30,US,2019-11-21
2020 FOREST RIVER 40E, Oct 30, &excats=134-40&min_price=200000&max_price=1000000, Nevada, Las Vegas, For Sale-Wanted, RVs, https://lasvegas.craigslist.org/rvd/d/phoenix-2020-forest-river-40e/7010359146.html,,2019-10-30,US,2019-11-21
2017 Boston Whaler 315 Conquest - LIKE NEW, Oct 30, &excats=134-40&min_price=200000&max_price=1000000, Florida, Jacksonville, For Sale-Wanted, Boat Parts by Dealer, https://jacksonville.craigslist.org/bod/d/port-salerno-2017-boston-whaler-315/7010415336.html,,2019-10-30,US,2019-11-21
2004 Carver 460 Voyager, Oct 30, &excats=134-40&min_price=200000&max_price=1000000, Florida, Jacksonville, For Sale-Wanted, Boat Parts by Dealer, https://jacksonville.craigslist.org/bod/d/wilmington-2004-carver-460-voyager/7010225536.html,,2019-10-30,US,2019-11-21
2019 Glasstream 360 SCX Center Console Cabin Triple Mercury 350 XL Ver, Oct 30, &excats=134-40&min_price=200000&max_price=1000000, Florida, Jacksonville, For Sale-Wanted, Boat Parts by Dealer, https://jacksonville.craigslist.org/bod/d/richmond-2019-glasstream-360-scx-center/7010094700.html,,2019-10-30,US,2019-11-21
Hunting Retreat, Oct 30, &excats=134-40&min_price=200000&max_price=1000000, Florida, Jacksonville, For Sale-Wanted, Farm and Garden, https://jacksonville.craigslist.org/grd/d/hunting-retreat/7009992672.html,,2019-10-30,US,2019-11-21
FOR SALE-2015 Motorhome American Coach Tradition, Oct 30, &excats=134-40&min_price=200000&max_price=1000000, Florida, Orlando, For Sale-Wanted, RVs, https://orlando.craigslist.org/rvs/d/cocoa-for-sale-2015-motorhome-american/7010556947.html,,2019-10-30,US,2019-11-21
2004 Carver 460 Voyager, Oct 30, &excats=134-40&min_price=200000&max_price=1000000, Florida, Orlando, For Sale-Wanted, Boat Parts by Dealer, https://orlando.craigslist.org/bod/d/wilmington-2004-carver-460-voyager/7010232678.html,,2019-10-30,US,2019-11-21
Barrington Park Condo 3/2 Loft Solarium 1-car large garage, Oct 30, &excats=134-40&min_price=200000&max_price=1000000, Florida, Tallahassee, For Sale-Wanted, General, https://tallahassee.craigslist.org/for/d/tallahassee-barrington-park-condo-3-2/7010173865.html,,2019-10-30,US,2019-11-21
Decatur County Property, Oct 30, &excats=134-40&min_price=200000&max_price=1000000, Florida, Tallahassee, For Sale-Wanted, General, https://tallahassee.craigslist.org/for/d/decatur-county-property/7009991546.html,,2019-10-30,US,2019-11-21
House and 7.89 Acres  for sale, Oct 30, &excats=134-40&min_price=200000&max_price=1000000, Kentucky, Lexington, For Sale-Wanted, Farm and Garden, https://lexington.craigslist.org/grd/d/nicholasville-house-and-789-acres-for/6996947557.html,,2019-10-30,US,2019-11-21
2004 Carver 460 Voyager, Oct 30, &excats=134-40&min_price=200000&max_price=1000000, Virginia, Fredericksburg, For Sale-Wanted, Boat Parts by Dealer, https://fredericksburg.craigslist.org/bod/d/wilmington-2004-carver-460-voyager/7010227284.html,,2019-10-30,US,2019-11-21
Want to buy your comic book collections, Oct 30, &excats=134-40&min_price=200000&max_price=1000000, Virginia, Richmond, For Sale-Wanted, Books, https://richmond.craigslist.org/bks/d/richmond-want-to-buy-your-comic-book/7010259204.html,Want,2019-10-30,US,2019-11-21
2004 Carver 460 Voyager, Oct 30, &excats=134-40&min_price=200000&max_price=1000000, Maine, Maine, For Sale-Wanted, Boat Parts by Dealer, https://maine.craigslist.org/bod/d/wilmington-2004-carver-460-voyager/7010231446.html,,2019-10-30,US,2019-11-21
2004 Carver 460 Voyager, Oct 30, &excats=134-40&min_price=200000&max_price=1000000, Maryland, Annapolis, For Sale-Wanted, Boat Parts by Dealer, https://annapolis.craigslist.org/bod/d/wilmington-2004-carver-460-voyager/7010227729.html,,2019-10-30,US,2019-11-21
2004 Carver 460 Voyager, Oct 30, &excats=134-40&min_price=200000&max_price=1000000, Maryland, Baltimore, For Sale-Wanted, Boat Parts by Dealer, https://baltimore.craigslist.org/bod/d/wilmington-2004-carver-460-voyager/7010228036.html,,2019-10-30,US,2019-11-21
2004 Carver 460 Voyager, Oct 30, &excats=134-40&min_price=200000&max_price=1000000, Maryland, Frederick, For Sale-Wanted, Boat Parts by Dealer, https://frederick.craigslist.org/bod/d/wilmington-2004-carver-460-voyager/7010228131.html,,2019-10-30,US,2019-11-21
2020 FOREST RIVER Berkshire 39A, Oct 30, &excats=134-40&min_price=200000&max_price=1000000, New Mexico, Albuquerque, For Sale-Wanted, RVs, https://albuquerque.craigslist.org/rvd/d/phoenix-2020-forest-river-berkshire-39a/7010370908.html,,2019-10-30,US,2019-11-21
2018 Newmar Ventana 3709, Oct 30, &excats=134-40&min_price=200000&max_price=1000000, Michigan, Grand Rapids, For Sale-Wanted, RVs, https://grandrapids.craigslist.org/rvd/d/grand-rapids-2018-newmar-ventana-3709/7010015421.html,,2019-10-30,US,2019-11-21
40 Acres, Oct 30, &excats=134-40&min_price=200000&max_price=1000000, Michigan, Port Huron, For Sale-Wanted, Farm and Garden, https://porthuron.craigslist.org/grd/d/cass-city-40-acres/7010101459.html,,2019-10-30,US,2019-11-21
2017 Kenworth and Rosa trailer, Oct 30, &excats=134-40&min_price=200000&max_price=1000000, Ohio, Youngstown, For Sale-Wanted, Heavy Equipment, https://youngstown.craigslist.org/hvo/d/olean-2017-kenworth-and-rosa-trailer/6996846577.html,,2019-10-30,US,2019-11-21
2004 Carver 460 Voyager, Oct 30, &excats=134-40&min_price=200000&max_price=1000000, North Carolina, Charlotte, For Sale-Wanted, Boat Parts by Dealer, https://charlotte.craigslist.org/bod/d/wilmington-2004-carver-460-voyager/7010235244.html,,2019-10-30,US,2019-11-21
KUBOTA M5 TRACTOR 2018 RED, Oct 30, &excats=134-40&min_price=200000&max_price=1000000, North Carolina, Fayetteville, For Sale-Wanted, Heavy Equipment, https://fayetteville.craigslist.org/hvo/d/fayetteville-kubota-m5-tractor-2018-red/7010052874.html,,2019-10-30,US,2019-11-21
2004 Carver 460 Voyager, Oct 30, &excats=134-40&min_price=200000&max_price=1000000, North Carolina, Wilmington, For Sale-Wanted, Boat Parts by Dealer, https://wilmington.craigslist.org/bod/d/wilmington-2004-carver-460-voyager/7010226793.html,,2019-10-30,US,2019-11-21
2004 Carver 460 Voyager, Oct 30, &excats=134-40&min_price=200000&max_price=1000000, North Carolina, Wilmington, For Sale-Wanted, Boat Parts by Dealer, https://myrtlebeach.craigslist.org/bod/d/wilmington-2004-carver-460-voyager/7010226507.html,,2019-10-30,US,2019-11-21
2004 Carver 460 Voyager, Oct 30, &excats=134-40&min_price=200000&max_price=1000000, North Carolina, Wilmington, For Sale-Wanted, Boat Parts by Dealer, https://eastnc.craigslist.org/bod/d/wilmington-2004-carver-460-voyager/7010227155.html,,2019-10-30,US,2019-11-21
2004 Carver 460 Voyager, Oct 30, &excats=134-40&min_price=200000&max_price=1000000, North Carolina, Wilmington, For Sale-Wanted, Boat Parts by Dealer, https://florencesc.craigslist.org/bod/d/wilmington-2004-carver-460-voyager/7010234177.html,,2019-10-30,US,2019-11-21
2004 Carver 460 Voyager, Oct 30, &excats=134-40&min_price=200000&max_price=1000000, North Carolina, Wilmington, For Sale-Wanted, Boat Parts by Dealer, https://raleigh.craigslist.org/bod/d/wilmington-2004-carver-460-voyager/7010227010.html,,2019-10-30,US,2019-11-21
2004 Carver 460 Voyager, Oct 30, &excats=134-40&min_price=200000&max_price=1000000, Louisiana, New Orleans, For Sale-Wanted, Boat Parts by Dealer, https://neworleans.craigslist.org/bod/d/wilmington-2004-carver-460-voyager/7010231773.html,,2019-10-30,US,2019-11-21
Bond for deed Owner finance 0% interest $250000, Oct 30, &excats=134-40&min_price=200000&max_price=1000000, Louisiana, New Orleans, For Sale-Wanted, General, https://neworleans.craigslist.org/for/d/bond-for-deed-owner-finance-0-interest/6992341763.html,,2019-10-30,US,2019-11-21
2020 FOREST RIVER Berkshire 39A, Oct 30, &excats=134-40&min_price=200000&max_price=1000000, Utah, Salt Lake City, For Sale-Wanted, RVs, https://saltlakecity.craigslist.org/rvd/d/phoenix-2020-forest-river-berkshire-39a/7010372179.html,,2019-10-30,US,2019-11-21
2020 FOREST RIVER 40E, Oct 30, &excats=134-40&min_price=200000&max_price=1000000, Utah, Salt Lake City, For Sale-Wanted, RVs, https://saltlakecity.craigslist.org/rvd/d/phoenix-2020-forest-river-40e/7010361272.html,,2019-10-30,US,2019-11-21
1969 Mustang Boss 429 KK True Survivor been in museum for yrs, Oct 30, &excats=134-40&min_price=200000&max_price=1000000, Oklahoma, Oklahoma City, For Sale-Wanted, Cars And by Dealer, https://oklahomacity.craigslist.org/ctd/d/mustang-1969-mustang-boss-429-kk-true/7009932729.html,,2019-10-30,US,2019-11-21
1970 plymouth hemi cuda 4-speedunrestored with 36000 miles, Oct 30, &excats=134-40&min_price=200000&max_price=1000000, Oklahoma, Oklahoma City, For Sale-Wanted, Cars And by Dealer, https://oklahomacity.craigslist.org/ctd/d/mustang-1970-plymouth-hemi-cuda-4/7009930639.html,,2019-10-30,US,2019-11-21
306.24- ACRES HUNTING LAND, Oct 30, &excats=134-40&min_price=200000&max_price=1000000, Oklahoma, Tulsa, For Sale-Wanted, General, https://tulsa.craigslist.org/for/d/oaks-acres-hunting-land/7010292842.html,,2019-10-30,US,2019-11-21
306.24- ACRES HUNTING LAND, Oct 30, &excats=134-40&min_price=200000&max_price=1000000, Oklahoma, Tulsa, For Sale-Wanted, General, https://tulsa.craigslist.org/for/d/oaks-acres-hunting-land/7010285304.html,,2019-10-30,US,2019-11-21
Land for Sale, Oct 30, &excats=134-40&min_price=200000&max_price=1000000, Tennessee, Jackson, For Sale-Wanted, Farm and Garden, https://jacksontn.craigslist.org/grd/d/hazel-land-for-sale/7010083418.html,,2019-10-30,US,2019-11-21
UPDATE! Parts & Project Cars & Trucks 1920&#39;s-80&#39;s 100&#39;s of Cars, Oct 30, &excats=134-40&min_price=200000&max_price=1000000, Tennessee, Memphis, For Sale-Wanted, Auto Parts by Dealer, https://memphis.craigslist.org/ptd/d/great-bend-update-parts-project-cars/7010576508.html,,2019-10-30,US,2019-11-21
Land for Sale, Oct 30, &excats=134-40&min_price=200000&max_price=1000000, Tennessee, Nashville, For Sale-Wanted, General, https://nashville.craigslist.org/for/d/hazel-land-for-sale/7010093208.html,,2019-10-30,US,2019-11-21
Jesse James 1875 Autograph, Oct 30, &excats=134-40&min_price=200000&max_price=1000000, Alabama, Birmingham, For Sale-Wanted, Collectibles, https://bham.craigslist.org/clt/d/birmingham-jesse-james-1875-autograph/7010384961.html,,2019-10-30,US,2019-11-21
2004 Carver 460 Voyager, Oct 30, &excats=134-40&min_price=200000&max_price=1000000, Alabama, Mobile, For Sale-Wanted, Boat Parts by Dealer, https://mobile.craigslist.org/bod/d/wilmington-2004-carver-460-voyager/7010231598.html,,2019-10-30,US,2019-11-21
UPDATE! Parts & Project Cars & Trucks 1920&#39;s-80&#39;s 100&#39;s of Cars, Oct 30, &excats=134-40&min_price=200000&max_price=1000000, Pennsylvania, Meadville, For Sale-Wanted, Auto Parts by Dealer, https://meadville.craigslist.org/ptd/d/great-bend-update-parts-project-cars/7010573500.html,,2019-10-30,US,2019-11-21
2004 Carver 460 Voyager, Oct 30, &excats=134-40&min_price=200000&max_price=1000000, Pennsylvania, Philadelphia, For Sale-Wanted, Boat Parts by Dealer, https://philadelphia.craigslist.org/bod/d/wilmington-2004-carver-460-voyager/7010230823.html,,2019-10-30,US,2019-11-21
****Metal wanted****, Oct 30, &excats=134-40&min_price=200000&max_price=1000000, Pennsylvania, Philadelphia, For Sale-Wanted, Wanted, https://philadelphia.craigslist.org/wan/d/metal-wanted/7009974190.html,Want,2019-10-30,US,2019-11-21
Live edge wood slabs sawmill materials all sterilized kiln dried!!!!, Oct 30, &excats=134-40&min_price=200000&max_price=1000000, Pennsylvania, Philadelphia, For Sale-Wanted, Materials, https://philadelphia.craigslist.org/mat/d/aquashicola-live-edge-wood-slabs/6993753409.html,,2019-10-30,US,2019-11-21
2004 Carver 460 Voyager, Oct 30, &excats=134-40&min_price=200000&max_price=1000000, Pennsylvania, Pittsburgh, For Sale-Wanted, Boat Parts by Dealer, https://pittsburgh.craigslist.org/bod/d/wilmington-2004-carver-460-voyager/7010231016.html,,2019-10-30,US,2019-11-21
2011 Essex 4524 By Newmar 500HP Cummins EXCELLENT CONDITION, Oct 30, &excats=134-40&min_price=200000&max_price=1000000, Texas, Abilene, For Sale-Wanted, Wanted, https://abilene.craigslist.org/wad/d/kansas-city-2011-essex-4524-by-newmar/7010470347.html,,2019-10-30,US,2019-11-21
athens, Oct 30, &excats=134-40&min_price=200000&max_price=1000000, Texas, Abilene, For Sale-Wanted, Boat Parts by Dealer, https://abilene.craigslist.org/bod/d/wilmington-athens/7010234023.html,,2019-10-30,US,2019-11-21
$$ I BUY $$ NEW or USED $$ iPHONE 11 PRO X XR XS MAX 8 8 PLUS iPAD MAC, Oct 30, &excats=134-40&min_price=200000&max_price=1000000, Texas, Austin, For Sale-Wanted, Wanted, https://austin.craigslist.org/wad/d/austin-buy-new-or-used-iphone-11-pro-xr/7010051788.html,,2019-10-30,US,2019-11-21
GET TOP DOLLAR FAST FOR YOUR NEW OR USED TEST AND MEDICAL EQUIPMENT, Oct 30, &excats=134-40&min_price=200000&max_price=1000000, Texas, Austin, For Sale-Wanted, Wanted, https://austin.craigslist.org/wad/d/round-rock-get-top-dollar-fast-for-your/7010016575.html,,2019-10-30,US,2019-11-21
Mobile home Dishwasher & 4Ton, Oct 30, &excats=134-40&min_price=200000&max_price=1000000, Texas, Corpus Christi, For Sale-Wanted, Appliance by Owner, https://corpuschristi.craigslist.org/app/d/premont-mobile-home-dishwasher-4ton/7010305788.html,,2019-10-30,US,2019-11-21
2004 Carver 460 Voyager, Oct 30, &excats=134-40&min_price=200000&max_price=1000000, Texas, Corpus Christi, For Sale-Wanted, Boat Parts by Dealer, https://corpuschristi.craigslist.org/bod/d/wilmington-2004-carver-460-voyager/7010232306.html,,2019-10-30,US,2019-11-21
2004 Carver 460 Voyager, Oct 30, &excats=134-40&min_price=200000&max_price=1000000, Texas, Galveston, For Sale-Wanted, Boat Parts by Dealer, https://galveston.craigslist.org/bod/d/wilmington-2004-carver-460-voyager/7010232105.html,,2019-10-30,US,2019-11-21
2004 Carver 460 Voyager, Oct 30, &excats=134-40&min_price=200000&max_price=1000000, Texas, Houston, For Sale-Wanted, Boat Parts by Dealer, https://houston.craigslist.org/bod/d/wilmington-2004-carver-460-voyager/7010232039.html,,2019-10-30,US,2019-11-21
Acreage 15AC South Hwy.35 Alvin, Oct 30, &excats=134-40&min_price=200000&max_price=1000000, Texas, Houston, For Sale-Wanted, General, https://houston.craigslist.org/for/d/alvin-acreage-15ac-south-hwy35-alvin/6990999462.html,,2019-10-30,US,2019-11-21
GET TOP DOLLAR FAST FOR YOUR NEW OR USED TEST AND MEDICAL EQUIPMENT., Oct 30, &excats=134-40&min_price=200000&max_price=1000000, Texas, Houston, For Sale-Wanted, Wanted, https://houston.craigslist.org/wad/d/spring-get-top-dollar-fast-for-your-new/7010018498.html,,2019-10-30,US,2019-11-21
2019 Chevrolet Colorado, Oct 30, &excats=134-40&min_price=200000&max_price=1000000, Texas, Houston, For Sale-Wanted, Cars And Trucks, https://houston.craigslist.org/cto/d/houston-2019-chevrolet-colorado/7010007046.html,,2019-10-30,US,2019-11-21
Even More Harley Parts, Oct 30, &excats=134-40&min_price=200000&max_price=1000000, Texas, Lubbock, For Sale-Wanted, Motorcycle Parts, https://lubbock.craigslist.org/mpo/d/lubbock-even-more-harley-parts/6991955739.html,,2019-10-30,US,2019-11-21
2004 Carver 460 Voyager, Oct 30, &excats=134-40&min_price=200000&max_price=1000000, Connecticut, New Haven, For Sale-Wanted, Boat Parts by Dealer, https://newhaven.craigslist.org/bod/d/wilmington-2004-carver-460-voyager/7010231229.html,,2019-10-30,US,2019-11-21
Scarlett amps, Oct 30, &excats=134-40&min_price=200000&max_price=1000000, Missouri, Kansas City, For Sale-Wanted, Musical Instruments, https://kansascity.craigslist.org/msg/d/overland-park-scarlett-amps/7010392688.html,,2019-10-30,US,2019-11-21
Looking to Buy 45s & LP Vinyl Records / Album Collections!!!, Oct 30, &excats=134-40&min_price=200000&max_price=1000000, Missouri, Kansas City, For Sale-Wanted, Wanted, https://kansascity.craigslist.org/wan/d/looking-to-buy-45s-lp-vinyl-records/6993195336.html,Want,2019-10-30,US,2019-11-21
Regina a. Murray&#39;s helicopter car designs need 5 men to invest in Comp, Oct 30, &excats=134-40&min_price=200000&max_price=1000000, Missouri, St Louis, For Sale-Wanted, Wanted, https://stlouis.craigslist.org/wan/d/saint-louis-regina-murrays-helicopter/6998920721.html,Want,2019-10-30,US,2019-11-21
2011 Essex 4524 By Newmar 500HP Cummins EXCELLENT CONDITION, Oct 30, &excats=134-40&min_price=200000&max_price=1000000, Oregon, Eugene, For Sale-Wanted, RVs, https://eugene.craigslist.org/rvd/d/kansas-city-2011-essex-4524-by-newmar/7010446389.html,,2019-10-30,US,2019-11-21
2019 Porsche 911 GT3 RS, Oct 30, &excats=134-40&min_price=200000&max_price=1000000, Oregon, Portland, For Sale-Wanted, Cars And by Dealer, https://portland.craigslist.org/mlt/ctd/d/portland-2019-porsche-911-gt3-rs/7010431927.html,,2019-10-30,US,2019-11-21
PRIVATE COLLECTOR BUYING PORSCHE AIR COOLED 911 930 356 914 CARS, Oct 30, &excats=134-40&min_price=200000&max_price=1000000, New York, Long Island, For Sale-Wanted, Wanted, https://longisland.craigslist.org/wan/d/yaphank-private-collector-buying/6989980961.html,,2019-10-30,US,2019-11-21
2004 Carver 460 Voyager, Oct 30, &excats=134-40&min_price=200000&max_price=1000000, New York, Long Island, For Sale-Wanted, Boat Parts by Dealer, https://longisland.craigslist.org/bod/d/wilmington-2004-carver-460-voyager/7010230581.html,,2019-10-30,US,2019-11-21
House, Oct 30, &excats=134-40&min_price=200000&max_price=1000000, New York, Long Island, For Sale-Wanted, General, https://longisland.craigslist.org/for/d/hempstead-house/7010207626.html,,2019-10-30,US,2019-11-21
2017 Kenworth and Rosa trailer, Oct 30, &excats=134-40&min_price=200000&max_price=1000000, New York, Oneonta, For Sale-Wanted, Heavy Equipment, https://oneonta.craigslist.org/hvo/d/olean-2017-kenworth-and-rosa-trailer/6996848501.html,,2019-10-30,US,2019-11-21
Looking for 35 to 38 downeast, Oct 30, &excats=134-40&min_price=200000&max_price=1000000, New Jersey, Jersey Shore, For Sale-Wanted, Boat Parts, https://jerseyshore.craigslist.org/boa/d/greenland-looking-for-35-to-38-downeast/7010297818.html,Want,2019-10-30,US,2019-11-21
2004 Carver 460 Voyager, Oct 30, &excats=134-40&min_price=200000&max_price=1000000, New Jersey, Jersey Shore, For Sale-Wanted, Boat Parts by Dealer, https://jerseyshore.craigslist.org/bod/d/wilmington-2004-carver-460-voyager/7010229948.html,,2019-10-30,US,2019-11-21
Looking to sell my house asap, Oct 30, &excats=134-40&min_price=200000&max_price=1000000, New Jersey, South Jersey, For Sale-Wanted, Household, https://southjersey.craigslist.org/hsh/d/williamstown-looking-to-sell-my-house/7010385588.html,Want,2019-10-30,US,2019-11-21
2004 Carver 460 Voyager, Oct 30, &excats=134-40&min_price=200000&max_price=1000000, New Jersey, South Jersey, For Sale-Wanted, Boat Parts by Dealer, https://southjersey.craigslist.org/bod/d/wilmington-2004-carver-460-voyager/7010229810.html,,2019-10-30,US,2019-11-21
2017 Kenworth and Rosa trailer, Oct 30, &excats=134-40&min_price=200000&max_price=1000000, Wisconsin, Green Bay, For Sale-Wanted, Heavy Equipment, https://greenbay.craigslist.org/hvo/d/olean-2017-kenworth-and-rosa-trailer/6996887476.html,,2019-10-30,US,2019-11-21
2017 Kenworth and Rosa trailer, Oct 30, &excats=134-40&min_price=200000&max_price=1000000, Wisconsin, Northern Wi, For Sale-Wanted, Heavy Equipment, https://northernwi.craigslist.org/hvo/d/olean-2017-kenworth-and-rosa-trailer/6996867884.html,,2019-10-30,US,2019-11-21
2017 Kenworth and Rosa trailer, Oct 30, &excats=134-40&min_price=200000&max_price=1000000, Wisconsin, Wausau, For Sale-Wanted, Heavy Equipment, https://wausau.craigslist.org/hvo/d/olean-2017-kenworth-and-rosa-trailer/6996866372.html,,2019-10-30,US,2019-11-21
2019 Forest River Berkshire 39A Triple Slide-Out Diesel Pusher ? #8630, Oct 30, &excats=134-40&min_price=200000&max_price=1000000, California, Chico, For Sale-Wanted, RVs, https://chico.craigslist.org/rvd/d/cedar-ridge-2019-forest-river-berkshire/7010297554.html,,2019-10-30,US,2019-11-21
1956 Chevy Bel Air -LS1 motor, Oct 30, &excats=134-40&min_price=200000&max_price=1000000, California, Inland Empire, For Sale-Wanted, Cars And Trucks, https://inlandempire.craigslist.org/cto/d/corona-1956-chevy-bel-air-ls1-motor/7010602996.html,,2019-10-30,US,2019-11-21
Cat D6 Dozer, Oct 30, &excats=134-40&min_price=200000&max_price=1000000, California, Inland Empire, For Sale-Wanted, Heavy Equipment, https://inlandempire.craigslist.org/hvo/d/camarillo-cat-d6-dozer/6992011029.html,,2019-10-30,US,2019-11-21
Cat 336E Excavator, Oct 30, &excats=134-40&min_price=200000&max_price=1000000, California, Inland Empire, For Sale-Wanted, Heavy Equipment, https://inlandempire.craigslist.org/hvo/d/camarillo-cat-336e-excavator/6992009533.html,,2019-10-30,US,2019-11-21
Attention HOMEOWNERS, Oct 30, &excats=134-40&min_price=200000&max_price=1000000, California, Inland Empire, For Sale-Wanted, Wanted, https://inlandempire.craigslist.org/wan/d/san-bernardino-attention-homeowners/7010097595.html,,2019-10-30,US,2019-11-21
2020 FOREST RIVER Berkshire 39A, Oct 30, &excats=134-40&min_price=200000&max_price=1000000, California, Los Angeles, For Sale-Wanted, RVs, https://losangeles.craigslist.org/lac/rvd/d/phoenix-2020-forest-river-berkshire-39a/7010368563.html,,2019-10-30,US,2019-11-21
2020 FOREST RIVER 40E, Oct 30, &excats=134-40&min_price=200000&max_price=1000000, California, Los Angeles, For Sale-Wanted, RVs, https://losangeles.craigslist.org/lac/rvd/d/phoenix-2020-forest-river-40e/7010363881.html,,2019-10-30,US,2019-11-21
-WE PAY CASH FOR BRAND NEW AND USED PHONES , Oct 30, &excats=134-40&min_price=200000&max_price=1000000, California, Los Angeles, For Sale-Wanted, Wanted, https://losangeles.craigslist.org/lac/wad/d/los-angeles-we-pay-cash-for-brand-new/7010307996.html,,2019-10-30,US,2019-11-21
2019 Forest River Berkshire 39A Triple Slide-Out Diesel Pusher ? #8630, Oct 30, &excats=134-40&min_price=200000&max_price=1000000, California, Modesto, For Sale-Wanted, RVs, https://modesto.craigslist.org/rvd/d/cedar-ridge-2019-forest-river-berkshire/7010316262.html,,2019-10-30,US,2019-11-21
Home for sale by owner, Oct 30, &excats=134-40&min_price=200000&max_price=1000000, California, Modesto, For Sale-Wanted, General, https://modesto.craigslist.org/for/d/modesto-home-for-sale-by-owner/6991859375.html,,2019-10-30,US,2019-11-21
Buying Video & Photo Production Equipment -Will pay cash on hand-, Oct 30, &excats=134-40&min_price=200000&max_price=1000000, California, Orange County, For Sale-Wanted, Wanted, https://orangecounty.craigslist.org/wad/d/los-angeles-buying-video-photo/7010315783.html,,2019-10-30,US,2019-11-21
2019 Forest River Berkshire 39A Triple Slide-Out Diesel Pusher ? #8630, Oct 30, &excats=134-40&min_price=200000&max_price=1000000, California, Redding, For Sale-Wanted, RVs, https://redding.craigslist.org/rvd/d/cedar-ridge-2019-forest-river-berkshire/7010306976.html,,2019-10-30,US,2019-11-21
2020 FOREST RIVER 40E, Oct 30, &excats=134-40&min_price=200000&max_price=1000000, California, Sacramento, For Sale-Wanted, RVs, https://sacramento.craigslist.org/rvd/d/phoenix-2020-forest-river-40e/7010360188.html,,2019-10-30,US,2019-11-21
2019 Forest River Berkshire 39A Triple Slide-Out Diesel Pusher ? #8630, Oct 30, &excats=134-40&min_price=200000&max_price=1000000, California, Sacramento, For Sale-Wanted, RVs, https://sacramento.craigslist.org/rvd/d/cedar-ridge-2019-forest-river-berkshire/7010295642.html,,2019-10-30,US,2019-11-21
Cat 336E Excavator, Oct 30, &excats=134-40&min_price=200000&max_price=1000000, California, Santa Barbara, For Sale-Wanted, Heavy Equipment, https://santabarbara.craigslist.org/hvo/d/camarillo-cat-336e-excavator/6991994826.html,,2019-10-30,US,2019-11-21
Cat D6 Dozer, Oct 30, &excats=134-40&min_price=200000&max_price=1000000, California, Santa Barbara, For Sale-Wanted, Heavy Equipment, https://santabarbara.craigslist.org/hvo/d/camarillo-cat-d6-dozer/6991988803.html,,2019-10-30,US,2019-11-21
UPDATE! Parts & Project Cars & Trucks 1920&#39;s-80&#39;s 100&#39;s of Cars, Oct 29, &excats=134-40&min_price=200000&max_price=1000000, Iowa, Mason City, For Sale-Wanted, Auto Parts by Dealer, https://masoncity.craigslist.org/ptd/d/great-bend-update-parts-project-cars/7009892150.html,,2019-10-29,US,2019-11-21
D6t Xl CAT, Oct 29, &excats=134-40&min_price=200000&max_price=1000000, West Virginia, Morgantown, For Sale-Wanted, Heavy Equipment, https://morgantown.craigslist.org/hvo/d/elkins-d6t-xl-cat/7009507874.html,,2019-10-29,US,2019-11-21
Aircraft Hangar 60&#39; X 100&#39;W, Oct 29, &excats=134-40&min_price=200000&max_price=1000000, Montana, Billings, For Sale-Wanted, NA, https://billings.craigslist.org/avo/d/laurel-aircraft-hangar-w/7009529642.html,,2019-10-29,US,2019-11-21
House for sale  NEAR VOLVO, Oct 29, &excats=134-40&min_price=200000&max_price=1000000, South Carolina, Charleston, For Sale-Wanted, General, https://charleston.craigslist.org/for/d/santee-house-for-sale-near-volvo/7009667781.html,,2019-10-29,US,2019-11-21
2018 Boston Whaler 345 Conquest Loaded Triple Verado 350&#39;s, Oct 29, &excats=134-40&min_price=200000&max_price=1000000, South Carolina, Myrtle Beach, For Sale-Wanted, Boat Parts, https://myrtlebeach.craigslist.org/boa/d/north-myrtle-beach-2018-boston-whaler/7009711000.html,,2019-10-29,US,2019-11-21
2018 Boston Whaler 420 Outrage, Oct 29, &excats=134-40&min_price=200000&max_price=1000000, Massachusetts, Boston, For Sale-Wanted, Boat Parts by Dealer, https://boston.craigslist.org/gbs/bod/d/quincy-2018-boston-whaler-420-outrage/7009395183.html,,2019-10-29,US,2019-11-21
property on Greers Ferry Lake, Oct 29, &excats=134-40&min_price=200000&max_price=1000000, Arkansas, Little Rock, For Sale-Wanted, General, https://littlerock.craigslist.org/for/d/heber-springs-property-on-greers-ferry/7009467820.html,,2019-10-29,US,2019-11-21
Attn: Coin Collectors New Coin Shop Coming Soon!, Oct 29, &excats=134-40&min_price=200000&max_price=1000000, Arizona, Phoenix, For Sale-Wanted, Wanted, https://phoenix.craigslist.org/nph/wad/d/phoenix-attn-coin-collectors-new-coin/7009909100.html,,2019-10-29,US,2019-11-21
Buying Coins and Collections Private Buyer, Oct 29, &excats=134-40&min_price=200000&max_price=1000000, Arizona, Phoenix, For Sale-Wanted, Wanted, https://phoenix.craigslist.org/wvl/wad/d/phoenix-buying-coins-and-collections/7009688692.html,,2019-10-29,US,2019-11-21
2017 Terex Phoenix 3300 Portable Trommel Screen, Oct 29, &excats=134-40&min_price=200000&max_price=1000000, Arizona, Phoenix, For Sale-Wanted, Heavy Equipment, https://phoenix.craigslist.org/nph/hvd/d/lake-elsinore-2017-terex-phoenix-3300/7009624312.html,,2019-10-29,US,2019-11-21
HOME FOR SALE IN DEWEY AZ, Oct 29, &excats=134-40&min_price=200000&max_price=1000000, Arizona, Phoenix, For Sale-Wanted, General, https://phoenix.craigslist.org/nph/for/d/cottonwood-home-for-sale-in-dewey-az/7009545625.html,,2019-10-29,US,2019-11-21
Attn: Coin Collectors New Coin Shop Coming Soon!, Oct 29, &excats=134-40&min_price=200000&max_price=1000000, Arizona, Phoenix, For Sale-Wanted, Wanted, https://phoenix.craigslist.org/nph/wad/d/phoenix-attn-coin-collectors-new-coin/7009909100.html,,2019-10-29,US,2019-11-21
Buying Coins and Collections Private Buyer, Oct 29, &excats=134-40&min_price=200000&max_price=1000000, Arizona, Phoenix, For Sale-Wanted, Wanted, https://phoenix.craigslist.org/wvl/wad/d/phoenix-buying-coins-and-collections/7009688692.html,,2019-10-29,US,2019-11-21
2017 Terex Phoenix 3300 Portable Trommel Screen, Oct 29, &excats=134-40&min_price=200000&max_price=1000000, Arizona, Phoenix, For Sale-Wanted, Heavy Equipment, https://phoenix.craigslist.org/nph/hvd/d/lake-elsinore-2017-terex-phoenix-3300/7009624312.html,,2019-10-29,US,2019-11-21
HOME FOR SALE IN DEWEY AZ, Oct 29, &excats=134-40&min_price=200000&max_price=1000000, Arizona, Phoenix, For Sale-Wanted, General, https://phoenix.craigslist.org/nph/for/d/cottonwood-home-for-sale-in-dewey-az/7009545625.html,,2019-10-29,US,2019-11-21
2017 Terex Phoenix 3300 Portable Trommel Screen, Oct 29, &excats=134-40&min_price=200000&max_price=1000000, Arizona, Tucson, For Sale-Wanted, Heavy Equipment, https://tucson.craigslist.org/hvd/d/lake-elsinore-2017-terex-phoenix-3300/7009638771.html,,2019-10-29,US,2019-11-21
2009 American Eagle Class A, Oct 29, &excats=134-40&min_price=200000&max_price=1000000, Arizona, Yuma, For Sale-Wanted, RVs, https://yuma.craigslist.org/rvs/d/monterey-2009-american-eagle-class/7009905808.html,,2019-10-29,US,2019-11-21
Vacant Land, Oct 29, &excats=134-40&min_price=200000&max_price=1000000, Nevada, Las Vegas, For Sale-Wanted, Books, https://lasvegas.craigslist.org/bks/d/las-vegas-vacant-land/7009723989.html,,2019-10-29,US,2019-11-21
2017 Terex Phoenix 3300 Portable Trommel Screen, Oct 29, &excats=134-40&min_price=200000&max_price=1000000, Nevada, Las Vegas, For Sale-Wanted, Heavy Equipment, https://lasvegas.craigslist.org/hvd/d/lake-elsinore-2017-terex-phoenix-3300/7009652432.html,,2019-10-29,US,2019-11-21
TEX$$%T LOCKED 1oS 1--PHONE top BUYER@XS..XR..X ol, Oct 29, &excats=134-40&min_price=200000&max_price=1000000, Nevada, Las Vegas, For Sale-Wanted, Cell Phones, https://lasvegas.craigslist.org/mob/d/las-vegas-text-locked-1os-1-phone-top/7009453949.html,,2019-10-29,US,2019-11-21
10 acres with home and buildings, Oct 29, &excats=134-40&min_price=200000&max_price=1000000, Florida, Orlando, For Sale-Wanted, General, https://orlando.craigslist.org/for/d/eustis-10-acres-with-home-and-buildings/6991047084.html,,2019-10-29,US,2019-11-21
Take over payment, Oct 29, &excats=134-40&min_price=200000&max_price=1000000, Florida, Orlando, For Sale-Wanted, Cars And Trucks, https://orlando.craigslist.org/cto/d/fernandina-beach-take-over-payment/7009835656.html,,2019-10-29,US,2019-11-21
2016 GREAT Pursuit 325 Offshore, Oct 29, &excats=134-40&min_price=200000&max_price=1000000, Florida, Pensacola, For Sale-Wanted, Boat Parts, https://pensacola.craigslist.org/boa/d/santa-rosa-beach-2016-great-pursuit-325/7009402859.html,,2019-10-29,US,2019-11-21
Wanted OLD Volkswagen parts cars manuals etc. Cash Paid, Oct 29, &excats=134-40&min_price=200000&max_price=1000000, Colorado, Denver, For Sale-Wanted, Wanted, https://denver.craigslist.org/wan/d/denver-wanted-old-volkswagen-parts-cars/6989798364.html,Want,2019-10-29,US,2019-11-21
Custom 4BR/4.5BA home in Scottsville VA on 5 acres, Oct 29, &excats=134-40&min_price=200000&max_price=1000000, Virginia, Charlottesville, For Sale-Wanted, General, https://charlottesville.craigslist.org/for/d/scottsville-custom-4br-45ba-home-in/7009481831.html,,2019-10-29,US,2019-11-21
2015 Harley Davidson FLHXSE EVO, Oct 29, &excats=134-40&min_price=200000&max_price=1000000, Virginia, Eastern Shore, For Sale-Wanted, Motorcycles, https://easternshore.craigslist.org/mcy/d/earleville-2015-harley-davidson-flhxse/7009675346.html,,2019-10-29,US,2019-11-21
UPDATE! Parts & Project Cars & Trucks 1920&#39;s-80&#39;s 100&#39;s of Cars, Oct 29, &excats=134-40&min_price=200000&max_price=1000000, Maine, Maine, For Sale-Wanted, Auto Parts by Dealer, https://maine.craigslist.org/ptd/d/great-bend-update-parts-project-cars/7009881368.html,,2019-10-29,US,2019-11-21
Ensoniq ASR-10, Oct 29, &excats=134-40&min_price=200000&max_price=1000000, Maryland, Baltimore, For Sale-Wanted, Musical Instruments, https://baltimore.craigslist.org/msg/d/brooklyn-ensoniq-asr-10/7009370393.html,,2019-10-29,US,2019-11-21
2015 Harley Davidson FLHXSE EVO, Oct 29, &excats=134-40&min_price=200000&max_price=1000000, Maryland, Eastern Shore, For Sale-Wanted, Motorcycles, https://easternshore.craigslist.org/mcy/d/earleville-2015-harley-davidson-flhxse/7009675346.html,,2019-10-29,US,2019-11-21
2017 Terex Phoenix 3300 Portable Trommel Screen, Oct 29, &excats=134-40&min_price=200000&max_price=1000000, New Mexico, Albuquerque, For Sale-Wanted, Heavy Equipment, https://albuquerque.craigslist.org/hvd/d/lake-elsinore-2017-terex-phoenix-3300/7009647242.html,,2019-10-29,US,2019-11-21
18 Unit RV Park with Home Shop and Storage Area, Oct 29, &excats=134-40&min_price=200000&max_price=1000000, New Mexico, Las Cruces, For Sale-Wanted, General, https://lascruces.craigslist.org/for/d/caballo-18-unit-rv-park-with-home-shop/7009550195.html,,2019-10-29,US,2019-11-21
2019 Entegra Coach Aspire Class A Diesel Motorhome, Oct 29, &excats=134-40&min_price=200000&max_price=1000000, Michigan, Grand Rapids, For Sale-Wanted, RVs, https://grandrapids.craigslist.org/rvd/d/hudsonville-2019-entegra-coach-aspire/7009606282.html,,2019-10-29,US,2019-11-21
a house, Oct 29, &excats=134-40&min_price=200000&max_price=1000000, Michigan, Lansing, For Sale-Wanted, General, https://lansing.craigslist.org/for/d/corrales-house/7009523700.html,,2019-10-29,US,2019-11-21
5 bedroom/4.5 bath home, Oct 29, &excats=134-40&min_price=200000&max_price=1000000, Ohio, Cincinnati, For Sale-Wanted, General, https://cincinnati.craigslist.org/for/d/florence-5-bedroom-45-bath-home/7009586144.html,,2019-10-29,US,2019-11-21
Bubble/Dome Hockey Game Table, Oct 29, &excats=134-40&min_price=200000&max_price=1000000, Ohio, Cleveland, For Sale-Wanted, Wanted, https://cleveland.craigslist.org/wan/d/broadview-heights-bubble-dome-hockey/7009416800.html,,2019-10-29,US,2019-11-21
single house and all furnishings, Oct 29, &excats=134-40&min_price=200000&max_price=1000000, Ohio, Columbus, For Sale-Wanted, General, https://columbus.craigslist.org/for/d/reynoldsburg-single-house-and-all/7009607444.html,,2019-10-29,US,2019-11-21
UPDATE! Parts & Project Cars & Trucks 1920&#39;s-80&#39;s 100&#39;s of Cars, Oct 29, &excats=134-40&min_price=200000&max_price=1000000, Ohio, Mansfield, For Sale-Wanted, Auto Parts by Dealer, https://mansfield.craigslist.org/ptd/d/great-bend-update-parts-project-cars/7009890013.html,,2019-10-29,US,2019-11-21
Looking to buy, Oct 29, &excats=134-40&min_price=200000&max_price=1000000, North Carolina, Asheville, For Sale-Wanted, Wanted, https://asheville.craigslist.org/wan/d/looking-to-buy/6997783884.html,Want,2019-10-29,US,2019-11-21
Home in Windsor Park, Oct 29, &excats=134-40&min_price=200000&max_price=1000000, North Carolina, Wilmington, For Sale-Wanted, General, https://wilmington.craigslist.org/for/d/leland-home-in-windsor-park/6990056069.html,,2019-10-29,US,2019-11-21
RCR & Austin Dillon memorabilia.  PRICELESS!, Oct 29, &excats=134-40&min_price=200000&max_price=1000000, North Carolina, Winston-salem, For Sale-Wanted, Collectibles, https://winstonsalem.craigslist.org/clt/d/winston-salem-rcr-austin-dillon/7009390217.html,,2019-10-29,US,2019-11-21
UPDATE! Parts & Project Cars & Trucks 1920&#39;s-80&#39;s 100&#39;s of Cars, Oct 29, &excats=134-40&min_price=200000&max_price=1000000, Minnesota, Mankato, For Sale-Wanted, Auto Parts by Dealer, https://mankato.craigslist.org/ptd/d/great-bend-update-parts-project-cars/7009888150.html,,2019-10-29,US,2019-11-21
House 80 acres Oklahoma Kerr Lake, Oct 29, &excats=134-40&min_price=200000&max_price=1000000, Oklahoma, Tulsa, For Sale-Wanted, General, https://tulsa.craigslist.org/for/d/gans-house-80-acres-oklahoma-kerr-lake/7009425733.html,,2019-10-29,US,2019-11-21
Gold Nuggets Wanted.....$$$$$$, Oct 29, &excats=134-40&min_price=200000&max_price=1000000, Idaho, East Idaho, For Sale-Wanted, Wanted, https://eastidaho.craigslist.org/wan/d/idaho-falls-gold-nuggets-wanted/7009426986.html,Want,2019-10-29,US,2019-11-21
2330 Linden Ave#1, Oct 29, &excats=134-40&min_price=200000&max_price=1000000, Tennessee, Knoxville, For Sale-Wanted, General, https://knoxville.craigslist.org/for/d/knoxville-2330-linden-ave1/7009658747.html,,2019-10-29,US,2019-11-21
Nanny. 200/morkie800, Oct 29, &excats=134-40&min_price=200000&max_price=1000000, Tennessee, Memphis, For Sale-Wanted, Farm and Garden, https://memphis.craigslist.org/grd/d/corinth-nanny-200-morkie800/7009872340.html,,2019-10-29,US,2019-11-21
2014 Tiffin Allegro Bus Motorhome, Oct 29, &excats=134-40&min_price=200000&max_price=1000000, Tennessee, Nashville, For Sale-Wanted, RVs, https://nashville.craigslist.org/rvs/d/franklin-2014-tiffin-allegro-bus/7009681503.html,,2019-10-29,US,2019-11-21
2016 Pursuit OS 325 Offshore, Oct 29, &excats=134-40&min_price=200000&max_price=1000000, Alabama, Mobile, For Sale-Wanted, Boat Parts, https://mobile.craigslist.org/bpo/d/santa-rosa-beach-2016-pursuit-os-325/7009499021.html,,2019-10-29,US,2019-11-21
2019 Glasstream 360 SCX Center Console Cabin Triple Mercury 350 XL Ver, Oct 29, &excats=134-40&min_price=200000&max_price=1000000, Alabama, Montgomery, For Sale-Wanted, Boat Parts by Dealer, https://montgomery.craigslist.org/bod/d/richmond-2019-glasstream-360-scx-center/7009720684.html,,2019-10-29,US,2019-11-21
Sandy Lake Area, Oct 29, &excats=134-40&min_price=200000&max_price=1000000, Pennsylvania, Meadville, For Sale-Wanted, Farm and Garden, https://meadville.craigslist.org/grd/d/sandy-lake-sandy-lake-area/6991654437.html,,2019-10-29,US,2019-11-21
****Metal wanted****, Oct 29, &excats=134-40&min_price=200000&max_price=1000000, Pennsylvania, Philadelphia, For Sale-Wanted, Wanted, https://philadelphia.craigslist.org/wan/d/metal-wanted/7009334393.html,Want,2019-10-29,US,2019-11-21
COBB Accessport V3 Tuner | 2014-2020 Subaru WRX/STi | AP3-SUB-004, Oct 29, &excats=134-40&min_price=200000&max_price=1000000, Pennsylvania, Pittsburgh, For Sale-Wanted, Auto Parts by Owner, https://pittsburgh.craigslist.org/pts/d/pittsburgh-cobb-accessport-v3-tuner/7009318160.html,,2019-10-29,US,2019-11-21
do you have these items ? turn them into cash $$$, Oct 29, &excats=134-40&min_price=200000&max_price=1000000, Pennsylvania, Pittsburgh, For Sale-Wanted, Wanted, https://pittsburgh.craigslist.org/wan/d/cranberry-twp-do-you-have-these-items/6988936759.html,,2019-10-29,US,2019-11-21
Auto mechanic needed, Oct 29, &excats=134-40&min_price=200000&max_price=1000000, Pennsylvania, Williamsport, For Sale-Wanted, Auto Parts by Owner, https://williamsport.craigslist.org/pts/d/williamsport-auto-mechanic-needed/7009454447.html,Want,2019-10-29,US,2019-11-21
Snap-on Tool Boxes, Oct 29, &excats=134-40&min_price=200000&max_price=1000000, Texas, Abilene, For Sale-Wanted, Tools, https://abilene.craigslist.org/tls/d/snyder-snap-on-tool-boxes/7009776024.html,,2019-10-29,US,2019-11-21
Sell New & Used Networking & Telecom Equipment. Cisco Avaya & More., Oct 29, &excats=134-40&min_price=200000&max_price=1000000, Texas, Austin, For Sale-Wanted, Wanted, https://austin.craigslist.org/wad/d/round-rock-sell-new-used-networking/7009435572.html,,2019-10-29,US,2019-11-21
GET TOP DOLLAR FAST FOR YOUR NEW OR USED TEST AND MEDICAL EQUIPMENT., Oct 29, &excats=134-40&min_price=200000&max_price=1000000, Texas, Austin, For Sale-Wanted, Wanted, https://austin.craigslist.org/wad/d/round-rock-get-top-dollar-fast-for-your/7009476221.html,,2019-10-29,US,2019-11-21
$$ I BUY $$ NEW or USED $$ iPHONE 11 PRO X XR XS MAX 8 8 PLUS iPAD MAC, Oct 29, &excats=134-40&min_price=200000&max_price=1000000, Texas, Austin, For Sale-Wanted, Wanted, https://austin.craigslist.org/wad/d/austin-buy-new-or-used-iphone-11-pro-xr/7009300016.html,,2019-10-29,US,2019-11-21
CENTRO COMERCIAL EN VENTA, Oct 29, &excats=134-40&min_price=200000&max_price=1000000, Texas, El Paso, For Sale-Wanted, General, https://elpaso.craigslist.org/for/d/san-elizario-centro-comercial-en-venta/6996586962.html,,2019-10-29,US,2019-11-21
Sub lease Medical office, Oct 29, &excats=134-40&min_price=200000&max_price=1000000, Texas, Houston, For Sale-Wanted, Wanted, https://houston.craigslist.org/wan/d/houston-sub-lease-medical-office/7009839515.html,,2019-10-29,US,2019-11-21
2017 Terex Phoenix 3300 Portable Trommel Screen, Oct 29, &excats=134-40&min_price=200000&max_price=1000000, Texas, Houston, For Sale-Wanted, Heavy Equipment, https://houston.craigslist.org/hvd/d/lake-elsinore-2017-terex-phoenix-3300/7009644682.html,,2019-10-29,US,2019-11-21
House for Sale, Oct 29, &excats=134-40&min_price=200000&max_price=1000000, Texas, Houston, For Sale-Wanted, General, https://houston.craigslist.org/fod/d/katy-house-for-sale/7009560651.html,,2019-10-29,US,2019-11-21
GET TOP DOLLAR FAST FOR YOUR NEW OR USED TEST AND MEDICAL EQUIPMENT., Oct 29, &excats=134-40&min_price=200000&max_price=1000000, Texas, Houston, For Sale-Wanted, Wanted, https://houston.craigslist.org/wad/d/spring-get-top-dollar-fast-for-your-new/7009472627.html,,2019-10-29,US,2019-11-21
Buy Networking IT Phone Equipment PlantronicsHPIntelDellCisco, Oct 29, &excats=134-40&min_price=200000&max_price=1000000, Texas, Houston, For Sale-Wanted, Wanted, https://houston.craigslist.org/wan/d/houston-buy-networking-it-phone/7009365475.html,,2019-10-29,US,2019-11-21
I buy Magic The Gathering. All collections considered. Send photos of what you., Oct 29, &excats=134-40&min_price=200000&max_price=1000000, Oregon, Eugene, For Sale-Wanted, Wanted, https://eugene.craigslist.org/wan/d/eugene-buy-magic-the-gathering-all/6989380722.html,,2019-10-29,US,2019-11-21
New 2019 Cutwater 302 coupe, Oct 29, &excats=134-40&min_price=200000&max_price=1000000, Oregon, Portland, For Sale-Wanted, Boat Parts by Dealer, https://portland.craigslist.org/mlt/bod/d/vancouver-new-2019-cutwater-302-coupe/7009675856.html,,2019-10-29,US,2019-11-21
New 2019 Cutwater 30 CB, Oct 29, &excats=134-40&min_price=200000&max_price=1000000, Oregon, Portland, For Sale-Wanted, Boat Parts by Dealer, https://portland.craigslist.org/mlt/bod/d/vancouver-new-2019-cutwater-30-cb/7009675362.html,,2019-10-29,US,2019-11-21
New 2020 Jeanneau 1095!, Oct 29, &excats=134-40&min_price=200000&max_price=1000000, Oregon, Portland, For Sale-Wanted, Boat Parts by Dealer, https://portland.craigslist.org/mlt/bod/d/vancouver-new-2020-jeanneau-1095/7009674364.html,,2019-10-29,US,2019-11-21
NEW 2019 Jeanneau NC 37 **20% dn x $2151 mo** VOLVO PENTA**WARRANTY**, Oct 29, &excats=134-40&min_price=200000&max_price=1000000, Oregon, Portland, For Sale-Wanted, Boat Parts by Dealer, https://portland.craigslist.org/mlt/bod/d/portland-new-2019-jeanneau-nc-dn-2151/7009486856.html,,2019-10-29,US,2019-11-21
2017 MERCEDES BENZ G550 SQUARED 1-OWNER 38S G 550 G63 2018 2019 2016, Oct 29, &excats=134-40&min_price=200000&max_price=1000000, Oregon, Portland, For Sale-Wanted, Cars And by Dealer, https://portland.craigslist.org/mlt/ctd/d/portland-2017-mercedes-benz-g550/7009475350.html,,2019-10-29,US,2019-11-21
2017 Tiffin Motorhomes Phaeton 40QBH, Oct 29, &excats=134-40&min_price=200000&max_price=1000000, New York, Binghamton, For Sale-Wanted, RVs, https://binghamton.craigslist.org/rvd/d/west-davenport-2017-tiffin-motorhomes/7009380300.html,,2019-10-29,US,2019-11-21
Pristine 2015 Boston Whaler 315 Conquest Pilot House, Oct 29, &excats=134-40&min_price=200000&max_price=1000000, New Jersey, Jersey Shore, For Sale-Wanted, Boat Parts, https://jerseyshore.craigslist.org/boa/d/port-monmouth-pristine-2015-boston/6995000995.html,,2019-10-29,US,2019-11-21
2016 rogator 1100b, Oct 29, &excats=134-40&min_price=200000&max_price=1000000, Wisconsin, Green Bay, For Sale-Wanted, Farm and Garden, https://greenbay.craigslist.org/grd/d/algoma-2016-rogator-1100b/7009389489.html,,2019-10-29,US,2019-11-21
UPDATE! Parts & Project Cars & Trucks 1920&#39;s-80&#39;s 100&#39;s of Cars, Oct 29, &excats=134-40&min_price=200000&max_price=1000000, Wisconsin, Madison, For Sale-Wanted, Auto Parts by Dealer, https://madison.craigslist.org/ptd/d/great-bend-update-parts-project-cars/7009880108.html,,2019-10-29,US,2019-11-21
Home on acreage, Oct 29, &excats=134-40&min_price=200000&max_price=1000000, California, Gold Country, For Sale-Wanted, General, https://goldcountry.craigslist.org/for/d/glencoe-home-on-acreage/7009659741.html,,2019-10-29,US,2019-11-21
2012 Lamborghini Aventador LP 700, Oct 29, &excats=134-40&min_price=200000&max_price=1000000, California, Inland Empire, For Sale-Wanted, Cars And Trucks, https://inlandempire.craigslist.org/cto/d/riverside-2012-lamborghini-aventador-lp/7009681334.html,,2019-10-29,US,2019-11-21
2017 Terex Phoenix 3300 Portable Trommel Screen, Oct 29, &excats=134-40&min_price=200000&max_price=1000000, California, Inland Empire, For Sale-Wanted, Heavy Equipment, https://inlandempire.craigslist.org/hvd/d/lake-elsinore-2017-terex-phoenix-3300/7009612593.html,,2019-10-29,US,2019-11-21
2017 Nissan GTR Original owner & Mint, Oct 29, &excats=134-40&min_price=200000&max_price=1000000, California, Los Angeles, For Sale-Wanted, Cars And Trucks, https://losangeles.craigslist.org/lac/cto/d/bakersfield-2017-nissan-gtr-original/7009830973.html,,2019-10-29,US,2019-11-21
SELLING THAT IPHONE FOR CASH?!?!?!, Oct 29, &excats=134-40&min_price=200000&max_price=1000000, California, Los Angeles, For Sale-Wanted, Wanted, https://losangeles.craigslist.org/lac/wad/d/los-angeles-selling-that-iphone-for-cash/7009669596.html,,2019-10-29,US,2019-11-21
Wanted Diesel Pushers, Oct 29, &excats=134-40&min_price=200000&max_price=1000000, California, Los Angeles, For Sale-Wanted, RVs, https://losangeles.craigslist.org/wst/rvs/d/anaheim-wanted-diesel-pushers/7003096991.html,Want,2019-10-29,US,2019-11-21
2017 Terex Phoenix 3300 Portable Trommel Screen, Oct 29, &excats=134-40&min_price=200000&max_price=1000000, California, Los Angeles, For Sale-Wanted, Heavy Equipment, https://losangeles.craigslist.org/ant/hvd/d/lake-elsinore-2017-terex-phoenix-3300/7009617173.html,,2019-10-29,US,2019-11-21
Smartxide 2 mona lisa touch laser, Oct 29, &excats=134-40&min_price=200000&max_price=1000000, California, Orange County, For Sale-Wanted, Health And Beauty, https://orangecounty.craigslist.org/hab/d/irvine-smartxide-2-mona-lisa-touch-laser/7009925422.html,,2019-10-29,US,2019-11-21
CASH FOR JUNK CARS CASH FOR CARS, Oct 29, &excats=134-40&min_price=200000&max_price=1000000, California, Orange County, For Sale-Wanted, Wanted, https://orangecounty.craigslist.org/wan/d/cash-for-junk-cars-cash-for-cars/6989380461.html,,2019-10-29,US,2019-11-21
AUTHENTIC CHANEL PRADAVALENTINO LOUIS VUITTON GUCCI HANDBAG WANTE, Oct 29, &excats=134-40&min_price=200000&max_price=1000000, California, Orange County, For Sale-Wanted, Wanted, https://orangecounty.craigslist.org/wan/d/authentic-chanel-pradavalentino-louis/7009550794.html,Want,2019-10-29,US,2019-11-21
Buying Video & Photo Production Equipment -Will pay cash on hand-, Oct 29, &excats=134-40&min_price=200000&max_price=1000000, California, Orange County, For Sale-Wanted, Wanted, https://orangecounty.craigslist.org/wad/d/los-angeles-buying-video-photo/7009237359.html,,2019-10-29,US,2019-11-21
2017 Terex Phoenix 3300 Portable Trommel Screen, Oct 29, &excats=134-40&min_price=200000&max_price=1000000, California, Sacramento, For Sale-Wanted, Heavy Equipment, https://sacramento.craigslist.org/hvd/d/lake-elsinore-2017-terex-phoenix-3300/7009620582.html,,2019-10-29,US,2019-11-21
WE NEED RV&#39;S - BUY - CONSIGN - TRADE INS - 2 LOCATIONS - VOTED #1 RV, Oct 29, &excats=134-40&min_price=200000&max_price=1000000, California, Sacramento, For Sale-Wanted, RVs, https://sacramento.craigslist.org/rvd/d/rocklin-we-need-rvs-buy-consign-trade/7009365103.html,Want,2019-10-29,US,2019-11-21
1999 American dream 39feet, Oct 29, &excats=134-40&min_price=200000&max_price=1000000, California, San Diego, For Sale-Wanted, RVs, https://sandiego.craigslist.org/esd/rvs/d/el-cajon-1999-american-dream-39feet/7009727858.html,,2019-10-29,US,2019-11-21
200 Acres, Oct 28, &excats=134-40&min_price=200000&max_price=1000000, Georgia, Albany, For Sale-Wanted, General, https://albanyga.craigslist.org/for/d/guin-200-acres/7008799724.html,,2019-10-28,US,2019-11-21
200 Acres, Oct 28, &excats=134-40&min_price=200000&max_price=1000000, Georgia, Brunswick, For Sale-Wanted, General, https://brunswick.craigslist.org/for/d/creola-200-acres/7008793168.html,,2019-10-28,US,2019-11-21
real estate land, Oct 28, &excats=134-40&min_price=200000&max_price=1000000, Montana, Bozeman, For Sale-Wanted, General, https://bozeman.craigslist.org/fod/d/real-estate-land/7008718566.html,,2019-10-28,US,2019-11-21
3br2ba Lake Murray Waterfront, Oct 28, &excats=134-40&min_price=200000&max_price=1000000, South Carolina, Columbia, For Sale-Wanted, General, https://columbia.craigslist.org/for/d/saluda-3br2ba-lake-murray-waterfront/7009099254.html,,2019-10-28,US,2019-11-21
UPDATE! Parts & Project Cars & Trucks 1920&#39;s-80&#39;s 100&#39;s of Cars, Oct 28, &excats=134-40&min_price=200000&max_price=1000000, Arkansas, Little Rock, For Sale-Wanted, Auto Parts by Dealer, https://littlerock.craigslist.org/ptd/d/great-bend-update-parts-project-cars/7009153140.html,,2019-10-28,US,2019-11-21
2000 18 x 92 Stardust Houseboat, Oct 28, &excats=134-40&min_price=200000&max_price=1000000, Arkansas, Little Rock, For Sale-Wanted, Boat Parts, https://littlerock.craigslist.org/boa/d/hot-springs-national-park-stardust/7008884443.html,,2019-10-28,US,2019-11-21
HOME FOR SALES BUCKEYE AZ, Oct 28, &excats=134-40&min_price=200000&max_price=1000000, Arizona, Phoenix, For Sale-Wanted, General, https://phoenix.craigslist.org/wvl/for/d/palo-verde-home-for-sales-buckeye-az/7009214828.html,,2019-10-28,US,2019-11-21
2016 Rolls Royce Dawn (Like new), Oct 28, &excats=134-40&min_price=200000&max_price=1000000, Arizona, Phoenix, For Sale-Wanted, Cars And Trucks, https://phoenix.craigslist.org/evl/cto/d/gilbert-2016-rolls-royce-dawn-like-new/7009203189.html,,2019-10-28,US,2019-11-21
HOME FOR SALES BUCKEYE AZ, Oct 28, &excats=134-40&min_price=200000&max_price=1000000, Arizona, Phoenix, For Sale-Wanted, General, https://phoenix.craigslist.org/wvl/for/d/palo-verde-home-for-sales-buckeye-az/7009214828.html,,2019-10-28,US,2019-11-21
2016 Rolls Royce Dawn (Like new), Oct 28, &excats=134-40&min_price=200000&max_price=1000000, Arizona, Phoenix, For Sale-Wanted, Cars And Trucks, https://phoenix.craigslist.org/evl/cto/d/gilbert-2016-rolls-royce-dawn-like-new/7009203189.html,,2019-10-28,US,2019-11-21
2016 Ford F-250SD Lariat The Best Vehicles at The Best Price!!!, Oct 28, &excats=134-40&min_price=200000&max_price=1000000, Florida, Jacksonville, For Sale-Wanted, Cars And by Dealer, https://jacksonville.craigslist.org/ctd/d/green-cove-springs-2016-ford-250sd/7008792901.html,,2019-10-28,US,2019-11-21
2015 Tiffin Allegro Bus 45LP, Oct 28, &excats=134-40&min_price=200000&max_price=1000000, Florida, Orlando, For Sale-Wanted, RVs, https://orlando.craigslist.org/rvd/d/melbourne-2015-tiffin-allegro-bus-45lp/7009063652.html,,2019-10-28,US,2019-11-21
3 Bedroom 2 Bath 2 car garage, Oct 28, &excats=134-40&min_price=200000&max_price=1000000, Florida, Orlando, For Sale-Wanted, Household, https://orlando.craigslist.org/hsh/d/kissimmee-3-bedroom-2-bath-2-car-garage/7008505059.html,,2019-10-28,US,2019-11-21
2015 Everglades 355CC center console boat, Oct 28, &excats=134-40&min_price=200000&max_price=1000000, Florida, Panama City, For Sale-Wanted, Boat Parts by Dealer, https://panamacity.craigslist.org/bod/d/panama-city-2015-everglades-355cc/7008656958.html,,2019-10-28,US,2019-11-21
2005 SEA RAY 55 SEDAN BRIDGE, Oct 28, &excats=134-40&min_price=200000&max_price=1000000, Florida, Pensacola, For Sale-Wanted, Boat Parts by Dealer, https://pensacola.craigslist.org/bod/d/pensacola-2005-sea-ray-55-sedan-bridge/7008997686.html,,2019-10-28,US,2019-11-21
2016 BOSTON WHALER 370OR, Oct 28, &excats=134-40&min_price=200000&max_price=1000000, Florida, Pensacola, For Sale-Wanted, Boat Parts by Dealer, https://pensacola.craigslist.org/bod/d/pensacola-2016-boston-whaler-370or/7008997602.html,,2019-10-28,US,2019-11-21
2015 Everglades 355CC center console boat, Oct 28, &excats=134-40&min_price=200000&max_price=1000000, Florida, Tallahassee, For Sale-Wanted, Boat Parts by Dealer, https://tallahassee.craigslist.org/bod/d/panama-city-2015-everglades-355cc/7008655559.html,,2019-10-28,US,2019-11-21
Escape the rat race/investment opportunity:, Oct 28, &excats=134-40&min_price=200000&max_price=1000000, Colorado, Denver, For Sale-Wanted, Farm and Garden, https://denver.craigslist.org/grd/d/denver-escape-the-rat-race-investment/7009116307.html,,2019-10-28,US,2019-11-21
2019 Newmar Ventana LE STILL UNDER WARRANTY, Oct 28, &excats=134-40&min_price=200000&max_price=1000000, Colorado, Denver, For Sale-Wanted, RVs, https://denver.craigslist.org/rvs/d/fountain-hills-2019-newmar-ventana-le/7008659860.html,,2019-10-28,US,2019-11-21
House in Morrison, Oct 28, &excats=134-40&min_price=200000&max_price=1000000, Colorado, Denver, For Sale-Wanted, Household, https://denver.craigslist.org/hsh/d/morrison-house-in-morrison/7008527274.html,,2019-10-28,US,2019-11-21
UPDATE! Parts & Project Cars & Trucks 1920&#39;s-80&#39;s 100&#39;s of Cars, Oct 28, &excats=134-40&min_price=200000&max_price=1000000, Kentucky, Louisville, For Sale-Wanted, Auto Parts by Dealer, https://louisville.craigslist.org/ptd/d/great-bend-update-parts-project-cars/7009166126.html,,2019-10-28,US,2019-11-21
UPDATE! Parts & Project Cars & Trucks 1920&#39;s-80&#39;s 100&#39;s of Cars, Oct 28, &excats=134-40&min_price=200000&max_price=1000000, Virginia, Lynchburg, For Sale-Wanted, Auto Parts by Dealer, https://lynchburg.craigslist.org/ptd/d/great-bend-update-parts-project-cars/7009172857.html,,2019-10-28,US,2019-11-21
Home for Sale (314 Erie Elephant Butte NM), Oct 28, &excats=134-40&min_price=200000&max_price=1000000, New Mexico, Las Cruces, For Sale-Wanted, General, https://lascruces.craigslist.org/for/d/elephant-butte-home-for-sale-314-erie/7008675557.html,,2019-10-28,US,2019-11-21
UPDATE! Parts & Project Cars & Trucks 1920&#39;s-80&#39;s 100&#39;s of Cars, Oct 28, &excats=134-40&min_price=200000&max_price=1000000, Ohio, Cleveland, For Sale-Wanted, Auto Parts by Dealer, https://cleveland.craigslist.org/ptd/d/great-bend-update-parts-project-cars/7009141352.html,,2019-10-28,US,2019-11-21
200 Acres, Oct 28, &excats=134-40&min_price=200000&max_price=1000000, North Carolina, Boone, For Sale-Wanted, General, https://boone.craigslist.org/for/d/guin-200-acres/7008801583.html,,2019-10-28,US,2019-11-21
2019 Mclaren 600LT, Oct 28, &excats=134-40&min_price=200000&max_price=1000000, North Carolina, Charlotte, For Sale-Wanted, Auto Parts by Owner, https://charlotte.craigslist.org/pts/d/los-angeles-2019-mclaren-600lt/7009113826.html,,2019-10-28,US,2019-11-21
Land For Sale, Oct 28, &excats=134-40&min_price=200000&max_price=1000000, North Carolina, Greensboro, For Sale-Wanted, General, https://greensboro.craigslist.org/for/d/julian-land-for-sale/7008980641.html,,2019-10-28,US,2019-11-21
2007 38 OUT ISLAND CUSTOM CAROLINA, Oct 28, &excats=134-40&min_price=200000&max_price=1000000, North Carolina, Wilmington, For Sale-Wanted, Boat Parts, https://wilmington.craigslist.org/boa/d/wilmington-out-island-custom-carolina/7000862886.html,,2019-10-28,US,2019-11-21
UPDATE! Parts & Project Cars & Trucks 1920&#39;s-80&#39;s 100&#39;s of Cars, Oct 28, &excats=134-40&min_price=200000&max_price=1000000, Utah, Logan, For Sale-Wanted, Auto Parts by Dealer, https://logan.craigslist.org/ptd/d/great-bend-update-parts-project-cars/7009157432.html,,2019-10-28,US,2019-11-21
VACATION HOME OR SELL, Oct 28, &excats=134-40&min_price=200000&max_price=1000000, Tennessee, Knoxville, For Sale-Wanted, General, https://knoxville.craigslist.org/for/d/vacation-home-or-sell/7008519717.html,,2019-10-28,US,2019-11-21
2015 Everglades 355CC center console boat, Oct 28, &excats=134-40&min_price=200000&max_price=1000000, Alabama, Dothan, For Sale-Wanted, Boat Parts by Dealer, https://dothan.craigslist.org/bod/d/panama-city-2015-everglades-355cc/7008654398.html,,2019-10-28,US,2019-11-21
House in NC 501 West Oak Island Drive 28465, Oct 28, &excats=134-40&min_price=200000&max_price=1000000, Pennsylvania, Philadelphia, For Sale-Wanted, General, https://philadelphia.craigslist.org/for/d/oak-island-house-in-nc-501-west-oak/7008769074.html,,2019-10-28,US,2019-11-21
LAND - FORWARD TOWNSHIP, Oct 28, &excats=134-40&min_price=200000&max_price=1000000, Pennsylvania, Pittsburgh, For Sale-Wanted, General, https://pittsburgh.craigslist.org/for/d/callery-land-forward-township/7009064472.html,,2019-10-28,US,2019-11-21
117 acre ranch, Oct 28, &excats=134-40&min_price=200000&max_price=1000000, Pennsylvania, Pittsburgh, For Sale-Wanted, Farm and Garden, https://pittsburgh.craigslist.org/grd/d/clarion-117-acre-ranch/7009059903.html,,2019-10-28,US,2019-11-21
Large Record Collection- MUST SELL THIS WEEK, Oct 28, &excats=134-40&min_price=200000&max_price=1000000, Pennsylvania, Pittsburgh, For Sale-Wanted, CDs DVDs, https://pittsburgh.craigslist.org/emd/d/pittsburgh-large-record-collection-must/7003201332.html,,2019-10-28,US,2019-11-21
WTB paying cash for vintage toys video games action figures, Oct 28, &excats=134-40&min_price=200000&max_price=1000000, Pennsylvania, Pittsburgh, For Sale-Wanted, Wanted, https://pittsburgh.craigslist.org/wan/d/monroeville-wtb-paying-cash-for-vintage/6989816089.html,,2019-10-28,US,2019-11-21
$$ I BUY $$ NEW or USED $$ iPHONE 11 PRO X XR XS MAX 8 8 PLUS iPAD MAC, Oct 28, &excats=134-40&min_price=200000&max_price=1000000, Texas, Austin, For Sale-Wanted, Wanted, https://austin.craigslist.org/wad/d/austin-buy-new-or-used-iphone-11-pro-xr/7008739885.html,,2019-10-28,US,2019-11-21
** I BUY => NEW or USED <= iPHONE 11 PRO X XR XS MAX 8 8 PLUS iPAD MAC, Oct 28, &excats=134-40&min_price=200000&max_price=1000000, Texas, Austin, For Sale-Wanted, Wanted, https://austin.craigslist.org/wad/d/austin-buy-new-or-used-iphone-11-pro-xr/7008590087.html,,2019-10-28,US,2019-11-21
Buying IT Network Telecom Equipment Cisco Avaya Polycom Phone Switch, Oct 28, &excats=134-40&min_price=200000&max_price=1000000, Texas, Corpus Christi, For Sale-Wanted, Wanted, https://corpuschristi.craigslist.org/wan/d/corpus-christi-buying-it-network/7008859258.html,,2019-10-28,US,2019-11-21
UPDATE! Parts & Project Cars & Trucks 1920&#39;s-80&#39;s 100&#39;s of Cars, Oct 28, &excats=134-40&min_price=200000&max_price=1000000, Texas, Lubbock, For Sale-Wanted, Auto Parts by Dealer, https://lubbock.craigslist.org/ptd/d/great-bend-update-parts-project-cars/7009170203.html,,2019-10-28,US,2019-11-21
COMIC LOT FOR SALE, Oct 28, &excats=134-40&min_price=200000&max_price=1000000, Texas, San Marcos, For Sale-Wanted, Books, https://sanmarcos.craigslist.org/bks/d/new-braunfels-comic-lot-for-sale/7008780115.html,,2019-10-28,US,2019-11-21
Doosan DX350, Oct 28, &excats=134-40&min_price=200000&max_price=1000000, Missouri, Kansas City, For Sale-Wanted, Heavy Equipment, https://kansascity.craigslist.org/hvo/d/kansas-city-doosan-dx350/6992247011.html,,2019-10-28,US,2019-11-21
RANCH FOR SALE (OWNER FINANCING), Oct 28, &excats=134-40&min_price=200000&max_price=1000000, Missouri, Springfield, For Sale-Wanted, Farm and Garden, https://springfield.craigslist.org/grd/d/willow-springs-ranch-for-sale-owner/6991303257.html,,2019-10-28,US,2019-11-21
HOUSE FOR SALE FSBO, Oct 28, &excats=134-40&min_price=200000&max_price=1000000, Oregon, Salem, For Sale-Wanted, General, https://salem.craigslist.org/for/d/saint-benedict-house-for-sale-fsbo/7009216599.html,,2019-10-28,US,2019-11-21
Peterson Pacific Horizontal Grinder, Oct 28, &excats=134-40&min_price=200000&max_price=1000000, New York, Buffalo, For Sale-Wanted, Heavy Equipment, https://buffalo.craigslist.org/hvd/d/frederick-peterson-pacific-horizontal/7008768720.html,,2019-10-28,US,2019-11-21
Vintage antique furniture!!! LARGE BARN FULL, Oct 28, &excats=134-40&min_price=200000&max_price=1000000, New York, Hudson Valley, For Sale-Wanted, Furniture, https://hudsonvalley.craigslist.org/fuo/d/goshen-vintage-antique-furniture-large/6991685397.html,,2019-10-28,US,2019-11-21
UPDATE! Parts & Project Cars & Trucks 1920&#39;s-80&#39;s 100&#39;s of Cars, Oct 28, &excats=134-40&min_price=200000&max_price=1000000, New York, Long Island, For Sale-Wanted, Auto Parts by Dealer, https://longisland.craigslist.org/ptd/d/great-bend-update-parts-project-cars/7009161611.html,,2019-10-28,US,2019-11-21
COMMERCIAL LAND, Oct 28, &excats=134-40&min_price=200000&max_price=1000000, New York, Long Island, For Sale-Wanted, General, https://longisland.craigslist.org/for/d/patchogue-commercial-land/6990451098.html,,2019-10-28,US,2019-11-21
Water front Home For Sale By Owner, Oct 28, &excats=134-40&min_price=200000&max_price=1000000, New York, Rochester, For Sale-Wanted, General, https://rochester.craigslist.org/for/d/water-front-home-for-sale-by-owner/6993224548.html,,2019-10-28,US,2019-11-21
DOOR COUNTY RECREATIONAL PARADISE For Sale By Owner:, Oct 28, &excats=134-40&min_price=200000&max_price=1000000, Wisconsin, Green Bay, For Sale-Wanted, General, https://greenbay.craigslist.org/for/d/brussels-door-county-recreational/7008927431.html,,2019-10-28,US,2019-11-21
AWESOME INVESTMENT PROPERTY, Oct 28, &excats=134-40&min_price=200000&max_price=1000000, Wisconsin, Madison, For Sale-Wanted, General, https://madison.craigslist.org/for/d/madison-awesome-investment-property/7008998243.html,,2019-10-28,US,2019-11-21
Country home, Oct 28, &excats=134-40&min_price=200000&max_price=1000000, Wisconsin, Milwaukee, For Sale-Wanted, General, https://milwaukee.craigslist.org/for/d/capon-bridge-country-home/7008620224.html,,2019-10-28,US,2019-11-21
Hunting Land- 80 acres in the town of Wittenberg, Oct 28, &excats=134-40&min_price=200000&max_price=1000000, Wisconsin, Wausau, For Sale-Wanted, General, https://wausau.craigslist.org/for/d/wittenberg-hunting-land-80-acres-in-the/7009090216.html,,2019-10-28,US,2019-11-21
2017  Monte Carlo 36ft  travel trailer fully loaded, Oct 28, &excats=134-40&min_price=200000&max_price=1000000, California, Bakersfield, For Sale-Wanted, RVs, https://bakersfield.craigslist.org/rvs/d/van-nuys-2017-monte-carlo-36ft-travel/6998637785.html,,2019-10-28,US,2019-11-21
Toy Hauler, Oct 28, &excats=134-40&min_price=200000&max_price=1000000, California, Inland Empire, For Sale-Wanted, RVs, https://inlandempire.craigslist.org/rvs/d/rialto-toy-hauler/7009165195.html,,2019-10-28,US,2019-11-21
PRICE REDUCED!6.8 AC. HEMET RANCH SPANISH STYLE HOME, Oct 28, &excats=134-40&min_price=200000&max_price=1000000, California, Inland Empire, For Sale-Wanted, Farm and Garden, https://inlandempire.craigslist.org/grq/d/hemet-price-reduced68-ac-hemet-ranch/7008879654.html,,2019-10-28,US,2019-11-21
$$ What if You Could Sell Your Property THIS WEEK?$$, Oct 28, &excats=134-40&min_price=200000&max_price=1000000, California, Inland Empire, For Sale-Wanted, Wanted, https://inlandempire.craigslist.org/wan/d/riverside-what-if-you-could-sell-your/7008746282.html,,2019-10-28,US,2019-11-21
View Three Bedroom Home, Oct 28, &excats=134-40&min_price=200000&max_price=1000000, California, Inland Empire, For Sale-Wanted, General, https://inlandempire.craigslist.org/fod/d/desert-hot-springs-view-three-bedroom/7008587319.html,,2019-10-28,US,2019-11-21
UPDATE! Parts & Project Cars & Trucks 1920&#39;s-80&#39;s 100&#39;s of Cars, Oct 28, &excats=134-40&min_price=200000&max_price=1000000, California, Los Angeles, For Sale-Wanted, Auto Parts by Dealer, https://losangeles.craigslist.org/wst/ptd/d/great-bend-update-parts-project-cars/7009164433.html,,2019-10-28,US,2019-11-21
2016 Rolls Royce Dawn (Like new), Oct 28, &excats=134-40&min_price=200000&max_price=1000000, California, Orange County, For Sale-Wanted, Cars And Trucks, https://orangecounty.craigslist.org/cto/d/gilbert-2016-rolls-royce-dawn-like-new/7009205834.html,,2019-10-28,US,2019-11-21
2002 Waterway Houseboat, Oct 28, &excats=134-40&min_price=200000&max_price=1000000, California, Redding, For Sale-Wanted, Boat Parts by Dealer, https://redding.craigslist.org/bod/d/shasta-lake-2002-waterway-houseboat/7008900484.html,,2019-10-28,US,2019-11-21
2019 Forest River Berkshire 39B Quad Slide-Out Diesel Motorhome #8563, Oct 28, &excats=134-40&min_price=200000&max_price=1000000, California, Sacramento, For Sale-Wanted, RVs, https://sacramento.craigslist.org/rvd/d/cedar-ridge-2019-forest-river-berkshire/7008915611.html,,2019-10-28,US,2019-11-21
Acreage w/indoor arena, Oct 27, &excats=134-40&min_price=200000&max_price=1000000, Iowa, Quad Cities, For Sale-Wanted, Farm and Garden, https://quadcities.craigslist.org/grd/d/dixon-acreage-indoor-arena/7008319858.html,,2019-10-27,US,2019-11-21
2015 Mountain Aire 4503 500HP ISX Cummins, Oct 27, &excats=134-40&min_price=200000&max_price=1000000, Washington, Moses Lake, For Sale-Wanted, RVs, https://moseslake.craigslist.org/rvd/d/kansas-city-2015-mountain-aire-hp-isx/7008359568.html,,2019-10-27,US,2019-11-21
Newly Remodeled Home on 4 acres Popp rd. 60x80 pole building, Oct 27, &excats=134-40&min_price=200000&max_price=1000000, Indiana, Fort Wayne, For Sale-Wanted, Farm and Garden, https://fortwayne.craigslist.org/grd/d/fort-wayne-newly-remodeled-home-on-4/7008276294.html,,2019-10-27,US,2019-11-21
Condo- PC Beach on the sand, Oct 27, &excats=134-40&min_price=200000&max_price=1000000, Georgia, Atlanta, For Sale-Wanted, General, https://atlanta.craigslist.org/atl/for/d/panama-city-condo-pc-beach-on-the-sand/7008340755.html,,2019-10-27,US,2019-11-21
Track Skidder, Oct 27, &excats=134-40&min_price=200000&max_price=1000000, Vermont, Vermont, For Sale-Wanted, Heavy Equipment, https://vermont.craigslist.org/hvo/d/oceanside-track-skidder/6997674960.html,,2019-10-27,US,2019-11-21
Single Family House 2 Years Old, Oct 27, &excats=134-40&min_price=200000&max_price=1000000, Massachusetts, South Coast, For Sale-Wanted, General, https://southcoast.craigslist.org/for/d/bridgewater-single-family-house-2-years/7008204533.html,,2019-10-27,US,2019-11-21
2001 Sumerset 18X107, Oct 27, &excats=134-40&min_price=200000&max_price=1000000, Arizona, Phoenix, For Sale-Wanted, Boat Parts by Dealer, https://phoenix.craigslist.org/nph/bod/d/sun-city-2001-sumerset-18x107/7008151163.html,,2019-10-27,US,2019-11-21
2001 Sumerset 18X107, Oct 27, &excats=134-40&min_price=200000&max_price=1000000, Arizona, Phoenix, For Sale-Wanted, Boat Parts by Dealer, https://phoenix.craigslist.org/nph/bod/d/sun-city-2001-sumerset-18x107/7008151163.html,,2019-10-27,US,2019-11-21
Land for lease, Oct 27, &excats=134-40&min_price=200000&max_price=1000000, Colorado, Denver, For Sale-Wanted, Wanted, https://denver.craigslist.org/wan/d/calhan-land-for-lease/7008396972.html,,2019-10-27,US,2019-11-21
House and 7.89 Acres  for sale, Oct 27, &excats=134-40&min_price=200000&max_price=1000000, Kentucky, Lexington, For Sale-Wanted, Farm and Garden, https://lexington.craigslist.org/grd/d/nicholasville-house-and-789-acres-for/6996946989.html,,2019-10-27,US,2019-11-21
Vintage Porch gliders and other vintage outdoor furniture, Oct 27, &excats=134-40&min_price=200000&max_price=1000000, Maryland, Frederick, For Sale-Wanted, Furniture, https://frederick.craigslist.org/fuo/d/bunker-hill-vintage-porch-gliders-and/7008006366.html,,2019-10-27,US,2019-11-21
hunting land, Oct 27, &excats=134-40&min_price=200000&max_price=1000000, Michigan, Muskegon, For Sale-Wanted, Sporting Goods, https://muskegon.craigslist.org/spo/d/mears-hunting-land/7008303483.html,,2019-10-27,US,2019-11-21
2008 f3500 king ranch, Oct 27, &excats=134-40&min_price=200000&max_price=1000000, Ohio, Cleveland, For Sale-Wanted, Cars And Trucks, https://cleveland.craigslist.org/cto/d/madison-2008-f3500-king-ranch/7008235127.html,,2019-10-27,US,2019-11-21
WANTED 1963-1972 CORVETTE CAMARO CHEVELLE NOVA CARS&PARTS PAY CASH$$$$, Oct 27, &excats=134-40&min_price=200000&max_price=1000000, Ohio, Cleveland, For Sale-Wanted, Wanted, https://cleveland.craigslist.org/wan/d/doylestown-wanted-corvette-camaro/6988258998.html,Want,2019-10-27,US,2019-11-21
Hashed bashed or old Polaris 4-wheelers, Oct 27, &excats=134-40&min_price=200000&max_price=1000000, Alaska, Fairbanks, For Sale-Wanted, Wanted, https://fairbanks.craigslist.org/wan/d/fairbanks-hashed-bashed-or-old-polaris/7008082031.html,,2019-10-27,US,2019-11-21
MARTINSVILLE NASCAR BEST TICKETS & PRICES EZ LOCATION BY TRACK, Oct 27, &excats=134-40&min_price=200000&max_price=1000000, North Carolina, Greensboro, For Sale-Wanted, Tickets, https://greensboro.craigslist.org/tix/d/martinsville-nascar-best-tickets-prices/7007967882.html,,2019-10-27,US,2019-11-21
Twice The Ice, Oct 27, &excats=134-40&min_price=200000&max_price=1000000, Louisiana, Houma, For Sale-Wanted, General, https://houma.craigslist.org/for/d/amelia-twice-the-ice/7008234704.html,,2019-10-27,US,2019-11-21
BEAUTIFUL HOME IN TONGANOXIE KS, Oct 27, &excats=134-40&min_price=200000&max_price=1000000, Kansas, Lawrence, For Sale-Wanted, General, https://lawrence.craigslist.org/for/d/tonganoxie-beautiful-home-in-tonganoxie/7008445724.html,,2019-10-27,US,2019-11-21
Land for Sale by Owner, Oct 27, &excats=134-40&min_price=200000&max_price=1000000, Tennessee, Memphis, For Sale-Wanted, General, https://memphis.craigslist.org/for/d/covington-land-for-sale-by-owner/7008465278.html,,2019-10-27,US,2019-11-21
RV and Storage Facility FOR SALE, Oct 27, &excats=134-40&min_price=200000&max_price=1000000, Alabama, Auburn, For Sale-Wanted, RVs, https://auburn.craigslist.org/rvs/d/opelika-rv-and-storage-facility-for-sale/6988466910.html,,2019-10-27,US,2019-11-21
****Metal wanted****, Oct 27, &excats=134-40&min_price=200000&max_price=1000000, Pennsylvania, Philadelphia, For Sale-Wanted, Wanted, https://philadelphia.craigslist.org/wan/d/metal-wanted/7008201260.html,Want,2019-10-27,US,2019-11-21
** I BUY => NEW or USED <= iPHONE 11 PRO X XR XS MAX 8 8 PLUS iPAD MAC, Oct 27, &excats=134-40&min_price=200000&max_price=1000000, Texas, Austin, For Sale-Wanted, Wanted, https://austin.craigslist.org/wad/d/austin-buy-new-or-used-iphone-11-pro-xr/7007992078.html,,2019-10-27,US,2019-11-21
carpas mesas sillas jumping ballons party rentals, Oct 27, &excats=134-40&min_price=200000&max_price=1000000, Texas, El Paso, For Sale-Wanted, General, https://elpaso.craigslist.org/for/d/el-paso-carpas-mesas-sillas-jumping/6996817062.html,,2019-10-27,US,2019-11-21
BayHome, Oct 27, &excats=134-40&min_price=200000&max_price=1000000, Texas, Houston, For Sale-Wanted, Wanted, https://houston.craigslist.org/wan/d/anahuac-bayhome/7003380195.html,,2019-10-27,US,2019-11-21
Acreage w/indoor arena, Oct 27, &excats=134-40&min_price=200000&max_price=1000000, Illinois, Quad Cities, For Sale-Wanted, Farm and Garden, https://quadcities.craigslist.org/grd/d/dixon-acreage-indoor-arena/7008319858.html,,2019-10-27,US,2019-11-21
Winter tires/all season, Oct 27, &excats=134-40&min_price=200000&max_price=1000000, New York, Binghamton, For Sale-Wanted, NA, https://binghamton.craigslist.org/wto/d/endicott-winter-tires-all-season/7008044803.html,,2019-10-27,US,2019-11-21
home for sale, Oct 27, &excats=134-40&min_price=200000&max_price=1000000, New Jersey, Jersey Shore, For Sale-Wanted, General, https://jerseyshore.craigslist.org/for/d/brick-home-for-sale/7008370406.html,,2019-10-27,US,2019-11-21
home for sale, Oct 27, &excats=134-40&min_price=200000&max_price=1000000, New Jersey, Jersey Shore, For Sale-Wanted, General, https://jerseyshore.craigslist.org/for/d/brick-home-for-sale/7008369348.html,,2019-10-27,US,2019-11-21
New home, Oct 27, &excats=134-40&min_price=200000&max_price=1000000, Wisconsin, Green Bay, For Sale-Wanted, General, https://greenbay.craigslist.org/for/d/cascade-new-home/7008270901.html,,2019-10-27,US,2019-11-21
Buying Rolex and other luxury Swiss watches, Oct 27, &excats=134-40&min_price=200000&max_price=1000000, Wisconsin, Milwaukee, For Sale-Wanted, Jewelry, https://milwaukee.craigslist.org/jwl/d/milwaukee-buying-rolex-and-other-luxury/7008483153.html,,2019-10-27,US,2019-11-21
40 acres hunting land, Oct 27, &excats=134-40&min_price=200000&max_price=1000000, Wisconsin, Milwaukee, For Sale-Wanted, General, https://milwaukee.craigslist.org/for/d/cataract-40-acres-hunting-land/7008043263.html,,2019-10-27,US,2019-11-21
Lexion 750 combine, Oct 27, &excats=134-40&min_price=200000&max_price=1000000, California, Chico, For Sale-Wanted, Heavy Equipment, https://chico.craigslist.org/hvo/d/glenn-lexion-750-combine/7008081627.html,,2019-10-27,US,2019-11-21
Heavy equipment, Oct 27, &excats=134-40&min_price=200000&max_price=1000000, California, Inland Empire, For Sale-Wanted, Heavy Equipment, https://inlandempire.craigslist.org/hvo/d/san-bernardino-heavy-equipment/6990708018.html,,2019-10-27,US,2019-11-21
Carver Voyager 53 Pilothouse, Oct 27, &excats=134-40&min_price=200000&max_price=1000000, California, Orange County, For Sale-Wanted, Boat Parts, https://orangecounty.craigslist.org/boa/d/rancho-palos-verdes-carver-voyager-53/7008104089.html,,2019-10-27,US,2019-11-21
2008 Ferrari 599 GTB Fiorano, Oct 27, &excats=134-40&min_price=200000&max_price=1000000, California, Orange County, For Sale-Wanted, Cars And Trucks, https://orangecounty.craigslist.org/cto/d/brea-2008-ferrari-599-gtb-fiorano/7008049590.html,,2019-10-27,US,2019-11-21
2014 Newmar Dutch Star 4364 Diesel pusher 3 slides one HUGE, Oct 27, &excats=134-40&min_price=200000&max_price=1000000, California, Sacramento, For Sale-Wanted, RVs, https://sacramento.craigslist.org/rvd/d/elk-grove-2014-newmar-dutch-star-4364/7008101182.html,,2019-10-27,US,2019-11-21
2003 Bluewater 5800, Oct 27, &excats=134-40&min_price=200000&max_price=1000000, California, Sacramento, For Sale-Wanted, Boat Parts by Dealer, https://sacramento.craigslist.org/bod/d/pittsburg-2003-bluewater-5800/7008047003.html,,2019-10-27,US,2019-11-21
2015 Thor Tuscany, Oct 26, &excats=134-40&min_price=200000&max_price=1000000, Iowa, Des Moines, For Sale-Wanted, Cars And by Dealer, https://desmoines.craigslist.org/ctd/d/urbandale-2015-thor-tuscany/7007527526.html,,2019-10-26,US,2019-11-21
Medical/Professional Building, Oct 26, &excats=134-40&min_price=200000&max_price=1000000, Georgia, Albany, For Sale-Wanted, General, https://albanyga.craigslist.org/for/d/delmar-medical-professional-building/7007695486.html,,2019-10-26,US,2019-11-21
Will buy old tractors, Oct 26, &excats=134-40&min_price=200000&max_price=1000000, Georgia, Atlanta, For Sale-Wanted, Wanted, https://atlanta.craigslist.org/atl/wan/d/lagrange-will-buy-old-tractors/7007827370.html,,2019-10-26,US,2019-11-21
Tractors!!!, Oct 26, &excats=134-40&min_price=200000&max_price=1000000, Georgia, Columbus, For Sale-Wanted, Wanted, https://columbusga.craigslist.org/wan/d/lagrange-tractors/7007828571.html,,2019-10-26,US,2019-11-21
LAND FOR SALE: 437 ACRES PRIME LAND, Oct 26, &excats=134-40&min_price=200000&max_price=1000000, Montana, Billings, For Sale-Wanted, Farm and Garden, https://billings.craigslist.org/grd/d/billings-land-for-sale-437-acres-prime/7007633235.html,,2019-10-26,US,2019-11-21
***Sell Me Your?GOLD SILVER DIAMONDS GIFT CARDS Rolexs and More!!!, Oct 26, &excats=134-40&min_price=200000&max_price=1000000, Massachusetts, Boston, For Sale-Wanted, Wanted, https://boston.craigslist.org/gbs/wad/d/danvers-sell-me-yourgold-silver/7007673519.html,,2019-10-26,US,2019-11-21
Private horse boarding, Oct 26, &excats=134-40&min_price=200000&max_price=1000000, Arizona, Phoenix, For Sale-Wanted, Farm and Garden, https://phoenix.craigslist.org/evl/grd/d/chandler-private-horse-boarding/6986997207.html,,2019-10-26,US,2019-11-21
2019 MONTEREY 385SE 900 hp, Oct 26, &excats=134-40&min_price=200000&max_price=1000000, Nevada, Las Vegas, For Sale-Wanted, Boat Parts by Dealer, https://lasvegas.craigslist.org/bod/d/round-lake-2019-monterey-385se-900-hp/7007906851.html,,2019-10-26,US,2019-11-21
Great Deal Large house will sell quick!!, Oct 26, &excats=134-40&min_price=200000&max_price=1000000, Nevada, Las Vegas, For Sale-Wanted, General, https://lasvegas.craigslist.org/for/d/las-vegas-great-deal-large-house-will/7007339373.html,,2019-10-26,US,2019-11-21
Great deal will sell quick large home, Oct 26, &excats=134-40&min_price=200000&max_price=1000000, Nevada, Las Vegas, For Sale-Wanted, Household, https://lasvegas.craigslist.org/hsh/d/las-vegas-great-deal-will-sell-quick/7007338394.html,,2019-10-26,US,2019-11-21
2019 MONTEREY 385SE 900 hp, Oct 26, &excats=134-40&min_price=200000&max_price=1000000, Nevada, Las Vegas, For Sale-Wanted, Boat Parts by Dealer, https://lasvegas.craigslist.org/bod/d/round-lake-2019-monterey-385se-900-hp/7007329209.html,,2019-10-26,US,2019-11-21
2017 Peterbilt389 9 car hauler quick load, Oct 26, &excats=134-40&min_price=200000&max_price=1000000, Florida, Orlando, For Sale-Wanted, Heavy Equipment, https://orlando.craigslist.org/hvo/d/orlando-2017-peterbilt389-9-car-hauler/7007697718.html,,2019-10-26,US,2019-11-21
2017 Peterbilt389 9 car hauler quick load, Oct 26, &excats=134-40&min_price=200000&max_price=1000000, Florida, Orlando, For Sale-Wanted, Heavy Equipment, https://orlando.craigslist.org/hvo/d/orlando-2017-peterbilt389-9-car-hauler/7007679415.html,,2019-10-26,US,2019-11-21
2018 TIFFIN ALLEGRO BUS 45 OPP, Oct 26, &excats=134-40&min_price=200000&max_price=1000000, Florida, Orlando, For Sale-Wanted, RVs, https://orlando.craigslist.org/rvd/d/winter-park-2018-tiffin-allegro-bus-45/7007459764.html,,2019-10-26,US,2019-11-21
2005 PREVOST VANTARE H3-45 2 SLIDES 44K MILES, Oct 26, &excats=134-40&min_price=200000&max_price=1000000, Florida, Orlando, For Sale-Wanted, RVs, https://orlando.craigslist.org/rvd/d/winter-park-2005-prevost-vantare-h/7007457358.html,,2019-10-26,US,2019-11-21
Beautiful Waterfront Property For Sale!, Oct 26, &excats=134-40&min_price=200000&max_price=1000000, Florida, Panama City, For Sale-Wanted, General, https://panamacity.craigslist.org/for/d/beautiful-waterfront-property-for-sale/7007807584.html,,2019-10-26,US,2019-11-21
Beautiful Waterfront Property For Sale!, Oct 26, &excats=134-40&min_price=200000&max_price=1000000, Florida, Panama City, For Sale-Wanted, General, https://panamacity.craigslist.org/for/d/beautiful-waterfront-property-for-sale/7007806778.html,,2019-10-26,US,2019-11-21
Lake  Cumbrrland View Lot, Oct 26, &excats=134-40&min_price=200000&max_price=1000000, Kentucky, Lexington, For Sale-Wanted, General, https://lexington.craigslist.org/for/d/somerset-lake-cumbrrland-view-lot/7007893965.html,,2019-10-26,US,2019-11-21
1956 chevy, Oct 26, &excats=134-40&min_price=200000&max_price=1000000, Kentucky, Louisville, For Sale-Wanted, Cars And Trucks, https://louisville.craigslist.org/cto/d/clarkson-1956-chevy/7007508371.html,,2019-10-26,US,2019-11-21
3960 shaffer Acerage&House, Oct 26, &excats=134-40&min_price=200000&max_price=1000000, Michigan, Grand Rapids, For Sale-Wanted, General, https://grandrapids.craigslist.org/for/d/grand-rapids-3960-shaffer-aceragehouse/7007872952.html,,2019-10-26,US,2019-11-21
PAYING CASH VINTAGE Band & Concert Ts, Oct 26, &excats=134-40&min_price=200000&max_price=1000000, Ohio, Cincinnati, For Sale-Wanted, Wanted, https://cincinnati.craigslist.org/wan/d/cincinnati-paying-cash-vintage-band/7007413928.html,,2019-10-26,US,2019-11-21
CHECK  OLD  PICS/ PRICELESS 68 HOLMAN MOODY FORD CORTINA GT BODY, Oct 26, &excats=134-40&min_price=200000&max_price=1000000, Ohio, Cincinnati, For Sale-Wanted, Auto Parts by Owner, https://cincinnati.craigslist.org/pts/d/logan-check-old-pics-priceless-68/7007312665.html,,2019-10-26,US,2019-11-21
MARTINSVILLE GREAT TICKETS & PRICES EZ LOCATION SEE JIMMY D TODAY!!, Oct 26, &excats=134-40&min_price=200000&max_price=1000000, North Carolina, Greensboro, For Sale-Wanted, Tickets, https://greensboro.craigslist.org/tix/d/ridgeway-martinsville-great-tickets/7005825364.html,,2019-10-26,US,2019-11-21
2014 Newmar Mountain Aire DP Class A, Oct 26, &excats=134-40&min_price=200000&max_price=1000000, Oklahoma, Oklahoma City, For Sale-Wanted, RVs, https://oklahomacity.craigslist.org/rvd/d/glenpool-2014-newmar-mountain-aire-dp/7007478995.html,,2019-10-26,US,2019-11-21
Tractor Tires Misc, Oct 26, &excats=134-40&min_price=200000&max_price=1000000, Idaho, Boise, For Sale-Wanted, Farm and Garden, https://boise.craigslist.org/grd/d/payette-tractor-tires-misc/6995406258.html,,2019-10-26,US,2019-11-21
JUNK CARS CASH IN HAND NO TITLE NEEDED 3479064, Oct 26, &excats=134-40&min_price=200000&max_price=1000000, Kansas, Wichita, For Sale-Wanted, Cars And Trucks, https://wichita.craigslist.org/cto/d/wichita-junk-cars-cash-in-hand-no-title/7007490963.html,Want,2019-10-26,US,2019-11-21
106 morningview dr, Oct 26, &excats=134-40&min_price=200000&max_price=1000000, Tennessee, Nashville, For Sale-Wanted, General, https://nashville.craigslist.org/for/d/old-hickory-106-morningview-dr/7007522120.html,,2019-10-26,US,2019-11-21
Crestwood, Oct 26, &excats=134-40&min_price=200000&max_price=1000000, Alabama, Birmingham, For Sale-Wanted, General, https://bham.craigslist.org/for/d/birmingham-crestwood/7007629349.html,,2019-10-26,US,2019-11-21
very unique opportunity, Oct 26, &excats=134-40&min_price=200000&max_price=1000000, Pennsylvania, Philadelphia, For Sale-Wanted, Antique By Owner, https://philadelphia.craigslist.org/atq/d/norristown-very-unique-opportunity/7003431043.html,,2019-10-26,US,2019-11-21
****Metal wanted****, Oct 26, &excats=134-40&min_price=200000&max_price=1000000, Pennsylvania, Philadelphia, For Sale-Wanted, Wanted, https://philadelphia.craigslist.org/wan/d/metal-wanted/7007351582.html,Want,2019-10-26,US,2019-11-21
WANTED : Tri-axles Tractor trailers & heavy duty trucks, Oct 26, &excats=134-40&min_price=200000&max_price=1000000, Pennsylvania, Pittsburgh, For Sale-Wanted, Heavy Equipment, https://pittsburgh.craigslist.org/hvd/d/wanted-tri-axles-tractor-trailers-heavy/7007360550.html,Want,2019-10-26,US,2019-11-21
** I BUY => NEW or USED <= iPHONE 11 PRO X XR XS MAX 8 8 PLUS iPAD MAC, Oct 26, &excats=134-40&min_price=200000&max_price=1000000, Texas, Austin, For Sale-Wanted, Wanted, https://austin.craigslist.org/wad/d/austin-buy-new-or-used-iphone-11-pro-xr/7007365371.html,,2019-10-26,US,2019-11-21
1971 OLDSMOBILE CUTLASS S 350 ROCKET AUTOMATIC-SEMI PROJECT  CLASSIC, Oct 26, &excats=134-40&min_price=200000&max_price=1000000, Texas, El Paso, For Sale-Wanted, Auto Parts by Owner, https://elpaso.craigslist.org/pts/d/el-paso-1971-oldsmobile-cutlass-350/7007541291.html,,2019-10-26,US,2019-11-21
2015 Ram 1500 4x4 Love Star, Oct 26, &excats=134-40&min_price=200000&max_price=1000000, Texas, Houston, For Sale-Wanted, Cars And Trucks, https://houston.craigslist.org/cto/d/huffman-2015-ram-x4-love-star/7007700951.html,,2019-10-26,US,2019-11-21
Roofing Clay Tile, Oct 26, &excats=134-40&min_price=200000&max_price=1000000, Missouri, St Louis, For Sale-Wanted, Materials, https://stlouis.craigslist.org/mat/d/troy-roofing-clay-tile/7007402972.html,,2019-10-26,US,2019-11-21
BMW-740il -2001, Oct 26, &excats=134-40&min_price=200000&max_price=1000000, Illinois, Chicago, For Sale-Wanted, Cars And Trucks, https://chicago.craigslist.org/nwi/cto/d/merrillville-bmw-740il-2001/7007891776.html,,2019-10-26,US,2019-11-21
WORLD TRADE COMMEMORATIVE PAINTING- WORLD TRADE CENTER DISASTER, Oct 26, &excats=134-40&min_price=200000&max_price=1000000, New Jersey, South Jersey, For Sale-Wanted, Art by Owner, https://southjersey.craigslist.org/art/d/sewell-world-trade-commemorative/7007723731.html,,2019-10-26,US,2019-11-21
Outdoor storage for trailers boats cars etc., Oct 26, &excats=134-40&min_price=200000&max_price=1000000, Wisconsin, Madison, For Sale-Wanted, RVs, https://madison.craigslist.org/rvs/d/madison-outdoor-storage-for-trailers/6990565990.html,,2019-10-26,US,2019-11-21
2019 new house, Oct 26, &excats=134-40&min_price=200000&max_price=1000000, Wisconsin, Milwaukee, For Sale-Wanted, Household, https://milwaukee.craigslist.org/hsh/d/cascade-2019-new-house/7007646559.html,,2019-10-26,US,2019-11-21
2019 Ski-Doo Summit SP 850 E-TEC SS 165 PowderMax Light 2.5 Octane Bl, Oct 26, &excats=134-40&min_price=200000&max_price=1000000, Wisconsin, Milwaukee, For Sale-Wanted, ATVs UTVs by Dealer, https://milwaukee.craigslist.org/snd/d/south-range-2019-ski-doo-summit-sp-850/7007509734.html,,2019-10-26,US,2019-11-21
Wanted All Motorhomes/Trailers, Oct 26, &excats=134-40&min_price=200000&max_price=1000000, California, Bakersfield, For Sale-Wanted, Wanted, https://bakersfield.craigslist.org/wan/d/fresno-wanted-all-motorhomes-trailers/6987993795.html,Want,2019-10-26,US,2019-11-21
Sun Lakes-Banning View  2 Bed 2 Bath 1471 sq ft-incredible mtn views!, Oct 26, &excats=134-40&min_price=200000&max_price=1000000, California, Inland Empire, For Sale-Wanted, RVs, https://inlandempire.craigslist.org/rvs/d/banning-sun-lakes-banning-view-2-bed-2/7007809010.html,,2019-10-26,US,2019-11-21
IPHONE BUYER -  CASH CASH CASH - IPHONE BUYER -CASH CASH CASH, Oct 26, &excats=134-40&min_price=200000&max_price=1000000, California, Los Angeles, For Sale-Wanted, Wanted, https://losangeles.craigslist.org/lac/wad/d/los-angeles-iphone-buyer-cash-cash-cash/7007555514.html,,2019-10-26,US,2019-11-21
Custom Houseboat in Lake McClure, Oct 26, &excats=134-40&min_price=200000&max_price=1000000, California, Merced, For Sale-Wanted, Boat Parts, https://merced.craigslist.org/boa/d/hornitos-custom-houseboat-in-lake/7007853506.html,,2019-10-26,US,2019-11-21
Merced Ranch., Oct 26, &excats=134-40&min_price=200000&max_price=1000000, California, Merced, For Sale-Wanted, Farm and Garden, https://merced.craigslist.org/grd/d/atwater-merced-ranch/7007624572.html,,2019-10-26,US,2019-11-21
Houseboat Lake McClure, Oct 26, &excats=134-40&min_price=200000&max_price=1000000, California, Modesto, For Sale-Wanted, Boat Parts, https://modesto.craigslist.org/boa/d/hornitos-houseboat-lake-mcclure/7007853606.html,,2019-10-26,US,2019-11-21
Great Deal Large house will sell quick!!, Oct 26, &excats=134-40&min_price=200000&max_price=1000000, California, Modesto, For Sale-Wanted, General, https://modesto.craigslist.org/for/d/las-vegas-great-deal-large-house-will/7007340409.html,,2019-10-26,US,2019-11-21
farm for sale, Oct 26, &excats=134-40&min_price=200000&max_price=1000000, California, Orange County, For Sale-Wanted, Farm and Garden, https://orangecounty.craigslist.org/grd/d/fallbrook-farm-for-sale/6995705869.html,,2019-10-26,US,2019-11-21
2016 *Lamborghini* *Aventador* *2dr Coupe LP 750-4 Supe, Oct 26, &excats=134-40&min_price=200000&max_price=1000000, California, Orange County, For Sale-Wanted, Cars And by Dealer, https://orangecounty.craigslist.org/ctd/d/marina-del-rey-2016-lamborghini/7007411847.html,,2019-10-26,US,2019-11-21
Great Deal Large house will sell quick!!, Oct 26, &excats=134-40&min_price=200000&max_price=1000000, California, Orange County, For Sale-Wanted, General, https://orangecounty.craigslist.org/for/d/las-vegas-great-deal-large-house-will/7007339844.html,,2019-10-26,US,2019-11-21
82.7 Acres Warren County Iowa, Oct 25, &excats=134-40&min_price=200000&max_price=1000000, Iowa, Des Moines, For Sale-Wanted, Farm and Garden, https://desmoines.craigslist.org/grd/d/liberty-center-827-acres-warren-county/7007034069.html,,2019-10-25,US,2019-11-21
Clarke County Acreage for sale, Oct 25, &excats=134-40&min_price=200000&max_price=1000000, Iowa, Des Moines, For Sale-Wanted, Farm and Garden, https://desmoines.craigslist.org/grd/d/osceola-clarke-county-acreage-for-sale/7006860675.html,,2019-10-25,US,2019-11-21
buying 500 and 1000 dollar bills well above value, Oct 25, &excats=134-40&min_price=200000&max_price=1000000, Iowa, Dubuque, For Sale-Wanted, Wanted, https://dubuque.craigslist.org/wan/d/dubuque-buying-500-and-1000-dollar/6993170926.html,,2019-10-25,US,2019-11-21
2019 JEANNEAU NC 37, Oct 25, &excats=134-40&min_price=200000&max_price=1000000, Washington, Bellingham, For Sale-Wanted, Boat Parts by Dealer, https://bellingham.craigslist.org/bod/d/surrey-2019-jeanneau-nc-37/7006663027.html,,2019-10-25,US,2019-11-21
2015 ESSEX by Newmar 4553 | 600HP Cummins Allison 4000, Oct 25, &excats=134-40&min_price=200000&max_price=1000000, Washington, Moses Lake, For Sale-Wanted, RVs, https://moseslake.craigslist.org/rvd/d/kansas-city-2015-essex-by-newmar-hp/7006916563.html,,2019-10-25,US,2019-11-21
10 KT GOLD $20.00 PER GRAMS, Oct 25, &excats=134-40&min_price=200000&max_price=1000000, Georgia, Atlanta, For Sale-Wanted, Wanted, https://atlanta.craigslist.org/nat/wan/d/norcross-10-kt-gold-2000-per-grams/7007010819.html,,2019-10-25,US,2019-11-21
GOLD AND DIAMOND BUYERS &quot;WE PAY TOP $$$$$$&quot;, Oct 25, &excats=134-40&min_price=200000&max_price=1000000, Georgia, Atlanta, For Sale-Wanted, Wanted, https://atlanta.craigslist.org/nat/wan/d/norcross-gold-and-diamond-buyers-we-pay/7006914459.html,,2019-10-25,US,2019-11-21
Lake Allatoona lake lot for sale, Oct 25, &excats=134-40&min_price=200000&max_price=1000000, Georgia, Atlanta, For Sale-Wanted, Antique By Owner, https://atlanta.craigslist.org/nat/atq/d/canton-lake-allatoona-lake-lot-for-sale/7006648138.html,,2019-10-25,US,2019-11-21
Childcare center for sale, Oct 25, &excats=134-40&min_price=200000&max_price=1000000, Georgia, Atlanta, For Sale-Wanted, Cell Phones, https://atlanta.craigslist.org/nat/mob/d/childcare-center-for-sale/7006632970.html,,2019-10-25,US,2019-11-21
Parts Windshield Handwarmers 2nd seat Box, Oct 25, &excats=134-40&min_price=200000&max_price=1000000, Montana, Bozeman, For Sale-Wanted, ATVs UTVs by Owner, https://bozeman.craigslist.org/snw/d/dearing-parts-windshield-handwarmers/6990358289.html,,2019-10-25,US,2019-11-21
2004 Freightliner M2 112 Service truck w/crane, Oct 25, &excats=134-40&min_price=200000&max_price=1000000, Montana, Bozeman, For Sale-Wanted, Cars And Trucks, https://bozeman.craigslist.org/cto/d/mukilteo-2004-freightliner-m2-112/7006957821.html,,2019-10-25,US,2019-11-21
2017 Edgewater 368 center console, Oct 25, &excats=134-40&min_price=200000&max_price=1000000, South Carolina, Charleston, For Sale-Wanted, Boat Parts by Dealer, https://charleston.craigslist.org/bod/d/wilmington-2017-edgewater-368-center/7006962341.html,,2019-10-25,US,2019-11-21
2017 Edgewater 368 center console, Oct 25, &excats=134-40&min_price=200000&max_price=1000000, South Carolina, Hilton Head, For Sale-Wanted, Boat Parts by Dealer, https://hiltonhead.craigslist.org/bod/d/wilmington-2017-edgewater-368-center/7006962519.html,,2019-10-25,US,2019-11-21
2017 Edgewater 368 center console, Oct 25, &excats=134-40&min_price=200000&max_price=1000000, South Carolina, Myrtle Beach, For Sale-Wanted, Boat Parts by Dealer, https://myrtlebeach.craigslist.org/bod/d/wilmington-2017-edgewater-368-center/7006962597.html,,2019-10-25,US,2019-11-21
2018 *Ferrari* *812 Superfast* *Coupe* Rosso Corsa, Oct 25, &excats=134-40&min_price=200000&max_price=1000000, Arizona, Phoenix, For Sale-Wanted, Cars And by Dealer, https://phoenix.craigslist.org/nph/ctd/d/scottsdale-2018-ferrari-812-superfast/7007158346.html,,2019-10-25,US,2019-11-21
Books  Books  Books Books, Oct 25, &excats=134-40&min_price=200000&max_price=1000000, Arizona, Phoenix, For Sale-Wanted, Wanted, https://phoenix.craigslist.org/nph/wan/d/phoenix-books-books-books-books/6986733459.html,,2019-10-25,US,2019-11-21
chevy straight 6, Oct 25, &excats=134-40&min_price=200000&max_price=1000000, Arizona, Tucson, For Sale-Wanted, Auto Parts by Owner, https://tucson.craigslist.org/pts/d/tucson-chevy-straight-6/7007029568.html,,2019-10-25,US,2019-11-21
2017 Edgewater 368 center console, Oct 25, &excats=134-40&min_price=200000&max_price=1000000, Florida, Jacksonville, For Sale-Wanted, Boat Parts by Dealer, https://jacksonville.craigslist.org/bod/d/wilmington-2017-edgewater-368-center/7006961063.html,,2019-10-25,US,2019-11-21
2017 Edgewater 368 center console, Oct 25, &excats=134-40&min_price=200000&max_price=1000000, Florida, Orlando, For Sale-Wanted, Boat Parts by Dealer, https://orlando.craigslist.org/bod/d/wilmington-2017-edgewater-368-center/7006965490.html,,2019-10-25,US,2019-11-21
2018 Monaco RV Signature 44M, Oct 25, &excats=134-40&min_price=200000&max_price=1000000, Florida, Orlando, For Sale-Wanted, RVs, https://orlando.craigslist.org/rvd/d/winter-garden-2018-monaco-rv-signature/7006721565.html,,2019-10-25,US,2019-11-21
2018 DUTCH STAR 4369, Oct 25, &excats=134-40&min_price=200000&max_price=1000000, Florida, Orlando, For Sale-Wanted, RVs, https://orlando.craigslist.org/rvs/d/sorrento-2018-dutch-star-4369/7006651814.html,,2019-10-25,US,2019-11-21
2018 Tiffin Allegro Red 37PA, Oct 25, &excats=134-40&min_price=200000&max_price=1000000, Florida, Pensacola, For Sale-Wanted, RVs, https://pensacola.craigslist.org/rvs/d/milton-2018-tiffin-allegro-red-37pa/7006890495.html,,2019-10-25,US,2019-11-21
House and 7.89 Acres  for sale, Oct 25, &excats=134-40&min_price=200000&max_price=1000000, Kentucky, Lexington, For Sale-Wanted, Farm and Garden, https://lexington.craigslist.org/grd/d/nicholasville-house-and-789-acres-for/6994157875.html,,2019-10-25,US,2019-11-21
FANTASTIC WATERFRONT HOME IN EASTERN NC, Oct 25, &excats=134-40&min_price=200000&max_price=1000000, Virginia, Eastern Shore, For Sale-Wanted, General, https://easternshore.craigslist.org/for/d/belhaven-fantastic-waterfront-home-in/7006730188.html,,2019-10-25,US,2019-11-21
2017 Edgewater 368 center console, Oct 25, &excats=134-40&min_price=200000&max_price=1000000, Virginia, Fredericksburg, For Sale-Wanted, Boat Parts by Dealer, https://fredericksburg.craigslist.org/bod/d/wilmington-2017-edgewater-368-center/7006963067.html,,2019-10-25,US,2019-11-21
Build a new home and get tax credits, Oct 25, &excats=134-40&min_price=200000&max_price=1000000, Virginia, Lynchburg, For Sale-Wanted, Wanted, https://lynchburg.craigslist.org/wan/d/gretna-build-new-home-and-get-tax/7006850341.html,,2019-10-25,US,2019-11-21
44 acres New Kent-Rt 60, Oct 25, &excats=134-40&min_price=200000&max_price=1000000, Virginia, Richmond, For Sale-Wanted, Farm and Garden, https://richmond.craigslist.org/grd/d/44-acres-new-kent-rt-60/7006939646.html,,2019-10-25,US,2019-11-21
2017 Edgewater 368 center console, Oct 25, &excats=134-40&min_price=200000&max_price=1000000, Maryland, Annapolis, For Sale-Wanted, Boat Parts by Dealer, https://annapolis.craigslist.org/bod/d/wilmington-2017-edgewater-368-center/7006964148.html,,2019-10-25,US,2019-11-21
2017 Edgewater 368 center console, Oct 25, &excats=134-40&min_price=200000&max_price=1000000, Maryland, Baltimore, For Sale-Wanted, Boat Parts by Dealer, https://baltimore.craigslist.org/bod/d/wilmington-2017-edgewater-368-center/7006964359.html,,2019-10-25,US,2019-11-21
47&#39; 1990 BUDDY DAVIS Sportfish, Oct 25, &excats=134-40&min_price=200000&max_price=1000000, Maryland, Baltimore, For Sale-Wanted, Boat Parts, https://baltimore.craigslist.org/boa/d/charlestown-buddy-davis-sportfish/7006706010.html,,2019-10-25,US,2019-11-21
Cash Paid 4 Antiques & Household Items, Oct 25, &excats=134-40&min_price=200000&max_price=1000000, Maryland, Baltimore, For Sale-Wanted, Household, https://baltimore.craigslist.org/hsh/d/cash-paid-4-antiques-household-items/6989197316.html,,2019-10-25,US,2019-11-21
FANTASTIC WATERFRONT HOME IN EASTERN NC, Oct 25, &excats=134-40&min_price=200000&max_price=1000000, Maryland, Eastern Shore, For Sale-Wanted, General, https://easternshore.craigslist.org/for/d/belhaven-fantastic-waterfront-home-in/7006730188.html,,2019-10-25,US,2019-11-21
2017 Edgewater 368 center console, Oct 25, &excats=134-40&min_price=200000&max_price=1000000, Maryland, Frederick, For Sale-Wanted, Boat Parts by Dealer, https://frederick.craigslist.org/bod/d/wilmington-2017-edgewater-368-center/7006964512.html,,2019-10-25,US,2019-11-21
UPDATE! Parts & Project Cars & Trucks 1920&#39;s-80&#39;s 100&#39;s of Cars, Oct 25, &excats=134-40&min_price=200000&max_price=1000000, Ohio, Chillicothe, For Sale-Wanted, Auto Parts by Dealer, https://chillicothe.craigslist.org/ptd/d/great-bend-update-parts-project-cars/7007279395.html,,2019-10-25,US,2019-11-21
UPDATE! Parts & Project Cars & Trucks 1920&#39;s-80&#39;s 100&#39;s of Cars, Oct 25, &excats=134-40&min_price=200000&max_price=1000000, Ohio, Cincinnati, For Sale-Wanted, Auto Parts by Dealer, https://cincinnati.craigslist.org/ptd/d/great-bend-update-parts-project-cars/7007287423.html,,2019-10-25,US,2019-11-21
I BUY aircooled Volkswagen Cars and Parts, Oct 25, &excats=134-40&min_price=200000&max_price=1000000, Ohio, Cincinnati, For Sale-Wanted, Wanted, https://cincinnati.craigslist.org/wan/d/west-chester-buy-aircooled-volkswagen/7007085605.html,,2019-10-25,US,2019-11-21
2017 Edgewater 368 center console, Oct 25, &excats=134-40&min_price=200000&max_price=1000000, North Carolina, Wilmington, For Sale-Wanted, Boat Parts by Dealer, https://wilmington.craigslist.org/bod/d/wilmington-2017-edgewater-368-center/7006963113.html,,2019-10-25,US,2019-11-21
2017 Edgewater 368 center console, Oct 25, &excats=134-40&min_price=200000&max_price=1000000, North Carolina, Wilmington, For Sale-Wanted, Boat Parts by Dealer, https://myrtlebeach.craigslist.org/bod/d/wilmington-2017-edgewater-368-center/7006962597.html,,2019-10-25,US,2019-11-21
2017 Edgewater 368 center console, Oct 25, &excats=134-40&min_price=200000&max_price=1000000, North Carolina, Wilmington, For Sale-Wanted, Boat Parts by Dealer, https://eastnc.craigslist.org/bod/d/wilmington-2017-edgewater-368-center/7006962859.html,,2019-10-25,US,2019-11-21
2017 Edgewater 368 center console, Oct 25, &excats=134-40&min_price=200000&max_price=1000000, North Carolina, Wilmington, For Sale-Wanted, Boat Parts by Dealer, https://raleigh.craigslist.org/bod/d/wilmington-2017-edgewater-368-center/7006962697.html,,2019-10-25,US,2019-11-21
2017 Edgewater 368 center console, Oct 25, &excats=134-40&min_price=200000&max_price=1000000, Louisiana, New Orleans, For Sale-Wanted, Boat Parts by Dealer, https://neworleans.craigslist.org/bod/d/wilmington-2017-edgewater-368-center/7006965046.html,,2019-10-25,US,2019-11-21
2004 Freightliner M2 Service Truck w/crane, Oct 25, &excats=134-40&min_price=200000&max_price=1000000, Idaho, Boise, For Sale-Wanted, Cars And Trucks, https://boise.craigslist.org/cto/d/mukilteo-2004-freightliner-m2-service/7006968963.html,,2019-10-25,US,2019-11-21
Rental 4 plex Investment Property Apartment Building, Oct 25, &excats=134-40&min_price=200000&max_price=1000000, Idaho, Twin Falls, For Sale-Wanted, General, https://twinfalls.craigslist.org/for/d/twin-falls-rental-4-plex-investment/6991485328.html,,2019-10-25,US,2019-11-21
UPDATE! Parts & Project Cars & Trucks 1920&#39;s-80&#39;s 100&#39;s of Cars, Oct 25, &excats=134-40&min_price=200000&max_price=1000000, Tennessee, Chattanooga, For Sale-Wanted, Auto Parts by Dealer, https://chattanooga.craigslist.org/ptd/d/great-bend-update-parts-project-cars/7007267962.html,,2019-10-25,US,2019-11-21
UPDATE! Parts & Project Cars & Trucks 1920&#39;s-80&#39;s 100&#39;s of Cars, Oct 25, &excats=134-40&min_price=200000&max_price=1000000, Tennessee, Clarksville, For Sale-Wanted, Auto Parts by Dealer, https://clarksville.craigslist.org/ptd/d/great-bend-update-parts-project-cars/7007290052.html,,2019-10-25,US,2019-11-21
2017 Edgewater 368 center console, Oct 25, &excats=134-40&min_price=200000&max_price=1000000, Alabama, Mobile, For Sale-Wanted, Boat Parts by Dealer, https://mobile.craigslist.org/bod/d/wilmington-2017-edgewater-368-center/7006964874.html,,2019-10-25,US,2019-11-21
Pristine Land in the heart of Elk Country, Oct 25, &excats=134-40&min_price=200000&max_price=1000000, Pennsylvania, Lancaster, For Sale-Wanted, General, https://lancaster.craigslist.org/for/d/force-pristine-land-in-the-heart-of-elk/7006817642.html,,2019-10-25,US,2019-11-21
1971 Porsche 911 Interior parts, Oct 25, &excats=134-40&min_price=200000&max_price=1000000, Pennsylvania, Philadelphia, For Sale-Wanted, Wanted, https://philadelphia.craigslist.org/wan/d/abington-1971-porsche-911-interior-parts/6987725047.html,,2019-10-25,US,2019-11-21
****Metal wanted****, Oct 25, &excats=134-40&min_price=200000&max_price=1000000, Pennsylvania, Philadelphia, For Sale-Wanted, General, https://philadelphia.craigslist.org/for/d/metal-wanted/7006636541.html,Want,2019-10-25,US,2019-11-21
Pristine Land in the heart of Elk Country, Oct 25, &excats=134-40&min_price=200000&max_price=1000000, Pennsylvania, Pittsburgh, For Sale-Wanted, General, https://pittsburgh.craigslist.org/for/d/force-pristine-land-in-the-heart-of-elk/7006766259.html,,2019-10-25,US,2019-11-21
** I BUY => NEW or USED <= iPHONE 11 PRO X XR XS MAX 8 8 PLUS iPAD MAC, Oct 25, &excats=134-40&min_price=200000&max_price=1000000, Texas, Austin, For Sale-Wanted, Wanted, https://austin.craigslist.org/wad/d/austin-buy-new-or-used-iphone-11-pro-xr/7006661828.html,,2019-10-25,US,2019-11-21
2017 Edgewater 368 center console, Oct 25, &excats=134-40&min_price=200000&max_price=1000000, Texas, Corpus Christi, For Sale-Wanted, Boat Parts by Dealer, https://corpuschristi.craigslist.org/bod/d/wilmington-2017-edgewater-368-center/7006965411.html,,2019-10-25,US,2019-11-21
2017 Edgewater 368 center console, Oct 25, &excats=134-40&min_price=200000&max_price=1000000, Texas, Galveston, For Sale-Wanted, Boat Parts by Dealer, https://galveston.craigslist.org/bod/d/wilmington-2017-edgewater-368-center/7006965170.html,,2019-10-25,US,2019-11-21
2017 Edgewater 368 center console, Oct 25, &excats=134-40&min_price=200000&max_price=1000000, Texas, Houston, For Sale-Wanted, Boat Parts by Dealer, https://houston.craigslist.org/bod/d/wilmington-2017-edgewater-368-center/7006965230.html,,2019-10-25,US,2019-11-21
Awesome Florist Shop with Greenhouse, Oct 25, &excats=134-40&min_price=200000&max_price=1000000, Connecticut, Hartford, For Sale-Wanted, Farm and Garden, https://hartford.craigslist.org/grd/d/wolcott-awesome-florist-shop-with/6989435519.html,,2019-10-25,US,2019-11-21
We buy houses, Oct 25, &excats=134-40&min_price=200000&max_price=1000000, Connecticut, New Haven, For Sale-Wanted, Wanted, https://newhaven.craigslist.org/wan/d/new-haven-we-buy-houses/7007208602.html,,2019-10-25,US,2019-11-21
Newmar Essex - Low Miles - New Tires!, Oct 25, &excats=134-40&min_price=200000&max_price=1000000, Missouri, Kansas City, For Sale-Wanted, RVs, https://kansascity.craigslist.org/rvs/d/shawnee-mission-newmar-essex-low-miles/7007113373.html,,2019-10-25,US,2019-11-21
Newmar Essex - Low Miles - New Tires!, Oct 25, &excats=134-40&min_price=200000&max_price=1000000, Missouri, Springfield, For Sale-Wanted, RVs, https://springfield.craigslist.org/rvs/d/shell-knob-newmar-essex-low-miles-new/7007113835.html,,2019-10-25,US,2019-11-21
58  Hatteras Motor Yacht, Oct 25, &excats=134-40&min_price=200000&max_price=1000000, Missouri, St Louis, For Sale-Wanted, Boat Parts, https://stlouis.craigslist.org/boa/d/58-hatteras-motor-yacht/6988145729.html,,2019-10-25,US,2019-11-21
AN OUTSTANDING 1977 PLUCKEBAUM MODEL 65 COAST YACHT HOUSEBOAT!, Oct 25, &excats=134-40&min_price=200000&max_price=1000000, Missouri, St Louis, For Sale-Wanted, Boat Parts by Dealer, https://stlouis.craigslist.org/bod/d/an-outstanding-1977-pluckebaum-model-65/7006709332.html,,2019-10-25,US,2019-11-21
UPDATE! Parts & Project Cars & Trucks 1920&#39;s-80&#39;s 100&#39;s of Cars, Oct 25, &excats=134-40&min_price=200000&max_price=1000000, Illinois, Chicago, For Sale-Wanted, Auto Parts by Dealer, https://chicago.craigslist.org/nch/ptd/d/great-bend-update-parts-project-cars/7007277214.html,,2019-10-25,US,2019-11-21
2017 Rolls-Royce Dawn with Convertible Diamond Black, Oct 25, &excats=134-40&min_price=200000&max_price=1000000, Illinois, Chicago, For Sale-Wanted, Cars And by Dealer, https://chicago.craigslist.org/wcl/ctd/d/westmont-2017-rolls-royce-dawn-with/7006772096.html,,2019-10-25,US,2019-11-21
2016 *McLaren* *650S* *2dr Conv Spider* White, Oct 25, &excats=134-40&min_price=200000&max_price=1000000, Illinois, Chicago, For Sale-Wanted, Cars And by Dealer, https://chicago.craigslist.org/chc/ctd/d/evanston-2016-mclaren-650s-2dr-conv/7006741298.html,,2019-10-25,US,2019-11-21
2017 MERCEDES BENZ G550 SQUARED 1-OWNER 38S G 550 G63 2018 2019 2016, Oct 25, &excats=134-40&min_price=200000&max_price=1000000, Oregon, Bend, For Sale-Wanted, Cars And by Dealer, https://bend.craigslist.org/ctd/d/portland-2017-mercedes-benz-g550/7006728896.html,,2019-10-25,US,2019-11-21
2017 MERCEDES BENZ G550 SQUARED 1-OWNER 38S G 550 G63 2018 2019 2016, Oct 25, &excats=134-40&min_price=200000&max_price=1000000, Oregon, Eugene, For Sale-Wanted, Cars And by Dealer, https://eugene.craigslist.org/ctd/d/portland-2017-mercedes-benz-g550/7006732095.html,,2019-10-25,US,2019-11-21
NEW 2019 Prestige 460 FlyBridge * 20% don x $4846 mo * IPS PODS *, Oct 25, &excats=134-40&min_price=200000&max_price=1000000, Oregon, Portland, For Sale-Wanted, Boat Parts by Dealer, https://portland.craigslist.org/mlt/bod/d/portland-new-2019-prestige-460/7007024401.html,,2019-10-25,US,2019-11-21
NEW 2019 Jeanneau Velasco 37 Fly Bridge * 20% dn x $1989 mo * WARRANTY, Oct 25, &excats=134-40&min_price=200000&max_price=1000000, Oregon, Portland, For Sale-Wanted, Boat Parts by Dealer, https://portland.craigslist.org/mlt/bod/d/portland-new-2019-jeanneau-velasco-37/7007000567.html,,2019-10-25,US,2019-11-21
2017 MERCEDES BENZ G550 SQUARED 1-OWNER 38S G 550 G63 2018 2019 2016, Oct 25, &excats=134-40&min_price=200000&max_price=1000000, Oregon, Portland, For Sale-Wanted, Cars And by Dealer, https://portland.craigslist.org/mlt/ctd/d/portland-2017-mercedes-benz-g550/7006861239.html,,2019-10-25,US,2019-11-21
UPDATE! Parts & Project Cars & Trucks 1920&#39;s-80&#39;s 100&#39;s of Cars, Oct 25, &excats=134-40&min_price=200000&max_price=1000000, New York, Chautauqua, For Sale-Wanted, Auto Parts by Dealer, https://chautauqua.craigslist.org/ptd/d/great-bend-update-parts-project-cars/7007275236.html,,2019-10-25,US,2019-11-21
2017 Edgewater 368 center console, Oct 25, &excats=134-40&min_price=200000&max_price=1000000, New York, Long Island, For Sale-Wanted, Boat Parts by Dealer, https://longisland.craigslist.org/bod/d/wilmington-2017-edgewater-368-center/7006964827.html,,2019-10-25,US,2019-11-21
2017 Edgewater 368 center console, Oct 25, &excats=134-40&min_price=200000&max_price=1000000, New Jersey, Jersey Shore, For Sale-Wanted, Boat Parts by Dealer, https://jerseyshore.craigslist.org/bod/d/wilmington-2017-edgewater-368-center/7006964698.html,,2019-10-25,US,2019-11-21
2017 Edgewater 368 center console, Oct 25, &excats=134-40&min_price=200000&max_price=1000000, New Jersey, South Jersey, For Sale-Wanted, Boat Parts by Dealer, https://southjersey.craigslist.org/bod/d/wilmington-2017-edgewater-368-center/7006964583.html,,2019-10-25,US,2019-11-21
Wanted: Airline and Travel Posters, Oct 25, &excats=134-40&min_price=200000&max_price=1000000, Wisconsin, Madison, For Sale-Wanted, Wanted, https://madison.craigslist.org/wan/d/wanted-airline-and-travel-posters/6999664272.html,Want,2019-10-25,US,2019-11-21
150 Acres Hunting Land Sawyer County Wi, Oct 25, &excats=134-40&min_price=200000&max_price=1000000, Wisconsin, Northern Wi, For Sale-Wanted, General, https://northernwi.craigslist.org/for/d/exeland-150-acres-hunting-land-sawyer/7006814674.html,,2019-10-25,US,2019-11-21
LAND 2015201620082017201520142013201220112010200920082007, Oct 25, &excats=134-40&min_price=200000&max_price=1000000, California, Los Angeles, For Sale-Wanted, Cars And Trucks, https://losangeles.craigslist.org/wst/cto/d/pacoima-land/7007078981.html,,2019-10-25,US,2019-11-21
Very Famous car fsbo - Jesuss car, Oct 25, &excats=134-40&min_price=200000&max_price=1000000, California, Los Angeles, For Sale-Wanted, Cars And Trucks, https://losangeles.craigslist.org/wst/cto/d/santa-monica-very-famous-car-fsbo/7006845993.html,,2019-10-25,US,2019-11-21
$ we Buy Forklifts $ CASH  $ Trucks $ heavy Equipment Buyer $$, Oct 25, &excats=134-40&min_price=200000&max_price=1000000, California, Orange County, For Sale-Wanted, Wanted, https://orangecounty.craigslist.org/wan/d/anaheim-we-buy-forklifts-cash-trucks/6988217835.html,,2019-10-25,US,2019-11-21
2018 Forest River Berkshire XL 40C Triple Slide-Out Motorhome! ? #8956, Oct 25, &excats=134-40&min_price=200000&max_price=1000000, California, Sacramento, For Sale-Wanted, RVs, https://sacramento.craigslist.org/rvd/d/cedar-ridge-2018-forest-river-berkshire/7006823770.html,,2019-10-25,US,2019-11-21
2011 Town Car Signature Limited, Oct 25, &excats=134-40&min_price=200000&max_price=1000000, California, Stockton, For Sale-Wanted, Cars And Trucks, https://stockton.craigslist.org/cto/d/stockton-2011-town-car-signature-limited/7007141209.html,,2019-10-25,US,2019-11-21
12 valves Cummins diesel, Oct 25, &excats=134-40&min_price=200000&max_price=1000000, California, Stockton, For Sale-Wanted, Cars And Trucks, https://stockton.craigslist.org/cto/d/bakersfield-12-valves-cummins-diesel/7006785627.html,,2019-10-25,US,2019-11-21
Farmland, Oct 24, &excats=134-40&min_price=200000&max_price=1000000, Iowa, Des Moines, For Sale-Wanted, Farm and Garden, https://desmoines.craigslist.org/grd/d/elkhart-farmland/7006104802.html,,2019-10-24,US,2019-11-21
120 acres Marion Co Close to Des Moines, Oct 24, &excats=134-40&min_price=200000&max_price=1000000, Iowa, Des Moines, For Sale-Wanted, Farm and Garden, https://desmoines.craigslist.org/grd/d/melcher-dallas-120-acres-marion-co/7006047385.html,,2019-10-24,US,2019-11-21
UPDATE! Parts & Project Cars & Trucks 1920&#39;s-80&#39;s 100&#39;s of Cars, Oct 24, &excats=134-40&min_price=200000&max_price=1000000, West Virginia, Charleston, For Sale-Wanted, Auto Parts by Dealer, https://charlestonwv.craigslist.org/ptd/d/great-bend-update-parts-project-cars/7006521458.html,,2019-10-24,US,2019-11-21
13586 Donnell Rd Anacortes WA, Oct 24, &excats=134-40&min_price=200000&max_price=1000000, Washington, Bellingham, For Sale-Wanted, General, https://bellingham.craigslist.org/for/d/anacortes-donnell-rd-anacortes-wa/7006266306.html,,2019-10-24,US,2019-11-21
Acreage/ Farm/Woods, Oct 24, &excats=134-40&min_price=200000&max_price=1000000, Indiana, Bloomington, For Sale-Wanted, Farm and Garden, https://bloomington.craigslist.org/grd/d/jasonville-acreage-farm-woods/7006450864.html,,2019-10-24,US,2019-11-21
Acreage/ Farm/ Woods, Oct 24, &excats=134-40&min_price=200000&max_price=1000000, Indiana, Indianapolis, For Sale-Wanted, Farm and Garden, https://indianapolis.craigslist.org/grd/d/jasonville-acreage-farm-woods/7006449859.html,,2019-10-24,US,2019-11-21
2013 Lexus GX, Oct 24, &excats=134-40&min_price=200000&max_price=1000000, Georgia, Atlanta, For Sale-Wanted, Cars And Trucks, https://atlanta.craigslist.org/atl/cto/d/decatur-2013-lexus-gx/7006571540.html,,2019-10-24,US,2019-11-21
OPEN HOUSE SUNDAY OCT 27 2-4P, Oct 24, &excats=134-40&min_price=200000&max_price=1000000, Georgia, Atlanta, For Sale-Wanted, General, https://atlanta.craigslist.org/atl/fod/d/decatur-open-house-sunday-oct-p/7006148202.html,,2019-10-24,US,2019-11-21
Home, Oct 24, &excats=134-40&min_price=200000&max_price=1000000, Georgia, Atlanta, For Sale-Wanted, Household, https://atlanta.craigslist.org/nat/hsh/d/lawrenceville-home/7002092298.html,,2019-10-24,US,2019-11-21
2019 Cat 325FLCR Zero-Turn Excavator, Oct 24, &excats=134-40&min_price=200000&max_price=1000000, Vermont, Vermont, For Sale-Wanted, Heavy Equipment, https://vermont.craigslist.org/hvo/d/barre-2019-cat-325flcr-zero-turn/6986854431.html,,2019-10-24,US,2019-11-21
2014 Sea Ray 350 Sundancer, Oct 24, &excats=134-40&min_price=200000&max_price=1000000, South Carolina, Charleston, For Sale-Wanted, Boat Parts, https://charleston.craigslist.org/boa/d/mooresville-2014-sea-ray-350-sundancer/7006405857.html,,2019-10-24,US,2019-11-21
2014 Cruisers Yachts 45 Cantius, Oct 24, &excats=134-40&min_price=200000&max_price=1000000, South Carolina, Charleston, For Sale-Wanted, Boat Parts by Dealer, https://charleston.craigslist.org/bod/d/grasonville-2014-cruisers-yachts-45/7006311403.html,,2019-10-24,US,2019-11-21
2012 Sea Ray 610 Sundancer, Oct 24, &excats=134-40&min_price=200000&max_price=1000000, South Carolina, Charleston, For Sale-Wanted, Boat Parts by Dealer, https://charleston.craigslist.org/bod/d/grasonville-2012-sea-ray-610-sundancer/7006300941.html,,2019-10-24,US,2019-11-21
Equipment financing needed 4 Legalized Industrial Hemp textile and CBD, Oct 24, &excats=134-40&min_price=200000&max_price=1000000, Arizona, Phoenix, For Sale-Wanted, Wanted, https://phoenix.craigslist.org/evl/wan/d/mesa-equipment-financing-needed-4/6986769438.html,Want,2019-10-24,US,2019-11-21
Heifers, Oct 24, &excats=134-40&min_price=200000&max_price=1000000, Arizona, Show Low, For Sale-Wanted, Farm and Garden, https://showlow.craigslist.org/grd/d/taylor-heifers/7006347960.html,,2019-10-24,US,2019-11-21
Lakehouse For Sale Lake Jessamine, Oct 24, &excats=134-40&min_price=200000&max_price=1000000, Florida, Orlando, For Sale-Wanted, General, https://orlando.craigslist.org/for/d/orlando-lakehouse-for-sale-lake/7006477801.html,,2019-10-24,US,2019-11-21
5 acres Black Hammock, Oct 24, &excats=134-40&min_price=200000&max_price=1000000, Florida, Orlando, For Sale-Wanted, General, https://orlando.craigslist.org/for/d/oviedo-5-acres-black-hammock/7006261022.html,,2019-10-24,US,2019-11-21
UPDATE! Parts & Project Cars & Trucks 1920&#39;s-80&#39;s 100&#39;s of Cars, Oct 24, &excats=134-40&min_price=200000&max_price=1000000, Kentucky, Lexington, For Sale-Wanted, Auto Parts by Dealer, https://lexington.craigslist.org/ptd/d/great-bend-update-parts-project-cars/7006515940.html,,2019-10-24,US,2019-11-21
UPDATE! Parts & Project Cars & Trucks 1920&#39;s-80&#39;s 100&#39;s of Cars, Oct 24, &excats=134-40&min_price=200000&max_price=1000000, Nebraska, Lincoln, For Sale-Wanted, Auto Parts by Dealer, https://lincoln.craigslist.org/ptd/d/great-bend-update-parts-project-cars/7006520209.html,,2019-10-24,US,2019-11-21
UPDATE! Parts & Project Cars & Trucks 1920&#39;s-80&#39;s 100&#39;s of Cars, Oct 24, &excats=134-40&min_price=200000&max_price=1000000, Virginia, Charlottesville, For Sale-Wanted, Auto Parts by Dealer, https://charlottesville.craigslist.org/ptd/d/great-bend-update-parts-project-cars/7006529974.html,,2019-10-24,US,2019-11-21
Looking for 35 to 38 downeast, Oct 24, &excats=134-40&min_price=200000&max_price=1000000, Maryland, Annapolis, For Sale-Wanted, Boat Parts, https://annapolis.craigslist.org/boa/d/greenland-looking-for-35-to-38-downeast/7006416407.html,Want,2019-10-24,US,2019-11-21
Cash Paid 4 Vintage Costume Jewelry & Old Pocket Watches, Oct 24, &excats=134-40&min_price=200000&max_price=1000000, Maryland, Baltimore, For Sale-Wanted, Wanted, https://baltimore.craigslist.org/wan/d/cash-paid-4-vintage-costume-jewelry-old/6989726877.html,,2019-10-24,US,2019-11-21
wanted...dairy farm for sale, Oct 24, &excats=134-40&min_price=200000&max_price=1000000, New Mexico, Albuquerque, For Sale-Wanted, Farm and Garden, https://albuquerque.craigslist.org/grd/d/corrales-wanteddairy-farm-for-sale/7006513791.html,Want,2019-10-24,US,2019-11-21
Homemade trumpet lamp, Oct 24, &excats=134-40&min_price=200000&max_price=1000000, New Mexico, Albuquerque, For Sale-Wanted, Musical Instruments, https://albuquerque.craigslist.org/msg/d/albuquerque-homemade-trumpet-lamp/7006294258.html,,2019-10-24,US,2019-11-21
Waterfront Home 4 Sale, Oct 24, &excats=134-40&min_price=200000&max_price=1000000, Michigan, Grand Rapids, For Sale-Wanted, General, https://grandrapids.craigslist.org/for/d/punta-gorda-waterfront-home-4-sale/7006098497.html,,2019-10-24,US,2019-11-21
2017 Entegra Cornerstone 45A, Oct 24, &excats=134-40&min_price=200000&max_price=1000000, Michigan, Grand Rapids, For Sale-Wanted, RVs, https://grandrapids.craigslist.org/rvd/d/grand-rapids-2017-entegra-cornerstone/7006020292.html,,2019-10-24,US,2019-11-21
PRIVATE INVESTOR, Oct 24, &excats=134-40&min_price=200000&max_price=1000000, Michigan, Grand Rapids, For Sale-Wanted, Wanted, https://grandrapids.craigslist.org/wan/d/lowell-private-investor/7005951897.html,,2019-10-24,US,2019-11-21
UPDATE! Parts & Project Cars & Trucks 1920&#39;s-80&#39;s 100&#39;s of Cars, Oct 24, &excats=134-40&min_price=200000&max_price=1000000, North Carolina, Charlotte, For Sale-Wanted, Auto Parts by Dealer, https://charlotte.craigslist.org/ptd/d/great-bend-update-parts-project-cars/7006524549.html,,2019-10-24,US,2019-11-21
House for sale, Oct 24, &excats=134-40&min_price=200000&max_price=1000000, North Carolina, Charlotte, For Sale-Wanted, General, https://charlotte.craigslist.org/for/d/locust-house-for-sale/6989238459.html,,2019-10-24,US,2019-11-21
2016 Sea Ray 350 SLX, Oct 24, &excats=134-40&min_price=200000&max_price=1000000, North Carolina, Charlotte, For Sale-Wanted, Boat Parts, https://charlotte.craigslist.org/boa/d/hickory-2016-sea-ray-350-slx/7006390263.html,,2019-10-24,US,2019-11-21
Blanchard Home for SALE, Oct 24, &excats=134-40&min_price=200000&max_price=1000000, Oklahoma, Oklahoma City, For Sale-Wanted, General, https://oklahomacity.craigslist.org/for/d/blanchard-blanchard-home-for-sale/7006088265.html,,2019-10-24,US,2019-11-21
off market investment property for sale, Oct 24, &excats=134-40&min_price=200000&max_price=1000000, Tennessee, Nashville, For Sale-Wanted, General, https://nashville.craigslist.org/for/d/murfreesboro-off-market-investment/7006116559.html,,2019-10-24,US,2019-11-21
****Metal wanted****, Oct 24, &excats=134-40&min_price=200000&max_price=1000000, Pennsylvania, Philadelphia, For Sale-Wanted, General, https://philadelphia.craigslist.org/for/d/metal-wanted/7005935787.html,Want,2019-10-24,US,2019-11-21
GET TOP DOLLAR FAST FOR YOUR NEW OR USED TEST AND MEDICAL EQUIPMENT, Oct 24, &excats=134-40&min_price=200000&max_price=1000000, Texas, Austin, For Sale-Wanted, Wanted, https://austin.craigslist.org/wad/d/round-rock-get-top-dollar-fast-for-your/7006557569.html,,2019-10-24,US,2019-11-21
** I BUY => NEW or USED <= iPHONE 11 PRO X XR XS MAX 8 8 PLUS iPAD MAC, Oct 24, &excats=134-40&min_price=200000&max_price=1000000, Texas, Austin, For Sale-Wanted, Wanted, https://austin.craigslist.org/wad/d/austin-buy-new-or-used-iphone-11-pro-xr/7005956628.html,,2019-10-24,US,2019-11-21
SRT4 ACR $1 MILLION DOLLARS, Oct 24, &excats=134-40&min_price=200000&max_price=1000000, Texas, Houston, For Sale-Wanted, Cars And by Dealer, https://houston.craigslist.org/ctd/d/houston-srt4-acr-1-million-dollars/7006309751.html,,2019-10-24,US,2019-11-21
Affordable Home For Sale, Oct 24, &excats=134-40&min_price=200000&max_price=1000000, Missouri, Kansas City, For Sale-Wanted, Wanted, https://kansascity.craigslist.org/wan/d/kansas-city-affordable-home-for-sale/7006431272.html,,2019-10-24,US,2019-11-21
Dairy Farm wanted, Oct 24, &excats=134-40&min_price=200000&max_price=1000000, Missouri, Springfield, For Sale-Wanted, Farm and Garden, https://springfield.craigslist.org/grd/d/springfield-dairy-farm-wanted/7006552720.html,Want,2019-10-24,US,2019-11-21
240 acres in Southern MO, Oct 24, &excats=134-40&min_price=200000&max_price=1000000, Missouri, St Louis, For Sale-Wanted, General, https://stlouis.craigslist.org/for/d/forsyth-240-acres-in-southern-mo/7006111362.html,,2019-10-24,US,2019-11-21
9.75 acres with 1250 sq ft home, Oct 24, &excats=134-40&min_price=200000&max_price=1000000, Oregon, Bend, For Sale-Wanted, General, https://bend.craigslist.org/for/d/bend-975-acres-with-1250-sq-ft-home/7006542449.html,,2019-10-24,US,2019-11-21
Sunny FL Home4Sale Punta Gorda, Oct 24, &excats=134-40&min_price=200000&max_price=1000000, New York, Albany, For Sale-Wanted, General, https://albany.craigslist.org/for/d/punta-gorda-sunny-fl-home4sale-punta/7006110016.html,,2019-10-24,US,2019-11-21
Farm for Sale, Oct 24, &excats=134-40&min_price=200000&max_price=1000000, New York, Albany, For Sale-Wanted, Farm and Garden, https://albany.craigslist.org/grd/d/cambridge-farm-for-sale/6999482388.html,,2019-10-24,US,2019-11-21
4 Bed/3 Bath - Setauket NY, Oct 24, &excats=134-40&min_price=200000&max_price=1000000, New York, Long Island, For Sale-Wanted, General, https://longisland.craigslist.org/for/d/east-setauket-4-bed-3-bath-setauket-ny/7006259906.html,,2019-10-24,US,2019-11-21
285 ft. River front Home; Large Out Buildings, Oct 24, &excats=134-40&min_price=200000&max_price=1000000, New York, Syracuse, For Sale-Wanted, General, https://syracuse.craigslist.org/for/d/iroquois-285-ft-river-front-home-large/7005950470.html,,2019-10-24,US,2019-11-21
459 Wayne Street, Oct 24, &excats=134-40&min_price=200000&max_price=1000000, New Jersey, Jersey Shore, For Sale-Wanted, General, https://jerseyshore.craigslist.org/for/d/jersey-city-459-wayne-street/7006326857.html,,2019-10-24,US,2019-11-21
Buying Comic Books, Oct 24, &excats=134-40&min_price=200000&max_price=1000000, New Jersey, South Jersey, For Sale-Wanted, Wanted, https://southjersey.craigslist.org/wan/d/buying-comic-books/7006533797.html,,2019-10-24,US,2019-11-21
New construction, Oct 24, &excats=134-40&min_price=200000&max_price=1000000, Wisconsin, Madison, For Sale-Wanted, General, https://madison.craigslist.org/for/d/delavan-new-construction/7006489542.html,,2019-10-24,US,2019-11-21
4 acres and Home for sale, Oct 24, &excats=134-40&min_price=200000&max_price=1000000, Wisconsin, Madison, For Sale-Wanted, General, https://madison.craigslist.org/for/d/reedsburg-4-acres-and-home-for-sale/7006032657.html,,2019-10-24,US,2019-11-21
Black Bosch Dishwasher, Oct 24, &excats=134-40&min_price=200000&max_price=1000000, Wisconsin, Sheboygan, For Sale-Wanted, Appliance by Owner, https://sheboygan.craigslist.org/app/d/kohler-black-bosch-dishwasher/7006427197.html,,2019-10-24,US,2019-11-21
2018 Dodge 2500 Megacab, Oct 24, &excats=134-40&min_price=200000&max_price=1000000, California, Bakersfield, For Sale-Wanted, Auto Parts by Owner, https://bakersfield.craigslist.org/pts/d/2018-dodge-2500-megacab/7006357651.html,,2019-10-24,US,2019-11-21
Custom  renovated house with huge double shower, Oct 24, &excats=134-40&min_price=200000&max_price=1000000, California, Inland Empire, For Sale-Wanted, General, https://inlandempire.craigslist.org/for/d/hesperia-custom-renovated-house-with/6988997889.html,,2019-10-24,US,2019-11-21
1972 Ferrari 365GTC4, Oct 24, &excats=134-40&min_price=200000&max_price=1000000, California, Los Angeles, For Sale-Wanted, Cars And Trucks, https://losangeles.craigslist.org/wst/cto/d/torrance-1972-ferrari-365gtc4/7006440225.html,,2019-10-24,US,2019-11-21
House for Sale, Oct 24, &excats=134-40&min_price=200000&max_price=1000000, California, Orange County, For Sale-Wanted, General, https://orangecounty.craigslist.org/for/d/fullerton-house-for-sale/7006359801.html,,2019-10-24,US,2019-11-21
House for Sale, Oct 23, &excats=134-40&min_price=200000&max_price=1000000, Georgia, Atlanta, For Sale-Wanted, Household, https://atlanta.craigslist.org/wat/hsh/d/hampton-house-for-sale/7005342567.html,,2019-10-23,US,2019-11-21
UPDATE! Parts & Project Cars & Trucks 1920&#39;s-80&#39;s 100&#39;s of Cars, Oct 23, &excats=134-40&min_price=200000&max_price=1000000, South Carolina, Charleston, For Sale-Wanted, Auto Parts by Dealer, https://charleston.craigslist.org/ptd/d/great-bend-update-parts-project-cars/7005847609.html,,2019-10-23,US,2019-11-21
2006 Hogzilla Tub Grinder, Oct 23, &excats=134-40&min_price=200000&max_price=1000000, South Carolina, Charleston, For Sale-Wanted, Heavy Equipment, https://charleston.craigslist.org/hvo/d/ladson-2006-hogzilla-tub-grinder/7005371666.html,,2019-10-23,US,2019-11-21
2006 Hogzilla Tub Grinder, Oct 23, &excats=134-40&min_price=200000&max_price=1000000, South Carolina, Florence, For Sale-Wanted, Heavy Equipment, https://florencesc.craigslist.org/hvo/d/ladson-2006-hogzilla-tub-grinder/7005384154.html,,2019-10-23,US,2019-11-21
Lot on Greers Ferry Lake, Oct 23, &excats=134-40&min_price=200000&max_price=1000000, Arkansas, Fort Smith, For Sale-Wanted, General, https://fortsmith.craigslist.org/for/d/heber-springs-lot-on-greers-ferry-lake/7005283396.html,,2019-10-23,US,2019-11-21
Beanie Baby Buddies, Oct 23, &excats=134-40&min_price=200000&max_price=1000000, Arkansas, Jonesboro, For Sale-Wanted, Collectibles, https://jonesboro.craigslist.org/clt/d/bay-beanie-baby-buddies/7005220609.html,,2019-10-23,US,2019-11-21
Lake property, Oct 23, &excats=134-40&min_price=200000&max_price=1000000, Arkansas, Little Rock, For Sale-Wanted, General, https://littlerock.craigslist.org/for/d/edgemont-lake-property/6994300608.html,,2019-10-23,US,2019-11-21
2004 Fountain 48 Express Cruiser, Oct 23, &excats=134-40&min_price=200000&max_price=1000000, Arizona, Phoenix, For Sale-Wanted, Boat Parts by Dealer, https://phoenix.craigslist.org/nph/bod/d/phoenix-2004-fountain-48-express-cruiser/7005761875.html,,2019-10-23,US,2019-11-21
2015 Newmar Dutch Star 4002 Triple Slide Class A RV, Oct 23, &excats=134-40&min_price=200000&max_price=1000000, Arizona, Phoenix, For Sale-Wanted, RVs, https://phoenix.craigslist.org/evl/rvd/d/mesa-2015-newmar-dutch-star-4002-triple/7005689463.html,,2019-10-23,US,2019-11-21
2014 Winnebago Tour 42QD Triple Slide Class A Diesel RV, Oct 23, &excats=134-40&min_price=200000&max_price=1000000, Arizona, Phoenix, For Sale-Wanted, RVs, https://phoenix.craigslist.org/evl/rvd/d/mesa-2014-winnebago-tour-42qd-triple/7005684538.html,,2019-10-23,US,2019-11-21
2018 Tiffin Allegro Bus 37AP Quad Slide Class A Diesel RV, Oct 23, &excats=134-40&min_price=200000&max_price=1000000, Arizona, Phoenix, For Sale-Wanted, RVs, https://phoenix.craigslist.org/evl/rvd/d/mesa-2018-tiffin-allegro-bus-37ap-quad/7005451089.html,,2019-10-23,US,2019-11-21
Honda k20 k24 parts blocks heads k20z3 k24a2, Oct 23, &excats=134-40&min_price=200000&max_price=1000000, Arizona, Phoenix, For Sale-Wanted, Auto Parts by Owner, https://phoenix.craigslist.org/evl/pts/d/tyro-honda-k20-k24-parts-blocks-heads/7005258156.html,,2019-10-23,US,2019-11-21
UPDATE!  Parts & Project Cars & Trucks 1920&#39;s-80&#39;s 100&#39;s of Cars, Oct 23, &excats=134-40&min_price=200000&max_price=1000000, Nevada, Las Vegas, For Sale-Wanted, Auto Parts by Dealer, https://lasvegas.craigslist.org/ptd/d/great-bend-update-parts-project-cars/7005848891.html,,2019-10-23,US,2019-11-21
Buying Rolex Watches broken or old wanted, Oct 23, &excats=134-40&min_price=200000&max_price=1000000, Florida, Jacksonville, For Sale-Wanted, Jewelry, https://jacksonville.craigslist.org/jwl/d/jacksonville-buying-rolex-watches/7003224211.html,Want,2019-10-23,US,2019-11-21
2015 Everglades 355CC, Oct 23, &excats=134-40&min_price=200000&max_price=1000000, Florida, Panama City, For Sale-Wanted, Boat Parts, https://panamacity.craigslist.org/boa/d/panama-city-2015-everglades-355cc/7005376944.html,,2019-10-23,US,2019-11-21
Vacant Land, Oct 23, &excats=134-40&min_price=200000&max_price=1000000, Florida, Space Coast, For Sale-Wanted, General, https://spacecoast.craigslist.org/for/d/merritt-island-vacant-land/6985692979.html,,2019-10-23,US,2019-11-21
Like new Luxury Entegra, Oct 23, &excats=134-40&min_price=200000&max_price=1000000, Wyoming, Wyoming, For Sale-Wanted, RVs, https://wyoming.craigslist.org/rvs/d/riverton-like-new-luxury-entegra/7005788952.html,,2019-10-23,US,2019-11-21
UPDATE! Parts & Project Cars & Trucks 1920&#39;s-80&#39;s 100&#39;s of Cars, Oct 23, &excats=134-40&min_price=200000&max_price=1000000, New Mexico, Las Cruces, For Sale-Wanted, Auto Parts by Dealer, https://lascruces.craigslist.org/ptd/d/great-bend-update-parts-project-cars/7005836920.html,,2019-10-23,US,2019-11-21
2004 Nissan armada for parts, Oct 23, &excats=134-40&min_price=200000&max_price=1000000, Michigan, Lansing, For Sale-Wanted, Auto Parts by Owner, https://lansing.craigslist.org/pts/d/fayette-2004-nissan-armada-for-parts/6991309520.html,,2019-10-23,US,2019-11-21
2002 400ex for traid, Oct 23, &excats=134-40&min_price=200000&max_price=1000000, Ohio, Ashtabula, For Sale-Wanted, ATVs UTVs by Owner, https://ashtabula.craigslist.org/snw/d/bristolville-ex-for-traid/7005624710.html,,2019-10-23,US,2019-11-21
2002 400ex traid, Oct 23, &excats=134-40&min_price=200000&max_price=1000000, Ohio, Cleveland, For Sale-Wanted, ATVs UTVs by Owner, https://cleveland.craigslist.org/snw/d/bristolville-ex-traid/7005624090.html,,2019-10-23,US,2019-11-21
Buying yugioh! And Pokmon card collections! All Cash!, Oct 23, &excats=134-40&min_price=200000&max_price=1000000, Ohio, Columbus, For Sale-Wanted, Wanted, https://columbus.craigslist.org/wan/d/columbus-buying-yugioh-and-pokmon-card/7005212554.html,,2019-10-23,US,2019-11-21
land for sale       105 acres, Oct 23, &excats=134-40&min_price=200000&max_price=1000000, Ohio, Mansfield, For Sale-Wanted, General, https://mansfield.craigslist.org/for/d/mansfield-land-for-sale-105-acres/7005836368.html,,2019-10-23,US,2019-11-21
2 Nailedhead Leather Sofas - Happy Hollow-ring Days to Ya !!, Oct 23, &excats=134-40&min_price=200000&max_price=1000000, North Carolina, Greensboro, For Sale-Wanted, Furniture, https://greensboro.craigslist.org/fuo/d/greensboro-2-nailedhead-leather-sofas/7005861784.html,,2019-10-23,US,2019-11-21
House for sale with pool:2508 huntington woods dr, Oct 23, &excats=134-40&min_price=200000&max_price=1000000, North Carolina, Winston-salem, For Sale-Wanted, General, https://winstonsalem.craigslist.org/for/d/winston-salem-house-for-sale-with/7005389166.html,,2019-10-23,US,2019-11-21
2018 CAT 323 Excavator, Oct 23, &excats=134-40&min_price=200000&max_price=1000000, Louisiana, Shreveport, For Sale-Wanted, Heavy Equipment, https://shreveport.craigslist.org/hvo/d/benton-2018-cat-323-excavator/7005549911.html,,2019-10-23,US,2019-11-21
UPDATE! Parts & Project Cars & Trucks 1920&#39;s-80&#39;s 100&#39;s of Cars, Oct 23, &excats=134-40&min_price=200000&max_price=1000000, Oklahoma, Lawton, For Sale-Wanted, Auto Parts by Dealer, https://lawton.craigslist.org/ptd/d/great-bend-update-parts-project-cars/7005853025.html,,2019-10-23,US,2019-11-21
2017 Tiffin Motorhomes Phaeton Class A, Oct 23, &excats=134-40&min_price=200000&max_price=1000000, Oklahoma, Oklahoma City, For Sale-Wanted, RVs, https://oklahomacity.craigslist.org/rvd/d/glenpool-2017-tiffin-motorhomes-phaeton/7005370124.html,,2019-10-23,US,2019-11-21
33 ACRES FARM/ROPING ARENA, Oct 23, &excats=134-40&min_price=200000&max_price=1000000, Idaho, Boise, For Sale-Wanted, Farm and Garden, https://boise.craigslist.org/grd/d/fruitland-33-acres-farm-roping-arena/7005574607.html,,2019-10-23,US,2019-11-21
Lot on Greers Ferry Lake, Oct 23, &excats=134-40&min_price=200000&max_price=1000000, Tennessee, Memphis, For Sale-Wanted, General, https://memphis.craigslist.org/for/d/heber-springs-lot-on-greers-ferry-lake/7005293455.html,,2019-10-23,US,2019-11-21
3/4 and 4/4 Handmade Violins by Yang Kai with oblong case and carbon fiber bow, Oct 23, &excats=134-40&min_price=200000&max_price=1000000, Alabama, Mobile, For Sale-Wanted, Musical Instruments, https://mobile.craigslist.org/msg/d/mobile-3-4-and-4-4-handmade-violins-by/7005238819.html,,2019-10-23,US,2019-11-21
UPDATE! Parts & Project Cars & Trucks 1920&#39;s-80&#39;s 100&#39;s of Cars, Oct 23, &excats=134-40&min_price=200000&max_price=1000000, Pennsylvania, Lancaster, For Sale-Wanted, Auto Parts by Dealer, https://lancaster.craigslist.org/ptd/d/great-bend-update-parts-project-cars/7005831997.html,,2019-10-23,US,2019-11-21
****Metal wanted****, Oct 23, &excats=134-40&min_price=200000&max_price=1000000, Pennsylvania, Philadelphia, For Sale-Wanted, Wanted, https://philadelphia.craigslist.org/wan/d/metal-wanted/7005207614.html,Want,2019-10-23,US,2019-11-21
****Metal wanted****, Oct 23, &excats=134-40&min_price=200000&max_price=1000000, Pennsylvania, Philadelphia, For Sale-Wanted, Wanted, https://philadelphia.craigslist.org/wan/d/metal-wanted/7005207719.html,Want,2019-10-23,US,2019-11-21
60 acre farm barn with multi-stall out building, Oct 23, &excats=134-40&min_price=200000&max_price=1000000, Pennsylvania, Pittsburgh, For Sale-Wanted, General, https://pittsburgh.craigslist.org/for/d/indiana-60-acre-farm-barn-with-multi/7005395764.html,,2019-10-23,US,2019-11-21
** I BUY => NEW or USED <= iPHONE 11 PRO X XR XS MAX 8 8 PLUS iPAD MAC, Oct 23, &excats=134-40&min_price=200000&max_price=1000000, Texas, Austin, For Sale-Wanted, Wanted, https://austin.craigslist.org/wad/d/austin-buy-new-or-used-iphone-11-pro-xr/7005224001.html,,2019-10-23,US,2019-11-21
House for sale, Oct 23, &excats=134-40&min_price=200000&max_price=1000000, Texas, Corpus Christi, For Sale-Wanted, General, https://corpuschristi.craigslist.org/for/d/rockport-house-for-sale/7005538008.html,,2019-10-23,US,2019-11-21
Wanted  large camper with bunks, Oct 23, &excats=134-40&min_price=200000&max_price=1000000, Texas, Corpus Christi, For Sale-Wanted, RVs, https://corpuschristi.craigslist.org/rvs/d/corpus-christi-wanted-large-camper-with/7005253875.html,Want,2019-10-23,US,2019-11-21
UPDATE! Parts & Project Cars & Trucks 1920&#39;s-80&#39;s 100&#39;s of Cars, Oct 23, &excats=134-40&min_price=200000&max_price=1000000, Texas, Laredo, For Sale-Wanted, Auto Parts by Dealer, https://laredo.craigslist.org/ptd/d/great-bend-update-parts-project-cars/7005833691.html,,2019-10-23,US,2019-11-21
LIKE NEW COTTON STRIPPER, Oct 23, &excats=134-40&min_price=200000&max_price=1000000, Texas, Lubbock, For Sale-Wanted, Farm and Garden, https://lubbock.craigslist.org/grd/d/farwell-like-new-cotton-stripper/7005501325.html,,2019-10-23,US,2019-11-21
Comic Book Collection, Oct 23, &excats=134-40&min_price=200000&max_price=1000000, Missouri, Springfield, For Sale-Wanted, Collectibles, https://springfield.craigslist.org/clt/d/tunas-comic-book-collection/7002348021.html,,2019-10-23,US,2019-11-21
Purchase a Business, Oct 23, &excats=134-40&min_price=200000&max_price=1000000, Missouri, St Louis, For Sale-Wanted, Wanted, https://stlouis.craigslist.org/wan/d/saint-louis-purchase-business/7005256106.html,,2019-10-23,US,2019-11-21
HOUSE FOR SALE, Oct 23, &excats=134-40&min_price=200000&max_price=1000000, District of Columbia, Washington, For Sale-Wanted, General, https://washingtondc.craigslist.org/doc/fod/d/washington-house-for-sale/7005625198.html,,2019-10-23,US,2019-11-21
82&#39; Classic Square Rigger Cape Foulweather, Oct 23, &excats=134-40&min_price=200000&max_price=1000000, Oregon, Oregon Coast, For Sale-Wanted, Boat Parts, https://oregoncoast.craigslist.org/boa/d/coos-bay-82-classic-square-rigger-cape/7005396331.html,,2019-10-23,US,2019-11-21
St. James N.C. HOME on golf course, Oct 23, &excats=134-40&min_price=200000&max_price=1000000, New York, Long Island, For Sale-Wanted, General, https://longisland.craigslist.org/for/d/southport-st-james-nc-home-on-golf/6998597412.html,,2019-10-23,US,2019-11-21
salon, Oct 23, &excats=134-40&min_price=200000&max_price=1000000, Wisconsin, Milwaukee, For Sale-Wanted, Furniture, https://milwaukee.craigslist.org/fuo/d/milwaukee-salon/7005354449.html,,2019-10-23,US,2019-11-21
CASH CASH CASH -IPHONE BUYERS!!!-CASH CASH CASH. SAMSUNG APPLE WATCH, Oct 23, &excats=134-40&min_price=200000&max_price=1000000, California, Los Angeles, For Sale-Wanted, Wanted, https://losangeles.craigslist.org/lac/wad/d/los-angeles-cash-cash-cash-iphone/7005754092.html,,2019-10-23,US,2019-11-21
IPHONES - SAMSUNGS - IPADS !! WE BUY THEM!!, Oct 23, &excats=134-40&min_price=200000&max_price=1000000, California, Los Angeles, For Sale-Wanted, Wanted, https://losangeles.craigslist.org/lac/wad/d/los-angeles-iphones-samsungs-ipads-we/7005506790.html,,2019-10-23,US,2019-11-21
2019 Lamborghini Urus new condition only $260k, Oct 23, &excats=134-40&min_price=200000&max_price=1000000, California, Los Angeles, For Sale-Wanted, Cars And Trucks, https://losangeles.craigslist.org/lac/cto/d/woodland-hills-2019-lamborghini-urus/7005384232.html,,2019-10-23,US,2019-11-21
Exp junk cars for cash, Oct 23, &excats=134-40&min_price=200000&max_price=1000000, California, Los Angeles, For Sale-Wanted, Wanted, https://losangeles.craigslist.org/lac/wad/d/los-angeles-exp-junk-cars-for-cash/7005287984.html,,2019-10-23,US,2019-11-21
CASH FOR JUNK CARS CASH FOR CARS, Oct 23, &excats=134-40&min_price=200000&max_price=1000000, California, Orange County, For Sale-Wanted, Wanted, https://orangecounty.craigslist.org/wan/d/cash-for-junk-cars-cash-for-cars/6991713326.html,,2019-10-23,US,2019-11-21
2017 Ferrari 488 GTB $360K Window Custom Ordered, Oct 23, &excats=134-40&min_price=200000&max_price=1000000, California, Orange County, For Sale-Wanted, Cars And by Dealer, https://orangecounty.craigslist.org/ctd/d/costa-mesa-2017-ferrari-488-gtb-360k/7005479996.html,,2019-10-23,US,2019-11-21
Mark Roberts fairy dolls, Oct 23, &excats=134-40&min_price=200000&max_price=1000000, California, Orange County, For Sale-Wanted, Collectibles, https://orangecounty.craigslist.org/clt/d/garden-grove-mark-roberts-fairy-dolls/7005249649.html,,2019-10-23,US,2019-11-21
2017 Ferrari 488 GTB $360K Window Custom Ordered, Oct 23, &excats=134-40&min_price=200000&max_price=1000000, California, San Diego, For Sale-Wanted, Cars And by Dealer, https://sandiego.craigslist.org/csd/ctd/d/costa-mesa-2017-ferrari-488-gtb-360k/7005477714.html,,2019-10-23,US,2019-11-21
House for sale in San Antonio Texas, Oct 23, &excats=134-40&min_price=200000&max_price=1000000, California, Santa Barbara, For Sale-Wanted, General, https://santabarbara.craigslist.org/for/d/san-antonio-house-for-sale-in-san/7005841694.html,,2019-10-23,US,2019-11-21
40 acres Polk County, Oct 22, &excats=134-40&min_price=200000&max_price=1000000, Iowa, Des Moines, For Sale-Wanted, General, https://desmoines.craigslist.org/for/d/johnston-40-acres-polk-county/7005095502.html,,2019-10-22,US,2019-11-21
Broom Bear Sweeper, Oct 22, &excats=134-40&min_price=200000&max_price=1000000, Iowa, Des Moines, For Sale-Wanted, Heavy Equipment, https://desmoines.craigslist.org/hvo/d/stillwater-broom-bear-sweeper/7004891983.html,,2019-10-22,US,2019-11-21
2018 Harvest International 24 row 20&quot;, Oct 22, &excats=134-40&min_price=200000&max_price=1000000, Iowa, Quad Cities, For Sale-Wanted, Farm and Garden, https://quadcities.craigslist.org/grd/d/bridgewater-2018-harvest-international/7004781128.html,,2019-10-22,US,2019-11-21
Wanted scrap appliances bikes mowers treadmills etc metal, Oct 22, &excats=134-40&min_price=200000&max_price=1000000, Indiana, Evansville, For Sale-Wanted, Wanted, https://evansville.craigslist.org/wan/d/evansville-wanted-scrap-appliances/7004841852.html,Want,2019-10-22,US,2019-11-21
UPDATE! Parts & Project Cars & Trucks 1920&#39;s-80&#39;s 100&#39;s of Cars, Oct 22, &excats=134-40&min_price=200000&max_price=1000000, Indiana, Kokomo, For Sale-Wanted, Auto Parts by Dealer, https://kokomo.craigslist.org/ptd/d/great-bend-update-parts-project-cars/7005123212.html,,2019-10-22,US,2019-11-21
2012 Sea Ray 470 Sundancer, Oct 22, &excats=134-40&min_price=200000&max_price=1000000, Georgia, Athens, For Sale-Wanted, Boat Parts by Dealer, https://athensga.craigslist.org/bod/d/wilmington-2012-sea-ray-470-sundancer/7004815689.html,,2019-10-22,US,2019-11-21
2007 Azimut 62S, Oct 22, &excats=134-40&min_price=200000&max_price=1000000, Georgia, Athens, For Sale-Wanted, Boat Parts by Dealer, https://athensga.craigslist.org/bod/d/wilmington-2007-azimut-62s/7004790227.html,,2019-10-22,US,2019-11-21
3 bedroom with Bonus under 1500 with taxes and insurance!, Oct 22, &excats=134-40&min_price=200000&max_price=1000000, Georgia, Atlanta, For Sale-Wanted, General, https://atlanta.craigslist.org/nat/for/d/hiawassee-3-bedroom-with-bonus-under/7004907099.html,,2019-10-22,US,2019-11-21
2012 Sea Ray 470 Sundancer, Oct 22, &excats=134-40&min_price=200000&max_price=1000000, Georgia, Atlanta, For Sale-Wanted, Boat Parts by Dealer, https://atlanta.craigslist.org/nat/bod/d/wilmington-2012-sea-ray-470-sundancer/7004815512.html,,2019-10-22,US,2019-11-21
2007 Azimut 62S, Oct 22, &excats=134-40&min_price=200000&max_price=1000000, Georgia, Atlanta, For Sale-Wanted, Boat Parts by Dealer, https://atlanta.craigslist.org/nat/bod/d/wilmington-2007-azimut-62s/7004790435.html,,2019-10-22,US,2019-11-21
Land for Sale, Oct 22, &excats=134-40&min_price=200000&max_price=1000000, Georgia, Atlanta, For Sale-Wanted, General, https://atlanta.craigslist.org/nat/for/d/blue-ridge-land-for-sale/7004610268.html,,2019-10-22,US,2019-11-21
Beautiful Kirkwood Home for Sale!, Oct 22, &excats=134-40&min_price=200000&max_price=1000000, Georgia, Atlanta, For Sale-Wanted, General, https://atlanta.craigslist.org/atl/for/d/atlanta-beautiful-kirkwood-home-for-sale/7004475716.html,,2019-10-22,US,2019-11-21
2012 Sea Ray 470 Sundancer, Oct 22, &excats=134-40&min_price=200000&max_price=1000000, Vermont, Vermont, For Sale-Wanted, Boat Parts by Dealer, https://vermont.craigslist.org/bod/d/wilmington-2012-sea-ray-470-sundancer/7004825785.html,,2019-10-22,US,2019-11-21
2007 Azimut 62S, Oct 22, &excats=134-40&min_price=200000&max_price=1000000, Vermont, Vermont, For Sale-Wanted, Boat Parts by Dealer, https://vermont.craigslist.org/bod/d/wilmington-2007-azimut-62s/7004796154.html,,2019-10-22,US,2019-11-21
2014 Case IH 580 QuadTrac for sale! ONLY 1677 Hours! High Flow / PTO, Oct 22, &excats=134-40&min_price=200000&max_price=1000000, Montana, Kalispell, For Sale-Wanted, Farm and Garden, https://kalispell.craigslist.org/grq/d/kalispell-2014-case-ih-580-quadtrac-for/7004725724.html,,2019-10-22,US,2019-11-21
2018 Case IH 540 QuadTrac for sale! CVT Transmission! LOADED!, Oct 22, &excats=134-40&min_price=200000&max_price=1000000, Montana, Kalispell, For Sale-Wanted, Farm and Garden, https://kalispell.craigslist.org/grq/d/kalispell-2018-case-ih-540-quadtrac-for/7004715844.html,,2019-10-22,US,2019-11-21
2019 Case IH 620 QuadTrac for sale! TwinFlow/PTO! MINT!, Oct 22, &excats=134-40&min_price=200000&max_price=1000000, Montana, Kalispell, For Sale-Wanted, Farm and Garden, https://kalispell.craigslist.org/grq/d/kalispell-2019-case-ih-620-quadtrac-for/7004714983.html,,2019-10-22,US,2019-11-21
2017 Case IH 500 QuadTrac for sale! ONLY 882 Hours! PTO/High Flow!, Oct 22, &excats=134-40&min_price=200000&max_price=1000000, Montana, Kalispell, For Sale-Wanted, Farm and Garden, https://kalispell.craigslist.org/grq/d/kalispell-2017-case-ih-500-quadtrac-for/7004704458.html,,2019-10-22,US,2019-11-21
2012 Sea Ray 470 Sundancer, Oct 22, &excats=134-40&min_price=200000&max_price=1000000, South Carolina, Charleston, For Sale-Wanted, Boat Parts by Dealer, https://charleston.craigslist.org/bod/d/wilmington-2012-sea-ray-470-sundancer/7004808509.html,,2019-10-22,US,2019-11-21
2007 Azimut 62S, Oct 22, &excats=134-40&min_price=200000&max_price=1000000, South Carolina, Charleston, For Sale-Wanted, Boat Parts by Dealer, https://charleston.craigslist.org/bod/d/wilmington-2007-azimut-62s/7004778556.html,,2019-10-22,US,2019-11-21
2012 Sea Ray 470 Sundancer, Oct 22, &excats=134-40&min_price=200000&max_price=1000000, South Carolina, Columbia, For Sale-Wanted, Boat Parts by Dealer, https://columbia.craigslist.org/bod/d/wilmington-2012-sea-ray-470-sundancer/7004815828.html,,2019-10-22,US,2019-11-21
2007 Azimut 62S, Oct 22, &excats=134-40&min_price=200000&max_price=1000000, South Carolina, Columbia, For Sale-Wanted, Boat Parts by Dealer, https://columbia.craigslist.org/bod/d/wilmington-2007-azimut-62s/7004790608.html,,2019-10-22,US,2019-11-21
2012 Sea Ray 470 Sundancer, Oct 22, &excats=134-40&min_price=200000&max_price=1000000, South Carolina, Florence, For Sale-Wanted, Boat Parts by Dealer, https://florencesc.craigslist.org/bod/d/wilmington-2012-sea-ray-470-sundancer/7004819023.html,,2019-10-22,US,2019-11-21
2007 Azimut 62S, Oct 22, &excats=134-40&min_price=200000&max_price=1000000, South Carolina, Florence, For Sale-Wanted, Boat Parts by Dealer, https://florencesc.craigslist.org/bod/d/wilmington-2007-azimut-62s/7004790993.html,,2019-10-22,US,2019-11-21
2012 Sea Ray 470 Sundancer, Oct 22, &excats=134-40&min_price=200000&max_price=1000000, South Carolina, Hilton Head, For Sale-Wanted, Boat Parts by Dealer, https://hiltonhead.craigslist.org/bod/d/wilmington-2012-sea-ray-470-sundancer/7004808840.html,,2019-10-22,US,2019-11-21
2007 Azimut 62S, Oct 22, &excats=134-40&min_price=200000&max_price=1000000, South Carolina, Hilton Head, For Sale-Wanted, Boat Parts by Dealer, https://hiltonhead.craigslist.org/bod/d/wilmington-2007-azimut-62s/7004778727.html,,2019-10-22,US,2019-11-21
House at 3801 North Ocean Boulevard in NMB, Oct 22, &excats=134-40&min_price=200000&max_price=1000000, South Carolina, Myrtle Beach, For Sale-Wanted, General, https://myrtlebeach.craigslist.org/for/d/north-myrtle-beach-house-at-3801-north/7004963512.html,,2019-10-22,US,2019-11-21
House 3707 Lake Drive  NMB SC 29582, Oct 22, &excats=134-40&min_price=200000&max_price=1000000, South Carolina, Myrtle Beach, For Sale-Wanted, General, https://myrtlebeach.craigslist.org/for/d/north-myrtle-beach-house-3707-lake/7004956370.html,,2019-10-22,US,2019-11-21
2012 Sea Ray 470 Sundancer, Oct 22, &excats=134-40&min_price=200000&max_price=1000000, South Carolina, Myrtle Beach, For Sale-Wanted, Boat Parts by Dealer, https://myrtlebeach.craigslist.org/bod/d/wilmington-2012-sea-ray-470-sundancer/7004808722.html,,2019-10-22,US,2019-11-21
2018 Newmar Dutch Star 3718, Oct 22, &excats=134-40&min_price=200000&max_price=1000000, Arkansas, Little Rock, For Sale-Wanted, RVs, https://littlerock.craigslist.org/rvd/d/little-rock-2018-newmar-dutch-star-3718/7004759864.html,,2019-10-22,US,2019-11-21
4 Bedroom 2 bath house for Sale in Chandler, Oct 22, &excats=134-40&min_price=200000&max_price=1000000, Arizona, Phoenix, For Sale-Wanted, Wanted, https://phoenix.craigslist.org/evl/wan/d/gilbert-4-bedroom-2-bath-house-for-sale/7005099492.html,,2019-10-22,US,2019-11-21
2016 Caterpillar D9T, Oct 22, &excats=134-40&min_price=200000&max_price=1000000, Arizona, Phoenix, For Sale-Wanted, Heavy Equipment, https://phoenix.craigslist.org/wvl/hvo/d/selma-2016-caterpillar-d9t/7004950923.html,,2019-10-22,US,2019-11-21
Beautiful Henderson Home & Backyard Paradise, Oct 22, &excats=134-40&min_price=200000&max_price=1000000, Nevada, Las Vegas, For Sale-Wanted, General, https://lasvegas.craigslist.org/for/d/henderson-beautiful-henderson-home/7004653300.html,,2019-10-22,US,2019-11-21
Buying Rolex Watches broken or old wanted, Oct 22, &excats=134-40&min_price=200000&max_price=1000000, Florida, Jacksonville, For Sale-Wanted, Jewelry, https://jacksonville.craigslist.org/jwl/d/jacksonville-buying-rolex-watches/7003223417.html,Want,2019-10-22,US,2019-11-21
2012 Sea Ray 470 Sundancer, Oct 22, &excats=134-40&min_price=200000&max_price=1000000, Florida, Jacksonville, For Sale-Wanted, Boat Parts by Dealer, https://jacksonville.craigslist.org/bod/d/wilmington-2012-sea-ray-470-sundancer/7004807669.html,,2019-10-22,US,2019-11-21
2007 Azimut 62S, Oct 22, &excats=134-40&min_price=200000&max_price=1000000, Florida, Jacksonville, For Sale-Wanted, Boat Parts by Dealer, https://jacksonville.craigslist.org/bod/d/wilmington-2007-azimut-62s/7004778022.html,,2019-10-22,US,2019-11-21
Hay Farm for sale, Oct 22, &excats=134-40&min_price=200000&max_price=1000000, Florida, Jacksonville, For Sale-Wanted, Farm and Garden, https://jacksonville.craigslist.org/grd/d/hoboken-hay-farm-for-sale/7004482850.html,,2019-10-22,US,2019-11-21
2008 Sea Ray 58 Sedan Bridge, Oct 22, &excats=134-40&min_price=200000&max_price=1000000, Florida, Jacksonville, For Sale-Wanted, Boat Parts by Dealer, https://jacksonville.craigslist.org/bod/d/miami-2008-sea-ray-58-sedan-bridge/7004416899.html,,2019-10-22,US,2019-11-21
UPDATE! Parts & Project Cars & Trucks 1920&#39;s-80&#39;s 100&#39;s of Cars, Oct 22, &excats=134-40&min_price=200000&max_price=1000000, Florida, Lakeland, For Sale-Wanted, Auto Parts by Dealer, https://lakeland.craigslist.org/ptd/d/great-bend-update-parts-project-cars/7005129817.html,,2019-10-22,US,2019-11-21
2012 Sea Ray 470 Sundancer, Oct 22, &excats=134-40&min_price=200000&max_price=1000000, Florida, Orlando, For Sale-Wanted, Boat Parts by Dealer, https://orlando.craigslist.org/bod/d/wilmington-2012-sea-ray-470-sundancer/7004815164.html,,2019-10-22,US,2019-11-21
2007 Azimut 62S, Oct 22, &excats=134-40&min_price=200000&max_price=1000000, Florida, Orlando, For Sale-Wanted, Boat Parts by Dealer, https://orlando.craigslist.org/bod/d/wilmington-2007-azimut-62s/7004789864.html,,2019-10-22,US,2019-11-21
2019 Brand New CELA DT30/DT-100 Self Propelled Tracked, Oct 22, &excats=134-40&min_price=200000&max_price=1000000, Florida, Orlando, For Sale-Wanted, Heavy Equipment, https://orlando.craigslist.org/hvo/d/orlando-2019-brand-new-cela-dt30-dt-100/7004581051.html,,2019-10-22,US,2019-11-21
2008 Sea Ray 58 Sedan Bridge, Oct 22, &excats=134-40&min_price=200000&max_price=1000000, Florida, Space Coast, For Sale-Wanted, Boat Parts by Dealer, https://spacecoast.craigslist.org/bod/d/miami-2008-sea-ray-58-sedan-bridge/7004416307.html,,2019-10-22,US,2019-11-21
2012 Sea Ray 470 Sundancer, Oct 22, &excats=134-40&min_price=200000&max_price=1000000, Kentucky, Lexington, For Sale-Wanted, Boat Parts by Dealer, https://lexington.craigslist.org/bod/d/wilmington-2012-sea-ray-470-sundancer/7004820887.html,,2019-10-22,US,2019-11-21
2007 Azimut 62S, Oct 22, &excats=134-40&min_price=200000&max_price=1000000, Kentucky, Lexington, For Sale-Wanted, Boat Parts by Dealer, https://lexington.craigslist.org/bod/d/wilmington-2007-azimut-62s/7004793275.html,,2019-10-22,US,2019-11-21
2012 Sea Ray 470 Sundancer, Oct 22, &excats=134-40&min_price=200000&max_price=1000000, Kentucky, Louisville, For Sale-Wanted, Boat Parts by Dealer, https://louisville.craigslist.org/bod/d/wilmington-2012-sea-ray-470-sundancer/7004820816.html,,2019-10-22,US,2019-11-21
2007 Azimut 62S, Oct 22, &excats=134-40&min_price=200000&max_price=1000000, Kentucky, Louisville, For Sale-Wanted, Boat Parts by Dealer, https://louisville.craigslist.org/bod/d/wilmington-2007-azimut-62s/7004794039.html,,2019-10-22,US,2019-11-21
2012 Sea Ray 470 Sundancer, Oct 22, &excats=134-40&min_price=200000&max_price=1000000, Virginia, Fredericksburg, For Sale-Wanted, Boat Parts by Dealer, https://fredericksburg.craigslist.org/bod/d/wilmington-2012-sea-ray-470-sundancer/7004810535.html,,2019-10-22,US,2019-11-21
2007 Azimut 62S, Oct 22, &excats=134-40&min_price=200000&max_price=1000000, Virginia, Fredericksburg, For Sale-Wanted, Boat Parts by Dealer, https://fredericksburg.craigslist.org/bod/d/wilmington-2007-azimut-62s/7004782461.html,,2019-10-22,US,2019-11-21
Farm for Sale - 3-4 Bdrm, Oct 22, &excats=134-40&min_price=200000&max_price=1000000, Virginia, Roanoke, For Sale-Wanted, Farm and Garden, https://roanoke.craigslist.org/grd/d/natural-bridge-station-farm-for-sale/7004888816.html,,2019-10-22,US,2019-11-21
2012 Sea Ray 470 Sundancer, Oct 22, &excats=134-40&min_price=200000&max_price=1000000, Virginia, Roanoke, For Sale-Wanted, Boat Parts by Dealer, https://roanoke.craigslist.org/bod/d/wilmington-2012-sea-ray-470-sundancer/7004819581.html,,2019-10-22,US,2019-11-21
2007 Azimut 62S, Oct 22, &excats=134-40&min_price=200000&max_price=1000000, Virginia, Roanoke, For Sale-Wanted, Boat Parts by Dealer, https://roanoke.craigslist.org/bod/d/wilmington-2007-azimut-62s/7004791820.html,,2019-10-22,US,2019-11-21
2012 Sea Ray 470 Sundancer, Oct 22, &excats=134-40&min_price=200000&max_price=1000000, Maine, Maine, For Sale-Wanted, Boat Parts by Dealer, https://maine.craigslist.org/bod/d/wilmington-2012-sea-ray-470-sundancer/7004814435.html,,2019-10-22,US,2019-11-21
2007 Azimut 62S, Oct 22, &excats=134-40&min_price=200000&max_price=1000000, Maine, Maine, For Sale-Wanted, Boat Parts by Dealer, https://maine.craigslist.org/bod/d/wilmington-2007-azimut-62s/7004787706.html,,2019-10-22,US,2019-11-21
Land For Sale, Oct 22, &excats=134-40&min_price=200000&max_price=1000000, Maine, Maine, For Sale-Wanted, General, https://maine.craigslist.org/for/d/kenduskeag-land-for-sale/6996792594.html,,2019-10-22,US,2019-11-21
2012 Sea Ray 470 Sundancer, Oct 22, &excats=134-40&min_price=200000&max_price=1000000, Maryland, Annapolis, For Sale-Wanted, Boat Parts by Dealer, https://annapolis.craigslist.org/bod/d/wilmington-2012-sea-ray-470-sundancer/7004811243.html,,2019-10-22,US,2019-11-21
2007 Azimut 62S, Oct 22, &excats=134-40&min_price=200000&max_price=1000000, Maryland, Annapolis, For Sale-Wanted, Boat Parts by Dealer, https://annapolis.craigslist.org/bod/d/wilmington-2007-azimut-62s/7004784059.html,,2019-10-22,US,2019-11-21
2012 Sea Ray 470 Sundancer, Oct 22, &excats=134-40&min_price=200000&max_price=1000000, Maryland, Baltimore, For Sale-Wanted, Boat Parts by Dealer, https://baltimore.craigslist.org/bod/d/wilmington-2012-sea-ray-470-sundancer/7004811619.html,,2019-10-22,US,2019-11-21
2007 Azimut 62S, Oct 22, &excats=134-40&min_price=200000&max_price=1000000, Maryland, Baltimore, For Sale-Wanted, Boat Parts by Dealer, https://baltimore.craigslist.org/bod/d/wilmington-2007-azimut-62s/7004784077.html,,2019-10-22,US,2019-11-21
2012 Sea Ray 470 Sundancer, Oct 22, &excats=134-40&min_price=200000&max_price=1000000, Maryland, Frederick, For Sale-Wanted, Boat Parts by Dealer, https://frederick.craigslist.org/bod/d/wilmington-2012-sea-ray-470-sundancer/7004811918.html,,2019-10-22,US,2019-11-21
2007 Azimut 62S, Oct 22, &excats=134-40&min_price=200000&max_price=1000000, Maryland, Frederick, For Sale-Wanted, Boat Parts by Dealer, https://frederick.craigslist.org/bod/d/wilmington-2007-azimut-62s/7004784255.html,,2019-10-22,US,2019-11-21
I BUY FIRE ALARM EQUIPMENT!!!, Oct 22, &excats=134-40&min_price=200000&max_price=1000000, Maryland, Frederick, For Sale-Wanted, Wanted, https://frederick.craigslist.org/wan/d/frederick-buy-fire-alarm-equipment/7004474098.html,,2019-10-22,US,2019-11-21
Matching washer/ dryer sets, Oct 22, &excats=134-40&min_price=200000&max_price=1000000, Michigan, Lansing, For Sale-Wanted, Appliance by Dealer, https://lansing.craigslist.org/ppd/d/lansing-matching-washer-dryer-sets/7004631320.html,,2019-10-22,US,2019-11-21
2012 Sea Ray 470 Sundancer, Oct 22, &excats=134-40&min_price=200000&max_price=1000000, Ohio, Cincinnati, For Sale-Wanted, Boat Parts by Dealer, https://cincinnati.craigslist.org/bod/d/wilmington-2012-sea-ray-470-sundancer/7004820481.html,,2019-10-22,US,2019-11-21
2007 Azimut 62S, Oct 22, &excats=134-40&min_price=200000&max_price=1000000, Ohio, Cincinnati, For Sale-Wanted, Boat Parts by Dealer, https://cincinnati.craigslist.org/bod/d/wilmington-2007-azimut-62s/7004793052.html,,2019-10-22,US,2019-11-21
Off market historical investor special, Oct 22, &excats=134-40&min_price=200000&max_price=1000000, Ohio, Cincinnati, For Sale-Wanted, General, https://cincinnati.craigslist.org/for/d/newport-off-market-historical-investor/7004420129.html,,2019-10-22,US,2019-11-21
2012 Sea Ray 470 Sundancer, Oct 22, &excats=134-40&min_price=200000&max_price=1000000, North Carolina, Charlotte, For Sale-Wanted, Boat Parts by Dealer, https://charlotte.craigslist.org/bod/d/wilmington-2012-sea-ray-470-sundancer/7004818070.html,,2019-10-22,US,2019-11-21
2007 Azimut 62S, Oct 22, &excats=134-40&min_price=200000&max_price=1000000, North Carolina, Charlotte, For Sale-Wanted, Boat Parts by Dealer, https://charlotte.craigslist.org/bod/d/wilmington-2007-azimut-62s/7004791247.html,,2019-10-22,US,2019-11-21
2012 Sea Ray 470 Sundancer, Oct 22, &excats=134-40&min_price=200000&max_price=1000000, North Carolina, Wilmington, For Sale-Wanted, Boat Parts by Dealer, https://wilmington.craigslist.org/bod/d/wilmington-2012-sea-ray-470-sundancer/7004809408.html,,2019-10-22,US,2019-11-21
2007 Azimut 62S, Oct 22, &excats=134-40&min_price=200000&max_price=1000000, North Carolina, Wilmington, For Sale-Wanted, Boat Parts by Dealer, https://wilmington.craigslist.org/bod/d/wilmington-2007-azimut-62s/7004778719.html,,2019-10-22,US,2019-11-21
2012 Sea Ray 470 Sundancer, Oct 22, &excats=134-40&min_price=200000&max_price=1000000, North Carolina, Wilmington, For Sale-Wanted, Boat Parts by Dealer, https://myrtlebeach.craigslist.org/bod/d/wilmington-2012-sea-ray-470-sundancer/7004808722.html,,2019-10-22,US,2019-11-21
2012 Sea Ray 470 Sundancer, Oct 22, &excats=134-40&min_price=200000&max_price=1000000, North Carolina, Wilmington, For Sale-Wanted, Boat Parts by Dealer, https://eastnc.craigslist.org/bod/d/wilmington-2012-sea-ray-470-sundancer/7004810371.html,,2019-10-22,US,2019-11-21
2012 Sea Ray 470 Sundancer, Oct 22, &excats=134-40&min_price=200000&max_price=1000000, North Carolina, Wilmington, For Sale-Wanted, Boat Parts by Dealer, https://eastnc.craigslist.org/bod/d/wilmington-2012-sea-ray-470-sundancer/7004809974.html,,2019-10-22,US,2019-11-21
2007 Azimut 62S, Oct 22, &excats=134-40&min_price=200000&max_price=1000000, North Carolina, Wilmington, For Sale-Wanted, Boat Parts by Dealer, https://eastnc.craigslist.org/bod/d/wilmington-2007-azimut-62s/7004779235.html,,2019-10-22,US,2019-11-21
2012 Sea Ray 470 Sundancer, Oct 22, &excats=134-40&min_price=200000&max_price=1000000, North Carolina, Wilmington, For Sale-Wanted, Boat Parts by Dealer, https://florencesc.craigslist.org/bod/d/wilmington-2012-sea-ray-470-sundancer/7004819023.html,,2019-10-22,US,2019-11-21
2007 Azimut 62S, Oct 22, &excats=134-40&min_price=200000&max_price=1000000, North Carolina, Wilmington, For Sale-Wanted, Boat Parts by Dealer, https://florencesc.craigslist.org/bod/d/wilmington-2007-azimut-62s/7004790993.html,,2019-10-22,US,2019-11-21
2012 Sea Ray 470 Sundancer, Oct 22, &excats=134-40&min_price=200000&max_price=1000000, North Carolina, Wilmington, For Sale-Wanted, Boat Parts by Dealer, https://raleigh.craigslist.org/bod/d/wilmington-2012-sea-ray-470-sundancer/7004809700.html,,2019-10-22,US,2019-11-21
2007 Azimut 62S, Oct 22, &excats=134-40&min_price=200000&max_price=1000000, North Carolina, Wilmington, For Sale-Wanted, Boat Parts by Dealer, https://raleigh.craigslist.org/bod/d/wilmington-2007-azimut-62s/7004778916.html,,2019-10-22,US,2019-11-21
Rustic Home w/10 Acs, Oct 22, &excats=134-40&min_price=200000&max_price=1000000, Louisiana, Baton Rouge, For Sale-Wanted, General, https://batonrouge.craigslist.org/for/d/pine-grove-rustic-home-10-acs/7004497446.html,,2019-10-22,US,2019-11-21
UPDATE! Parts & Project Cars & Trucks 1920&#39;s-80&#39;s 100&#39;s of Cars, Oct 22, &excats=134-40&min_price=200000&max_price=1000000, Louisiana, Lafayette, For Sale-Wanted, Auto Parts by Dealer, https://lafayette.craigslist.org/ptd/d/great-bend-update-parts-project-cars/7005126714.html,,2019-10-22,US,2019-11-21
2012 Sea Ray 470 Sundancer, Oct 22, &excats=134-40&min_price=200000&max_price=1000000, Louisiana, New Orleans, For Sale-Wanted, Boat Parts by Dealer, https://neworleans.craigslist.org/bod/d/wilmington-2012-sea-ray-470-sundancer/7004814768.html,,2019-10-22,US,2019-11-21
2007 Azimut 62S, Oct 22, &excats=134-40&min_price=200000&max_price=1000000, Louisiana, New Orleans, For Sale-Wanted, Boat Parts by Dealer, https://neworleans.craigslist.org/bod/d/wilmington-2007-azimut-62s/7004788252.html,,2019-10-22,US,2019-11-21
2017 Grady White 376 Center Console, Oct 22, &excats=134-40&min_price=200000&max_price=1000000, Louisiana, New Orleans, For Sale-Wanted, Boat Parts, https://neworleans.craigslist.org/boa/d/fort-walton-beach-2017-grady-white-376/6987624100.html,,2019-10-22,US,2019-11-21
Pheasant stamp collection, Oct 22, &excats=134-40&min_price=200000&max_price=1000000, Minnesota, St Cloud, For Sale-Wanted, Antique By Owner, https://stcloud.craigslist.org/atq/d/eden-valley-pheasant-stamp-collection/6984383746.html,,2019-10-22,US,2019-11-21
Farm Land, Oct 22, &excats=134-40&min_price=200000&max_price=1000000, Oklahoma, Oklahoma City, For Sale-Wanted, Farm and Garden, https://oklahomacity.craigslist.org/grd/d/ponca-city-farm-land/7005027976.html,,2019-10-22,US,2019-11-21
2012 Sea Ray 470 Sundancer, Oct 22, &excats=134-40&min_price=200000&max_price=1000000, Tennessee, Chattanooga, For Sale-Wanted, Boat Parts by Dealer, https://chattanooga.craigslist.org/bod/d/wilmington-2012-sea-ray-470-sundancer/7004820144.html,,2019-10-22,US,2019-11-21
2007 Azimut 62S, Oct 22, &excats=134-40&min_price=200000&max_price=1000000, Tennessee, Chattanooga, For Sale-Wanted, Boat Parts by Dealer, https://chattanooga.craigslist.org/bod/d/wilmington-2007-azimut-62s/7004792726.html,,2019-10-22,US,2019-11-21
UPDATE! Parts & Project Cars & Trucks 1920&#39;s-80&#39;s 100&#39;s of Cars, Oct 22, &excats=134-40&min_price=200000&max_price=1000000, Tennessee, Knoxville, For Sale-Wanted, Auto Parts by Dealer, https://knoxville.craigslist.org/ptd/d/great-bend-update-parts-project-cars/7005120347.html,,2019-10-22,US,2019-11-21
2012 Sea Ray 470 Sundancer, Oct 22, &excats=134-40&min_price=200000&max_price=1000000, Tennessee, Knoxville, For Sale-Wanted, Boat Parts by Dealer, https://knoxville.craigslist.org/bod/d/wilmington-2012-sea-ray-470-sundancer/7004820489.html,,2019-10-22,US,2019-11-21
2007 Azimut 62S, Oct 22, &excats=134-40&min_price=200000&max_price=1000000, Tennessee, Knoxville, For Sale-Wanted, Boat Parts by Dealer, https://knoxville.craigslist.org/bod/d/wilmington-2007-azimut-62s/7004792860.html,,2019-10-22,US,2019-11-21
2012 Sea Ray 470 Sundancer, Oct 22, &excats=134-40&min_price=200000&max_price=1000000, Tennessee, Memphis, For Sale-Wanted, Boat Parts by Dealer, https://memphis.craigslist.org/bod/d/wilmington-2012-sea-ray-470-sundancer/7004819750.html,,2019-10-22,US,2019-11-21
2007 Azimut 62S, Oct 22, &excats=134-40&min_price=200000&max_price=1000000, Tennessee, Memphis, For Sale-Wanted, Boat Parts by Dealer, https://memphis.craigslist.org/bod/d/wilmington-2007-azimut-62s/7004792235.html,,2019-10-22,US,2019-11-21
2018 Newmar Dutch Star 3718, Oct 22, &excats=134-40&min_price=200000&max_price=1000000, Tennessee, Memphis, For Sale-Wanted, RVs, https://memphis.craigslist.org/rvd/d/little-rock-2018-newmar-dutch-star-3718/7004531437.html,,2019-10-22,US,2019-11-21
2012 Sea Ray 470 Sundancer, Oct 22, &excats=134-40&min_price=200000&max_price=1000000, Tennessee, Nashville, For Sale-Wanted, Boat Parts by Dealer, https://nashville.craigslist.org/bod/d/wilmington-2012-sea-ray-470-sundancer/7004820179.html,,2019-10-22,US,2019-11-21
2007 Azimut 62S, Oct 22, &excats=134-40&min_price=200000&max_price=1000000, Tennessee, Nashville, For Sale-Wanted, Boat Parts by Dealer, https://nashville.craigslist.org/bod/d/wilmington-2007-azimut-62s/7004792397.html,,2019-10-22,US,2019-11-21
River House, Oct 22, &excats=134-40&min_price=200000&max_price=1000000, Tennessee, Nashville, For Sale-Wanted, General, https://nashville.craigslist.org/for/d/culleoka-river-house/7004723734.html,,2019-10-22,US,2019-11-21
Beautiful Craftsman Home, Oct 22, &excats=134-40&min_price=200000&max_price=1000000, Tennessee, Nashville, For Sale-Wanted, General, https://nashville.craigslist.org/for/d/estill-springs-beautiful-craftsman-home/7004681889.html,,2019-10-22,US,2019-11-21
2012 Sea Ray 470 Sundancer, Oct 22, &excats=134-40&min_price=200000&max_price=1000000, Alabama, Mobile, For Sale-Wanted, Boat Parts by Dealer, https://mobile.craigslist.org/bod/d/wilmington-2012-sea-ray-470-sundancer/7004814189.html,,2019-10-22,US,2019-11-21
2007 Azimut 62S, Oct 22, &excats=134-40&min_price=200000&max_price=1000000, Alabama, Mobile, For Sale-Wanted, Boat Parts by Dealer, https://mobile.craigslist.org/bod/d/wilmington-2007-azimut-62s/7004787861.html,,2019-10-22,US,2019-11-21
2012 Sea Ray 470 Sundancer, Oct 22, &excats=134-40&min_price=200000&max_price=1000000, Pennsylvania, Erie, For Sale-Wanted, Boat Parts by Dealer, https://erie.craigslist.org/bod/d/wilmington-2012-sea-ray-470-sundancer/7004824919.html,,2019-10-22,US,2019-11-21
2007 Azimut 62S, Oct 22, &excats=134-40&min_price=200000&max_price=1000000, Pennsylvania, Erie, For Sale-Wanted, Boat Parts by Dealer, https://erie.craigslist.org/bod/d/wilmington-2007-azimut-62s/7004795598.html,,2019-10-22,US,2019-11-21
2012 Sea Ray 470 Sundancer, Oct 22, &excats=134-40&min_price=200000&max_price=1000000, Pennsylvania, Philadelphia, For Sale-Wanted, Boat Parts by Dealer, https://philadelphia.craigslist.org/bod/d/wilmington-2012-sea-ray-470-sundancer/7004813595.html,,2019-10-22,US,2019-11-21
2007 Azimut 62S, Oct 22, &excats=134-40&min_price=200000&max_price=1000000, Pennsylvania, Philadelphia, For Sale-Wanted, Boat Parts by Dealer, https://philadelphia.craigslist.org/bod/d/wilmington-2007-azimut-62s/7004785813.html,,2019-10-22,US,2019-11-21
****Metal wanted****, Oct 22, &excats=134-40&min_price=200000&max_price=1000000, Pennsylvania, Philadelphia, For Sale-Wanted, Wanted, https://philadelphia.craigslist.org/wan/d/metal-wanted/7004442945.html,Want,2019-10-22,US,2019-11-21
2012 Sea Ray 470 Sundancer, Oct 22, &excats=134-40&min_price=200000&max_price=1000000, Pennsylvania, Pittsburgh, For Sale-Wanted, Boat Parts by Dealer, https://pittsburgh.craigslist.org/bod/d/wilmington-2012-sea-ray-470-sundancer/7004813864.html,,2019-10-22,US,2019-11-21
2007 Azimut 62S, Oct 22, &excats=134-40&min_price=200000&max_price=1000000, Pennsylvania, Pittsburgh, For Sale-Wanted, Boat Parts by Dealer, https://pittsburgh.craigslist.org/bod/d/wilmington-2007-azimut-62s/7004786027.html,,2019-10-22,US,2019-11-21
1970 Cuda Challengers and parts, Oct 22, &excats=134-40&min_price=200000&max_price=1000000, Pennsylvania, Reading, For Sale-Wanted, Cars And Trucks, https://reading.craigslist.org/cto/d/reading-1970-cuda-challengers-and-parts/7004444492.html,,2019-10-22,US,2019-11-21
2007 Azimut 62S, Oct 22, &excats=134-40&min_price=200000&max_price=1000000, Texas, Abilene, For Sale-Wanted, Boat Parts by Dealer, https://abilene.craigslist.org/bod/d/wilmington-2007-azimut-62s/7004776169.html,,2019-10-22,US,2019-11-21
2007 *Azimut* *62S*  Red, Oct 22, &excats=134-40&min_price=200000&max_price=1000000, Texas, Abilene, For Sale-Wanted, Boat Parts by Dealer, https://abilene.craigslist.org/bod/d/wilmington-2007-azimut-62s-red/7004775885.html,,2019-10-22,US,2019-11-21
** I BUY => NEW or USED <= iPHONE 11 PRO X XR XS MAX 8 8 PLUS iPAD MAC, Oct 22, &excats=134-40&min_price=200000&max_price=1000000, Texas, Austin, For Sale-Wanted, Wanted, https://austin.craigslist.org/wad/d/austin-buy-new-or-used-iphone-11-pro-xr/7004489368.html,,2019-10-22,US,2019-11-21
2012 Sea Ray 470 Sundancer, Oct 22, &excats=134-40&min_price=200000&max_price=1000000, Texas, Corpus Christi, For Sale-Wanted, Boat Parts by Dealer, https://corpuschristi.craigslist.org/bod/d/wilmington-2012-sea-ray-470-sundancer/7004815103.html,,2019-10-22,US,2019-11-21
2007 Azimut 62S, Oct 22, &excats=134-40&min_price=200000&max_price=1000000, Texas, Corpus Christi, For Sale-Wanted, Boat Parts by Dealer, https://corpuschristi.craigslist.org/bod/d/wilmington-2007-azimut-62s/7004789593.html,,2019-10-22,US,2019-11-21
2012 Sea Ray 470 Sundancer, Oct 22, &excats=134-40&min_price=200000&max_price=1000000, Texas, Galveston, For Sale-Wanted, Boat Parts by Dealer, https://galveston.craigslist.org/bod/d/wilmington-2012-sea-ray-470-sundancer/7004814934.html,,2019-10-22,US,2019-11-21
2007 Azimut 62S, Oct 22, &excats=134-40&min_price=200000&max_price=1000000, Texas, Galveston, For Sale-Wanted, Boat Parts by Dealer, https://galveston.craigslist.org/bod/d/wilmington-2007-azimut-62s/7004788640.html,,2019-10-22,US,2019-11-21
Land For Sale, Oct 22, &excats=134-40&min_price=200000&max_price=1000000, Texas, Houston, For Sale-Wanted, General, https://houston.craigslist.org/fod/d/kendleton-land-for-sale/7004945952.html,,2019-10-22,US,2019-11-21
2012 Sea Ray 470 Sundancer, Oct 22, &excats=134-40&min_price=200000&max_price=1000000, Texas, Houston, For Sale-Wanted, Boat Parts by Dealer, https://houston.craigslist.org/bod/d/wilmington-2012-sea-ray-470-sundancer/7004814932.html,,2019-10-22,US,2019-11-21
2007 Azimut 62S, Oct 22, &excats=134-40&min_price=200000&max_price=1000000, Texas, Houston, For Sale-Wanted, Boat Parts by Dealer, https://houston.craigslist.org/bod/d/wilmington-2007-azimut-62s/7004788436.html,,2019-10-22,US,2019-11-21
Beautiful Home For Sale, Oct 22, &excats=134-40&min_price=200000&max_price=1000000, Texas, Houston, For Sale-Wanted, General, https://houston.craigslist.org/for/d/spring-beautiful-home-for-sale/7004500743.html,,2019-10-22,US,2019-11-21
2012 7760 Picker Field Ready, Oct 22, &excats=134-40&min_price=200000&max_price=1000000, Texas, Lubbock, For Sale-Wanted, Farm and Garden, https://lubbock.craigslist.org/grd/d/seminole-picker-field-ready/6985271248.html,,2019-10-22,US,2019-11-21
2012 Sea Ray 470 Sundancer, Oct 22, &excats=134-40&min_price=200000&max_price=1000000, Connecticut, New Haven, For Sale-Wanted, Boat Parts by Dealer, https://newhaven.craigslist.org/bod/d/wilmington-2012-sea-ray-470-sundancer/7004814198.html,,2019-10-22,US,2019-11-21
2007 Azimut 62S, Oct 22, &excats=134-40&min_price=200000&max_price=1000000, Connecticut, New Haven, For Sale-Wanted, Boat Parts by Dealer, https://newhaven.craigslist.org/bod/d/wilmington-2007-azimut-62s/7004787492.html,,2019-10-22,US,2019-11-21
UPDATE! Parts & Project Cars & Trucks 1920&#39;s-80&#39;s 100&#39;s of Cars, Oct 22, &excats=134-40&min_price=200000&max_price=1000000, Missouri, Joplin, For Sale-Wanted, Auto Parts by Dealer, https://joplin.craigslist.org/ptd/d/great-bend-update-parts-project-cars/7005110444.html,,2019-10-22,US,2019-11-21
2012 Sea Ray 470 Sundancer, Oct 22, &excats=134-40&min_price=200000&max_price=1000000, Missouri, Kansas City, For Sale-Wanted, Boat Parts by Dealer, https://kansascity.craigslist.org/bod/d/wilmington-2012-sea-ray-470-sundancer/7004821249.html,,2019-10-22,US,2019-11-21
120 /- Acre Kansas Hunting Property for Sale  Wilson County, Oct 22, &excats=134-40&min_price=200000&max_price=1000000, Missouri, Kansas City, For Sale-Wanted, Farm and Garden, https://kansascity.craigslist.org/grd/d/fredonia-acre-kansas-hunting-property/6989846361.html,,2019-10-22,US,2019-11-21
80 /- Acre Kansas Hunting Property for Sale  Coffey County, Oct 22, &excats=134-40&min_price=200000&max_price=1000000, Missouri, Kansas City, For Sale-Wanted, Farm and Garden, https://kansascity.craigslist.org/grd/d/lebo-acre-kansas-hunting-property-for/6989850682.html,,2019-10-22,US,2019-11-21
104 /- Acre Southeast Kansas Property with Income for Sale  Coffey C, Oct 22, &excats=134-40&min_price=200000&max_price=1000000, Missouri, Kansas City, For Sale-Wanted, Farm and Garden, https://kansascity.craigslist.org/grd/d/burlington-acre-southeast-kansas/6989859529.html,,2019-10-22,US,2019-11-21
120 /- Acre Kansas Hunting Tract for Sale  Woodson County, Oct 22, &excats=134-40&min_price=200000&max_price=1000000, Missouri, Kansas City, For Sale-Wanted, Farm and Garden, https://kansascity.craigslist.org/grd/d/neosho-falls-acre-kansas-hunting-tract/6989867563.html,,2019-10-22,US,2019-11-21
2007 Azimut 62S, Oct 22, &excats=134-40&min_price=200000&max_price=1000000, Missouri, Kansas City, For Sale-Wanted, Boat Parts by Dealer, https://kansascity.craigslist.org/bod/d/wilmington-2007-azimut-62s/7004794276.html,,2019-10-22,US,2019-11-21
UPDATE! Parts & Project Cars & Trucks 1920&#39;s-80&#39;s 100&#39;s of Cars, Oct 22, &excats=134-40&min_price=200000&max_price=1000000, Missouri, Kirksville, For Sale-Wanted, Auto Parts by Dealer, https://kirksville.craigslist.org/ptd/d/great-bend-update-parts-project-cars/7005116911.html,,2019-10-22,US,2019-11-21
2012 Sea Ray 470 Sundancer, Oct 22, &excats=134-40&min_price=200000&max_price=1000000, Missouri, St Louis, For Sale-Wanted, Boat Parts by Dealer, https://stlouis.craigslist.org/bod/d/wilmington-2012-sea-ray-470-sundancer/7004821133.html,,2019-10-22,US,2019-11-21
2007 Azimut 62S, Oct 22, &excats=134-40&min_price=200000&max_price=1000000, Missouri, St Louis, For Sale-Wanted, Boat Parts by Dealer, https://stlouis.craigslist.org/bod/d/wilmington-2007-azimut-62s/7004794074.html,,2019-10-22,US,2019-11-21
2012 Sea Ray 470 Sundancer, Oct 22, &excats=134-40&min_price=200000&max_price=1000000, Illinois, Chicago, For Sale-Wanted, Boat Parts by Dealer, https://chicago.craigslist.org/chc/bod/d/wilmington-2012-sea-ray-470-sundancer/7004821076.html,,2019-10-22,US,2019-11-21
2007 Azimut 62S, Oct 22, &excats=134-40&min_price=200000&max_price=1000000, Illinois, Chicago, For Sale-Wanted, Boat Parts by Dealer, https://chicago.craigslist.org/chc/bod/d/wilmington-2007-azimut-62s/7004793910.html,,2019-10-22,US,2019-11-21
2018 Harvest International 24 row 20&quot;, Oct 22, &excats=134-40&min_price=200000&max_price=1000000, Illinois, Quad Cities, For Sale-Wanted, Farm and Garden, https://quadcities.craigslist.org/grd/d/bridgewater-2018-harvest-international/7004781128.html,,2019-10-22,US,2019-11-21
NEW 2019 Jeanneau NC 33 34&#39; * 20% dn x $1881 mo * WARRANTY, Oct 22, &excats=134-40&min_price=200000&max_price=1000000, Oregon, Portland, For Sale-Wanted, Boat Parts by Dealer, https://portland.craigslist.org/mlt/bod/d/portland-new-2019-jeanneau-nc-dn-1881/7004938587.html,,2019-10-22,US,2019-11-21
NEW 2020 Jeanneau NC 895 28ft * 20% dn x $1199 mo * WARRANTY * BLUE, Oct 22, &excats=134-40&min_price=200000&max_price=1000000, Oregon, Portland, For Sale-Wanted, Boat Parts by Dealer, https://portland.craigslist.org/mlt/bod/d/portland-new-2020-jeanneau-nc-ft-20-dn/7004922722.html,,2019-10-22,US,2019-11-21
2017 MERCEDES BENZ G550 SQUARED 1-OWNER 38S G 550 G63 2018 2019 2016, Oct 22, &excats=134-40&min_price=200000&max_price=1000000, Oregon, Portland, For Sale-Wanted, Cars And by Dealer, https://portland.craigslist.org/mlt/ctd/d/portland-2017-mercedes-benz-g550/7004683002.html,,2019-10-22,US,2019-11-21
2012 Sea Ray 470 Sundancer, Oct 22, &excats=134-40&min_price=200000&max_price=1000000, New York, Buffalo, For Sale-Wanted, Boat Parts by Dealer, https://buffalo.craigslist.org/bod/d/wilmington-2012-sea-ray-470-sundancer/7004825266.html,,2019-10-22,US,2019-11-21
2007 Azimut 62S, Oct 22, &excats=134-40&min_price=200000&max_price=1000000, New York, Buffalo, For Sale-Wanted, Boat Parts by Dealer, https://buffalo.craigslist.org/bod/d/wilmington-2007-azimut-62s/7004795721.html,,2019-10-22,US,2019-11-21
2012 Sea Ray 470 Sundancer, Oct 22, &excats=134-40&min_price=200000&max_price=1000000, New York, Finger Lakes, For Sale-Wanted, Boat Parts by Dealer, https://fingerlakes.craigslist.org/bod/d/wilmington-2012-sea-ray-470-sundancer/7004819176.html,,2019-10-22,US,2019-11-21
2007 Azimut 62S, Oct 22, &excats=134-40&min_price=200000&max_price=1000000, New York, Finger Lakes, For Sale-Wanted, Boat Parts by Dealer, https://fingerlakes.craigslist.org/bod/d/wilmington-2007-azimut-62s/7004791676.html,,2019-10-22,US,2019-11-21
Copper brass$$, Oct 22, &excats=134-40&min_price=200000&max_price=1000000, New York, Glens Falls, For Sale-Wanted, Wanted, https://glensfalls.craigslist.org/wan/d/gansevoort-copper-brass/7004865855.html,,2019-10-22,US,2019-11-21
PRIVATE COLLECTOR PURCHASING ALL CLASSIC / MUSCLE AND EUROPEAN CARS., Oct 22, &excats=134-40&min_price=200000&max_price=1000000, New York, Long Island, For Sale-Wanted, Wanted, https://longisland.craigslist.org/wan/d/yaphank-private-collector-purchasing/6989983420.html,,2019-10-22,US,2019-11-21
2012 Sea Ray 470 Sundancer, Oct 22, &excats=134-40&min_price=200000&max_price=1000000, New York, Long Island, For Sale-Wanted, Boat Parts by Dealer, https://longisland.craigslist.org/bod/d/wilmington-2012-sea-ray-470-sundancer/7004813433.html,,2019-10-22,US,2019-11-21
2007 Azimut 62S, Oct 22, &excats=134-40&min_price=200000&max_price=1000000, New York, Long Island, For Sale-Wanted, Boat Parts by Dealer, https://longisland.craigslist.org/bod/d/wilmington-2007-azimut-62s/7004785409.html,,2019-10-22,US,2019-11-21
Looking for a 35 to 38 downeast, Oct 22, &excats=134-40&min_price=200000&max_price=1000000, New York, Long Island, For Sale-Wanted, Boat Parts, https://longisland.craigslist.org/boa/d/dearing-looking-for-35-to-38-downeast/7004500526.html,Want,2019-10-22,US,2019-11-21
2012 Sea Ray 470 Sundancer, Oct 22, &excats=134-40&min_price=200000&max_price=1000000, New York, Rochester, For Sale-Wanted, Boat Parts by Dealer, https://rochester.craigslist.org/bod/d/wilmington-2012-sea-ray-470-sundancer/7004825558.html,,2019-10-22,US,2019-11-21
2007 Azimut 62S, Oct 22, &excats=134-40&min_price=200000&max_price=1000000, New York, Rochester, For Sale-Wanted, Boat Parts by Dealer, https://rochester.craigslist.org/bod/d/wilmington-2007-azimut-62s/7004795845.html,,2019-10-22,US,2019-11-21
2012 Sea Ray 470 Sundancer, Oct 22, &excats=134-40&min_price=200000&max_price=1000000, New Jersey, Jersey Shore, For Sale-Wanted, Boat Parts by Dealer, https://jerseyshore.craigslist.org/bod/d/wilmington-2012-sea-ray-470-sundancer/7004813292.html,,2019-10-22,US,2019-11-21
2007 Azimut 62S, Oct 22, &excats=134-40&min_price=200000&max_price=1000000, New Jersey, Jersey Shore, For Sale-Wanted, Boat Parts by Dealer, https://jerseyshore.craigslist.org/bod/d/wilmington-2007-azimut-62s/7004785295.html,,2019-10-22,US,2019-11-21
2012 Sea Ray 470 Sundancer, Oct 22, &excats=134-40&min_price=200000&max_price=1000000, New Jersey, South Jersey, For Sale-Wanted, Boat Parts by Dealer, https://southjersey.craigslist.org/bod/d/wilmington-2012-sea-ray-470-sundancer/7004813241.html,,2019-10-22,US,2019-11-21
2007 Azimut 62S, Oct 22, &excats=134-40&min_price=200000&max_price=1000000, New Jersey, South Jersey, For Sale-Wanted, Boat Parts by Dealer, https://southjersey.craigslist.org/bod/d/wilmington-2007-azimut-62s/7004785069.html,,2019-10-22,US,2019-11-21
50 Ag/Hunting Acres for Sale - River Falls, Oct 22, &excats=134-40&min_price=200000&max_price=1000000, Wisconsin, Eau Claire, For Sale-Wanted, Farm and Garden, https://eauclaire.craigslist.org/grd/d/river-falls-50-ag-hunting-acres-for/7004904938.html,,2019-10-22,US,2019-11-21
New construction, Oct 22, &excats=134-40&min_price=200000&max_price=1000000, Wisconsin, Janesville, For Sale-Wanted, General, https://janesville.craigslist.org/for/d/delavan-new-construction/6998995370.html,,2019-10-22,US,2019-11-21
UPDATE! Parts & Project Cars & Trucks 1920&#39;s-80&#39;s 100&#39;s of Cars, Oct 22, &excats=134-40&min_price=200000&max_price=1000000, Wisconsin, La Crosse, For Sale-Wanted, Auto Parts by Dealer, https://lacrosse.craigslist.org/ptd/d/great-bend-update-parts-project-cars/7005124768.html,,2019-10-22,US,2019-11-21
2012 Sea Ray 470 Sundancer, Oct 22, &excats=134-40&min_price=200000&max_price=1000000, Wisconsin, Milwaukee, For Sale-Wanted, Boat Parts by Dealer, https://milwaukee.craigslist.org/bod/d/wilmington-2012-sea-ray-470-sundancer/7004821460.html,,2019-10-22,US,2019-11-21
2007 Azimut 62S, Oct 22, &excats=134-40&min_price=200000&max_price=1000000, Wisconsin, Milwaukee, For Sale-Wanted, Boat Parts by Dealer, https://milwaukee.craigslist.org/bod/d/wilmington-2007-azimut-62s/7004794948.html,,2019-10-22,US,2019-11-21
2013 Volvo Sleeper #2999, Oct 22, &excats=134-40&min_price=200000&max_price=1000000, Wisconsin, Milwaukee, For Sale-Wanted, Heavy Equipment, https://milwaukee.craigslist.org/hvo/d/milwaukee-2013-volvo-sleeper-2999/6985582365.html,,2019-10-22,US,2019-11-21
2020 Newmar New Aire 3343 Triple Slide-Out Luxury Diesel Pusher! #8823, Oct 22, &excats=134-40&min_price=200000&max_price=1000000, California, Chico, For Sale-Wanted, RVs, https://chico.craigslist.org/rvd/d/cedar-ridge-2020-newmar-new-aire-3343/7004717558.html,,2019-10-22,US,2019-11-21
28 Acres By owner, Oct 22, &excats=134-40&min_price=200000&max_price=1000000, California, Gold Country, For Sale-Wanted, General, https://goldcountry.craigslist.org/for/d/san-andreas-28-acres-by-owner/7004787332.html,,2019-10-22,US,2019-11-21
Ford 2015 Transit, Oct 22, &excats=134-40&min_price=200000&max_price=1000000, California, Inland Empire, For Sale-Wanted, RVs, https://inlandempire.craigslist.org/rvs/d/san-dimas-ford-2015-transit/7005126105.html,,2019-10-22,US,2019-11-21
Taxidermy major sale, Oct 22, &excats=134-40&min_price=200000&max_price=1000000, California, Inland Empire, For Sale-Wanted, Sporting Goods, https://inlandempire.craigslist.org/spo/d/las-vegas-taxidermy-major-sale/7004598892.html,,2019-10-22,US,2019-11-21
-WE BUY X XS XS MAX 11 11 pro 11 pro max brand new and used, Oct 22, &excats=134-40&min_price=200000&max_price=1000000, California, Los Angeles, For Sale-Wanted, Wanted, https://losangeles.craigslist.org/lac/wad/d/los-angeles-we-buy-xs-xs-max-pro-11-pro/7004598798.html,,2019-10-22,US,2019-11-21
Home For Sale By Owner, Oct 22, &excats=134-40&min_price=200000&max_price=1000000, California, Merced, For Sale-Wanted, General, https://merced.craigslist.org/for/d/los-banos-home-for-sale-by-owner/7005152202.html,,2019-10-22,US,2019-11-21
2020 Newmar New Aire 3343 Triple Slide-Out Luxury Diesel Pusher! #8823, Oct 22, &excats=134-40&min_price=200000&max_price=1000000, California, Modesto, For Sale-Wanted, RVs, https://modesto.craigslist.org/rvd/d/cedar-ridge-2020-newmar-new-aire-3343/7004715624.html,,2019-10-22,US,2019-11-21
2015 FORD TRANSIT FOR SALE! LOW MILEAGE!, Oct 22, &excats=134-40&min_price=200000&max_price=1000000, California, Orange County, For Sale-Wanted, RVs, https://orangecounty.craigslist.org/rvs/d/san-dimas-2015-ford-transit-for-sale/7005124665.html,,2019-10-22,US,2019-11-21
CASH FOR GOLD 10K 14K 18K 24K CASH FOR DIAMONDS, Oct 22, &excats=134-40&min_price=200000&max_price=1000000, California, Orange County, For Sale-Wanted, Wanted, https://orangecounty.craigslist.org/wad/d/garden-grove-cash-for-gold-10k-14k-18k/7005095305.html,,2019-10-22,US,2019-11-21
$250000. Pacific View Center Hilltop Bench Estate, Oct 22, &excats=134-40&min_price=200000&max_price=1000000, California, Orange County, For Sale-Wanted, General, https://orangecounty.craigslist.org/for/d/pacific-view-center-hilltop-bench-estate/7004992580.html,,2019-10-22,US,2019-11-21
Sizzler Franchise Restaurant For Sale, Oct 22, &excats=134-40&min_price=200000&max_price=1000000, California, Orange County, For Sale-Wanted, General, https://orangecounty.craigslist.org/for/d/bell-sizzler-franchise-restaurant-for/7004852932.html,,2019-10-22,US,2019-11-21
WE Purchase a broad range of new and used Durable Medical Equipment., Oct 22, &excats=134-40&min_price=200000&max_price=1000000, California, Orange County, For Sale-Wanted, Wanted, https://orangecounty.craigslist.org/wan/d/westminster-we-purchase-broad-range-of/6987303093.html,,2019-10-22,US,2019-11-21
Buying Baseball Football Basketball Cards  Comics  Coins and Knives, Oct 22, &excats=134-40&min_price=200000&max_price=1000000, California, Redding, For Sale-Wanted, Wanted, https://redding.craigslist.org/wan/d/redding-buying-baseball-football/6985421191.html,,2019-10-22,US,2019-11-21
Wanted Baseball Football Basketball Cards  Comics  Coins & Knives $$, Oct 22, &excats=134-40&min_price=200000&max_price=1000000, California, Redding, For Sale-Wanted, Collectibles, https://redding.craigslist.org/clt/d/redding-wanted-baseball-football/6984695019.html,Want,2019-10-22,US,2019-11-21
Buying Baseball Football Basketball Cards  Comics  Coins and Knives, Oct 22, &excats=134-40&min_price=200000&max_price=1000000, California, Redding, For Sale-Wanted, Wanted, https://redding.craigslist.org/wan/d/redding-buying-baseball-football/6985419688.html,,2019-10-22,US,2019-11-21
Buying Baseball Football Basketball Cards  Comics  Coins  Knives $$, Oct 22, &excats=134-40&min_price=200000&max_price=1000000, California, Redding, For Sale-Wanted, General, https://redding.craigslist.org/for/d/redding-buying-baseball-football/6984694463.html,,2019-10-22,US,2019-11-21
2020 Newmar New Aire 3343 Triple Slide-Out Luxury Diesel Pusher! #8823, Oct 22, &excats=134-40&min_price=200000&max_price=1000000, California, Redding, For Sale-Wanted, RVs, https://redding.craigslist.org/rvd/d/cedar-ridge-2020-newmar-new-aire-3343/7004719780.html,,2019-10-22,US,2019-11-21
2020 Newmar New Aire 3343 Triple Slide-Out Luxury Diesel Pusher! #8823, Oct 22, &excats=134-40&min_price=200000&max_price=1000000, California, Sacramento, For Sale-Wanted, RVs, https://sacramento.craigslist.org/rvd/d/cedar-ridge-2020-newmar-new-aire-3343/7004692203.html,,2019-10-22,US,2019-11-21
2019 Forest River Berkshire 34QS Quad Slide-Out Diesel Motorhome #8676, Oct 22, &excats=134-40&min_price=200000&max_price=1000000, California, Sacramento, For Sale-Wanted, RVs, https://sacramento.craigslist.org/rvd/d/cedar-ridge-2019-forest-river-berkshire/7004633077.html,,2019-10-22,US,2019-11-21
41&#39; Luhrs Open Express Sportfisher Low Hours Fast Ready to Go, Oct 22, &excats=134-40&min_price=200000&max_price=1000000, California, San Diego, For Sale-Wanted, Boat Parts by Dealer, https://sandiego.craigslist.org/csd/bod/d/san-diego-41-luhrs-open-express/7004628770.html,,2019-10-22,US,2019-11-21
Home for Sale, Oct 21, &excats=134-40&min_price=200000&max_price=1000000, Washington, Yakima, For Sale-Wanted, General, https://yakima.craigslist.org/for/d/zillah-home-for-sale/7003899155.html,,2019-10-21,US,2019-11-21
2016 Caterpillar D9T, Oct 21, &excats=134-40&min_price=200000&max_price=1000000, Indiana, Evansville, For Sale-Wanted, Heavy Equipment, https://evansville.craigslist.org/hvo/d/selma-2016-caterpillar-d9t/7003917555.html,,2019-10-21,US,2019-11-21
Movie/Filming Rentals, Oct 21, &excats=134-40&min_price=200000&max_price=1000000, Georgia, Atlanta, For Sale-Wanted, Furniture, https://atlanta.craigslist.org/atl/fuo/d/monroe-movie-filming-rentals/7003928501.html,,2019-10-21,US,2019-11-21
Buy anytime Old WatchesCoinsSilverGold Coin Anytime Cash, Oct 21, &excats=134-40&min_price=200000&max_price=1000000, Georgia, Atlanta, For Sale-Wanted, Jewelry, https://atlanta.craigslist.org/atl/jwl/d/atlanta-buy-anytime-old/6985061235.html,,2019-10-21,US,2019-11-21
iPhone 7 in black for trade, Oct 21, &excats=134-40&min_price=200000&max_price=1000000, Georgia, Columbus, For Sale-Wanted, Cell Phones, https://columbusga.craigslist.org/mob/d/americus-iphone-7-in-black-for-trade/7004307512.html,,2019-10-21,US,2019-11-21
Tonopah New Home, Oct 21, &excats=134-40&min_price=200000&max_price=1000000, Arizona, Phoenix, For Sale-Wanted, General, https://phoenix.craigslist.org/wvl/for/d/tonopah-tonopah-new-home/7004327099.html,,2019-10-21,US,2019-11-21
Flame Cutter Machine, Oct 21, &excats=134-40&min_price=200000&max_price=1000000, Arizona, Yuma, For Sale-Wanted, General, https://yuma.craigslist.org/for/d/yuma-flame-cutter-machine/7004078604.html,,2019-10-21,US,2019-11-21
1 level 3 bedroom in Peccole ranch, Oct 21, &excats=134-40&min_price=200000&max_price=1000000, Nevada, Las Vegas, For Sale-Wanted, General, https://lasvegas.craigslist.org/for/d/las-vegas-1-level-3-bedroom-in-peccole/7003673936.html,,2019-10-21,US,2019-11-21
2006 Cruisers Yachts 560 Express, Oct 21, &excats=134-40&min_price=200000&max_price=1000000, Virginia, Eastern Shore, For Sale-Wanted, Boat Parts, https://easternshore.craigslist.org/boa/d/oxford-2006-cruisers-yachts-560-express/7004203206.html,,2019-10-21,US,2019-11-21
Looking for 35 to 38 downeast, Oct 21, &excats=134-40&min_price=200000&max_price=1000000, Maine, Maine, For Sale-Wanted, Boat Parts, https://maine.craigslist.org/boa/d/greenland-looking-for-35-to-38-downeast/7004280275.html,Want,2019-10-21,US,2019-11-21
Beautiful house for sale, Oct 21, &excats=134-40&min_price=200000&max_price=1000000, Maine, Maine, For Sale-Wanted, General, https://maine.craigslist.org/for/d/gouldsboro-beautiful-house-for-sale/7004218707.html,,2019-10-21,US,2019-11-21
2014 TIMBERPRO 830, Oct 21, &excats=134-40&min_price=200000&max_price=1000000, Maine, Maine, For Sale-Wanted, Heavy Equipment, https://maine.craigslist.org/hvo/d/readfield-2014-timberpro-830/7004083719.html,,2019-10-21,US,2019-11-21
2006 Cruisers Yachts 560 Express, Oct 21, &excats=134-40&min_price=200000&max_price=1000000, Maryland, Eastern Shore, For Sale-Wanted, Boat Parts, https://easternshore.craigslist.org/boa/d/oxford-2006-cruisers-yachts-560-express/7004203206.html,,2019-10-21,US,2019-11-21
Pristine 4BR NE Heights Home, Oct 21, &excats=134-40&min_price=200000&max_price=1000000, New Mexico, Albuquerque, For Sale-Wanted, General, https://albuquerque.craigslist.org/for/d/albuquerque-pristine-4br-ne-heights-home/7004203606.html,,2019-10-21,US,2019-11-21
Isosource HN, Oct 21, &excats=134-40&min_price=200000&max_price=1000000, Ohio, Toledo, For Sale-Wanted, Health And Beauty, https://toledo.craigslist.org/hab/d/toledo-isosource-hn/7004314955.html,,2019-10-21,US,2019-11-21
Buying Old Baseball/Football Cards B4 1970 Cash Today!!, Oct 21, &excats=134-40&min_price=200000&max_price=1000000, Ohio, Youngstown, For Sale-Wanted, Wanted, https://youngstown.craigslist.org/wan/d/buying-old-baseball-football-cards-b/6983307711.html,,2019-10-21,US,2019-11-21
Wanted to buy audiophile / High-end / Cash, Oct 21, &excats=134-40&min_price=200000&max_price=1000000, Louisiana, New Orleans, For Sale-Wanted, Wanted, https://neworleans.craigslist.org/wan/d/new-orleans-wanted-to-buy-audiophile/6987920899.html,Want,2019-10-21,US,2019-11-21
Brand New Affordable Home, Oct 21, &excats=134-40&min_price=200000&max_price=1000000, Utah, St George, For Sale-Wanted, General, https://stgeorge.craigslist.org/for/d/enterprise-brand-new-affordable-home/6985063729.html,,2019-10-21,US,2019-11-21
4516 W. Louisvlle St., Oct 21, &excats=134-40&min_price=200000&max_price=1000000, Oklahoma, Tulsa, For Sale-Wanted, Household, https://tulsa.craigslist.org/hsh/d/broken-arrow-4516-louisvlle-st/7003830550.html,,2019-10-21,US,2019-11-21
$$$ Cash for Houses!! No Repairs No Commission NO HEADACHES!!!, Oct 21, &excats=134-40&min_price=200000&max_price=1000000, Pennsylvania, Philadelphia, For Sale-Wanted, Wanted, https://philadelphia.craigslist.org/wan/d/philadelphia-cash-for-houses-no-repairs/7004367162.html,,2019-10-21,US,2019-11-21
2019 Twin Vee OceanCat 360 SE, Oct 21, &excats=134-40&min_price=200000&max_price=1000000, Texas, Galveston, For Sale-Wanted, Boat Parts, https://galveston.craigslist.org/boa/d/jupiter-2019-twin-vee-oceancat-360-se/7004028800.html,,2019-10-21,US,2019-11-21
101 Acres Owner Finance, Oct 21, &excats=134-40&min_price=200000&max_price=1000000, Texas, Houston, For Sale-Wanted, General, https://houston.craigslist.org/for/d/jasper-101-acres-owner-finance/7004290670.html,,2019-10-21,US,2019-11-21
Reverse 1 1/2 Ranch, Oct 21, &excats=134-40&min_price=200000&max_price=1000000, Missouri, Kansas City, For Sale-Wanted, General, https://kansascity.craigslist.org/for/d/kansas-city-reverse-ranch/7001623307.html,,2019-10-21,US,2019-11-21
Real Estate For Sale By Owner, Oct 21, &excats=134-40&min_price=200000&max_price=1000000, Oregon, Salem, For Sale-Wanted, General, https://salem.craigslist.org/for/d/salem-real-estate-for-sale-by-owner/7004295056.html,,2019-10-21,US,2019-11-21
Farm for sale, Oct 21, &excats=134-40&min_price=200000&max_price=1000000, New York, Albany, For Sale-Wanted, General, https://albany.craigslist.org/for/d/saint-johnsville-farm-for-sale/7003828063.html,,2019-10-21,US,2019-11-21
BREATHTAKING SAYVILLE HOME- HUGE PRICE BREAK, Oct 21, &excats=134-40&min_price=200000&max_price=1000000, New York, Long Island, For Sale-Wanted, General, https://longisland.craigslist.org/for/d/bayport-breathtaking-sayville-home-huge/7004323161.html,,2019-10-21,US,2019-11-21
Farm for Sale, Oct 21, &excats=134-40&min_price=200000&max_price=1000000, New York, Syracuse, For Sale-Wanted, Farm and Garden, https://syracuse.craigslist.org/grd/d/saint-johnsville-farm-for-sale/7003836345.html,,2019-10-21,US,2019-11-21
I want to buy your CLEANING business!, Oct 21, &excats=134-40&min_price=200000&max_price=1000000, New Jersey, South Jersey, For Sale-Wanted, Wanted, https://southjersey.craigslist.org/wan/d/east-brunswick-want-to-buy-your/7003988427.html,Want,2019-10-21,US,2019-11-21
House for Sale by Owner, Oct 21, &excats=134-40&min_price=200000&max_price=1000000, Wisconsin, Madison, For Sale-Wanted, General, https://madison.craigslist.org/for/d/monticello-house-for-sale-by-owner/7004314194.html,,2019-10-21,US,2019-11-21
Laundromat For Sale, Oct 21, &excats=134-40&min_price=200000&max_price=1000000, Wisconsin, Wausau, For Sale-Wanted, Materials, https://wausau.craigslist.org/mat/d/wausau-laundromat-for-sale/7004385995.html,,2019-10-21,US,2019-11-21
abga registered boer goats bucks and doe&#39;s for sale, Oct 21, &excats=134-40&min_price=200000&max_price=1000000, California, Gold Country, For Sale-Wanted, Farm and Garden, https://goldcountry.craigslist.org/grd/d/cedar-ridge-abga-registered-boer-goats/6985292488.html,,2019-10-21,US,2019-11-21
everything upholstery, Oct 21, &excats=134-40&min_price=200000&max_price=1000000, California, Inland Empire, For Sale-Wanted, Boat Parts, https://inlandempire.craigslist.org/boa/d/hesperia-everything-upholstery/6984968454.html,,2019-10-21,US,2019-11-21
2005 TAYANA 64 - HULL # 1, Oct 21, &excats=134-40&min_price=200000&max_price=1000000, California, Orange County, For Sale-Wanted, Boat Parts, https://orangecounty.craigslist.org/boa/d/newport-beach-2005-tayana-64-hull-1/7004244327.html,,2019-10-21,US,2019-11-21
2005 Sea Ray (Searay) 550/580 Sedan Bridge - 1/2 Share - Partnership, Oct 21, &excats=134-40&min_price=200000&max_price=1000000, California, Orange County, For Sale-Wanted, Boat Parts, https://orangecounty.craigslist.org/boa/d/2005-sea-ray-searay-sedan-bridge-share/6983830903.html,,2019-10-21,US,2019-11-21
Buying Baseball Football Basketball Cards  Comics  Coins and Knives, Oct 21, &excats=134-40&min_price=200000&max_price=1000000, California, Redding, For Sale-Wanted, Wanted, https://redding.craigslist.org/wan/d/redding-buying-baseball-football/6984695521.html,,2019-10-21,US,2019-11-21
Wanted Baseball Football Basketball Cards  Comics  Coins & Knives $$, Oct 21, &excats=134-40&min_price=200000&max_price=1000000, California, Redding, For Sale-Wanted, Collectibles, https://redding.craigslist.org/clt/d/redding-wanted-baseball-football/6985419247.html,Want,2019-10-21,US,2019-11-21
2005 TAYANA 64 - HULL # 1, Oct 21, &excats=134-40&min_price=200000&max_price=1000000, California, Santa Barbara, For Sale-Wanted, Boat Parts, https://santabarbara.craigslist.org/boa/d/santa-barbara-2005-tayana-64-hull-1/7004250029.html,,2019-10-21,US,2019-11-21
CPA looking to buy Accounting and Tax Practice, Oct 20, &excats=134-40&min_price=200000&max_price=1000000, Georgia, Atlanta, For Sale-Wanted, Wanted, https://atlanta.craigslist.org/atl/wan/d/atlanta-cpa-looking-to-buy-accounting/7003267812.html,Want,2019-10-20,US,2019-11-21
!! 31 BEAUTIFUL ACRES IN NORTH GA ON TALKING ROCK CREEK !!, Oct 20, &excats=134-40&min_price=200000&max_price=1000000, Georgia, Atlanta, For Sale-Wanted, Farm and Garden, https://atlanta.craigslist.org/nat/grd/d/talking-rock-31-beautiful-acres-in/7003207710.html,,2019-10-20,US,2019-11-21
The Earthz Dynastyz Lamp, Oct 20, &excats=134-40&min_price=200000&max_price=1000000, South Carolina, Columbia, For Sale-Wanted, Appliance by Owner, https://columbia.craigslist.org/app/d/west-columbia-the-earthz-dynastyz-lamp/6998481620.html,,2019-10-20,US,2019-11-21
house for sale in north dartmouth, Oct 20, &excats=134-40&min_price=200000&max_price=1000000, Massachusetts, South Coast, For Sale-Wanted, General, https://southcoast.craigslist.org/for/d/house-for-sale-in-north-dartmouth/7003171730.html,,2019-10-20,US,2019-11-21
Verizon Samsung Galaxy S9 and S8 $400.00 and $350.00, Oct 20, &excats=134-40&min_price=200000&max_price=1000000, Arizona, Phoenix, For Sale-Wanted, Electronics, https://phoenix.craigslist.org/evl/ele/d/phoenix-verizon-samsung-galaxy-s9-and-s/7003523182.html,,2019-10-20,US,2019-11-21
Christmas ornaments and decorations, Oct 20, &excats=134-40&min_price=200000&max_price=1000000, Arizona, Phoenix, For Sale-Wanted, General, https://phoenix.craigslist.org/evl/for/d/florence-christmas-ornaments-and/6984181159.html,,2019-10-20,US,2019-11-21
Brand New Aboveground Pools, Oct 20, &excats=134-40&min_price=200000&max_price=1000000, Arizona, Phoenix, For Sale-Wanted, General, https://phoenix.craigslist.org/evl/for/d/florence-brand-new-aboveground-pools/6984193028.html,,2019-10-20,US,2019-11-21
??Swiss watch collector looking for Rolex Omega, Oct 20, &excats=134-40&min_price=200000&max_price=1000000, Florida, Jacksonville, For Sale-Wanted, Jewelry, https://jacksonville.craigslist.org/jwl/d/jacksonville-swiss-watch-collector/7003222534.html,Want,2019-10-20,US,2019-11-21
Hay and Straw Business, Oct 20, &excats=134-40&min_price=200000&max_price=1000000, Virginia, Danville, For Sale-Wanted, Farm and Garden, https://danville.craigslist.org/grd/d/farmville-hay-and-straw-business/7003326862.html,,2019-10-20,US,2019-11-21
Hay and Straw Business, Oct 20, &excats=134-40&min_price=200000&max_price=1000000, Virginia, Richmond, For Sale-Wanted, Farm and Garden, https://richmond.craigslist.org/grd/d/farmville-hay-and-straw-business/7003327285.html,,2019-10-20,US,2019-11-21
2008 Sea Ray 40 Sundancer, Oct 20, &excats=134-40&min_price=200000&max_price=1000000, Maryland, Annapolis, For Sale-Wanted, Boat Parts, https://annapolis.craigslist.org/boa/d/annapolis-2008-sea-ray-40-sundancer/7003306887.html,,2019-10-20,US,2019-11-21
holland nude girl staue figurine figure, Oct 20, &excats=134-40&min_price=200000&max_price=1000000, Ohio, Mansfield, For Sale-Wanted, Collectibles, https://mansfield.craigslist.org/clt/d/mount-vernon-holland-nude-girl-staue/7003461946.html,,2019-10-20,US,2019-11-21
16 5/15&quot; beam saws, Oct 20, &excats=134-40&min_price=200000&max_price=1000000, Louisiana, Baton Rouge, For Sale-Wanted, Tools, https://batonrouge.craigslist.org/tls/d/walker-beam-saws/7003618423.html,,2019-10-20,US,2019-11-21
16 5/15&quot; beam saws, Oct 20, &excats=134-40&min_price=200000&max_price=1000000, Louisiana, Baton Rouge, For Sale-Wanted, Tools, https://batonrouge.craigslist.org/tls/d/walker-beam-saws/7003618054.html,,2019-10-20,US,2019-11-21
16 5/15&quot; beam saws, Oct 20, &excats=134-40&min_price=200000&max_price=1000000, Louisiana, Baton Rouge, For Sale-Wanted, Tools, https://batonrouge.craigslist.org/tls/d/walker-beam-saws/7003610310.html,,2019-10-20,US,2019-11-21
16 5/15&quot; beam saws, Oct 20, &excats=134-40&min_price=200000&max_price=1000000, Louisiana, Baton Rouge, For Sale-Wanted, Tools, https://batonrouge.craigslist.org/tls/d/walker-beam-saws/7003609889.html,,2019-10-20,US,2019-11-21
Hunting & Fishing, Oct 20, &excats=134-40&min_price=200000&max_price=1000000, Minnesota, Bemidji, For Sale-Wanted, Sporting Goods, https://bemidji.craigslist.org/spo/d/williams-hunting-fishing/7003526086.html,,2019-10-20,US,2019-11-21
NEW HOME FOR SALE IN EDMOND DEER CREEK!, Oct 20, &excats=134-40&min_price=200000&max_price=1000000, Oklahoma, Oklahoma City, For Sale-Wanted, General, https://oklahomacity.craigslist.org/for/d/oklahoma-city-new-home-for-sale-in/7003429992.html,,2019-10-20,US,2019-11-21
Pokemon cards!, Oct 20, &excats=134-40&min_price=200000&max_price=1000000, Oklahoma, Oklahoma City, For Sale-Wanted, Wanted, https://oklahomacity.craigslist.org/wan/d/oklahoma-city-pokemon-cards/7003318768.html,,2019-10-20,US,2019-11-21
Beautiful Cabin, Oct 20, &excats=134-40&min_price=200000&max_price=1000000, Tennessee, Knoxville, For Sale-Wanted, General, https://knoxville.craigslist.org/for/d/sevierville-beautiful-cabin/7003150624.html,,2019-10-20,US,2019-11-21
****Metal wanted****, Oct 20, &excats=134-40&min_price=200000&max_price=1000000, Pennsylvania, Philadelphia, For Sale-Wanted, Wanted, https://philadelphia.craigslist.org/wan/d/metal-wanted/7003190992.html,Want,2019-10-20,US,2019-11-21
110 Acres Hunters Paradise, Oct 20, &excats=134-40&min_price=200000&max_price=1000000, Pennsylvania, Pittsburgh, For Sale-Wanted, Farm and Garden, https://pittsburgh.craigslist.org/grd/d/cairnbrook-110-acres-hunters-paradise/7003491297.html,,2019-10-20,US,2019-11-21
Home & 82 acres, Oct 20, &excats=134-40&min_price=200000&max_price=1000000, New York, Rochester, For Sale-Wanted, General, https://rochester.craigslist.org/for/d/angelica-home-82-acres/7003359357.html,,2019-10-20,US,2019-11-21
68a /- Mostly tilable; good ground!, Oct 20, &excats=134-40&min_price=200000&max_price=1000000, Wisconsin, Eau Claire, For Sale-Wanted, Farm and Garden, https://eauclaire.craigslist.org/grd/d/stetsonville-68a-mostly-tilable-good/7003302527.html,,2019-10-20,US,2019-11-21
Chilton Manuals, Oct 20, &excats=134-40&min_price=200000&max_price=1000000, Wisconsin, Madison, For Sale-Wanted, Auto Parts by Owner, https://madison.craigslist.org/pts/d/edgerton-chilton-manuals/7003379642.html,,2019-10-20,US,2019-11-21
68a /- Mostly tilable; good ground!, Oct 20, &excats=134-40&min_price=200000&max_price=1000000, Wisconsin, Wausau, For Sale-Wanted, Farm and Garden, https://wausau.craigslist.org/grd/d/stetsonville-68a-mostly-tilable-good/7003306382.html,,2019-10-20,US,2019-11-21
30505 Canyon Hills RD #204 2/2 1565 SF For Sale, Oct 20, &excats=134-40&min_price=200000&max_price=1000000, California, Inland Empire, For Sale-Wanted, General, https://inlandempire.craigslist.org/for/d/lake-elsinore-canyon-hills-rd-sf-for/7003440809.html,,2019-10-20,US,2019-11-21
I BUY HOUSES.NEED CASH?QUICK CLOSE?, Oct 20, &excats=134-40&min_price=200000&max_price=1000000, California, Merced, For Sale-Wanted, Wanted, https://merced.craigslist.org/wan/d/merced-buy-housesneed-cashquick-close/6984725559.html,Want,2019-10-20,US,2019-11-21
NEED TO SELL FAST? FORECLOSURE? I BUY CASH. 14 DAY CLOSE, Oct 20, &excats=134-40&min_price=200000&max_price=1000000, California, Modesto, For Sale-Wanted, Wanted, https://modesto.craigslist.org/wan/d/modesto-need-to-sell-fast-foreclosure/6984707541.html,Want,2019-10-20,US,2019-11-21
I BUY HOUSES.NEED CASH?QUICK CLOSE?, Oct 20, &excats=134-40&min_price=200000&max_price=1000000, California, Modesto, For Sale-Wanted, Wanted, https://modesto.craigslist.org/wan/d/modesto-buy-housesneed-cashquick-close/6984717255.html,Want,2019-10-20,US,2019-11-21
Beautiful home in FL, Oct 20, &excats=134-40&min_price=200000&max_price=1000000, California, Orange County, For Sale-Wanted, General, https://orangecounty.craigslist.org/for/d/vero-beach-beautiful-home-in-fl/7003251036.html,,2019-10-20,US,2019-11-21
House for sale Walker Farms, Oct 19, &excats=134-40&min_price=200000&max_price=1000000, Indiana, Indianapolis, For Sale-Wanted, General, https://indianapolis.craigslist.org/for/d/whitestown-house-for-sale-walker-farms/7002756794.html,,2019-10-19,US,2019-11-21
Best Deal in Cumming!, Oct 19, &excats=134-40&min_price=200000&max_price=1000000, Georgia, Atlanta, For Sale-Wanted, General, https://atlanta.craigslist.org/nat/for/d/cumming-best-deal-in-cumming/7003089386.html,,2019-10-19,US,2019-11-21
Very nice house downtown, Oct 19, &excats=134-40&min_price=200000&max_price=1000000, Georgia, Atlanta, For Sale-Wanted, Household, https://atlanta.craigslist.org/atl/hsh/d/atlanta-very-nice-house-downtown/7002617429.html,,2019-10-19,US,2019-11-21
HOME- FOR SALE BY OWNER; 104 Oakleaf Drive, Oct 19, &excats=134-40&min_price=200000&max_price=1000000, Georgia, Augusta, For Sale-Wanted, General, https://augusta.craigslist.org/for/d/north-augusta-home-for-sale-by-owner/7003070909.html,,2019-10-19,US,2019-11-21
74 acres with Home and Private 5 acre  lake Must See, Oct 19, &excats=134-40&min_price=200000&max_price=1000000, Georgia, Augusta, For Sale-Wanted, General, https://augusta.craigslist.org/for/d/tignall-74-acres-with-home-and-private/7003026108.html,,2019-10-19,US,2019-11-21
Downtown Charleston SC Cafe for Sale, Oct 19, &excats=134-40&min_price=200000&max_price=1000000, South Carolina, Charleston, For Sale-Wanted, General, https://charleston.craigslist.org/for/d/charleston-downtown-charleston-sc-cafe/7003098575.html,,2019-10-19,US,2019-11-21
74 acres with Home on 5 acre private lake Beautiful Land!, Oct 19, &excats=134-40&min_price=200000&max_price=1000000, South Carolina, Columbia, For Sale-Wanted, General, https://columbia.craigslist.org/for/d/tignall-74-acres-with-home-on-5-acre/7003033352.html,,2019-10-19,US,2019-11-21
real estate, Oct 19, &excats=134-40&min_price=200000&max_price=1000000, South Carolina, Columbia, For Sale-Wanted, Farm and Garden, https://columbia.craigslist.org/grd/d/lexington-real-estate/7002916350.html,,2019-10-19,US,2019-11-21
Salon Live Work Space, Oct 19, &excats=134-40&min_price=200000&max_price=1000000, South Carolina, Myrtle Beach, For Sale-Wanted, General, https://myrtlebeach.craigslist.org/for/d/conway-salon-live-work-space/7002871778.html,,2019-10-19,US,2019-11-21
Panama property with ocean view, Oct 19, &excats=134-40&min_price=200000&max_price=1000000, Arizona, Phoenix, For Sale-Wanted, General, https://phoenix.craigslist.org/evl/for/d/scottsdale-panama-property-with-ocean/7003030482.html,,2019-10-19,US,2019-11-21
2008 FREEMAN 33 34 CATAMARAN, Oct 19, &excats=134-40&min_price=200000&max_price=1000000, Florida, Tallahassee, For Sale-Wanted, Boat Parts, https://tallahassee.craigslist.org/boa/d/tallahassee-2008-freeman-catamaran/6992237297.html,,2019-10-19,US,2019-11-21
2013 YELLOWFIN 39 QUAD 2017 400r 200 hours WARRANTY, Oct 19, &excats=134-40&min_price=200000&max_price=1000000, Florida, Tallahassee, For Sale-Wanted, Boat Parts, https://tallahassee.craigslist.org/boa/d/tallahassee-2013-yellowfin-39-quad-r/6993740075.html,,2019-10-19,US,2019-11-21
Land - 7.3 Acres for sale/lease, Oct 19, &excats=134-40&min_price=200000&max_price=1000000, Colorado, Denver, For Sale-Wanted, Farm and Garden, https://denver.craigslist.org/grd/d/land-73-acres-for-sale-lease/7003049274.html,,2019-10-19,US,2019-11-21
Sports Cards collection wanted, Oct 19, &excats=134-40&min_price=200000&max_price=1000000, Virginia, Fredericksburg, For Sale-Wanted, Wanted, https://fredericksburg.craigslist.org/wan/d/fredericksburg-sports-cards-collection/7003105529.html,Want,2019-10-19,US,2019-11-21
2015 TimberPro w/22&quot; Quadco head, Oct 19, &excats=134-40&min_price=200000&max_price=1000000, Maine, Maine, For Sale-Wanted, Heavy Equipment, https://maine.craigslist.org/hvo/d/carthage-2015-timberpro-22-quadco-head/7002830706.html,,2019-10-19,US,2019-11-21
Best fly fishing in New Mexico, Oct 19, &excats=134-40&min_price=200000&max_price=1000000, New Mexico, Farmington, For Sale-Wanted, Sporting Goods, https://farmington.craigslist.org/spo/d/navajo-dam-best-fly-fishing-in-new/7002697624.html,,2019-10-19,US,2019-11-21
VINTAGE/ANTIQUE ITEMS, Oct 19, &excats=134-40&min_price=200000&max_price=1000000, Ohio, Columbus, For Sale-Wanted, Antique By Owner, https://columbus.craigslist.org/atq/d/columbus-vintage-antique-items/7000538365.html,,2019-10-19,US,2019-11-21
Looking to Take over your mortgage payments, Oct 19, &excats=134-40&min_price=200000&max_price=1000000, North Carolina, Charlotte, For Sale-Wanted, Wanted, https://charlotte.craigslist.org/wan/d/charlotte-looking-to-take-over-your/7002928810.html,Want,2019-10-19,US,2019-11-21
129 /- acres in Lansing NC (Ashe County)!, Oct 19, &excats=134-40&min_price=200000&max_price=1000000, North Carolina, Charlotte, For Sale-Wanted, General, https://charlotte.craigslist.org/for/d/charlotte-acres-in-lansing-nc-ashe/7002549718.html,,2019-10-19,US,2019-11-21
Single new tires. Never mounted, Oct 19, &excats=134-40&min_price=200000&max_price=1000000, Tennessee, Knoxville, For Sale-Wanted, NA, https://knoxville.craigslist.org/wto/d/sneedville-single-new-tires-never/7002637819.html,,2019-10-19,US,2019-11-21
$$$$ CASH FOR COMIC BOOKS IN 48 HRS!!, Oct 19, &excats=134-40&min_price=200000&max_price=1000000, Pennsylvania, Philadelphia, For Sale-Wanted, Wanted, https://philadelphia.craigslist.org/wan/d/cash-for-comic-books-in-48-hrs/6989067961.html,,2019-10-19,US,2019-11-21
****Metal wanted****, Oct 19, &excats=134-40&min_price=200000&max_price=1000000, Pennsylvania, Philadelphia, For Sale-Wanted, Wanted, https://philadelphia.craigslist.org/wan/d/metal-wanted/7002626597.html,Want,2019-10-19,US,2019-11-21
House for sale - 10/20 OPEN HOUSE, Oct 19, &excats=134-40&min_price=200000&max_price=1000000, Pennsylvania, Pittsburgh, For Sale-Wanted, General, https://pittsburgh.craigslist.org/for/d/saxonburg-house-for-sale-open-house/7002614849.html,,2019-10-19,US,2019-11-21
Buying high end watch, Oct 19, &excats=134-40&min_price=200000&max_price=1000000, Pennsylvania, Reading, For Sale-Wanted, Wanted, https://reading.craigslist.org/wan/d/temple-buying-high-end-watch/6983150584.html,,2019-10-19,US,2019-11-21
Samsung Note 8 Unlocked, Oct 19, &excats=134-40&min_price=200000&max_price=1000000, Texas, Wichita Falls, For Sale-Wanted, Cell Phones, https://wichitafalls.craigslist.org/mob/d/oklahoma-city-samsung-note-8-unlocked/7003108257.html,,2019-10-19,US,2019-11-21
42 Tiara, Oct 19, &excats=134-40&min_price=200000&max_price=1000000, Connecticut, New Haven, For Sale-Wanted, Boat Parts, https://newhaven.craigslist.org/boa/d/milford-42-tiara/7002770722.html,,2019-10-19,US,2019-11-21
Estate sale, Oct 19, &excats=134-40&min_price=200000&max_price=1000000, New York, Rochester, For Sale-Wanted, Photo And Video, https://rochester.craigslist.org/pho/d/fairport-estate-sale/7002557424.html,,2019-10-19,US,2019-11-21
Home for Sale, Oct 19, &excats=134-40&min_price=200000&max_price=1000000, Wisconsin, Milwaukee, For Sale-Wanted, General, https://milwaukee.craigslist.org/for/d/franklin-home-for-sale/7002999653.html,,2019-10-19,US,2019-11-21
Vending Machines - Healthy vending or your choice, Oct 19, &excats=134-40&min_price=200000&max_price=1000000, California, Orange County, For Sale-Wanted, Appliance by Owner, https://orangecounty.craigslist.org/app/d/costa-mesa-vending-machines-healthy/7003003746.html,,2019-10-19,US,2019-11-21
Need 200K personal loan, Oct 19, &excats=134-40&min_price=200000&max_price=1000000, California, Orange County, For Sale-Wanted, Wanted, https://orangecounty.craigslist.org/wan/d/irvine-need-200k-personal-loan/7002683764.html,Want,2019-10-19,US,2019-11-21
Fountain, Oct 18, &excats=134-40&min_price=200000&max_price=1000000, Georgia, Atlanta, For Sale-Wanted, Boat Parts, https://atlanta.craigslist.org/atl/boa/d/johns-island-fountain/6987119620.html,,2019-10-18,US,2019-11-21
1995 Dodge Dakota SLT V6 5spd, Oct 18, &excats=134-40&min_price=200000&max_price=1000000, Georgia, Atlanta, For Sale-Wanted, General, https://atlanta.craigslist.org/nat/for/d/greensboro-1995-dodge-dakota-slt-v6-5spd/7002161325.html,,2019-10-18,US,2019-11-21
Wanted a 4K laptop hp lenovo yoga etc, Oct 18, &excats=134-40&min_price=200000&max_price=1000000, Arizona, Phoenix, For Sale-Wanted, Wanted, https://phoenix.craigslist.org/cph/wan/d/phoenix-wanted-4k-laptop-hp-lenovo-yoga/6985590207.html,Want,2019-10-18,US,2019-11-21
Samsung j7 crown, Oct 18, &excats=134-40&min_price=200000&max_price=1000000, Arizona, Show Low, For Sale-Wanted, Electronics, https://showlow.craigslist.org/ele/d/lakeside-samsung-j7-crown/7002193902.html,,2019-10-18,US,2019-11-21
HORSE PROPERY in Marana AZ property - FSBO, Oct 18, &excats=134-40&min_price=200000&max_price=1000000, Arizona, Tucson, For Sale-Wanted, General, https://tucson.craigslist.org/for/d/marana-horse-propery-in-marana-az/7002060155.html,,2019-10-18,US,2019-11-21
Gibson L5 Super V Deco, Oct 18, &excats=134-40&min_price=200000&max_price=1000000, Nevada, Las Vegas, For Sale-Wanted, Musical Instruments, https://lasvegas.craigslist.org/msg/d/las-vegas-gibson-l5-super-deco/7001990504.html,,2019-10-18,US,2019-11-21
House for sale, Oct 18, &excats=134-40&min_price=200000&max_price=1000000, Florida, Lakeland, For Sale-Wanted, General, https://lakeland.craigslist.org/for/d/mulberry-house-for-sale/7002495870.html,,2019-10-18,US,2019-11-21
TURNING YOUR DEVICE INTO CASH$$$$$, Oct 18, &excats=134-40&min_price=200000&max_price=1000000, Florida, Tallahassee, For Sale-Wanted, Electronics, https://tallahassee.craigslist.org/ele/d/tallahassee-turning-your-device-into/7002473279.html,,2019-10-18,US,2019-11-21
Titanic Movie Necklace Heart of the Ocean.98.5ct Blue Diamond Heart, Oct 18, &excats=134-40&min_price=200000&max_price=1000000, Colorado, Denver, For Sale-Wanted, Jewelry, https://denver.craigslist.org/jwl/d/denver-titanic-movie-necklace-heart-of/7002328073.html,,2019-10-18,US,2019-11-21
2015 john Deere 2054D limber in excellent condition ready to work, Oct 18, &excats=134-40&min_price=200000&max_price=1000000, Maine, Maine, For Sale-Wanted, Heavy Equipment, https://maine.craigslist.org/hvo/d/smyrna-mills-2015-john-deere-2054d/7002047108.html,,2019-10-18,US,2019-11-21
Bridge lender in Maine?, Oct 18, &excats=134-40&min_price=200000&max_price=1000000, Maine, Maine, For Sale-Wanted, Wanted, https://maine.craigslist.org/wan/d/waterville-bridge-lender-in-maine/6994436239.html,,2019-10-18,US,2019-11-21
Car wash, Oct 18, &excats=134-40&min_price=200000&max_price=1000000, Ohio, Columbus, For Sale-Wanted, Wanted, https://columbus.craigslist.org/wan/d/dublin-car-wash/7002118627.html,,2019-10-18,US,2019-11-21
Fountain, Oct 18, &excats=134-40&min_price=200000&max_price=1000000, North Carolina, Charlotte, For Sale-Wanted, Boat Parts, https://charlotte.craigslist.org/boa/d/johns-island-fountain/6987122720.html,,2019-10-18,US,2019-11-21
Fountain, Oct 18, &excats=134-40&min_price=200000&max_price=1000000, North Carolina, Outer Banks, For Sale-Wanted, Boat Parts, https://outerbanks.craigslist.org/boa/d/johns-island-fountain/6987074130.html,,2019-10-18,US,2019-11-21
Foutian 34cc, Oct 18, &excats=134-40&min_price=200000&max_price=1000000, North Carolina, Outer Banks, For Sale-Wanted, Boat Parts, https://outerbanks.craigslist.org/boa/d/johns-island-foutian-34cc/6987093507.html,,2019-10-18,US,2019-11-21
lake home, Oct 18, &excats=134-40&min_price=200000&max_price=1000000, Minnesota, St Cloud, For Sale-Wanted, General, https://stcloud.craigslist.org/for/d/south-haven-lake-home/6983431728.html,,2019-10-18,US,2019-11-21
WANTED - OLD BOTTLES, Oct 18, &excats=134-40&min_price=200000&max_price=1000000, Idaho, Boise, For Sale-Wanted, Wanted, https://boise.craigslist.org/wan/d/boise-wanted-old-bottles/6981668884.html,Want,2019-10-18,US,2019-11-21
****Metal wanted****, Oct 18, &excats=134-40&min_price=200000&max_price=1000000, Pennsylvania, Philadelphia, For Sale-Wanted, Wanted, https://philadelphia.craigslist.org/wan/d/metal-wanted/7001946711.html,Want,2019-10-18,US,2019-11-21
Lots of wildlife, Oct 18, &excats=134-40&min_price=200000&max_price=1000000, Texas, Amarillo, For Sale-Wanted, Sporting Goods, https://amarillo.craigslist.org/spo/d/counselor-lots-of-wildlife/7002088978.html,,2019-10-18,US,2019-11-21
Buy Medical Hospital Equipment Dental EKG Ultrasound Lab Clinic Baxter, Oct 18, &excats=134-40&min_price=200000&max_price=1000000, Texas, Austin, For Sale-Wanted, Wanted, https://austin.craigslist.org/wan/d/cedar-park-buy-medical-hospital/7002291246.html,,2019-10-18,US,2019-11-21
1999 Sumerset Houseboat 92&#39;, Oct 18, &excats=134-40&min_price=200000&max_price=1000000, Texas, Austin, For Sale-Wanted, Boat Parts, https://austin.craigslist.org/boa/d/austin-1999-sumerset-houseboat-92/7002290345.html,,2019-10-18,US,2019-11-21
1996 Twin Screw Freezer Shrimp Boat, Oct 18, &excats=134-40&min_price=200000&max_price=1000000, Texas, Corpus Christi, For Sale-Wanted, Boat Parts, https://corpuschristi.craigslist.org/boa/d/galveston-1996-twin-screw-freezer/7002535587.html,,2019-10-18,US,2019-11-21
Wanted  $$$???ROLEX, Oct 18, &excats=134-40&min_price=200000&max_price=1000000, Texas, Corpus Christi, For Sale-Wanted, Jewelry, https://corpuschristi.craigslist.org/jwl/d/corpus-christi-wanted-rolex/7002492427.html,Want,2019-10-18,US,2019-11-21
1996 Model Twin Screw Freezer Shrimp Boat, Oct 18, &excats=134-40&min_price=200000&max_price=1000000, Texas, Galveston, For Sale-Wanted, Boat Parts, https://galveston.craigslist.org/boa/d/galveston-1996-model-twin-screw-freezer/7002535464.html,,2019-10-18,US,2019-11-21
Fountain, Oct 18, &excats=134-40&min_price=200000&max_price=1000000, Texas, Galveston, For Sale-Wanted, Boat Parts, https://galveston.craigslist.org/boa/d/johns-island-fountain/6987097209.html,,2019-10-18,US,2019-11-21
Home For Sale on 1 acre property, Oct 18, &excats=134-40&min_price=200000&max_price=1000000, Texas, Houston, For Sale-Wanted, General, https://houston.craigslist.org/for/d/west-columbia-home-for-sale-on-1-acre/6988197595.html,,2019-10-18,US,2019-11-21
1999 Sumerset Houseboat 92&#39; -  (Lake Travis), Oct 18, &excats=134-40&min_price=200000&max_price=1000000, Texas, Houston, For Sale-Wanted, Boat Parts, https://houston.craigslist.org/boa/d/austin-1999-sumerset-houseboat-92-lake/7002289279.html,,2019-10-18,US,2019-11-21
Beautiful heavily wooded property, Oct 18, &excats=134-40&min_price=200000&max_price=1000000, Texas, Houston, For Sale-Wanted, General, https://houston.craigslist.org/for/d/weimar-beautiful-heavily-wooded-property/7002067248.html,,2019-10-18,US,2019-11-21
Beautiful heavily wooded property, Oct 18, &excats=134-40&min_price=200000&max_price=1000000, Texas, Houston, For Sale-Wanted, General, https://houston.craigslist.org/for/d/weimar-beautiful-heavily-wooded-property/7002067599.html,,2019-10-18,US,2019-11-21
Beautiful heavily wooded property, Oct 18, &excats=134-40&min_price=200000&max_price=1000000, Texas, Houston, For Sale-Wanted, General, https://houston.craigslist.org/for/d/weimar-beautiful-heavily-wooded-property/7002067879.html,,2019-10-18,US,2019-11-21
property for sale, Oct 18, &excats=134-40&min_price=200000&max_price=1000000, Texas, Houston, For Sale-Wanted, General, https://houston.craigslist.org/for/d/weimar-property-for-sale/6986694344.html,,2019-10-18,US,2019-11-21
property for sale, Oct 18, &excats=134-40&min_price=200000&max_price=1000000, Texas, Houston, For Sale-Wanted, General, https://houston.craigslist.org/for/d/weimar-property-for-sale/6986691448.html,,2019-10-18,US,2019-11-21
Beautiful heavily wooded property, Oct 18, &excats=134-40&min_price=200000&max_price=1000000, Texas, Houston, For Sale-Wanted, General, https://houston.craigslist.org/for/d/weimar-beautiful-heavily-wooded-property/6986687213.html,,2019-10-18,US,2019-11-21
Beautiful heavily wooded property, Oct 18, &excats=134-40&min_price=200000&max_price=1000000, Texas, Houston, For Sale-Wanted, General, https://houston.craigslist.org/for/d/weimar-beautiful-heavily-wooded-property/6986686919.html,,2019-10-18,US,2019-11-21
property for sale, Oct 18, &excats=134-40&min_price=200000&max_price=1000000, Texas, Houston, For Sale-Wanted, General, https://houston.craigslist.org/for/d/weimar-property-for-sale/6986690722.html,,2019-10-18,US,2019-11-21
Beautiful heavily wooded property, Oct 18, &excats=134-40&min_price=200000&max_price=1000000, Texas, Houston, For Sale-Wanted, General, https://houston.craigslist.org/for/d/weimar-beautiful-heavily-wooded-property/6986687586.html,,2019-10-18,US,2019-11-21
Beautiful heavily wooded property, Oct 18, &excats=134-40&min_price=200000&max_price=1000000, Texas, Houston, For Sale-Wanted, General, https://houston.craigslist.org/for/d/weimar-beautiful-heavily-wooded-property/6986687803.html,,2019-10-18,US,2019-11-21
property for sale, Oct 18, &excats=134-40&min_price=200000&max_price=1000000, Texas, Houston, For Sale-Wanted, General, https://houston.craigslist.org/for/d/weimar-property-for-sale/6986691123.html,,2019-10-18,US,2019-11-21
Lake Front property in East Tenn, Oct 18, &excats=134-40&min_price=200000&max_price=1000000, Texas, Houston, For Sale-Wanted, Farm and Garden, https://houston.craigslist.org/grd/d/bean-station-lake-front-property-in/6992763980.html,,2019-10-18,US,2019-11-21
House for sale 4 Br 2 BA, Oct 18, &excats=134-40&min_price=200000&max_price=1000000, Texas, Laredo, For Sale-Wanted, General, https://laredo.craigslist.org/for/d/laredo-house-for-sale-4-br-2-ba/6988087138.html,,2019-10-18,US,2019-11-21
Open House, Oct 18, &excats=134-40&min_price=200000&max_price=1000000, New Jersey, South Jersey, For Sale-Wanted, General, https://southjersey.craigslist.org/for/d/egg-harbor-township-open-house/7001941929.html,,2019-10-18,US,2019-11-21
Lippmann Screener, Oct 18, &excats=134-40&min_price=200000&max_price=1000000, Wisconsin, Northern Wi, For Sale-Wanted, Heavy Equipment, https://northernwi.craigslist.org/hvo/d/woodruff-lippmann-screener/6984600848.html,,2019-10-18,US,2019-11-21
house for sale, Oct 18, &excats=134-40&min_price=200000&max_price=1000000, California, Chico, For Sale-Wanted, General, https://chico.craigslist.org/for/d/palermo-house-for-sale/7002520357.html,,2019-10-18,US,2019-11-21
Casa en Venta de dueo a dueo, Oct 18, &excats=134-40&min_price=200000&max_price=1000000, California, Modesto, For Sale-Wanted, General, https://modesto.craigslist.org/for/d/modesto-casa-en-venta-de-dueo-dueo/7002391716.html,,2019-10-18,US,2019-11-21
Rancho en venta de dueo a dueo, Oct 18, &excats=134-40&min_price=200000&max_price=1000000, California, Modesto, For Sale-Wanted, General, https://modesto.craigslist.org/for/d/martell-rancho-en-venta-de-dueo-dueo/7002401179.html,,2019-10-18,US,2019-11-21
Casa en venta de dueo a dueo, Oct 18, &excats=134-40&min_price=200000&max_price=1000000, California, Modesto, For Sale-Wanted, General, https://modesto.craigslist.org/for/d/modesto-casa-en-venta-de-dueo-dueo/7002365706.html,,2019-10-18,US,2019-11-21
Casa en venta de dueo a dueo, Oct 18, &excats=134-40&min_price=200000&max_price=1000000, California, Modesto, For Sale-Wanted, General, https://modesto.craigslist.org/for/d/modesto-casa-en-venta-de-dueo-dueo/7002358050.html,,2019-10-18,US,2019-11-21
Condominium for sale, Oct 18, &excats=134-40&min_price=200000&max_price=1000000, California, Orange County, For Sale-Wanted, General, https://orangecounty.craigslist.org/for/d/tustin-condominium-for-sale/7002402492.html,,2019-10-18,US,2019-11-21
1794 Compendious History of England 32 John Bewick engravings, Oct 17, &excats=134-40&min_price=200000&max_price=1000000, Washington, Wenatchee, For Sale-Wanted, Books, https://wenatchee.craigslist.org/bks/d/wenatchee-1794-compendious-history-of/7001754867.html,,2019-10-17,US,2019-11-21
We pay top dollar for closed hobby store inventory! RC Car Planes , Oct 17, &excats=134-40&min_price=200000&max_price=1000000, Georgia, Atlanta, For Sale-Wanted, Wanted, https://atlanta.craigslist.org/nat/wan/d/acworth-we-pay-top-dollar-for-closed/7001720671.html,,2019-10-17,US,2019-11-21
Buying all apple Products, Oct 17, &excats=134-40&min_price=200000&max_price=1000000, Georgia, Atlanta, For Sale-Wanted, Wanted, https://atlanta.craigslist.org/atl/wan/d/atlanta-buying-all-apple-products/7001334407.html,,2019-10-17,US,2019-11-21
For Sale Owner Financing/Personal or Investment, Oct 17, &excats=134-40&min_price=200000&max_price=1000000, Arkansas, Texarkana, For Sale-Wanted, Photo And Video, https://texarkana.craigslist.org/pho/d/mineral-springs-for-sale-owner/7001515142.html,,2019-10-17,US,2019-11-21
Domn8er 22F deck cat, Oct 17, &excats=134-40&min_price=200000&max_price=1000000, Arizona, Phoenix, For Sale-Wanted, Boat Parts, https://phoenix.craigslist.org/evl/boa/d/mesa-domn8er-22f-deck-cat/6988363399.html,,2019-10-17,US,2019-11-21
Taxidermy Bear skin rugs major sale, Oct 17, &excats=134-40&min_price=200000&max_price=1000000, Nevada, Las Vegas, For Sale-Wanted, Sporting Goods, https://lasvegas.craigslist.org/spo/d/las-vegas-taxidermy-bear-skin-rugs/7001700759.html,,2019-10-17,US,2019-11-21
We pay top dollar for closed hobby store inventory! RC Car Planes , Oct 17, &excats=134-40&min_price=200000&max_price=1000000, Florida, Orlando, For Sale-Wanted, Wanted, https://orlando.craigslist.org/wan/d/acworth-we-pay-top-dollar-for-closed/7001722453.html,,2019-10-17,US,2019-11-21
2016 Sea Ray 310 SLX, Oct 17, &excats=134-40&min_price=200000&max_price=1000000, Florida, Pensacola, For Sale-Wanted, Boat Parts, https://pensacola.craigslist.org/boa/d/pensacola-2016-sea-ray-310-slx/6981190102.html,,2019-10-17,US,2019-11-21
Home For Sale by Owner, Oct 17, &excats=134-40&min_price=200000&max_price=1000000, Florida, Tallahassee, For Sale-Wanted, General, https://tallahassee.craigslist.org/for/d/tallahassee-home-for-sale-by-owner/7001675431.html,,2019-10-17,US,2019-11-21
2001 Sunstar, Oct 17, &excats=134-40&min_price=200000&max_price=1000000, Kentucky, Lexington, For Sale-Wanted, Boat Parts, https://lexington.craigslist.org/boa/d/monticello-2001-sunstar/7001390911.html,,2019-10-17,US,2019-11-21
Light Plant Generator House CAT Generators, Oct 17, &excats=134-40&min_price=200000&max_price=1000000, Wyoming, Wyoming, For Sale-Wanted, Heavy Equipment, https://wyoming.craigslist.org/hvo/d/gillette-light-plant-generator-house/6986266186.html,,2019-10-17,US,2019-11-21
2 Story Home For Sale, Oct 17, &excats=134-40&min_price=200000&max_price=1000000, Michigan, Battle Creek, For Sale-Wanted, General, https://battlecreek.craigslist.org/for/d/tekonsha-2-story-home-for-sale/7001384090.html,,2019-10-17,US,2019-11-21
2001 Sunstar, Oct 17, &excats=134-40&min_price=200000&max_price=1000000, Ohio, Cincinnati, For Sale-Wanted, Boat Parts, https://cincinnati.craigslist.org/boa/d/monticello-2001-sunstar/7001393683.html,,2019-10-17,US,2019-11-21
Wanted!   old motor cycles and or parts, Oct 17, &excats=134-40&min_price=200000&max_price=1000000, Ohio, Columbus, For Sale-Wanted, Wanted, https://columbus.craigslist.org/wan/d/dayton-wanted-old-motor-cycles-and-or/6982658410.html,Want,2019-10-17,US,2019-11-21
17 Acres perfect Grow Hemp, Oct 17, &excats=134-40&min_price=200000&max_price=1000000, North Carolina, Fayetteville, For Sale-Wanted, Farm and Garden, https://raleigh.craigslist.org/grd/d/fayetteville-17-acres-perfect-grow-hemp/6985364436.html,,2019-10-17,US,2019-11-21
LAND, Oct 17, &excats=134-40&min_price=200000&max_price=1000000, Oklahoma, Oklahoma City, For Sale-Wanted, General, https://oklahomacity.craigslist.org/for/d/davenport-land/7001464182.html,,2019-10-17,US,2019-11-21
90 Acres in Harrah Oklahoma, Oct 17, &excats=134-40&min_price=200000&max_price=1000000, Oklahoma, Oklahoma City, For Sale-Wanted, General, https://oklahomacity.craigslist.org/for/d/harrah-90-acres-in-harrah-oklahoma/6981285143.html,,2019-10-17,US,2019-11-21
We pay top dollar for closed hobby store inventory! RC Car Planes , Oct 17, &excats=134-40&min_price=200000&max_price=1000000, Tennessee, Nashville, For Sale-Wanted, Wanted, https://nashville.craigslist.org/wan/d/acworth-we-pay-top-dollar-for-closed/7001725869.html,,2019-10-17,US,2019-11-21
****Metal wanted****, Oct 17, &excats=134-40&min_price=200000&max_price=1000000, Pennsylvania, Philadelphia, For Sale-Wanted, Wanted, https://philadelphia.craigslist.org/wan/d/metal-wanted/7001308409.html,Want,2019-10-17,US,2019-11-21
Beautifully designed Home, Oct 17, &excats=134-40&min_price=200000&max_price=1000000, Texas, El Paso, For Sale-Wanted, Materials, https://elpaso.craigslist.org/mat/d/el-paso-beautifully-designed-home/7001690104.html,,2019-10-17,US,2019-11-21
Casa De Venta  Owner Finance, Oct 17, &excats=134-40&min_price=200000&max_price=1000000, Texas, El Paso, For Sale-Wanted, General, https://elpaso.craigslist.org/for/d/el-paso-casa-de-venta-owner-finance/7001522404.html,,2019-10-17,US,2019-11-21
SARGENT TX 3 BED 2 BATH FSBO, Oct 17, &excats=134-40&min_price=200000&max_price=1000000, Texas, Houston, For Sale-Wanted, General, https://houston.craigslist.org/for/d/wadsworth-sargent-tx-3-bed-2-bath-fsbo/6993126224.html,,2019-10-17,US,2019-11-21
For Sale Owner Financing/Personal or Investment, Oct 17, &excats=134-40&min_price=200000&max_price=1000000, Texas, Texarkana, For Sale-Wanted, Photo And Video, https://texarkana.craigslist.org/pho/d/mineral-springs-for-sale-owner/7001515142.html,,2019-10-17,US,2019-11-21
502 SW Tahoe Ave. Pendleton OR 97801, Oct 17, &excats=134-40&min_price=200000&max_price=1000000, Oregon, East Oregon, For Sale-Wanted, General, https://eastoregon.craigslist.org/for/d/pendleton-502-sw-tahoe-ave-pendleton-or/7001832043.html,,2019-10-17,US,2019-11-21
257 acres - Vacant Land, Oct 17, &excats=134-40&min_price=200000&max_price=1000000, New York, Albany, For Sale-Wanted, General, https://albany.craigslist.org/for/d/hoosick-257-acres-vacant-land/7001525131.html,,2019-10-17,US,2019-11-21
196 acres - Vacant Land, Oct 17, &excats=134-40&min_price=200000&max_price=1000000, New York, Albany, For Sale-Wanted, General, https://albany.craigslist.org/for/d/hoosick-196-acres-vacant-land/7001524715.html,,2019-10-17,US,2019-11-21
House for sale by owner, Oct 17, &excats=134-40&min_price=200000&max_price=1000000, New Jersey, Jersey Shore, For Sale-Wanted, General, https://jerseyshore.craigslist.org/for/d/brielle-house-for-sale-by-owner/7001625303.html,,2019-10-17,US,2019-11-21
FSBO 3bd/2ba Rancher, Oct 17, &excats=134-40&min_price=200000&max_price=1000000, New Jersey, South Jersey, For Sale-Wanted, General, https://southjersey.craigslist.org/for/d/somers-point-fsbo-3bd-2ba-rancher/7001332551.html,,2019-10-17,US,2019-11-21
WATER PROPERTY FOR SALE $$$, Oct 17, &excats=134-40&min_price=200000&max_price=1000000, California, Inland Empire, For Sale-Wanted, General, https://inlandempire.craigslist.org/for/d/blythe-water-property-for-sale/7001650902.html,,2019-10-17,US,2019-11-21
Custom Houseboat in Lake McClure, Oct 17, &excats=134-40&min_price=200000&max_price=1000000, California, Merced, For Sale-Wanted, Boat Parts, https://merced.craigslist.org/boa/d/hornitos-custom-houseboat-in-lake/7001868160.html,,2019-10-17,US,2019-11-21
Houseboat Lake McClure, Oct 17, &excats=134-40&min_price=200000&max_price=1000000, California, Modesto, For Sale-Wanted, Boat Parts, https://modesto.craigslist.org/boa/d/hornitos-houseboat-lake-mcclure/7001868047.html,,2019-10-17,US,2019-11-21
only your house on your own Island, Oct 16, &excats=134-40&min_price=200000&max_price=1000000, Georgia, Atlanta, For Sale-Wanted, General, https://atlanta.craigslist.org/wat/for/d/fortson-only-your-house-on-your-own/6990764619.html,,2019-10-16,US,2019-11-21
2018 Kenworth 30 ton heavy wrecker, Oct 16, &excats=134-40&min_price=200000&max_price=1000000, Georgia, Atlanta, For Sale-Wanted, Heavy Equipment, https://atlanta.craigslist.org/eat/hvo/d/conyers-2018-kenworth-30-ton-heavy/6980612401.html,,2019-10-16,US,2019-11-21
2005 Kenworth 75 ton rotator, Oct 16, &excats=134-40&min_price=200000&max_price=1000000, Georgia, Atlanta, For Sale-Wanted, Heavy Equipment, https://atlanta.craigslist.org/eat/hvo/d/mcdonough-2005-kenworth-75-ton-rotator/6979708966.html,,2019-10-16,US,2019-11-21
2017 Peterbilt 35 ton wrecker, Oct 16, &excats=134-40&min_price=200000&max_price=1000000, Georgia, Atlanta, For Sale-Wanted, Heavy Equipment, https://atlanta.craigslist.org/eat/hvo/d/mcdonough-2017-peterbilt-35-ton-wrecker/6980165316.html,,2019-10-16,US,2019-11-21
your house on a little island, Oct 16, &excats=134-40&min_price=200000&max_price=1000000, Georgia, Columbus, For Sale-Wanted, General, https://columbusga.craigslist.org/for/d/fortson-your-house-on-little-island/6989779610.html,,2019-10-16,US,2019-11-21
commercial property on I 95, Oct 16, &excats=134-40&min_price=200000&max_price=1000000, South Carolina, Florence, For Sale-Wanted, General, https://florencesc.craigslist.org/for/d/dillon-commercial-property-on-95/7000741617.html,,2019-10-16,US,2019-11-21
Wyoming Ranch For Sale, Oct 16, &excats=134-40&min_price=200000&max_price=1000000, Arizona, Phoenix, For Sale-Wanted, Farm and Garden, https://phoenix.craigslist.org/nph/grd/d/upton-wyoming-ranch-for-sale/6980049792.html,,2019-10-16,US,2019-11-21
$200/300/400 GRANITE SLABS FOR COUNTERTOPS/DRIVE A LITTLE SAVE ALOT!!!, Oct 16, &excats=134-40&min_price=200000&max_price=1000000, Arizona, Prescott, For Sale-Wanted, Household, https://prescott.craigslist.org/hsh/d/granite-slabs-for-countertops-drive/6984866651.html,,2019-10-16,US,2019-11-21
$200/300/400 GRANITE SLABS FOR COUNTERTOPS/DRIVE A LITTLE SAVE ALOT!!!, Oct 16, &excats=134-40&min_price=200000&max_price=1000000, Nevada, Elko, For Sale-Wanted, Household, https://elko.craigslist.org/hsh/d/granite-slabs-for-countertops-drive/6984868021.html,,2019-10-16,US,2019-11-21
$200/300/400 GRANITE SLABS FOR COUNTERTOPS/PICS ON FACEBOOK/100COLORS, Oct 16, &excats=134-40&min_price=200000&max_price=1000000, Nevada, Las Vegas, For Sale-Wanted, Household, https://lasvegas.craigslist.org/hsh/d/granite-slabs-for-countertops-pics-on/6984862563.html,,2019-10-16,US,2019-11-21
$200/300/400 GRANITE SLABS FOR COUNTERTOPS/PICS ON FACEBOOK/100COLORS, Oct 16, &excats=134-40&min_price=200000&max_price=1000000, Nevada, Las Vegas, For Sale-Wanted, Materials, https://lasvegas.craigslist.org/mat/d/granite-slabs-for-countertops-pics-on/6984869082.html,,2019-10-16,US,2019-11-21
House and 7.89 Acres  for sale, Oct 16, &excats=134-40&min_price=200000&max_price=1000000, Kentucky, Lexington, For Sale-Wanted, Farm and Garden, https://lexington.craigslist.org/grd/d/nicholasville-house-and-789-acres-for/6994148424.html,,2019-10-16,US,2019-11-21
House for sale, Oct 16, &excats=134-40&min_price=200000&max_price=1000000, Kentucky, Lexington, For Sale-Wanted, General, https://lexington.craigslist.org/for/d/paint-lick-house-for-sale/7000650634.html,,2019-10-16,US,2019-11-21
Millionaires ONLY!!, Oct 16, &excats=134-40&min_price=200000&max_price=1000000, Kentucky, Lexington, For Sale-Wanted, Wanted, https://lexington.craigslist.org/wan/d/mount-sterling-millionaires-only/7000519938.html,,2019-10-16,US,2019-11-21
167 Acres of land, Oct 16, &excats=134-40&min_price=200000&max_price=1000000, Virginia, Richmond, For Sale-Wanted, Household, https://richmond.craigslist.org/hsh/d/dillwyn-167-acres-of-land/7000870135.html,,2019-10-16,US,2019-11-21
COMIC BOOKS WANTED $1000000 IMMEDIATE CASH, Oct 16, &excats=134-40&min_price=200000&max_price=1000000, Maine, Maine, For Sale-Wanted, Collectibles, https://maine.craigslist.org/clt/d/londonderry-comic-books-wanted/6989821864.html,Want,2019-10-16,US,2019-11-21
Land Buildable Lot, Oct 16, &excats=134-40&min_price=200000&max_price=1000000, Maine, Maine, For Sale-Wanted, General, https://maine.craigslist.org/for/d/south-portland-land-buildable-lot/6981927216.html,,2019-10-16,US,2019-11-21
We buy seller&#39;s UNWANTED properties, Oct 16, &excats=134-40&min_price=200000&max_price=1000000, Maryland, Baltimore, For Sale-Wanted, Wanted, https://baltimore.craigslist.org/wan/d/baltimore-we-buy-sellers-unwanted/7001192790.html,Want,2019-10-16,US,2019-11-21
SALE!! Going To Jail!!, Oct 16, &excats=134-40&min_price=200000&max_price=1000000, Maryland, Baltimore, For Sale-Wanted, Antique By Owner, https://baltimore.craigslist.org/atq/d/shady-side-sale-going-to-jail/7001150339.html,,2019-10-16,US,2019-11-21
Varias cosas accesorios  micas para torreta candado para extra y ms, Oct 16, &excats=134-40&min_price=200000&max_price=1000000, New Mexico, Las Cruces, For Sale-Wanted, Bike Parts, https://lascruces.craigslist.org/bop/d/el-paso-varias-cosas-accesorios-micas/6981520680.html,,2019-10-16,US,2019-11-21
Buying Vintage Jewelry, Oct 16, &excats=134-40&min_price=200000&max_price=1000000, Michigan, Grand Rapids, For Sale-Wanted, Wanted, https://grandrapids.craigslist.org/wan/d/dorr-buying-vintage-jewelry/6983943844.html,,2019-10-16,US,2019-11-21
Investor Alert on Land And Newly Constructed Luxury Spec Home, Oct 16, &excats=134-40&min_price=200000&max_price=1000000, North Carolina, Asheville, For Sale-Wanted, General, https://asheville.craigslist.org/for/d/mars-hill-investor-alert-on-land-and/7000629837.html,,2019-10-16,US,2019-11-21
16 5/15&quot; beam saws, Oct 16, &excats=134-40&min_price=200000&max_price=1000000, Louisiana, Baton Rouge, For Sale-Wanted, Tools, https://batonrouge.craigslist.org/tls/d/walker-beam-saws/6994397295.html,,2019-10-16,US,2019-11-21
16 5/15&quot; beam saws, Oct 16, &excats=134-40&min_price=200000&max_price=1000000, Louisiana, Baton Rouge, For Sale-Wanted, Tools, https://batonrouge.craigslist.org/tls/d/walker-beam-saws/6994398242.html,,2019-10-16,US,2019-11-21
$200/300/400 GRANITE SLABS FOR COUNTERTOPS/DRIVE A LITTLE SAVE ALOT!!!, Oct 16, &excats=134-40&min_price=200000&max_price=1000000, Utah, St George, For Sale-Wanted, Household, https://stgeorge.craigslist.org/hsh/d/granite-slabs-for-countertops-drive/6984865214.html,,2019-10-16,US,2019-11-21
Solar Log Home Kit, Oct 16, &excats=134-40&min_price=200000&max_price=1000000, Idaho, Twin Falls, For Sale-Wanted, Materials, https://twinfalls.craigslist.org/mat/d/youngsville-solar-log-home-kit/7000857682.html,,2019-10-16,US,2019-11-21
House with acres, Oct 16, &excats=134-40&min_price=200000&max_price=1000000, Kansas, Lawrence, For Sale-Wanted, Wanted, https://lawrence.craigslist.org/wan/d/leavenworth-house-with-acres/7000663829.html,,2019-10-16,US,2019-11-21
Sell me your house with at least 1.5 acres, Oct 16, &excats=134-40&min_price=200000&max_price=1000000, Kansas, Lawrence, For Sale-Wanted, Wanted, https://kansascity.craigslist.org/wan/d/lawrence-sell-me-your-house-with-at/7000661530.html,,2019-10-16,US,2019-11-21
Macbooks W A N T E D, Oct 16, &excats=134-40&min_price=200000&max_price=1000000, Kansas, Wichita, For Sale-Wanted, Wanted, https://wichita.craigslist.org/wan/d/wichita-macbooks-a-t-d/7000984103.html,,2019-10-16,US,2019-11-21
Land for sale, Oct 16, &excats=134-40&min_price=200000&max_price=1000000, Tennessee, Nashville, For Sale-Wanted, Farm and Garden, https://nashville.craigslist.org/grd/d/ethridge-land-for-sale/7001177992.html,,2019-10-16,US,2019-11-21
Revenu property for sale, Oct 16, &excats=134-40&min_price=200000&max_price=1000000, Tennessee, Nashville, For Sale-Wanted, General, https://nashville.craigslist.org/for/d/nashville-revenu-property-for-sale/7000611809.html,,2019-10-16,US,2019-11-21
****Metal wanted****, Oct 16, &excats=134-40&min_price=200000&max_price=1000000, Pennsylvania, Philadelphia, For Sale-Wanted, Wanted, https://philadelphia.craigslist.org/wan/d/metal-wanted/7000578862.html,Want,2019-10-16,US,2019-11-21
I buy gold and diamonds 24/7, Oct 16, &excats=134-40&min_price=200000&max_price=1000000, Pennsylvania, Philadelphia, For Sale-Wanted, Wanted, https://philadelphia.craigslist.org/wan/d/philadelphia-buy-gold-and-diamonds-24-7/7000522076.html,,2019-10-16,US,2019-11-21
House for sale, Oct 16, &excats=134-40&min_price=200000&max_price=1000000, Pennsylvania, Pittsburgh, For Sale-Wanted, Household, https://pittsburgh.craigslist.org/hsh/d/belle-vernon-house-for-sale/7000580200.html,,2019-10-16,US,2019-11-21
??Help for baby boy. Lost everything in flooding, Oct 16, &excats=134-40&min_price=200000&max_price=1000000, Texas, Houston, For Sale-Wanted, Baby Kids by Owner, https://houston.craigslist.org/bab/d/houston-help-for-baby-boy-lost/7001212099.html,Want,2019-10-16,US,2019-11-21
Restauran for Sale on Lake Corpus Christi, Oct 16, &excats=134-40&min_price=200000&max_price=1000000, Texas, Houston, For Sale-Wanted, General, https://houston.craigslist.org/for/d/sandia-restauran-for-sale-on-lake/7000985599.html,,2019-10-16,US,2019-11-21
Hunting/farm ground for sale in NWMO, Oct 16, &excats=134-40&min_price=200000&max_price=1000000, Missouri, Kansas City, For Sale-Wanted, Farm and Garden, https://kansascity.craigslist.org/grd/d/grant-city-hunting-farm-ground-for-sale/6990526986.html,,2019-10-16,US,2019-11-21
Sell me your house with at least 1.5 acres, Oct 16, &excats=134-40&min_price=200000&max_price=1000000, Missouri, Kansas City, For Sale-Wanted, Wanted, https://kansascity.craigslist.org/wan/d/lawrence-sell-me-your-house-with-at/7000661530.html,,2019-10-16,US,2019-11-21
All inclusive bull and bear and front row glass BLUES thurs and sat, Oct 16, &excats=134-40&min_price=200000&max_price=1000000, Missouri, St Louis, For Sale-Wanted, Tickets, https://stlouis.craigslist.org/tix/d/saint-louis-all-inclusive-bull-and-bear/7001112314.html,,2019-10-16,US,2019-11-21
Get cash today for that broken watch or jewelry thats cluttering your, Oct 16, &excats=134-40&min_price=200000&max_price=1000000, New Jersey, Jersey Shore, For Sale-Wanted, Antique By Owner, https://jerseyshore.craigslist.org/atq/d/chesterfield-get-cash-today-for-that/6979966945.html,,2019-10-16,US,2019-11-21
Ponsse Scorpion 2016, Oct 16, &excats=134-40&min_price=200000&max_price=1000000, Wisconsin, Eau Claire, For Sale-Wanted, Heavy Equipment, https://eauclaire.craigslist.org/hvo/d/menomonie-ponsse-scorpion-2016/7000747863.html,,2019-10-16,US,2019-11-21
McKenzie River land, Oct 16, &excats=134-40&min_price=200000&max_price=1000000, California, Redding, For Sale-Wanted, Farm and Garden, https://redding.craigslist.org/grd/d/springfield-mckenzie-river-land/7001042942.html,,2019-10-16,US,2019-11-21
Real Estate for Sale, Oct 15, &excats=134-40&min_price=200000&max_price=1000000, West Virginia, Morgantown, For Sale-Wanted, General, https://morgantown.craigslist.org/for/d/jane-lew-real-estate-for-sale/7000320187.html,,2019-10-15,US,2019-11-21
2016 Caterpillar D9T, Oct 15, &excats=134-40&min_price=200000&max_price=1000000, West Virginia, Morgantown, For Sale-Wanted, Heavy Equipment, https://morgantown.craigslist.org/hvo/d/selma-2016-caterpillar-d9t/7000083957.html,,2019-10-15,US,2019-11-21
Lake Home for Sale by Owner, Oct 15, &excats=134-40&min_price=200000&max_price=1000000, Indiana, Fort Wayne, For Sale-Wanted, General, https://fortwayne.craigslist.org/for/d/rome-city-lake-home-for-sale-by-owner/7000360735.html,,2019-10-15,US,2019-11-21
Antique 1865 farmhouse, Oct 15, &excats=134-40&min_price=200000&max_price=1000000, Indiana, Indianapolis, For Sale-Wanted, Antique By Owner, https://indianapolis.craigslist.org/atq/d/indianapolis-antique-1865-farmhouse/7000488914.html,,2019-10-15,US,2019-11-21
Gwinnett Investment Property! Near Great Schools & Historic Downtown, Oct 15, &excats=134-40&min_price=200000&max_price=1000000, Georgia, Atlanta, For Sale-Wanted, General, https://atlanta.craigslist.org/nat/for/d/duluth-gwinnett-investment-property/7000303063.html,,2019-10-15,US,2019-11-21
Sell your luxury watch NOW, Oct 15, &excats=134-40&min_price=200000&max_price=1000000, Georgia, Atlanta, For Sale-Wanted, Jewelry, https://atlanta.craigslist.org/atl/jwl/d/smyrna-sell-your-luxury-watch-now/6999783350.html,,2019-10-15,US,2019-11-21
53&#39; Riviera Convertible, Oct 15, &excats=134-40&min_price=200000&max_price=1000000, South Carolina, Myrtle Beach, For Sale-Wanted, Boat Parts, https://myrtlebeach.craigslist.org/boa/d/little-river-53-riviera-convertible/6980303493.html,,2019-10-15,US,2019-11-21
Sell your house fast!, Oct 15, &excats=134-40&min_price=200000&max_price=1000000, Nevada, Las Vegas, For Sale-Wanted, Wanted, https://lasvegas.craigslist.org/wan/d/las-vegas-sell-your-house-fast/7000301665.html,,2019-10-15,US,2019-11-21
2012 F-250 4x4 Diesel, Oct 15, &excats=134-40&min_price=200000&max_price=1000000, Florida, Jacksonville, For Sale-Wanted, General, https://jacksonville.craigslist.org/for/d/jacksonville-x4-diesel/6981009803.html,,2019-10-15,US,2019-11-21
Farm South Baldwin Beach Express Owner F 24ac 7000 sq ft Unde Roof, Oct 15, &excats=134-40&min_price=200000&max_price=1000000, Florida, Pensacola, For Sale-Wanted, Farm and Garden, https://pensacola.craigslist.org/grd/d/robertsdale-farm-south-baldwin-beach/6999824070.html,,2019-10-15,US,2019-11-21
7.5 acres Prime High and Dry Land on Paved Road right off Grant Road!, Oct 15, &excats=134-40&min_price=200000&max_price=1000000, Florida, Space Coast, For Sale-Wanted, Farm and Garden, https://spacecoast.craigslist.org/grd/d/palm-bay-75-acres-prime-high-and-dry/6998664242.html,,2019-10-15,US,2019-11-21
Buying Gold/Silver& Antiques, Oct 15, &excats=134-40&min_price=200000&max_price=1000000, Florida, Space Coast, For Sale-Wanted, Antique By Owner, https://spacecoast.craigslist.org/atq/d/palm-bay-buying-gold-silver-antiques/6981170320.html,,2019-10-15,US,2019-11-21
Vermont hemp farm for sale, Oct 15, &excats=134-40&min_price=200000&max_price=1000000, Colorado, Boulder, For Sale-Wanted, Farm and Garden, https://boulder.craigslist.org/grd/d/westford-vermont-hemp-farm-for-sale/7000017888.html,,2019-10-15,US,2019-11-21
EXECUTIVE HOUSEBOAT 7 BEDROOMS 18&#39;x88&#39; COMPLETELY REMODELED, Oct 15, &excats=134-40&min_price=200000&max_price=1000000, Kentucky, Lexington, For Sale-Wanted, Boat Parts, https://lexington.craigslist.org/boa/d/lexington-executive-houseboat-7/6987257200.html,,2019-10-15,US,2019-11-21
WATERFRONT TOWNHOUSE, Oct 15, &excats=134-40&min_price=200000&max_price=1000000, Virginia, Eastern Shore, For Sale-Wanted, General, https://easternshore.craigslist.org/for/d/chester-waterfront-townhouse/6981050138.html,,2019-10-15,US,2019-11-21
will trade for hay, Oct 15, &excats=134-40&min_price=200000&max_price=1000000, Virginia, Lynchburg, For Sale-Wanted, Farm and Garden, https://lynchburg.craigslist.org/grd/d/farmville-will-trade-for-hay/6993806090.html,,2019-10-15,US,2019-11-21
Home for Sale- Early Settlers Landing, Oct 15, &excats=134-40&min_price=200000&max_price=1000000, Virginia, Richmond, For Sale-Wanted, General, https://richmond.craigslist.org/for/d/richmond-home-for-sale-early-settlers/7000024220.html,,2019-10-15,US,2019-11-21
WATERFRONT TOWNHOUSE, Oct 15, &excats=134-40&min_price=200000&max_price=1000000, Maryland, Eastern Shore, For Sale-Wanted, General, https://easternshore.craigslist.org/for/d/chester-waterfront-townhouse/6981050138.html,,2019-10-15,US,2019-11-21
CHEVY CORVETTE  wheelsaccessories, Oct 15, &excats=134-40&min_price=200000&max_price=1000000, North Carolina, Charlotte, For Sale-Wanted, NA, https://charlotte.craigslist.org/wto/d/taylorsville-chevy-corvette/6999841133.html,,2019-10-15,US,2019-11-21
WANTED: SNOW REMOVAL, Oct 15, &excats=134-40&min_price=200000&max_price=1000000, Minnesota, Bemidji, For Sale-Wanted, Farm and Garden, https://bemidji.craigslist.org/grd/d/ponsford-wanted-snow-removal/6999895555.html,Want,2019-10-15,US,2019-11-21
Snow Removal, Oct 15, &excats=134-40&min_price=200000&max_price=1000000, Minnesota, St Cloud, For Sale-Wanted, General, https://stcloud.craigslist.org/for/d/saint-cloud-snow-removal/7000148170.html,,2019-10-15,US,2019-11-21
Home for sale  3 Bedroom 2 bath, Oct 15, &excats=134-40&min_price=200000&max_price=1000000, Utah, St George, For Sale-Wanted, General, https://stgeorge.craigslist.org/for/d/la-verkin-home-for-sale-3-bedroom-2-bath/7000240913.html,,2019-10-15,US,2019-11-21
2 BEDROOM 1 BATH HOME FOR SALE, Oct 15, &excats=134-40&min_price=200000&max_price=1000000, Utah, St George, For Sale-Wanted, General, https://stgeorge.craigslist.org/for/d/la-verkin-2-bedroom-1-bath-home-for-sale/7000224212.html,,2019-10-15,US,2019-11-21
2.64 acres land commercial Jones, Oct 15, &excats=134-40&min_price=200000&max_price=1000000, Oklahoma, Oklahoma City, For Sale-Wanted, General, https://oklahomacity.craigslist.org/for/d/jones-264-acres-land-commercial-jones/7000453974.html,,2019-10-15,US,2019-11-21
Home for Sale By Owner, Oct 15, &excats=134-40&min_price=200000&max_price=1000000, Pennsylvania, Lancaster, For Sale-Wanted, General, https://lancaster.craigslist.org/for/d/new-providence-home-for-sale-by-owner/6999938758.html,,2019-10-15,US,2019-11-21
Dairy goats, Oct 15, &excats=134-40&min_price=200000&max_price=1000000, Pennsylvania, Philadelphia, For Sale-Wanted, Farm and Garden, https://philadelphia.craigslist.org/grd/d/saint-peters-dairy-goats/7000039677.html,,2019-10-15,US,2019-11-21
****Metal wanted****, Oct 15, &excats=134-40&min_price=200000&max_price=1000000, Pennsylvania, Philadelphia, For Sale-Wanted, Wanted, https://philadelphia.craigslist.org/wan/d/metal-wanted/6999876375.html,Want,2019-10-15,US,2019-11-21
5 acres three houses, Oct 15, &excats=134-40&min_price=200000&max_price=1000000, Texas, Houston, For Sale-Wanted, General, https://houston.craigslist.org/for/d/dobbin-5-acres-three-houses/7000379195.html,,2019-10-15,US,2019-11-21
53&#39; Riviera Convertible, Oct 15, &excats=134-40&min_price=200000&max_price=1000000, Texas, Houston, For Sale-Wanted, Boat Parts, https://houston.craigslist.org/boa/d/channelview-53-riviera-convertible/6980295920.html,,2019-10-15,US,2019-11-21
Looking for Cardinal Offense and Luck, Oct 15, &excats=134-40&min_price=200000&max_price=1000000, Missouri, St Louis, For Sale-Wanted, Wanted, https://stlouis.craigslist.org/wan/d/saint-louis-looking-for-cardinal/7000456579.html,Want,2019-10-15,US,2019-11-21
land, Oct 15, &excats=134-40&min_price=200000&max_price=1000000, New York, Albany, For Sale-Wanted, General, https://albany.craigslist.org/for/d/alplaus-land/6996345272.html,,2019-10-15,US,2019-11-21
2.6 Acre opportunity to build  close to Kyrus Joel, Oct 15, &excats=134-40&min_price=200000&max_price=1000000, New York, Hudson Valley, For Sale-Wanted, General, https://hudsonvalley.craigslist.org/for/d/monroe-26-acre-opportunity-to-build/6999876882.html,,2019-10-15,US,2019-11-21
peterbilt, Oct 15, &excats=134-40&min_price=200000&max_price=1000000, New York, Long Island, For Sale-Wanted, Heavy Equipment, https://longisland.craigslist.org/hvo/d/plantsville-peterbilt/6999950724.html,,2019-10-15,US,2019-11-21
Log cabin home on 26 acres, Oct 15, &excats=134-40&min_price=200000&max_price=1000000, Wisconsin, La Crosse, For Sale-Wanted, General, https://lacrosse.craigslist.org/for/d/wilton-log-cabin-home-on-26-acres/7000177373.html,,2019-10-15,US,2019-11-21
Heavy equipment, Oct 15, &excats=134-40&min_price=200000&max_price=1000000, California, Inland Empire, For Sale-Wanted, Heavy Equipment, https://inlandempire.craigslist.org/hvo/d/san-bernardino-heavy-equipment/6990706789.html,,2019-10-15,US,2019-11-21
Heavy equipment, Oct 15, &excats=134-40&min_price=200000&max_price=1000000, California, Inland Empire, For Sale-Wanted, Heavy Equipment, https://inlandempire.craigslist.org/hvo/d/san-bernardino-heavy-equipment/6990708374.html,,2019-10-15,US,2019-11-21
2016  MORBARK 3200  C15 CAT  890 HRS, Oct 14, &excats=134-40&min_price=200000&max_price=1000000, Georgia, Atlanta, For Sale-Wanted, Heavy Equipment, https://atlanta.craigslist.org/atl/hvo/d/pine-mountain-2016-morbark-c15-cat-890/6979447600.html,,2019-10-14,US,2019-11-21
2019  525D CAT  121 HRS  EXTRA WIDE TIRES, Oct 14, &excats=134-40&min_price=200000&max_price=1000000, Georgia, Atlanta, For Sale-Wanted, Heavy Equipment, https://atlanta.craigslist.org/atl/hvo/d/pine-mountain-d-cat-121-hrs-extra-wide/6979425452.html,,2019-10-14,US,2019-11-21
2018-19 BARKO 495B  NEW 35 HRS DELIMBER, Oct 14, &excats=134-40&min_price=200000&max_price=1000000, Georgia, Atlanta, For Sale-Wanted, Heavy Equipment, https://atlanta.craigslist.org/atl/hvo/d/pine-mountain-barko-495b-new-35-hrs/6979431401.html,,2019-10-14,US,2019-11-21
2016 521B CAT TREE CUTTER  800 HRS, Oct 14, &excats=134-40&min_price=200000&max_price=1000000, Georgia, Atlanta, For Sale-Wanted, Heavy Equipment, https://atlanta.craigslist.org/atl/hvo/d/pine-mountain-b-cat-tree-cutter-800-hrs/6979435377.html,,2019-10-14,US,2019-11-21
??COMING SOON AWESOME MARIETTA HOMES FOR SALE From $200000, Oct 14, &excats=134-40&min_price=200000&max_price=1000000, Georgia, Atlanta, For Sale-Wanted, General, https://atlanta.craigslist.org/atl/for/d/marietta-coming-soon-awesome-marietta/6999328748.html,,2019-10-14,US,2019-11-21
own your own island with house, Oct 14, &excats=134-40&min_price=200000&max_price=1000000, Georgia, Columbus, For Sale-Wanted, General, https://columbusga.craigslist.org/for/d/fortson-own-your-own-island-with-house/6991703384.html,,2019-10-14,US,2019-11-21
LAND FOR SALE, Oct 14, &excats=134-40&min_price=200000&max_price=1000000, Vermont, Vermont, For Sale-Wanted, General, https://vermont.craigslist.org/for/d/jericho-land-for-sale/6982299111.html,,2019-10-14,US,2019-11-21
Banks OVER 1000000 acres, Oct 14, &excats=134-40&min_price=200000&max_price=1000000, Arizona, Phoenix, For Sale-Wanted, General, https://phoenix.craigslist.org/evl/for/d/payson-banks-over-acres/6999503986.html,,2019-10-14,US,2019-11-21
House for sale, Oct 14, &excats=134-40&min_price=200000&max_price=1000000, Florida, Orlando, For Sale-Wanted, General, https://orlando.craigslist.org/for/d/orlando-house-for-sale/6999670261.html,,2019-10-14,US,2019-11-21
HOME FOR SALE 3BD 2BTH 1CAR, Oct 14, &excats=134-40&min_price=200000&max_price=1000000, Florida, Panama City, For Sale-Wanted, General, https://panamacity.craigslist.org/for/d/mexico-beach-home-for-sale-3bd-2bth-1car/6999683972.html,,2019-10-14,US,2019-11-21
HOME FOR SALE 3BD 2BTH 1CAR, Oct 14, &excats=134-40&min_price=200000&max_price=1000000, Florida, Panama City, For Sale-Wanted, General, https://panamacity.craigslist.org/for/d/mexico-beach-home-for-sale-3bd-2bth-1car/6999683598.html,,2019-10-14,US,2019-11-21
HOME FOR SALE 3BD 2BTH 1CAR, Oct 14, &excats=134-40&min_price=200000&max_price=1000000, Florida, Panama City, For Sale-Wanted, General, https://panamacity.craigslist.org/for/d/mexico-beach-home-for-sale-3bd-2bth-1car/6999683308.html,,2019-10-14,US,2019-11-21
HOME FOR SALE 3BD 2BTH 1CAR, Oct 14, &excats=134-40&min_price=200000&max_price=1000000, Florida, Panama City, For Sale-Wanted, General, https://panamacity.craigslist.org/for/d/mexico-beach-home-for-sale-3bd-2bth-1car/6999682704.html,,2019-10-14,US,2019-11-21
HOME FOR SALE 3BD 2BTH 1CAR, Oct 14, &excats=134-40&min_price=200000&max_price=1000000, Florida, Panama City, For Sale-Wanted, General, https://panamacity.craigslist.org/for/d/mexico-beach-home-for-sale-3bd-2bth-1car/6999681428.html,,2019-10-14,US,2019-11-21
Investor Alert on Land And Newly Constructed Luxury Spec Home, Oct 14, &excats=134-40&min_price=200000&max_price=1000000, Florida, Space Coast, For Sale-Wanted, General, https://spacecoast.craigslist.org/for/d/mars-hill-investor-alert-on-land-and/6999407362.html,,2019-10-14,US,2019-11-21
2001 Sunstar, Oct 14, &excats=134-40&min_price=200000&max_price=1000000, Kentucky, Lexington, For Sale-Wanted, Boat Parts, https://lexington.craigslist.org/boa/d/monticello-2001-sunstar/6999450456.html,,2019-10-14,US,2019-11-21
2001 Sunstar, Oct 14, &excats=134-40&min_price=200000&max_price=1000000, Kentucky, Louisville, For Sale-Wanted, Boat Parts, https://louisville.craigslist.org/boa/d/monticello-2001-sunstar/6999451240.html,,2019-10-14,US,2019-11-21
Sell your house quickly & easily **Cash Offer**, Oct 14, &excats=134-40&min_price=200000&max_price=1000000, New Mexico, Albuquerque, For Sale-Wanted, Wanted, https://albuquerque.craigslist.org/wan/d/albuquerque-sell-your-house-quickly/6999742742.html,,2019-10-14,US,2019-11-21
Sell your house quickly & easily **Cash Offer**, Oct 14, &excats=134-40&min_price=200000&max_price=1000000, New Mexico, Las Cruces, For Sale-Wanted, Wanted, https://lascruces.craigslist.org/wan/d/las-cruces-sell-your-house-quickly/6999741773.html,,2019-10-14,US,2019-11-21
4 bed 3 bath, Oct 14, &excats=134-40&min_price=200000&max_price=1000000, Ohio, Cleveland, For Sale-Wanted, General, https://cleveland.craigslist.org/for/d/olmsted-falls-4-bed-3-bath/6999118474.html,,2019-10-14,US,2019-11-21
River Front Property Lease w/Marina, Oct 14, &excats=134-40&min_price=200000&max_price=1000000, Ohio, Sandusky, For Sale-Wanted, Boat Parts, https://sandusky.craigslist.org/boa/d/huron-river-front-property-lease-marina/6999213227.html,,2019-10-14,US,2019-11-21
FIREWOOD, Oct 14, &excats=134-40&min_price=200000&max_price=1000000, North Carolina, Charlotte, For Sale-Wanted, General, https://charlotte.craigslist.org/for/d/clover-firewood/6978692045.html,,2019-10-14,US,2019-11-21
Hobby Farm For Sale By Owner, Oct 14, &excats=134-40&min_price=200000&max_price=1000000, Minnesota, St Cloud, For Sale-Wanted, Farm and Garden, https://stcloud.craigslist.org/grd/d/paynesville-hobby-farm-for-sale-by-owner/6999759165.html,,2019-10-14,US,2019-11-21
Looking for a House to Buy, Oct 14, &excats=134-40&min_price=200000&max_price=1000000, Minnesota, St Cloud, For Sale-Wanted, Wanted, https://stcloud.craigslist.org/wan/d/saint-cloud-looking-for-house-to-buy/6999066437.html,Want,2019-10-14,US,2019-11-21
Sandys Furniture, Oct 14, &excats=134-40&min_price=200000&max_price=1000000, Kansas, Wichita, For Sale-Wanted, Furniture, https://wichita.craigslist.org/fuo/d/wichita-sandys-furniture/6979704054.html,,2019-10-14,US,2019-11-21
House for Sale By Owner, Oct 14, &excats=134-40&min_price=200000&max_price=1000000, Tennessee, Chattanooga, For Sale-Wanted, General, https://chattanooga.craigslist.org/for/d/chattanooga-house-for-sale-by-owner/6999118703.html,,2019-10-14,US,2019-11-21
548 E. Hewson st, Oct 14, &excats=134-40&min_price=200000&max_price=1000000, Pennsylvania, Philadelphia, For Sale-Wanted, General, https://philadelphia.craigslist.org/for/d/philadelphia-548-hewson-st/6999758776.html,,2019-10-14,US,2019-11-21
****Metal wanted****, Oct 14, &excats=134-40&min_price=200000&max_price=1000000, Pennsylvania, Philadelphia, For Sale-Wanted, Wanted, https://philadelphia.craigslist.org/wan/d/metal-wanted/6999098152.html,Want,2019-10-14,US,2019-11-21
2016 Caterpillar D9T, Oct 14, &excats=134-40&min_price=200000&max_price=1000000, Pennsylvania, Reading, For Sale-Wanted, Heavy Equipment, https://reading.craigslist.org/hvo/d/selma-2016-caterpillar-d9t/6999253631.html,,2019-10-14,US,2019-11-21
Malibu Wakesetter, Oct 14, &excats=134-40&min_price=200000&max_price=1000000, Texas, Austin, For Sale-Wanted, Boat Parts, https://austin.craigslist.org/boa/d/nacogdoches-malibu-wakesetter/6999345332.html,,2019-10-14,US,2019-11-21
Poplar Bluff Missouri 3 bdrm 3 1/2 bath 3400 so ft. 2640 Sq ft shop, Oct 14, &excats=134-40&min_price=200000&max_price=1000000, Missouri, St Louis, For Sale-Wanted, General, https://stlouis.craigslist.org/for/d/poplar-bluff-poplar-bluff-missouri-3/6988051765.html,,2019-10-14,US,2019-11-21
Katahdin Sheep, Oct 14, &excats=134-40&min_price=200000&max_price=1000000, Missouri, St Louis, For Sale-Wanted, Farm and Garden, https://stlouis.craigslist.org/grd/d/palmyra-katahdin-sheep/6999363126.html,,2019-10-14,US,2019-11-21
Katahdin sheep, Oct 14, &excats=134-40&min_price=200000&max_price=1000000, Illinois, Peoria, For Sale-Wanted, Farm and Garden, https://peoria.craigslist.org/grd/d/palmyra-katahdin-sheep/6999153169.html,,2019-10-14,US,2019-11-21
Katahdin, Oct 14, &excats=134-40&min_price=200000&max_price=1000000, Illinois, Springfield, For Sale-Wanted, Farm and Garden, https://springfieldil.craigslist.org/grd/d/palmyra-katahdin/6999362603.html,,2019-10-14,US,2019-11-21
100 acres hunting land, Oct 14, &excats=134-40&min_price=200000&max_price=1000000, New York, Rochester, For Sale-Wanted, Sporting Goods, https://rochester.craigslist.org/spo/d/naples-100-acres-hunting-land/6982930455.html,,2019-10-14,US,2019-11-21
Looking to sell junk cars, Oct 14, &excats=134-40&min_price=200000&max_price=1000000, New Jersey, South Jersey, For Sale-Wanted, Auto Parts by Owner, https://southjersey.craigslist.org/pts/d/millville-looking-to-sell-junk-cars/6999532756.html,Want,2019-10-14,US,2019-11-21
80 Acres agricultural and buildable land Waterloo, Oct 14, &excats=134-40&min_price=200000&max_price=1000000, Wisconsin, Milwaukee, For Sale-Wanted, Farm and Garden, https://milwaukee.craigslist.org/grd/d/reeseville-80-acres-agricultural-and/6981808296.html,,2019-10-14,US,2019-11-21
23 western x clay pigeon thrower (single shot). 4 self loading western model V t, Oct 14, &excats=134-40&min_price=200000&max_price=1000000, Wisconsin, Milwaukee, For Sale-Wanted, Sporting Goods, https://milwaukee.craigslist.org/spo/d/milwaukee-23-western-clay-pigeon/6999544091.html,,2019-10-14,US,2019-11-21
USED WHEELS GOOD CONDITION, Oct 14, &excats=134-40&min_price=200000&max_price=1000000, California, Bakersfield, For Sale-Wanted, NA, https://bakersfield.craigslist.org/wto/d/bakersfield-used-wheels-good-condition/6999691348.html,,2019-10-14,US,2019-11-21
$ we Buy Forklifts $ CASH  $ Trucks $ heavy Equipment Buyer $$, Oct 14, &excats=134-40&min_price=200000&max_price=1000000, California, Orange County, For Sale-Wanted, Wanted, https://orangecounty.craigslist.org/wan/d/anaheim-we-buy-forklifts-cash-trucks/6979157518.html,,2019-10-14,US,2019-11-21
2014 John Deere 4830 Sprayer, Oct 13, &excats=134-40&min_price=200000&max_price=1000000, Iowa, Des Moines, For Sale-Wanted, Farm and Garden, https://desmoines.craigslist.org/grd/d/plano-2014-john-deere-4830-sprayer/6998882213.html,,2019-10-13,US,2019-11-21
140 acre hunting farm with income, Oct 13, &excats=134-40&min_price=200000&max_price=1000000, Iowa, Des Moines, For Sale-Wanted, Farm and Garden, https://desmoines.craigslist.org/grd/d/agency-140-acre-hunting-farm-with-income/6980979664.html,,2019-10-13,US,2019-11-21
Crop Farmland, Oct 13, &excats=134-40&min_price=200000&max_price=1000000, Iowa, Mason City, For Sale-Wanted, Farm and Garden, https://masoncity.craigslist.org/grd/d/thompson-crop-farmland/6998957070.html,,2019-10-13,US,2019-11-21
Land to Build, Oct 13, &excats=134-40&min_price=200000&max_price=1000000, Washington, Wenatchee, For Sale-Wanted, General, https://wenatchee.craigslist.org/for/d/dryden-land-to-build/6998928652.html,,2019-10-13,US,2019-11-21
Acreage / Land for Sale, Oct 13, &excats=134-40&min_price=200000&max_price=1000000, Washington, Wenatchee, For Sale-Wanted, General, https://wenatchee.craigslist.org/for/d/dryden-acreage-land-for-sale/6998911277.html,,2019-10-13,US,2019-11-21
Acreage / Land for Sale, Oct 13, &excats=134-40&min_price=200000&max_price=1000000, Washington, Wenatchee, For Sale-Wanted, General, https://wenatchee.craigslist.org/for/d/dryden-acreage-land-for-sale/6998910981.html,,2019-10-13,US,2019-11-21
LANd, Oct 13, &excats=134-40&min_price=200000&max_price=1000000, Georgia, Atlanta, For Sale-Wanted, General, https://atlanta.craigslist.org/nat/for/d/carnesville-land/6978759220.html,,2019-10-13,US,2019-11-21
HOME FOR SALE, Oct 13, &excats=134-40&min_price=200000&max_price=1000000, Arizona, Phoenix, For Sale-Wanted, Photo And Video, https://phoenix.craigslist.org/nph/pho/d/sedona-home-for-sale/6998781107.html,,2019-10-13,US,2019-11-21
GROVE GMK5120B FOR SALE (2002), Oct 13, &excats=134-40&min_price=200000&max_price=1000000, Arizona, Yuma, For Sale-Wanted, Heavy Equipment, https://yuma.craigslist.org/hvo/d/tacna-grove-gmk5120b-for-sale-2002/6998979360.html,,2019-10-13,US,2019-11-21
DEMAG AC80-2 (2003), Oct 13, &excats=134-40&min_price=200000&max_price=1000000, Arizona, Yuma, For Sale-Wanted, Heavy Equipment, https://yuma.craigslist.org/hvo/d/tacna-demag-ac/6998970828.html,,2019-10-13,US,2019-11-21
LINK-BELT HTC8690 (2005), Oct 13, &excats=134-40&min_price=200000&max_price=1000000, Arizona, Yuma, For Sale-Wanted, Heavy Equipment, https://yuma.craigslist.org/hvo/d/tacna-link-belt-htc/6998964880.html,,2019-10-13,US,2019-11-21
LINK-BELT H248H CRANE FOR SALE (1996), Oct 13, &excats=134-40&min_price=200000&max_price=1000000, Arizona, Yuma, For Sale-Wanted, Heavy Equipment, https://yuma.craigslist.org/hvo/d/tacna-link-belt-h248h-crane-for-sale/6998961317.html,,2019-10-13,US,2019-11-21
DEMAG AC140 FOR SALE (2006), Oct 13, &excats=134-40&min_price=200000&max_price=1000000, Arizona, Yuma, For Sale-Wanted, Heavy Equipment, https://yuma.craigslist.org/hvo/d/tacna-demag-ac140-for-sale-2006/6998953070.html,,2019-10-13,US,2019-11-21
Ford van parts, Oct 13, &excats=134-40&min_price=200000&max_price=1000000, Nevada, Las Vegas, For Sale-Wanted, Wanted, https://lasvegas.craigslist.org/wan/d/las-vegas-ford-van-parts/6998524102.html,,2019-10-13,US,2019-11-21
cash buyer for Redtail House, Oct 13, &excats=134-40&min_price=200000&max_price=1000000, Florida, Orlando, For Sale-Wanted, Wanted, https://orlando.craigslist.org/wan/d/sorrento-cash-buyer-for-redtail-house/6978196802.html,,2019-10-13,US,2019-11-21
cash buyer for Redtail House, Oct 13, &excats=134-40&min_price=200000&max_price=1000000, Florida, Orlando, For Sale-Wanted, Wanted, https://orlando.craigslist.org/wan/d/sorrento-cash-buyer-for-redtail-house/6978593543.html,,2019-10-13,US,2019-11-21
170 acres Madison county ky ??PRICE DROP??, Oct 13, &excats=134-40&min_price=200000&max_price=1000000, Kentucky, Lexington, For Sale-Wanted, Farm and Garden, https://lexington.craigslist.org/grd/d/lancaster-170-acres-madison-county-ky/6993317894.html,,2019-10-13,US,2019-11-21
Raw Local Honey - Algonac, Oct 13, &excats=134-40&min_price=200000&max_price=1000000, Michigan, Port Huron, For Sale-Wanted, Farm and Garden, https://porthuron.craigslist.org/grd/d/algonac-raw-local-honey-algonac/6998516910.html,,2019-10-13,US,2019-11-21
20.5 acres  w/farm house barnbig shop, Oct 13, &excats=134-40&min_price=200000&max_price=1000000, Louisiana, Baton Rouge, For Sale-Wanted, General, https://batonrouge.craigslist.org/for/d/denham-springs-205-acres-farm-house/6979096661.html,,2019-10-13,US,2019-11-21
20.5 acres  w/farm house barnbig shop, Oct 13, &excats=134-40&min_price=200000&max_price=1000000, Louisiana, Baton Rouge, For Sale-Wanted, General, https://batonrouge.craigslist.org/for/d/denham-springs-205-acres-farm-house/6979284030.html,,2019-10-13,US,2019-11-21
Pelican Pointe w/boat house & lift, Oct 13, &excats=134-40&min_price=200000&max_price=1000000, Louisiana, New Orleans, For Sale-Wanted, General, https://neworleans.craigslist.org/for/d/grand-isle-pelican-pointe-boat-house/6998644355.html,,2019-10-13,US,2019-11-21
House for Sale by Owner, Oct 13, &excats=134-40&min_price=200000&max_price=1000000, Oklahoma, Oklahoma City, For Sale-Wanted, General, https://oklahomacity.craigslist.org/for/d/lawton-house-for-sale-by-owner/6998901545.html,,2019-10-13,US,2019-11-21
Looking for Home Depot and Lowe&#39;s cards, Oct 13, &excats=134-40&min_price=200000&max_price=1000000, Oklahoma, Tulsa, For Sale-Wanted, Wanted, https://tulsa.craigslist.org/wan/d/tulsa-looking-for-home-depot-and-lowes/6998635532.html,Want,2019-10-13,US,2019-11-21
House for Sale Vaughans Palisades, Oct 13, &excats=134-40&min_price=200000&max_price=1000000, Alabama, Mobile, For Sale-Wanted, General, https://mobile.craigslist.org/for/d/satsuma-house-for-sale-vaughans/6983539856.html,,2019-10-13,US,2019-11-21
We buy fixer up homes, Oct 13, &excats=134-40&min_price=200000&max_price=1000000, Pennsylvania, Philadelphia, For Sale-Wanted, Wanted, https://philadelphia.craigslist.org/wan/d/philadelphia-we-buy-fixer-up-homes/6978007614.html,,2019-10-13,US,2019-11-21
****Metal wanted****, Oct 13, &excats=134-40&min_price=200000&max_price=1000000, Pennsylvania, Philadelphia, For Sale-Wanted, Wanted, https://philadelphia.craigslist.org/wan/d/metal-wanted/6998526916.html,Want,2019-10-13,US,2019-11-21
Bartering Collectables, Oct 13, &excats=134-40&min_price=200000&max_price=1000000, Missouri, St Louis, For Sale-Wanted, Antique By Owner, https://stlouis.craigslist.org/atq/d/saint-louis-bartering-collectables/6998486749.html,,2019-10-13,US,2019-11-21
gaming pc wanted, Oct 13, &excats=134-40&min_price=200000&max_price=1000000, Illinois, Peoria, For Sale-Wanted, Wanted, https://peoria.craigslist.org/wan/d/gaming-pc-wanted/6998656299.html,Want,2019-10-13,US,2019-11-21
Mystic Powerboats C3800 38&#39;6&quot;outboard performance catamaran, Oct 13, &excats=134-40&min_price=200000&max_price=1000000, New York, Long Island, For Sale-Wanted, Boat Parts, https://longisland.craigslist.org/boa/d/toms-river-mystic-powerboats-c-outboard/6998640266.html,,2019-10-13,US,2019-11-21
Want To Buy Land Near Shellsburg, Oct 12, &excats=134-40&min_price=200000&max_price=1000000, Iowa, Cedar Rapids, For Sale-Wanted, Wanted, https://cedarrapids.craigslist.org/wan/d/shellsburg-want-to-buy-land-near/6997983402.html,Want,2019-10-12,US,2019-11-21
Millions of Graffic Novels, Oct 12, &excats=134-40&min_price=200000&max_price=1000000, Georgia, Atlanta, For Sale-Wanted, Collectibles, https://atlanta.craigslist.org/nat/clt/d/gainesville-millions-of-graffic-novels/6997841828.html,,2019-10-12,US,2019-11-21
American gator red nose pit, Oct 12, &excats=134-40&min_price=200000&max_price=1000000, Vermont, Vermont, For Sale-Wanted, Wanted, https://vermont.craigslist.org/wan/d/bronx-american-gator-red-nose-pit/6998168438.html,,2019-10-12,US,2019-11-21
3BR2BA LAKE MURRAY, Oct 12, &excats=134-40&min_price=200000&max_price=1000000, South Carolina, Columbia, For Sale-Wanted, General, https://columbia.craigslist.org/for/d/saluda-3br2ba-lake-murray/6998325756.html,,2019-10-12,US,2019-11-21
53&#39; Riviera Convertible, Oct 12, &excats=134-40&min_price=200000&max_price=1000000, Florida, Jacksonville, For Sale-Wanted, Boat Parts, https://jacksonville.craigslist.org/boa/d/jacksonville-53-riviera-convertible/6978796222.html,,2019-10-12,US,2019-11-21
2/2 Mobilehome, Oct 12, &excats=134-40&min_price=200000&max_price=1000000, Florida, Orlando, For Sale-Wanted, NA, https://orlando.craigslist.org/tro/d/orlando-2-2-mobilehome/6998375895.html,,2019-10-12,US,2019-11-21
Beautiful 2 story 4/2.5 house**NEW ROOF NEW A/C**, Oct 12, &excats=134-40&min_price=200000&max_price=1000000, Florida, Space Coast, For Sale-Wanted, General, https://spacecoast.craigslist.org/for/d/melbourne-beautiful-2-story-4-25/6998423110.html,,2019-10-12,US,2019-11-21
Home for sale, Oct 12, &excats=134-40&min_price=200000&max_price=1000000, Kentucky, Louisville, For Sale-Wanted, General, https://louisville.craigslist.org/for/d/shelbyville-home-for-sale/6998041857.html,,2019-10-12,US,2019-11-21
16 Acre waterfront property for sale, Oct 12, &excats=134-40&min_price=200000&max_price=1000000, Virginia, Eastern Shore, For Sale-Wanted, General, https://easternshore.craigslist.org/for/d/grasonville-16-acre-waterfront-property/6979086752.html,,2019-10-12,US,2019-11-21
Vermeer hg6000 Horizontal Grinder / Tub Grinder / Mulcher, Oct 12, &excats=134-40&min_price=200000&max_price=1000000, Virginia, Roanoke, For Sale-Wanted, Heavy Equipment, https://roanoke.craigslist.org/hvo/d/roanoke-vermeer-hg6000-horizontal/6998029764.html,,2019-10-12,US,2019-11-21
40 young brothers, Oct 12, &excats=134-40&min_price=200000&max_price=1000000, Maine, Maine, For Sale-Wanted, Boat Parts, https://maine.craigslist.org/boa/d/addison-40-young-brothers/6994826066.html,,2019-10-12,US,2019-11-21
Lobsterboat, Oct 12, &excats=134-40&min_price=200000&max_price=1000000, Maine, Maine, For Sale-Wanted, Boat Parts, https://maine.craigslist.org/boa/d/spruce-head-lobsterboat/6998011460.html,,2019-10-12,US,2019-11-21
Beautiful home located in Perryhall on dead end street, Oct 12, &excats=134-40&min_price=200000&max_price=1000000, Maryland, Baltimore, For Sale-Wanted, General, https://baltimore.craigslist.org/for/d/perry-hall-beautiful-home-located-in/6996289545.html,,2019-10-12,US,2019-11-21
16 Acre waterfront property for sale, Oct 12, &excats=134-40&min_price=200000&max_price=1000000, Maryland, Eastern Shore, For Sale-Wanted, General, https://easternshore.craigslist.org/for/d/grasonville-16-acre-waterfront-property/6979086752.html,,2019-10-12,US,2019-11-21
2013 Jeep Wrangler Sahara 4 door, Oct 12, &excats=134-40&min_price=200000&max_price=1000000, Michigan, Flint, For Sale-Wanted, General, https://flint.craigslist.org/for/d/grand-blanc-2013-jeep-wrangler-sahara-4/6998027654.html,,2019-10-12,US,2019-11-21
Beautiful 3200 sq ft Home, Oct 12, &excats=134-40&min_price=200000&max_price=1000000, Michigan, Grand Rapids, For Sale-Wanted, General, https://grandrapids.craigslist.org/for/d/cedar-springs-beautiful-3200-sq-ft-home/6998180907.html,,2019-10-12,US,2019-11-21
25 acres North Columbus- MT. Vernon, Oct 12, &excats=134-40&min_price=200000&max_price=1000000, Ohio, Columbus, For Sale-Wanted, General, https://dayton.craigslist.org/for/d/mount-vernon-25-acres-north-columbus-mt/6998437442.html,,2019-10-12,US,2019-11-21
1.25 acres Brick Ranch 4 beds 2.5 bath Oakboro NC, Oct 12, &excats=134-40&min_price=200000&max_price=1000000, North Carolina, Charlotte, For Sale-Wanted, General, https://charlotte.craigslist.org/for/d/oakboro-125-acres-brick-ranch-4-beds-25/6997831198.html,,2019-10-12,US,2019-11-21
AP Watch, Oct 12, &excats=134-40&min_price=200000&max_price=1000000, Louisiana, Baton Rouge, For Sale-Wanted, Jewelry, https://batonrouge.craigslist.org/jwl/d/baton-rouge-ap-watch/6998233457.html,,2019-10-12,US,2019-11-21
Home on 4.2 Acre, Oct 12, &excats=134-40&min_price=200000&max_price=1000000, Tennessee, Cookeville, For Sale-Wanted, General, https://cookeville.craigslist.org/for/d/jamestown-home-on-42-acre/6997991997.html,,2019-10-12,US,2019-11-21
****Metal wanted****, Oct 12, &excats=134-40&min_price=200000&max_price=1000000, Pennsylvania, Philadelphia, For Sale-Wanted, Wanted, https://philadelphia.craigslist.org/wan/d/metal-wanted/6997903940.html,Want,2019-10-12,US,2019-11-21
WANTED I5 I7 HIGH END LAPTOPS ANY OTHER COMPUTERS, Oct 12, &excats=134-40&min_price=200000&max_price=1000000, Pennsylvania, Philadelphia, For Sale-Wanted, Computer Parts, https://philadelphia.craigslist.org/sop/d/philadelphia-wanted-i5-i7-high-end/6993094991.html,Want,2019-10-12,US,2019-11-21
RENT-TO-OWN  Shipping Containers, Oct 12, &excats=134-40&min_price=200000&max_price=1000000, Texas, Abilene, For Sale-Wanted, Farm and Garden, https://abilene.craigslist.org/grd/d/abilene-rent-to-own-shipping-containers/6977547577.html,,2019-10-12,US,2019-11-21
RENT-TO-OWN  Shipping Containers, Oct 12, &excats=134-40&min_price=200000&max_price=1000000, Texas, Abilene, For Sale-Wanted, General, https://abilene.craigslist.org/for/d/abilene-rent-to-own-shipping-containers/6977548135.html,,2019-10-12,US,2019-11-21
Rolex, Oct 12, &excats=134-40&min_price=200000&max_price=1000000, Texas, Corpus Christi, For Sale-Wanted, Wanted, https://corpuschristi.craigslist.org/wan/d/corpus-christi-rolex/6998033875.html,,2019-10-12,US,2019-11-21
YARD SALE !!, Oct 12, &excats=134-40&min_price=200000&max_price=1000000, Texas, El Paso, For Sale-Wanted, Clothes, https://elpaso.craigslist.org/clo/d/el-paso-yard-sale/6998013133.html,,2019-10-12,US,2019-11-21
Graffic Novel Comic books, Oct 12, &excats=134-40&min_price=200000&max_price=1000000, Texas, Houston, For Sale-Wanted, Collectibles, https://houston.craigslist.org/clt/d/gainesville-graffic-novel-comic-books/6997981033.html,,2019-10-12,US,2019-11-21
RENT-TO-OWN  Shipping Containers, Oct 12, &excats=134-40&min_price=200000&max_price=1000000, Texas, San Angelo, For Sale-Wanted, Farm and Garden, https://sanangelo.craigslist.org/grd/d/san-angelo-rent-to-own-shipping/6977551498.html,,2019-10-12,US,2019-11-21
RENT-TO-OWN  Shipping Containers, Oct 12, &excats=134-40&min_price=200000&max_price=1000000, Texas, San Angelo, For Sale-Wanted, Heavy Equipment, https://sanangelo.craigslist.org/hvo/d/san-angelo-rent-to-own-shipping/6977552309.html,,2019-10-12,US,2019-11-21
RENT-TO-OWN  Shipping Containers, Oct 12, &excats=134-40&min_price=200000&max_price=1000000, Texas, San Angelo, For Sale-Wanted, General, https://sanangelo.craigslist.org/for/d/san-angelo-rent-to-own-shipping/6977551908.html,,2019-10-12,US,2019-11-21
investment property, Oct 12, &excats=134-40&min_price=200000&max_price=1000000, Missouri, Springfield, For Sale-Wanted, Wanted, https://springfield.craigslist.org/wan/d/jackson-investment-property/6998132972.html,,2019-10-12,US,2019-11-21
Executive Condo, Oct 12, &excats=134-40&min_price=200000&max_price=1000000, Missouri, Springfield, For Sale-Wanted, General, https://springfield.craigslist.org/for/d/branson-executive-condo/6998117533.html,,2019-10-12,US,2019-11-21
I&#39;m looking for a 1970 Oldsmobile 442, Oct 12, &excats=134-40&min_price=200000&max_price=1000000, Missouri, Springfield, For Sale-Wanted, Wanted, https://springfield.craigslist.org/wan/d/brookline-im-looking-for-1970/6977530290.html,Want,2019-10-12,US,2019-11-21
2019 39&#39; Contender FA, Oct 12, &excats=134-40&min_price=200000&max_price=1000000, New York, Long Island, For Sale-Wanted, Boat Parts, https://longisland.craigslist.org/boa/d/wildwood-contender-fa/6997903326.html,,2019-10-12,US,2019-11-21
snowblowers, Oct 12, &excats=134-40&min_price=200000&max_price=1000000, New York, Syracuse, For Sale-Wanted, Farm and Garden, https://syracuse.craigslist.org/grd/d/hamilton-snowblowers/6998342865.html,,2019-10-12,US,2019-11-21
Autographed NASCAR and IndyCar memorabilia, Oct 12, &excats=134-40&min_price=200000&max_price=1000000, California, Redding, For Sale-Wanted, Collectibles, https://redding.craigslist.org/clt/d/anderson-autographed-nascar-and-indycar/6998400693.html,,2019-10-12,US,2019-11-21
Home: Farm House Garage Barn and More, Oct 11, &excats=134-40&min_price=200000&max_price=1000000, Georgia, Atlanta, For Sale-Wanted, Farm and Garden, https://atlanta.craigslist.org/sat/grd/d/griffin-home-farm-house-garage-barn-and/6997342030.html,,2019-10-11,US,2019-11-21
2019 Cat 325FLCR Zero-Turn Excavator, Oct 11, &excats=134-40&min_price=200000&max_price=1000000, Vermont, Vermont, For Sale-Wanted, Heavy Equipment, https://vermont.craigslist.org/hvo/d/barre-2019-cat-325flcr-zero-turn/6980633686.html,,2019-10-11,US,2019-11-21
Buying vintage Rolex and high-end watches, Oct 11, &excats=134-40&min_price=200000&max_price=1000000, Florida, Orlando, For Sale-Wanted, Jewelry, https://orlando.craigslist.org/jwl/d/kissimmee-buying-vintage-rolex-and-high/6997724623.html,,2019-10-11,US,2019-11-21
Trade Bay Front Lot for Boat, Oct 11, &excats=134-40&min_price=200000&max_price=1000000, Florida, Panama City, For Sale-Wanted, Boat Parts, https://panamacity.craigslist.org/boa/d/lynn-haven-trade-bay-front-lot-for-boat/6997177354.html,,2019-10-11,US,2019-11-21
2008 LINK-BELT HTC-8690II, Oct 11, &excats=134-40&min_price=200000&max_price=1000000, Colorado, Denver, For Sale-Wanted, Heavy Equipment, https://denver.craigslist.org/hvo/d/reno-2008-link-belt-htc-8690ii/6997713156.html,,2019-10-11,US,2019-11-21
Ponsse Bear Processor, Oct 11, &excats=134-40&min_price=200000&max_price=1000000, Kentucky, Louisville, For Sale-Wanted, Heavy Equipment, https://louisville.craigslist.org/hvo/d/sellersburg-ponsse-bear-processor/6997400061.html,,2019-10-11,US,2019-11-21
Sustainable Woodfired Maple farm, Oct 11, &excats=134-40&min_price=200000&max_price=1000000, Maine, Maine, For Sale-Wanted, Farm and Garden, https://maine.craigslist.org/grd/d/worthington-sustainable-woodfired-maple/6982751272.html,,2019-10-11,US,2019-11-21
House Pistachio/Pine Trees RV income, Oct 11, &excats=134-40&min_price=200000&max_price=1000000, New Mexico, Las Cruces, For Sale-Wanted, General, https://lascruces.craigslist.org/for/d/tularosa-house-pistachio-pine-trees-rv/6997693592.html,,2019-10-11,US,2019-11-21
Home for sale, Oct 11, &excats=134-40&min_price=200000&max_price=1000000, Michigan, Ann Arbor, For Sale-Wanted, General, https://annarbor.craigslist.org/for/d/new-hudson-home-for-sale/6997541892.html,,2019-10-11,US,2019-11-21
LICKING COUNTY LAND, Oct 11, &excats=134-40&min_price=200000&max_price=1000000, Ohio, Columbus, For Sale-Wanted, General, https://columbus.craigslist.org/for/d/pataskala-licking-county-land/6997437035.html,,2019-10-11,US,2019-11-21
2004 Sundowner, Oct 11, &excats=134-40&min_price=200000&max_price=1000000, Kansas, Topeka, For Sale-Wanted, Farm and Garden, https://topeka.craigslist.org/grd/d/berryton-2004-sundowner/6997543768.html,,2019-10-11,US,2019-11-21
Prime Hunting Land, Oct 11, &excats=134-40&min_price=200000&max_price=1000000, Tennessee, Clarksville, For Sale-Wanted, Farm and Garden, https://clarksville.craigslist.org/grd/d/puryear-prime-hunting-land/6997739220.html,,2019-10-11,US,2019-11-21
Farm Land, Oct 11, &excats=134-40&min_price=200000&max_price=1000000, Pennsylvania, Harrisburg, For Sale-Wanted, General, https://harrisburg.craigslist.org/for/d/mechanicsburg-farm-land/6997759049.html,,2019-10-11,US,2019-11-21
I Buy Old Pocket Watches - Not Working Ones Too, Oct 11, &excats=134-40&min_price=200000&max_price=1000000, Pennsylvania, Philadelphia, For Sale-Wanted, Wanted, https://philadelphia.craigslist.org/wan/d/feasterville-trevose-buy-old-pocket/6997487946.html,,2019-10-11,US,2019-11-21
****Metal wanted****, Oct 11, &excats=134-40&min_price=200000&max_price=1000000, Pennsylvania, Philadelphia, For Sale-Wanted, Wanted, https://philadelphia.craigslist.org/wan/d/metal-wanted/6997187632.html,Want,2019-10-11,US,2019-11-21
1410 Indiana street for sale, Oct 11, &excats=134-40&min_price=200000&max_price=1000000, Texas, Houston, For Sale-Wanted, General, https://houston.craigslist.org/for/d/houston-1410-indiana-street-for-sale/6997533631.html,,2019-10-11,US,2019-11-21
1981 Swiftship Crewboat Passenger, Oct 11, &excats=134-40&min_price=200000&max_price=1000000, Texas, Houston, For Sale-Wanted, Boat Parts, https://houston.craigslist.org/boa/d/chandler-1981-swiftship-crewboat/6977378444.html,,2019-10-11,US,2019-11-21
2004 Sundowner, Oct 11, &excats=134-40&min_price=200000&max_price=1000000, Missouri, Kansas City, For Sale-Wanted, NA, https://kansascity.craigslist.org/tro/d/berryton-2004-sundowner/6997540030.html,,2019-10-11,US,2019-11-21
2008 LINK-BELT HTC-8690II, Oct 11, &excats=134-40&min_price=200000&max_price=1000000, Oregon, Eugene, For Sale-Wanted, Heavy Equipment, https://eugene.craigslist.org/hvo/d/reno-2008-link-belt-htc-8690ii/6997714392.html,,2019-10-11,US,2019-11-21
Conker&#39;s bad fur day drunk squirrel game rare game, Oct 11, &excats=134-40&min_price=200000&max_price=1000000, Oregon, Eugene, For Sale-Wanted, Video Gaming, https://eugene.craigslist.org/vgm/d/eugene-conkers-bad-fur-day-drunk/6997405736.html,,2019-10-11,US,2019-11-21
Buying excavator  dozers  log loaders any type of heavy equipment, Oct 11, &excats=134-40&min_price=200000&max_price=1000000, Oregon, Oregon Coast, For Sale-Wanted, Wanted, https://oregoncoast.craigslist.org/wan/d/gleneden-beach-buying-excavator-dozers/6976591248.html,,2019-10-11,US,2019-11-21
Looking For a House with a Home Shop, Oct 11, &excats=134-40&min_price=200000&max_price=1000000, New York, Hudson Valley, For Sale-Wanted, Auto Parts by Owner, https://hudsonvalley.craigslist.org/pts/d/lagrangeville-looking-for-house-with/6978398449.html,Want,2019-10-11,US,2019-11-21
Private funding needed, Oct 11, &excats=134-40&min_price=200000&max_price=1000000, New Jersey, South Jersey, For Sale-Wanted, Wanted, https://southjersey.craigslist.org/wan/d/west-creek-private-funding-needed/6997469908.html,Want,2019-10-11,US,2019-11-21
HOUSEHOLD ITEMS, Oct 11, &excats=134-40&min_price=200000&max_price=1000000, New Jersey, South Jersey, For Sale-Wanted, Appliance by Owner, https://southjersey.craigslist.org/app/d/quinton-household-items/6997150137.html,,2019-10-11,US,2019-11-21
wtb 235 70 r 16, Oct 11, &excats=134-40&min_price=200000&max_price=1000000, Wisconsin, La Crosse, For Sale-Wanted, NA, https://lacrosse.craigslist.org/wto/d/west-salem-wtb/6989180487.html,,2019-10-11,US,2019-11-21
Used hockey equipment, Oct 11, &excats=134-40&min_price=200000&max_price=1000000, Wisconsin, La Crosse, For Sale-Wanted, Sporting Goods, https://lacrosse.craigslist.org/spo/d/onalaska-used-hockey-equipment/6997542920.html,,2019-10-11,US,2019-11-21
Looking to buy FLAVORED JUUL PODS, Oct 10, &excats=134-40&min_price=200000&max_price=1000000, Washington, Bellingham, For Sale-Wanted, Wanted, https://bellingham.craigslist.org/wan/d/bellingham-looking-to-buy-flavored-juul/6997118115.html,Want,2019-10-10,US,2019-11-21
4 Unit Apartment Building, Oct 10, &excats=134-40&min_price=200000&max_price=1000000, Vermont, Vermont, For Sale-Wanted, General, https://vermont.craigslist.org/for/d/4-unit-apartment-building/6996706156.html,,2019-10-10,US,2019-11-21
Land/ Affordable Commercial lot on Enterprise Drive Helena, Oct 10, &excats=134-40&min_price=200000&max_price=1000000, Montana, Helena, For Sale-Wanted, General, https://helena.craigslist.org/for/d/fort-harrison-land-affordable/6997089141.html,,2019-10-10,US,2019-11-21
(AP) - Ford says the Justice Department has opened a criminal investig, Oct 10, &excats=134-40&min_price=200000&max_price=1000000, Nevada, Las Vegas, For Sale-Wanted, Cell Phones, https://lasvegas.craigslist.org/mob/d/las-vegas-ap-ford-says-the-justice/6977614174.html,,2019-10-10,US,2019-11-21
Por ejemplo si un cubo de agua gira a - $7363847 (Por ejemplo si un, Oct 10, &excats=134-40&min_price=200000&max_price=1000000, Nevada, Las Vegas, For Sale-Wanted, Cell Phones, https://lasvegas.craigslist.org/mob/d/las-vegas-por-ejemplo-si-un-cubo-de/6977612648.html,,2019-10-10,US,2019-11-21
quality chocolate as it is the main - $792634 (quality chocolate as it, Oct 10, &excats=134-40&min_price=200000&max_price=1000000, Nevada, Las Vegas, For Sale-Wanted, Cell Phones, https://lasvegas.craigslist.org/mob/d/las-vegas-quality-chocolate-as-it-is/6977611489.html,,2019-10-10,US,2019-11-21
3 bed rm 2 bath house for sale, Oct 10, &excats=134-40&min_price=200000&max_price=1000000, Nevada, Las Vegas, For Sale-Wanted, General, https://lasvegas.craigslist.org/for/d/las-vegas-3-bed-rm-2-bath-house-for-sale/6997026109.html,,2019-10-10,US,2019-11-21
New 2019 home move In ready by owner, Oct 10, &excats=134-40&min_price=200000&max_price=1000000, Florida, Space Coast, For Sale-Wanted, General, https://spacecoast.craigslist.org/for/d/palm-bay-new-2019-home-move-in-ready-by/6996409587.html,,2019-10-10,US,2019-11-21
2 BEDROOM HOME 2 CAR GARAGE & COMMERCIAL BUILDING FOR SALE, Oct 10, &excats=134-40&min_price=200000&max_price=1000000, Colorado, Denver, For Sale-Wanted, General, https://denver.craigslist.org/for/d/alamosa-2-bedroom-home-2-car-garage/6996714446.html,,2019-10-10,US,2019-11-21
2 BEDROOM HOME 2 CAR GARAGE & COMMERCIAL BUILDING FOR SALE, Oct 10, &excats=134-40&min_price=200000&max_price=1000000, Colorado, Denver, For Sale-Wanted, General, https://denver.craigslist.org/for/d/alamosa-2-bedroom-home-2-car-garage/6996715151.html,,2019-10-10,US,2019-11-21
Keeneland Need Lexington Phoenix or other table Oct 18 for 6-8 ppl, Oct 10, &excats=134-40&min_price=200000&max_price=1000000, Kentucky, Lexington, For Sale-Wanted, Tickets, https://lexington.craigslist.org/tix/d/lexington-keeneland-need-lexington/6996595428.html,Want,2019-10-10,US,2019-11-21
CUSTOM WATERFRONT HOME IN EASTERN NC, Oct 10, &excats=134-40&min_price=200000&max_price=1000000, Virginia, Eastern Shore, For Sale-Wanted, General, https://easternshore.craigslist.org/for/d/belhaven-custom-waterfront-home-in/6996810676.html,,2019-10-10,US,2019-11-21
Chaparral Boat Cruiser for sale, Oct 10, &excats=134-40&min_price=200000&max_price=1000000, Maryland, Annapolis, For Sale-Wanted, Boat Parts, https://annapolis.craigslist.org/boa/d/severna-park-chaparral-boat-cruiser-for/6996953797.html,,2019-10-10,US,2019-11-21
CUSTOM WATERFRONT HOME IN EASTERN NC, Oct 10, &excats=134-40&min_price=200000&max_price=1000000, Maryland, Eastern Shore, For Sale-Wanted, General, https://easternshore.craigslist.org/for/d/belhaven-custom-waterfront-home-in/6996810676.html,,2019-10-10,US,2019-11-21
J jhckhcjciy, Oct 10, &excats=134-40&min_price=200000&max_price=1000000, Ohio, Sandusky, For Sale-Wanted, Art by Owner, https://sandusky.craigslist.org/art/d/sandusky-jhckhcjciy/6997017661.html,,2019-10-10,US,2019-11-21
2015 Tracker Targa V-18 combo, Oct 10, &excats=134-40&min_price=200000&max_price=1000000, Tennessee, Nashville, For Sale-Wanted, Boat Parts, https://nashville.craigslist.org/boa/d/chapel-hill-2015-tracker-targa-18-combo/6996963675.html,,2019-10-10,US,2019-11-21
****Metal wanted****, Oct 10, &excats=134-40&min_price=200000&max_price=1000000, Pennsylvania, Philadelphia, For Sale-Wanted, Wanted, https://philadelphia.craigslist.org/wan/d/metal-wanted/6996480767.html,Want,2019-10-10,US,2019-11-21
in search of, Oct 10, &excats=134-40&min_price=200000&max_price=1000000, Pennsylvania, Pittsburgh, For Sale-Wanted, Wanted, https://pittsburgh.craigslist.org/wan/d/irwin-in-search-of/6995521381.html,,2019-10-10,US,2019-11-21
8.8 Acres Land For Sale, Oct 10, &excats=134-40&min_price=200000&max_price=1000000, Texas, Austin, For Sale-Wanted, General, https://austin.craigslist.org/for/d/dripping-springs-88-acres-land-for-sale/6996475628.html,,2019-10-10,US,2019-11-21
2020 World Cat 320 Center Console, Oct 10, &excats=134-40&min_price=200000&max_price=1000000, Texas, Houston, For Sale-Wanted, Boat Parts, https://houston.craigslist.org/boa/d/houston-2020-world-cat-320-center/6977278187.html,,2019-10-10,US,2019-11-21
Awesome Florist Shop with Greenhouse, Oct 10, &excats=134-40&min_price=200000&max_price=1000000, Connecticut, Hartford, For Sale-Wanted, Farm and Garden, https://hartford.craigslist.org/grd/d/wolcott-awesome-florist-shop-with/6977576224.html,,2019-10-10,US,2019-11-21
Awesome Florist Shop with Greenhouse, Oct 10, &excats=134-40&min_price=200000&max_price=1000000, Connecticut, Hartford, For Sale-Wanted, Farm and Garden, https://hartford.craigslist.org/grd/d/wolcott-awesome-florist-shop-with/6977575722.html,,2019-10-10,US,2019-11-21
Looking for small company to buy, Oct 10, &excats=134-40&min_price=200000&max_price=1000000, Missouri, St Louis, For Sale-Wanted, Wanted, https://stlouis.craigslist.org/wan/d/saint-louis-looking-for-small-company/6996664617.html,Want,2019-10-10,US,2019-11-21
2017 Kenworth and Rosa trailer, Oct 10, &excats=134-40&min_price=200000&max_price=1000000, New York, Buffalo, For Sale-Wanted, Heavy Equipment, https://buffalo.craigslist.org/hvo/d/olean-2017-kenworth-and-rosa-trailer/6987368503.html,,2019-10-10,US,2019-11-21
1025 N Forest Rd, Oct 10, &excats=134-40&min_price=200000&max_price=1000000, New York, Buffalo, For Sale-Wanted, General, https://buffalo.craigslist.org/for/d/buffalo-1025-forest-rd/6996556228.html,,2019-10-10,US,2019-11-21
Perfect investment opportunity, Oct 10, &excats=134-40&min_price=200000&max_price=1000000, New York, Long Island, For Sale-Wanted, General, https://longisland.craigslist.org/for/d/saco-perfect-investment-opportunity/6977626258.html,,2019-10-10,US,2019-11-21
FIRE SALE! Income Producing Duplex in North Plainfield, Oct 10, &excats=134-40&min_price=200000&max_price=1000000, New Jersey, Jersey Shore, For Sale-Wanted, General, https://jerseyshore.craigslist.org/for/d/plainfield-fire-sale-income-producing/6996911143.html,,2019-10-10,US,2019-11-21
FIRE SALE! Income Producing Duplex in North Plainfield, Oct 10, &excats=134-40&min_price=200000&max_price=1000000, New Jersey, South Jersey, For Sale-Wanted, General, https://southjersey.craigslist.org/for/d/plainfield-fire-sale-income-producing/6996909758.html,,2019-10-10,US,2019-11-21
Farmette, Oct 10, &excats=134-40&min_price=200000&max_price=1000000, Wisconsin, Eau Claire, For Sale-Wanted, Farm and Garden, https://eauclaire.craigslist.org/grd/d/wild-rose-farmette/6979278646.html,,2019-10-10,US,2019-11-21
Two Sisters Lake Lot - Oneida County, Oct 10, &excats=134-40&min_price=200000&max_price=1000000, Wisconsin, Madison, For Sale-Wanted, General, https://madison.craigslist.org/for/d/lake-tomahawk-two-sisters-lake-lot/6997093669.html,,2019-10-10,US,2019-11-21
House for sale, Oct 10, &excats=134-40&min_price=200000&max_price=1000000, Wisconsin, Madison, For Sale-Wanted, General, https://madison.craigslist.org/for/d/merrimac-house-for-sale/6996846801.html,,2019-10-10,US,2019-11-21
House for sale, Oct 10, &excats=134-40&min_price=200000&max_price=1000000, Wisconsin, Madison, For Sale-Wanted, Household, https://madison.craigslist.org/hsh/d/mount-horeb-house-for-sale/6994064855.html,,2019-10-10,US,2019-11-21
Farmette, Oct 10, &excats=134-40&min_price=200000&max_price=1000000, Wisconsin, Milwaukee, For Sale-Wanted, Farm and Garden, https://milwaukee.craigslist.org/grd/d/wild-rose-farmette/6976677254.html,,2019-10-10,US,2019-11-21
For Sale By Owner: Eagle River Chain, Oct 10, &excats=134-40&min_price=200000&max_price=1000000, Wisconsin, Northern Wi, For Sale-Wanted, General, https://northernwi.craigslist.org/for/d/eagle-river-for-sale-by-owner-eagle/6996598476.html,,2019-10-10,US,2019-11-21
Oak Hills Home For Sale, Oct 10, &excats=134-40&min_price=200000&max_price=1000000, California, Inland Empire, For Sale-Wanted, General, https://inlandempire.craigslist.org/for/d/fontana-oak-hills-home-for-sale/6996870354.html,,2019-10-10,US,2019-11-21
Forklift Buyers $$ Cash $ Trucks  heavy equipment buyer, Oct 10, &excats=134-40&min_price=200000&max_price=1000000, California, Orange County, For Sale-Wanted, Wanted, https://orangecounty.craigslist.org/wan/d/anaheim-forklift-buyers-cash-trucks/6976353600.html,,2019-10-10,US,2019-11-21
2019 Brand New CELA DT30/DT-100 Self Propelled Tracked Boom, Oct 09, &excats=134-40&min_price=200000&max_price=1000000, Iowa, Cedar Rapids, For Sale-Wanted, Heavy Equipment, https://cedarrapids.craigslist.org/hvo/d/cedar-rapids-2019-brand-new-cela-dt30/6995878574.html,,2019-10-09,US,2019-11-21
Very unique house and real estate, Oct 09, &excats=134-40&min_price=200000&max_price=1000000, Vermont, Vermont, For Sale-Wanted, General, https://vermont.craigslist.org/for/d/very-unique-house-and-real-estate/6996391523.html,,2019-10-09,US,2019-11-21
Solar Log Home Package, Oct 09, &excats=134-40&min_price=200000&max_price=1000000, Montana, Bozeman, For Sale-Wanted, Materials, https://bozeman.craigslist.org/mat/d/wake-forest-solar-log-home-package/6996332889.html,,2019-10-09,US,2019-11-21
Ibanz base guitar, Oct 09, &excats=134-40&min_price=200000&max_price=1000000, Massachusetts, South Coast, For Sale-Wanted, Musical Instruments, https://southcoast.craigslist.org/msg/d/new-bedford-ibanz-base-guitar/6995889572.html,,2019-10-09,US,2019-11-21
3 Bedroom 3 Bath Home, Oct 09, &excats=134-40&min_price=200000&max_price=1000000, Arizona, Phoenix, For Sale-Wanted, General, https://phoenix.craigslist.org/nph/for/d/phoenix-3-bedroom-3-bath-home/6995899294.html,,2019-10-09,US,2019-11-21
2179 Sq Ft Home, Oct 09, &excats=134-40&min_price=200000&max_price=1000000, Arizona, Prescott, For Sale-Wanted, General, https://prescott.craigslist.org/for/d/prescott-2179-sq-ft-home/6980971456.html,,2019-10-09,US,2019-11-21
NEW#T0p[-=`Phone Kinbe[X] Seven (7) PARTS PluS%TT, Oct 09, &excats=134-40&min_price=200000&max_price=1000000, Nevada, Las Vegas, For Sale-Wanted, Cell Phones, https://lasvegas.craigslist.org/mob/d/las-vegas-newt0p-phone-kinbex-seven-7/6975819075.html,,2019-10-09,US,2019-11-21
Looking for Home to Lease then Buy, Oct 09, &excats=134-40&min_price=200000&max_price=1000000, Nevada, Las Vegas, For Sale-Wanted, Wanted, https://lasvegas.craigslist.org/wan/d/henderson-looking-for-home-to-lease/6996240675.html,Want,2019-10-09,US,2019-11-21
1.67 acres  zoned for commercial use, Oct 09, &excats=134-40&min_price=200000&max_price=1000000, Florida, Jacksonville, For Sale-Wanted, General, https://jacksonville.craigslist.org/for/d/167-acres-zoned-for-commercial-use/6995955483.html,,2019-10-09,US,2019-11-21
want to buy halloween props decorations electronics no dealers please, Oct 09, &excats=134-40&min_price=200000&max_price=1000000, Virginia, Richmond, For Sale-Wanted, General, https://richmond.craigslist.org/for/d/richmond-want-to-buy-halloween-props/6975982410.html,Want,2019-10-09,US,2019-11-21
2018 Regulator 31, Oct 09, &excats=134-40&min_price=200000&max_price=1000000, Ohio, Cleveland, For Sale-Wanted, Boat Parts, https://cleveland.craigslist.org/boa/d/port-clinton-2018-regulator-31/6996025798.html,,2019-10-09,US,2019-11-21
2018 Regulator 31, Oct 09, &excats=134-40&min_price=200000&max_price=1000000, Ohio, Sandusky, For Sale-Wanted, Boat Parts, https://sandusky.craigslist.org/boa/d/port-clinton-2018-regulator-31/6996021010.html,,2019-10-09,US,2019-11-21
2018 Regulator 31, Oct 09, &excats=134-40&min_price=200000&max_price=1000000, Ohio, Toledo, For Sale-Wanted, Boat Parts, https://toledo.craigslist.org/boa/d/port-clinton-2018-regulator-31/6996015664.html,,2019-10-09,US,2019-11-21
Home for Sale Great location in Oakley, Oct 09, &excats=134-40&min_price=200000&max_price=1000000, North Carolina, Asheville, For Sale-Wanted, General, https://asheville.craigslist.org/for/d/asheville-home-for-sale-great-location/6996163381.html,,2019-10-09,US,2019-11-21
Office Barn Doors, Oct 09, &excats=134-40&min_price=200000&max_price=1000000, North Carolina, Charlotte, For Sale-Wanted, Materials, https://charlotte.craigslist.org/mat/d/waxhaw-office-barn-doors/6996052637.html,,2019-10-09,US,2019-11-21
Carriage Doors, Oct 09, &excats=134-40&min_price=200000&max_price=1000000, North Carolina, Charlotte, For Sale-Wanted, Materials, https://charlotte.craigslist.org/mat/d/waxhaw-carriage-doors/6986616863.html,,2019-10-09,US,2019-11-21
House in Covington La for sale by owner, Oct 09, &excats=134-40&min_price=200000&max_price=1000000, Louisiana, New Orleans, For Sale-Wanted, General, https://neworleans.craigslist.org/for/d/covington-house-in-covington-la-for/6996187947.html,,2019-10-09,US,2019-11-21
ISO Investor, Oct 09, &excats=134-40&min_price=200000&max_price=1000000, Utah, St George, For Sale-Wanted, Wanted, https://stgeorge.craigslist.org/wan/d/cedar-city-iso-investor/6995903556.html,,2019-10-09,US,2019-11-21
Lake Front 5 acres, Oct 09, &excats=134-40&min_price=200000&max_price=1000000, Oklahoma, Oklahoma City, For Sale-Wanted, General, https://oklahomacity.craigslist.org/for/d/oklahoma-city-lake-front-5-acres/6996330240.html,,2019-10-09,US,2019-11-21
house on 6 acres, Oct 09, &excats=134-40&min_price=200000&max_price=1000000, Oklahoma, Tulsa, For Sale-Wanted, General, https://tulsa.craigslist.org/for/d/claremore-house-on-6-acres/6995982600.html,,2019-10-09,US,2019-11-21
2016 Western Star 4700SF & 40 Dumpsters, Oct 09, &excats=134-40&min_price=200000&max_price=1000000, Alabama, Tuscaloosa, For Sale-Wanted, Heavy Equipment, https://tuscaloosa.craigslist.org/hvo/d/millport-2016-western-star-4700sf-40/6995975537.html,,2019-10-09,US,2019-11-21
House for sale, Oct 09, &excats=134-40&min_price=200000&max_price=1000000, Pennsylvania, Harrisburg, For Sale-Wanted, General, https://harrisburg.craigslist.org/for/d/palmyra-house-for-sale/6995789249.html,,2019-10-09,US,2019-11-21
Cbd hemp farm with permits, Oct 09, &excats=134-40&min_price=200000&max_price=1000000, Pennsylvania, Philadelphia, For Sale-Wanted, Farm and Garden, https://philadelphia.craigslist.org/grd/d/westford-cbd-hemp-farm-with-permits/6988606438.html,,2019-10-09,US,2019-11-21
****Metal wanted****, Oct 09, &excats=134-40&min_price=200000&max_price=1000000, Pennsylvania, Philadelphia, For Sale-Wanted, Wanted, https://philadelphia.craigslist.org/wan/d/metal-wanted/6995749866.html,Want,2019-10-09,US,2019-11-21
Looking for barns & plank houses to deconstruct and recycle / reclaim, Oct 09, &excats=134-40&min_price=200000&max_price=1000000, Pennsylvania, Pittsburgh, For Sale-Wanted, Materials, https://pittsburgh.craigslist.org/mat/d/brookville-looking-for-barns-plank/6976107250.html,Want,2019-10-09,US,2019-11-21
2 3 Blade Multi-Wing fan blades, Oct 09, &excats=134-40&min_price=200000&max_price=1000000, Texas, Houston, For Sale-Wanted, General, https://houston.craigslist.org/for/d/houston-2-3-blade-multi-wing-fan-blades/6996133465.html,,2019-10-09,US,2019-11-21
WEG W22 20HP electric motor, Oct 09, &excats=134-40&min_price=200000&max_price=1000000, Texas, Houston, For Sale-Wanted, Antique By Owner, https://houston.craigslist.org/atq/d/houston-weg-w22-20hp-electric-motor/6996128067.html,,2019-10-09,US,2019-11-21
2013 170K Stand-alone Rig Assist Snubbing Unit, Oct 09, &excats=134-40&min_price=200000&max_price=1000000, Texas, Houston, For Sale-Wanted, Heavy Equipment, https://houston.craigslist.org/hvo/d/waller-k-stand-alone-rig-assist/6976570391.html,,2019-10-09,US,2019-11-21
BUYING VEHICLES ANY CONDITION!!, Oct 09, &excats=134-40&min_price=200000&max_price=1000000, Texas, Lubbock, For Sale-Wanted, Wanted, https://lubbock.craigslist.org/wan/d/lubbock-buying-vehicles-any-condition/6986882792.html,,2019-10-09,US,2019-11-21
6 Unit Brick Building For Sale by Owner (Investors Welcome), Oct 09, &excats=134-40&min_price=200000&max_price=1000000, Connecticut, Hartford, For Sale-Wanted, General, https://hartford.craigslist.org/for/d/new-britain-6-unit-brick-building-for/6996068898.html,,2019-10-09,US,2019-11-21
Waterfront Acreage Lake of the Ozarks (7 ACRES) Owner Financing Avail, Oct 09, &excats=134-40&min_price=200000&max_price=1000000, Missouri, Kansas City, For Sale-Wanted, General, https://kansascity.craigslist.org/for/d/sunrise-beach-waterfront-acreage-lake/6979149071.html,,2019-10-09,US,2019-11-21
Waterfront Acreage Lake of the Ozarks (7 ACRES) Owner Financing Avail, Oct 09, &excats=134-40&min_price=200000&max_price=1000000, Missouri, Kansas City, For Sale-Wanted, General, https://kansascity.craigslist.org/for/d/sunrise-beach-waterfront-acreage-lake/6983408543.html,,2019-10-09,US,2019-11-21
2 WALK IN FREEZER DOORS, Oct 09, &excats=134-40&min_price=200000&max_price=1000000, Missouri, Springfield, For Sale-Wanted, General, https://springfield.craigslist.org/for/d/harrison-2-walk-in-freezer-doors/6996349261.html,,2019-10-09,US,2019-11-21
66 acres Silex Lincoln county Mo Woodland 2 sides of Cuiver River mig, Oct 09, &excats=134-40&min_price=200000&max_price=1000000, Missouri, St Louis, For Sale-Wanted, General, https://stlouis.craigslist.org/for/d/wentzville-66-acres-silex-lincoln/6996134927.html,,2019-10-09,US,2019-11-21
LAND 7 ACRES - WATERFRONT LAKE OF THE OZARKS - (Sunrise Beach MO), Oct 09, &excats=134-40&min_price=200000&max_price=1000000, Missouri, St Louis, For Sale-Wanted, General, https://stlouis.craigslist.org/for/d/sunrise-beach-land-7-acres-waterfront/6979149607.html,,2019-10-09,US,2019-11-21
140 Acres Private Acres South of St. Louis, Oct 09, &excats=134-40&min_price=200000&max_price=1000000, Missouri, St Louis, For Sale-Wanted, General, https://stlouis.craigslist.org/for/d/blackwell-140-acres-private-acres-south/6979149300.html,,2019-10-09,US,2019-11-21
LAND 7 ACRES - WATERFRONT LAKE OF THE OZARKS - (Sunrise Beach MO), Oct 09, &excats=134-40&min_price=200000&max_price=1000000, Missouri, St Louis, For Sale-Wanted, General, https://stlouis.craigslist.org/for/d/sunrise-beach-land-7-acres-waterfront/6983409346.html,,2019-10-09,US,2019-11-21
140 Acres Private Acres South of St. Louis, Oct 09, &excats=134-40&min_price=200000&max_price=1000000, Missouri, St Louis, For Sale-Wanted, General, https://stlouis.craigslist.org/for/d/blackwell-140-acres-private-acres-south/6983408987.html,,2019-10-09,US,2019-11-21
Two Sisters Lake Lot - Oneida County, Oct 09, &excats=134-40&min_price=200000&max_price=1000000, Wisconsin, Madison, For Sale-Wanted, General, https://madison.craigslist.org/for/d/lake-tomahawk-two-sisters-lake-lot/6996254005.html,,2019-10-09,US,2019-11-21
Hunting Land For Sale, Oct 09, &excats=134-40&min_price=200000&max_price=1000000, Wisconsin, Milwaukee, For Sale-Wanted, General, https://milwaukee.craigslist.org/for/d/dale-hunting-land-for-sale/6996367292.html,,2019-10-09,US,2019-11-21
A Ranch with 35 acer land, Oct 09, &excats=134-40&min_price=200000&max_price=1000000, California, Merced, For Sale-Wanted, Farm and Garden, https://merced.craigslist.org/grd/d/tracy-ranch-with-35-acer-land/6976777782.html,,2019-10-09,US,2019-11-21
A Ranch with 35 acre land, Oct 09, &excats=134-40&min_price=200000&max_price=1000000, California, Modesto, For Sale-Wanted, Farm and Garden, https://modesto.craigslist.org/grd/d/tracy-ranch-with-35-acre-land/6976804725.html,,2019-10-09,US,2019-11-21
GILT MIRRORS, Oct 09, &excats=134-40&min_price=200000&max_price=1000000, California, Orange County, For Sale-Wanted, Collectibles, https://orangecounty.craigslist.org/clt/d/gilt-mirrors/6975958726.html,,2019-10-09,US,2019-11-21
Commercial Squid Bait Boat with Nets for a Bait Boat sardines and Anvo, Oct 09, &excats=134-40&min_price=200000&max_price=1000000, California, Santa Barbara, For Sale-Wanted, Boat Parts, https://santabarbara.craigslist.org/boa/d/san-pedro-commercial-squid-bait-boat/6996172658.html,,2019-10-09,US,2019-11-21
A Ranch with 35 acre land, Oct 09, &excats=134-40&min_price=200000&max_price=1000000, California, Stockton, For Sale-Wanted, Farm and Garden, https://stockton.craigslist.org/grd/d/tracy-ranch-with-35-acre-land/6976804865.html,,2019-10-09,US,2019-11-21
Carboys, Oct 08, &excats=134-40&min_price=200000&max_price=1000000, Washington, Wenatchee, For Sale-Wanted, General, https://wenatchee.craigslist.org/for/d/entiat-carboys/6995060292.html,,2019-10-08,US,2019-11-21
Carboy, Oct 08, &excats=134-40&min_price=200000&max_price=1000000, Washington, Wenatchee, For Sale-Wanted, General, https://wenatchee.craigslist.org/for/d/entiat-carboy/6978174419.html,,2019-10-08,US,2019-11-21
I BUY WDCC DISNEY SNOWGLOBES DISNEY FIGURINES HARMONY KINGDOM ETC, Oct 08, &excats=134-40&min_price=200000&max_price=1000000, Georgia, Atlanta, For Sale-Wanted, Collectibles, https://atlanta.craigslist.org/nat/clt/d/cumming-buy-wdcc-disney-snowglobes/6995416137.html,,2019-10-08,US,2019-11-21
62 acres with steel building on i26 bowman, Oct 08, &excats=134-40&min_price=200000&max_price=1000000, South Carolina, Charleston, For Sale-Wanted, Farm and Garden, https://charleston.craigslist.org/grd/d/bowman-62-acres-with-steel-building-on/6991454258.html,,2019-10-08,US,2019-11-21
House For Sale 3bd/1.75bath - FSBO, Oct 08, &excats=134-40&min_price=200000&max_price=1000000, Arizona, Phoenix, For Sale-Wanted, General, https://phoenix.craigslist.org/cph/for/d/tempe-house-for-sale-3bd-175bath-fsbo/6995571869.html,,2019-10-08,US,2019-11-21
Unwanted Cars, Oct 08, &excats=134-40&min_price=200000&max_price=1000000, Arizona, Phoenix, For Sale-Wanted, Wanted, https://phoenix.craigslist.org/wvl/wan/d/glendale-unwanted-cars/6993319207.html,Want,2019-10-08,US,2019-11-21
$200/300/400 GRANITE SLABS FOR COUNTERTOPS/DRIVE A LITTLE SAVE ALOT!!!, Oct 08, &excats=134-40&min_price=200000&max_price=1000000, Arizona, Prescott, For Sale-Wanted, Household, https://prescott.craigslist.org/hsh/d/granite-slabs-for-countertops-drive/6985652688.html,,2019-10-08,US,2019-11-21
$200/300/400 GRANITE SLABS FOR COUNTERTOPS/DRIVE A LITTLE SAVE ALOT!!!, Oct 08, &excats=134-40&min_price=200000&max_price=1000000, Nevada, Elko, For Sale-Wanted, Household, https://elko.craigslist.org/hsh/d/granite-slabs-for-countertops-drive/6985653791.html,,2019-10-08,US,2019-11-21
$200/300/400 GRANITE SLABS FOR COUNTERTOPS/PICS ON FACEBOOK/100COLORS, Oct 08, &excats=134-40&min_price=200000&max_price=1000000, Nevada, Las Vegas, For Sale-Wanted, Household, https://lasvegas.craigslist.org/hsh/d/granite-slabs-for-countertops-pics-on/6985712441.html,,2019-10-08,US,2019-11-21
$200/300/400 GRANITE SLABS FOR COUNTERTOPS/PICS ON FACEBOOK/100COLORS, Oct 08, &excats=134-40&min_price=200000&max_price=1000000, Nevada, Las Vegas, For Sale-Wanted, Materials, https://lasvegas.craigslist.org/mat/d/granite-slabs-for-countertops-pics-on/6985714131.html,,2019-10-08,US,2019-11-21
SELL ME YOUR HOUSE AS IS, Oct 08, &excats=134-40&min_price=200000&max_price=1000000, Florida, Jacksonville, For Sale-Wanted, Wanted, https://jacksonville.craigslist.org/wan/d/jacksonville-sell-me-your-house-as-is/6976137274.html,,2019-10-08,US,2019-11-21
Land - Water Front Property, Oct 08, &excats=134-40&min_price=200000&max_price=1000000, Florida, Jacksonville, For Sale-Wanted, General, https://jacksonville.craigslist.org/for/d/jacksonville-land-water-front-property/6974151372.html,,2019-10-08,US,2019-11-21
SELL ME YOUR HOUSE AS IS, Oct 08, &excats=134-40&min_price=200000&max_price=1000000, Florida, Jacksonville, For Sale-Wanted, Wanted, https://jacksonville.craigslist.org/wan/d/jacksonville-sell-me-your-house-as-is/6975380600.html,,2019-10-08,US,2019-11-21
Money Problems? Sell your house today, Oct 08, &excats=134-40&min_price=200000&max_price=1000000, Florida, Orlando, For Sale-Wanted, Wanted, https://orlando.craigslist.org/wan/d/orlando-money-problems-sell-your-house/6981067607.html,,2019-10-08,US,2019-11-21
10 ACRE LOT. LAKEFRONT, Oct 08, &excats=134-40&min_price=200000&max_price=1000000, Florida, Orlando, For Sale-Wanted, General, https://orlando.craigslist.org/for/d/howey-in-the-hills-10-acre-lot-lakefront/6995348910.html,,2019-10-08,US,2019-11-21
535.5 ct Antique onion Briolette diamond pendant, Oct 08, &excats=134-40&min_price=200000&max_price=1000000, Colorado, Denver, For Sale-Wanted, Jewelry, https://denver.craigslist.org/jwl/d/aurora-5355-ct-antique-onion-briolette/6995451465.html,,2019-10-08,US,2019-11-21
Beautifull Farmland in Patagonia, Oct 08, &excats=134-40&min_price=200000&max_price=1000000, Colorado, Denver, For Sale-Wanted, General, https://denver.craigslist.org/for/d/beautifull-farmland-in-patagonia/6995182667.html,,2019-10-08,US,2019-11-21
100 Acres, Oct 08, &excats=134-40&min_price=200000&max_price=1000000, Kentucky, Lexington, For Sale-Wanted, Farm and Garden, https://lexington.craigslist.org/grd/d/owenton-100-acres/6995636014.html,,2019-10-08,US,2019-11-21
TEXAS LONGHORN BULLS, Oct 08, &excats=134-40&min_price=200000&max_price=1000000, Kentucky, Lexington, For Sale-Wanted, Farm and Garden, https://lexington.craigslist.org/grd/d/mount-sterling-texas-longhorn-bulls/6995464103.html,,2019-10-08,US,2019-11-21
2019 Brand New CELA DT30/DT-100, Oct 08, &excats=134-40&min_price=200000&max_price=1000000, Kentucky, Louisville, For Sale-Wanted, Heavy Equipment, https://louisville.craigslist.org/hvo/d/louisville-2019-brand-new-cela-dt30-dt/6995143107.html,,2019-10-08,US,2019-11-21
Hunting Land for Sale, Oct 08, &excats=134-40&min_price=200000&max_price=1000000, Nebraska, Lincoln, For Sale-Wanted, Sporting Goods, https://lincoln.craigslist.org/spo/d/oakdale-hunting-land-for-sale/6995377728.html,,2019-10-08,US,2019-11-21
Brand new 3 bed 2 bath rancher!, Oct 08, &excats=134-40&min_price=200000&max_price=1000000, Virginia, Richmond, For Sale-Wanted, General, https://richmond.craigslist.org/for/d/powhatan-brand-new-3-bed-2-bath-rancher/6995512993.html,,2019-10-08,US,2019-11-21
2015, Oct 08, &excats=134-40&min_price=200000&max_price=1000000, Maine, Maine, For Sale-Wanted, General, https://maine.craigslist.org/for/d/biddeford-2015/6993072546.html,,2019-10-08,US,2019-11-21
Custom Log Home (Duplex), Oct 08, &excats=134-40&min_price=200000&max_price=1000000, Michigan, Grand Rapids, For Sale-Wanted, General, https://grandrapids.craigslist.org/for/d/de-tour-village-custom-log-home-duplex/6995148064.html,,2019-10-08,US,2019-11-21
Custom Log Home (Duplex), Oct 08, &excats=134-40&min_price=200000&max_price=1000000, Michigan, Grand Rapids, For Sale-Wanted, General, https://grandrapids.craigslist.org/for/d/de-tour-village-custom-log-home-duplex/6995147275.html,,2019-10-08,US,2019-11-21
2001 Sunstar Houseboat, Oct 08, &excats=134-40&min_price=200000&max_price=1000000, Ohio, Cincinnati, For Sale-Wanted, Boat Parts, https://cincinnati.craigslist.org/boa/d/2001-sunstar-houseboat/6995195641.html,,2019-10-08,US,2019-11-21
Need contacts, Oct 08, &excats=134-40&min_price=200000&max_price=1000000, Alaska, Fairbanks, For Sale-Wanted, Wanted, https://fairbanks.craigslist.org/wan/d/north-pole-need-contacts/6995700534.html,Want,2019-10-08,US,2019-11-21
Property, Oct 08, &excats=134-40&min_price=200000&max_price=1000000, North Carolina, Asheville, For Sale-Wanted, General, https://asheville.craigslist.org/for/d/spruce-pine-property/6995214338.html,,2019-10-08,US,2019-11-21
SUN DIAGNOSTIC MACHINE, Oct 08, &excats=134-40&min_price=200000&max_price=1000000, North Carolina, Charlotte, For Sale-Wanted, Collectibles, https://charlotte.craigslist.org/clt/d/rock-hill-sun-diagnostic-machine/6995693396.html,,2019-10-08,US,2019-11-21
Townhouse For Sale, Oct 08, &excats=134-40&min_price=200000&max_price=1000000, North Carolina, Charlotte, For Sale-Wanted, General, https://charlotte.craigslist.org/for/d/fort-mill-townhouse-for-sale/6995624890.html,,2019-10-08,US,2019-11-21
South Atlantic Snapper King Mackerel Black Bass permits, Oct 08, &excats=134-40&min_price=200000&max_price=1000000, North Carolina, Charlotte, For Sale-Wanted, Boat Parts, https://charlotte.craigslist.org/boa/d/murrells-inlet-south-atlantic-snapper/6995420328.html,,2019-10-08,US,2019-11-21
FIREWOOD, Oct 08, &excats=134-40&min_price=200000&max_price=1000000, North Carolina, Charlotte, For Sale-Wanted, General, https://charlotte.craigslist.org/for/d/clover-firewood/6974978561.html,,2019-10-08,US,2019-11-21
Land for Sale 30 Acres, Oct 08, &excats=134-40&min_price=200000&max_price=1000000, North Carolina, Charlotte, For Sale-Wanted, Farm and Garden, https://charlotte.craigslist.org/grd/d/turnersburg-land-for-sale-30-acres/6995033147.html,,2019-10-08,US,2019-11-21
WATERFRONT LOT ON LAKE TILLERY ZONED MULTI-FAMILY, Oct 08, &excats=134-40&min_price=200000&max_price=1000000, North Carolina, Charlotte, For Sale-Wanted, General, https://charlotte.craigslist.org/for/d/waterfront-lot-on-lake-tillery-zoned/6995015188.html,,2019-10-08,US,2019-11-21
$200/300/400 GRANITE SLABS FOR COUNTERTOPS/DRIVE A LITTLE SAVE ALOT!!!, Oct 08, &excats=134-40&min_price=200000&max_price=1000000, Utah, St George, For Sale-Wanted, Household, https://stgeorge.craigslist.org/hsh/d/granite-slabs-for-countertops-drive/6985651704.html,,2019-10-08,US,2019-11-21
MacBooks W A N T E D, Oct 08, &excats=134-40&min_price=200000&max_price=1000000, Kansas, Wichita, For Sale-Wanted, Wanted, https://wichita.craigslist.org/wan/d/wichita-macbooks-a-t-d/6995426437.html,,2019-10-08,US,2019-11-21
2003 18x88 Sharpe Houseboat, Oct 08, &excats=134-40&min_price=200000&max_price=1000000, Tennessee, Nashville, For Sale-Wanted, Boat Parts, https://nashville.craigslist.org/boa/d/silver-point-x88-sharpe-houseboat/6995072487.html,,2019-10-08,US,2019-11-21
Rampage 41 Express, Oct 08, &excats=134-40&min_price=200000&max_price=1000000, Alabama, Mobile, For Sale-Wanted, Boat Parts, https://mobile.craigslist.org/boa/d/orange-beach-rampage-41-express/6995699064.html,,2019-10-08,US,2019-11-21
The Grandview Horse Ranch, Oct 08, &excats=134-40&min_price=200000&max_price=1000000, Pennsylvania, Philadelphia, For Sale-Wanted, Farm and Garden, https://philadelphia.craigslist.org/grd/d/yulee-the-grandview-horse-ranch/6995468870.html,,2019-10-08,US,2019-11-21
****Metal wanted****, Oct 08, &excats=134-40&min_price=200000&max_price=1000000, Pennsylvania, Philadelphia, For Sale-Wanted, Wanted, https://philadelphia.craigslist.org/wan/d/metal-wanted/6995045247.html,Want,2019-10-08,US,2019-11-21
We Buy Houses And Take Over Payments, Oct 08, &excats=134-40&min_price=200000&max_price=1000000, Texas, Houston, For Sale-Wanted, Wanted, https://houston.craigslist.org/wan/d/houston-we-buy-houses-and-take-over/6995194580.html,,2019-10-08,US,2019-11-21
Looking for Rent to OWN ASAP, Oct 08, &excats=134-40&min_price=200000&max_price=1000000, Texas, Houston, For Sale-Wanted, Wanted, https://houston.craigslist.org/wan/d/katy-looking-for-rent-to-own-asap/6995132444.html,Want,2019-10-08,US,2019-11-21
Commercial Highway Frontage-Grove OK, Oct 08, &excats=134-40&min_price=200000&max_price=1000000, Missouri, Joplin, For Sale-Wanted, General, https://joplin.craigslist.org/for/d/grove-commercial-highway-frontage-grove/6995103589.html,,2019-10-08,US,2019-11-21
Commercial Highway Frontage-Grove OK, Oct 08, &excats=134-40&min_price=200000&max_price=1000000, Missouri, Joplin, For Sale-Wanted, General, https://joplin.craigslist.org/for/d/grove-commercial-highway-frontage-grove/6995099974.html,,2019-10-08,US,2019-11-21
Colored diamond, Oct 08, &excats=134-40&min_price=200000&max_price=1000000, Oregon, Bend, For Sale-Wanted, Jewelry, https://bend.craigslist.org/jwl/d/northport-colored-diamond/6993673053.html,,2019-10-08,US,2019-11-21
CAT 385BL demo pkg. w/ Allied rotating sheer and CAT grapple, Oct 08, &excats=134-40&min_price=200000&max_price=1000000, New York, Hudson Valley, For Sale-Wanted, Heavy Equipment, https://hudsonvalley.craigslist.org/hvo/d/new-paltz-cat-385bl-demo-pkg-allied/6995591447.html,,2019-10-08,US,2019-11-21
land and buildings for sale, Oct 08, &excats=134-40&min_price=200000&max_price=1000000, New York, Hudson Valley, For Sale-Wanted, Farm and Garden, https://hudsonvalley.craigslist.org/grd/d/marlboro-land-and-buildings-for-sale/6995371651.html,,2019-10-08,US,2019-11-21
Two Sisters Lake Lot - Oneida County, Oct 08, &excats=134-40&min_price=200000&max_price=1000000, Wisconsin, Madison, For Sale-Wanted, General, https://madison.craigslist.org/for/d/lake-tomahawk-two-sisters-lake-lot/6995609217.html,,2019-10-08,US,2019-11-21
Two Sisters Lake Lot - Oneida County, Oct 08, &excats=134-40&min_price=200000&max_price=1000000, Wisconsin, Northern Wi, For Sale-Wanted, General, https://northernwi.craigslist.org/for/d/lake-tomahawk-two-sisters-lake-lot/6995610365.html,,2019-10-08,US,2019-11-21
VEHICLE OR GENERAL STORAGE, Oct 08, &excats=134-40&min_price=200000&max_price=1000000, Wisconsin, Wausau, For Sale-Wanted, Auto Parts by Owner, https://wausau.craigslist.org/pts/d/hatley-vehicle-or-general-storage/6995328409.html,,2019-10-08,US,2019-11-21
Well digger, Oct 08, &excats=134-40&min_price=200000&max_price=1000000, California, Modesto, For Sale-Wanted, Heavy Equipment, https://modesto.craigslist.org/hvo/d/well-digger/6995166690.html,,2019-10-08,US,2019-11-21
$835000 | 5/2 - 2532ft - *OFF-MARKET* | FIX & FLIP | OC (TUSTIN)), Oct 08, &excats=134-40&min_price=200000&max_price=1000000, California, Orange County, For Sale-Wanted, General, https://orangecounty.craigslist.org/for/d/tustin-ft-off-market-fix-flip-oc-tustin/6995383090.html,,2019-10-08,US,2019-11-21
Looking for cast iron  cookware!, Oct 07, &excats=134-40&min_price=200000&max_price=1000000, Iowa, Quad Cities, For Sale-Wanted, Wanted, https://quadcities.craigslist.org/wan/d/rock-island-looking-for-cast-iron/6984173128.html,Want,2019-10-07,US,2019-11-21
5 bedroom 5 bath Home with View, Oct 07, &excats=134-40&min_price=200000&max_price=1000000, Washington, Wenatchee, For Sale-Wanted, General, https://wenatchee.craigslist.org/for/d/wenatchee-5-bedroom-5-bath-home-with/6995006651.html,,2019-10-07,US,2019-11-21
2008 Honda crf250r parting out, Oct 07, &excats=134-40&min_price=200000&max_price=1000000, Washington, Wenatchee, For Sale-Wanted, Motorcycle Parts, https://wenatchee.craigslist.org/mpo/d/east-wenatchee-2008-honda-crf250r/6994911476.html,,2019-10-07,US,2019-11-21
Raw Land in Heavily Desired School District, Oct 07, &excats=134-40&min_price=200000&max_price=1000000, Georgia, Atlanta, For Sale-Wanted, General, https://atlanta.craigslist.org/eat/for/d/covington-raw-land-in-heavily-desired/6994898125.html,,2019-10-07,US,2019-11-21
2014 bobcat, Oct 07, &excats=134-40&min_price=200000&max_price=1000000, Georgia, Atlanta, For Sale-Wanted, Farm and Garden, https://atlanta.craigslist.org/nat/grd/d/cartersville-2014-bobcat/6994332786.html,,2019-10-07,US,2019-11-21
Case 1021G Wheel Loader(READ DESCRIPTION), Oct 07, &excats=134-40&min_price=200000&max_price=1000000, South Carolina, Charleston, For Sale-Wanted, Heavy Equipment, https://charleston.craigslist.org/hvo/d/ravenel-case-1021g-wheel-loaderread-de/6994388680.html,,2019-10-07,US,2019-11-21
Cockaboose #21, Oct 07, &excats=134-40&min_price=200000&max_price=1000000, South Carolina, Columbia, For Sale-Wanted, General, https://columbia.craigslist.org/for/d/columbia-cockaboose-21/6994396610.html,,2019-10-07,US,2019-11-21
Beach front 3 bed 2 bath home for sale North Weymoith, Oct 07, &excats=134-40&min_price=200000&max_price=1000000, Massachusetts, South Coast, For Sale-Wanted, General, https://southcoast.craigslist.org/for/d/north-weymouth-beach-front-3-bed-2-bath/6994560435.html,,2019-10-07,US,2019-11-21
Small or Hobby Farm w/animal facilities, Oct 07, &excats=134-40&min_price=200000&max_price=1000000, Arkansas, Little Rock, For Sale-Wanted, General, https://littlerock.craigslist.org/for/d/pottsville-small-or-hobby-farm-animal/6994885811.html,,2019-10-07,US,2019-11-21
Land for Sale (24 Acres), Oct 07, &excats=134-40&min_price=200000&max_price=1000000, Arkansas, Little Rock, For Sale-Wanted, General, https://littlerock.craigslist.org/for/d/enola-land-for-sale-24-acres/6994611303.html,,2019-10-07,US,2019-11-21
40 Acre Farm!!, Oct 07, &excats=134-40&min_price=200000&max_price=1000000, Arkansas, Little Rock, For Sale-Wanted, Farm and Garden, https://littlerock.craigslist.org/grd/d/searcy-40-acre-farm/6994399452.html,,2019-10-07,US,2019-11-21
B*U*Y^^& New!!iPhone 8 Plus=64gb=factory locked in box =[;, Oct 07, &excats=134-40&min_price=200000&max_price=1000000, Nevada, Las Vegas, For Sale-Wanted, Cell Phones, https://lasvegas.craigslist.org/mob/d/las-vegas-buy-newiphone-8/6978333228.html,,2019-10-07,US,2019-11-21
70 acres on Lake Santa Fe!, Oct 07, &excats=134-40&min_price=200000&max_price=1000000, Florida, Gainesville, For Sale-Wanted, General, https://gainesville.craigslist.org/for/d/waldo-70-acres-on-lake-santa-fe/6974836100.html,,2019-10-07,US,2019-11-21
For Sale By Owner, Oct 07, &excats=134-40&min_price=200000&max_price=1000000, Florida, Pensacola, For Sale-Wanted, General, https://pensacola.craigslist.org/for/d/pensacola-for-sale-by-owner/6992161322.html,,2019-10-07,US,2019-11-21
Kennebago River Road Camp, Oct 07, &excats=134-40&min_price=200000&max_price=1000000, Maine, Maine, For Sale-Wanted, General, https://maine.craigslist.org/for/d/rangeley-kennebago-river-road-camp/6994631107.html,,2019-10-07,US,2019-11-21
2006 D7R High Track Dozer w/Ripper, Oct 07, &excats=134-40&min_price=200000&max_price=1000000, Wyoming, Wyoming, For Sale-Wanted, Heavy Equipment, https://wyoming.craigslist.org/hvo/d/evanston-2006-d7r-high-track-dozer/6994642551.html,,2019-10-07,US,2019-11-21
45 Tiara Sovran 2013, Oct 07, &excats=134-40&min_price=200000&max_price=1000000, Michigan, Grand Rapids, For Sale-Wanted, Boat Parts, https://grandrapids.craigslist.org/boa/d/holland-45-tiara-sovran-2013/6994372028.html,,2019-10-07,US,2019-11-21
45 Tiara Sovran 2013, Oct 07, &excats=134-40&min_price=200000&max_price=1000000, Michigan, Holland, For Sale-Wanted, Boat Parts, https://grandrapids.craigslist.org/boa/d/holland-45-tiara-sovran-2013/6994372028.html,,2019-10-07,US,2019-11-21
Buying all Pokmon cards!!, Oct 07, &excats=134-40&min_price=200000&max_price=1000000, Ohio, Toledo, For Sale-Wanted, Wanted, https://toledo.craigslist.org/wan/d/buying-all-pokmon-cards/6974686306.html,,2019-10-07,US,2019-11-21
4.32 acres-downtown Matthews, Oct 07, &excats=134-40&min_price=200000&max_price=1000000, North Carolina, Charlotte, For Sale-Wanted, General, https://charlotte.craigslist.org/for/d/matthews-432-acres-downtown-matthews/6994792102.html,,2019-10-07,US,2019-11-21
Home 6.12 acres, Oct 07, &excats=134-40&min_price=200000&max_price=1000000, North Carolina, Greensboro, For Sale-Wanted, General, https://greensboro.craigslist.org/for/d/thomasville-home-612-acres/6994501783.html,,2019-10-07,US,2019-11-21
Convenient Store w/Grill, Oct 07, &excats=134-40&min_price=200000&max_price=1000000, Louisiana, New Orleans, For Sale-Wanted, Antique By Owner, https://neworleans.craigslist.org/atq/d/sandy-hook-convenient-store-grill/6994673229.html,,2019-10-07,US,2019-11-21
Greenhouses and grow equipment for sale, Oct 07, &excats=134-40&min_price=200000&max_price=1000000, Oklahoma, Tulsa, For Sale-Wanted, Farm and Garden, https://tulsa.craigslist.org/grd/d/tulsa-greenhouses-and-grow-equipment/6994429859.html,,2019-10-07,US,2019-11-21
Tailgating Opportunity for the USC Game, Oct 07, &excats=134-40&min_price=200000&max_price=1000000, Alabama, Tuscaloosa, For Sale-Wanted, General, https://tuscaloosa.craigslist.org/for/d/columbia-tailgating-opportunity-for-the/6994396442.html,,2019-10-07,US,2019-11-21
Tailgating Opportunity for the USC Game, Oct 07, &excats=134-40&min_price=200000&max_price=1000000, Alabama, Tuscaloosa, For Sale-Wanted, General, https://tuscaloosa.craigslist.org/for/d/columbia-tailgating-opportunity-for-the/6994397072.html,,2019-10-07,US,2019-11-21
Lunar Landing Paper Tape, Oct 07, &excats=134-40&min_price=200000&max_price=1000000, Pennsylvania, Philadelphia, For Sale-Wanted, Collectibles, https://philadelphia.craigslist.org/clt/d/gilbertsville-lunar-landing-paper-tape/6994836168.html,,2019-10-07,US,2019-11-21
****Metal wanted****, Oct 07, &excats=134-40&min_price=200000&max_price=1000000, Pennsylvania, Philadelphia, For Sale-Wanted, Wanted, https://philadelphia.craigslist.org/wan/d/metal-wanted/6994309906.html,Want,2019-10-07,US,2019-11-21
2011 CAT D8T, Oct 07, &excats=134-40&min_price=200000&max_price=1000000, Pennsylvania, Pittsburgh, For Sale-Wanted, Heavy Equipment, https://pittsburgh.craigslist.org/hvo/d/sarver-2011-cat-d8t/6994627037.html,,2019-10-07,US,2019-11-21
Paper Tape from lunar landing, Oct 07, &excats=134-40&min_price=200000&max_price=1000000, Pennsylvania, Reading, For Sale-Wanted, Collectibles, https://reading.craigslist.org/clt/d/gilbertsville-paper-tape-from-lunar/6994831624.html,,2019-10-07,US,2019-11-21
SEC Tailgating Venue Cockaboose, Oct 07, &excats=134-40&min_price=200000&max_price=1000000, Texas, College Station, For Sale-Wanted, General, https://collegestation.craigslist.org/for/d/columbia-sec-tailgating-venue-cockaboose/6994396812.html,,2019-10-07,US,2019-11-21
single family home, Oct 07, &excats=134-40&min_price=200000&max_price=1000000, Texas, Houston, For Sale-Wanted, Wanted, https://houston.craigslist.org/wan/d/houston-single-family-home/6994912325.html,,2019-10-07,US,2019-11-21
single family home, Oct 07, &excats=134-40&min_price=200000&max_price=1000000, Texas, Houston, For Sale-Wanted, Wanted, https://houston.craigslist.org/wan/d/single-family-home/6994911353.html,,2019-10-07,US,2019-11-21
single family home, Oct 07, &excats=134-40&min_price=200000&max_price=1000000, Texas, Houston, For Sale-Wanted, Wanted, https://houston.craigslist.org/wan/d/houston-single-family-home/6994911883.html,,2019-10-07,US,2019-11-21
single family home, Oct 07, &excats=134-40&min_price=200000&max_price=1000000, Texas, Houston, For Sale-Wanted, Wanted, https://houston.craigslist.org/wan/d/houston-single-family-home/6994910183.html,,2019-10-07,US,2019-11-21
single family home, Oct 07, &excats=134-40&min_price=200000&max_price=1000000, Texas, Houston, For Sale-Wanted, Wanted, https://houston.craigslist.org/wan/d/houston-single-family-home/6994909610.html,,2019-10-07,US,2019-11-21
Dental office for sale, Oct 07, &excats=134-40&min_price=200000&max_price=1000000, Texas, Houston, For Sale-Wanted, General, https://houston.craigslist.org/for/d/sugar-land-dental-office-for-sale/6994828764.html,,2019-10-07,US,2019-11-21
6 bed 4bath, Oct 07, &excats=134-40&min_price=200000&max_price=1000000, Texas, Houston, For Sale-Wanted, General, https://houston.craigslist.org/for/d/huffman-6-bed-4bath/6994608802.html,,2019-10-07,US,2019-11-21
Skid steer Bucket 66&quot;72&quot; 78&quot; 84&quot;, Oct 07, &excats=134-40&min_price=200000&max_price=1000000, Missouri, Kansas City, For Sale-Wanted, Heavy Equipment, https://kansascity.craigslist.org/hvo/d/kansas-city-skid-steer-bucket/6980035953.html,,2019-10-07,US,2019-11-21
Land for Sale, Oct 07, &excats=134-40&min_price=200000&max_price=1000000, Missouri, Springfield, For Sale-Wanted, General, https://springfield.craigslist.org/for/d/pleasant-hope-land-for-sale/6994510137.html,,2019-10-07,US,2019-11-21
100 Acre Farm, Oct 07, &excats=134-40&min_price=200000&max_price=1000000, Illinois, Peoria, For Sale-Wanted, Farm and Garden, https://peoria.craigslist.org/grd/d/edelstein-100-acre-farm/6979864627.html,,2019-10-07,US,2019-11-21
Looking for cast iron  cookware!, Oct 07, &excats=134-40&min_price=200000&max_price=1000000, Illinois, Quad Cities, For Sale-Wanted, Wanted, https://quadcities.craigslist.org/wan/d/rock-island-looking-for-cast-iron/6984173128.html,Want,2019-10-07,US,2019-11-21
House for sale, Oct 07, &excats=134-40&min_price=200000&max_price=1000000, Oregon, Oregon Coast, For Sale-Wanted, General, https://oregoncoast.craigslist.org/for/d/north-bend-house-for-sale/6975275905.html,,2019-10-07,US,2019-11-21
ISO water front property FSBO, Oct 07, &excats=134-40&min_price=200000&max_price=1000000, Oregon, Roseburg, For Sale-Wanted, General, https://roseburg.craigslist.org/for/d/winchester-iso-water-front-property-fsbo/6994678384.html,,2019-10-07,US,2019-11-21
House for sale, Oct 07, &excats=134-40&min_price=200000&max_price=1000000, New York, Albany, For Sale-Wanted, General, https://albany.craigslist.org/for/d/albany-house-for-sale/6994345932.html,,2019-10-07,US,2019-11-21
52 acres FARM offers great hunting TIMBER HARVEST  Agricultural, Oct 07, &excats=134-40&min_price=200000&max_price=1000000, New York, Catskills, For Sale-Wanted, Farm and Garden, https://catskills.craigslist.org/grd/d/richfield-springs-52-acres-farm-offers/6990606866.html,,2019-10-07,US,2019-11-21
Gansevoort NY House for sale, Oct 07, &excats=134-40&min_price=200000&max_price=1000000, New York, Glens Falls, For Sale-Wanted, General, https://glensfalls.craigslist.org/for/d/gansevoort-gansevoort-ny-house-for-sale/6994386853.html,,2019-10-07,US,2019-11-21
Beautiful country home in Pike County PA, Oct 07, &excats=134-40&min_price=200000&max_price=1000000, New York, Hudson Valley, For Sale-Wanted, Farm and Garden, https://hudsonvalley.craigslist.org/grd/d/white-mills-beautiful-country-home-in/6994825064.html,,2019-10-07,US,2019-11-21
1997 EAGLE 1000 Crusher, Oct 07, &excats=134-40&min_price=200000&max_price=1000000, New Jersey, South Jersey, For Sale-Wanted, Heavy Equipment, https://southjersey.craigslist.org/hvo/d/dayton-1997-eagle-1000-crusher/6994728609.html,,2019-10-07,US,2019-11-21
Crop Land for sale, Oct 07, &excats=134-40&min_price=200000&max_price=1000000, Wisconsin, Madison, For Sale-Wanted, Farm and Garden, https://madison.craigslist.org/grd/d/crop-land-for-sale/6989204558.html,,2019-10-07,US,2019-11-21
4 bd Farmhouse in New Berlin, Oct 07, &excats=134-40&min_price=200000&max_price=1000000, Wisconsin, Milwaukee, For Sale-Wanted, General, https://milwaukee.craigslist.org/for/d/milwaukee-4-bd-farmhouse-in-new-berlin/6994807792.html,,2019-10-07,US,2019-11-21
CONDO FOR SALE, Oct 07, &excats=134-40&min_price=200000&max_price=1000000, Wisconsin, Sheboygan, For Sale-Wanted, General, https://sheboygan.craigslist.org/for/d/kiel-condo-for-sale/6994989042.html,,2019-10-07,US,2019-11-21
Houseboat Lake McClure, Oct 07, &excats=134-40&min_price=200000&max_price=1000000, California, Modesto, For Sale-Wanted, Boat Parts, https://modesto.craigslist.org/boa/d/hornitos-houseboat-lake-mcclure/6994443008.html,,2019-10-07,US,2019-11-21
Roofing nails supply, Oct 07, &excats=134-40&min_price=200000&max_price=1000000, California, Santa Barbara, For Sale-Wanted, General, https://santabarbara.craigslist.org/for/d/santa-barbara-roofing-nails-supply/6994549253.html,,2019-10-07,US,2019-11-21
we Buy Cars $$ CASH for Cars $$ any condition $ all types, Jun 21, &excats=134-40&min_price=200000&max_price=1000000, California, Orange County, For Sale-Wanted, Wanted, https://orangecounty.craigslist.org/wan/d/anaheim-we-buy-cars-cash-for-cars-any/6896028832.html,,2019-06-21,US,2019-11-21
