Listing,Date,Keyword,State,City,Category,Sub Category,Listing URL,Potential,Numbered Date,Country, Date Searched
We Buy NASCAR Racing Suits and Crew Shirt, Nov 21, &excats=134-40&min_price=1000000&max_price=2000000, North Carolina, Charlotte, For Sale-Wanted, Wanted, https://charlotte.craigslist.org/wan/d/mooresville-we-buy-nascar-racing-suits/7020128753.html,,2019-11-21,US,2019-11-21
****Metal wanted****, Nov 21, &excats=134-40&min_price=1000000&max_price=2000000, Pennsylvania, Philadelphia, For Sale-Wanted, Wanted, https://philadelphia.craigslist.org/wan/d/metal-wanted/7024241953.html,Want,2019-11-21,US,2019-11-21
2011 ford fusion parts... RUNS, Nov 21, &excats=134-40&min_price=1000000&max_price=2000000, Pennsylvania, Pittsburgh, For Sale-Wanted, Auto Parts by Owner, https://pittsburgh.craigslist.org/pts/d/mckeesport-2011-ford-fusion-parts-runs/7024379142.html,,2019-11-21,US,2019-11-21
We buy hino-ud-isuzu-frr npr nrr, Nov 21, &excats=134-40&min_price=1000000&max_price=2000000, California, Los Angeles, For Sale-Wanted, Wanted, https://losangeles.craigslist.org/lac/wan/d/ontario-we-buy-hino-ud-isuzu-frr-npr-nrr/7024439580.html,,2019-11-21,US,2019-11-21
We buy hino-ud-isuzu-frr npr nrr, Nov 21, &excats=134-40&min_price=1000000&max_price=2000000, California, Los Angeles, For Sale-Wanted, Wanted, https://losangeles.craigslist.org/lac/wan/d/ontario-we-buy-hino-ud-isuzu-frr-npr-nrr/7024439320.html,,2019-11-21,US,2019-11-21
Forklift For Sale 2015 Hyster 8K, Nov 21, &excats=134-40&min_price=1000000&max_price=2000000, California, Los Angeles, For Sale-Wanted, General, https://losangeles.craigslist.org/lac/for/d/huntington-park-forklift-for-sale-2015/7019987614.html,,2019-11-21,US,2019-11-21
Forklift For Sale 2015 Hyster 8K, Nov 21, &excats=134-40&min_price=1000000&max_price=2000000, California, Los Angeles, For Sale-Wanted, General, https://losangeles.craigslist.org/lac/for/d/huntington-park-forklift-for-sale-2015/7014712150.html,,2019-11-21,US,2019-11-21
Forklift For Sale 2015 Hyster 8K, Nov 21, &excats=134-40&min_price=1000000&max_price=2000000, California, Los Angeles, For Sale-Wanted, General, https://losangeles.craigslist.org/lac/for/d/huntington-park-forklift-for-sale-2015/7019306392.html,,2019-11-21,US,2019-11-21
Forklift For Sale 2015 Hyster 8K, Nov 21, &excats=134-40&min_price=1000000&max_price=2000000, California, Los Angeles, For Sale-Wanted, General, https://losangeles.craigslist.org/lac/for/d/huntington-park-forklift-for-sale-2015/7019873631.html,,2019-11-21,US,2019-11-21
Dewalt or Rigid impact driver wanted, Nov 21, &excats=134-40&min_price=1000000&max_price=2000000, California, Los Angeles, For Sale-Wanted, Wanted, https://losangeles.craigslist.org/lgb/wan/d/long-beach-dewalt-or-rigid-impact/7024235343.html,Want,2019-11-21,US,2019-11-21
LIQUIDATION SALE - 50% OFF ENTIRE STORE - LAST DAYS -HOME DEPOT STUFF, Nov 21, &excats=134-40&min_price=1000000&max_price=2000000, California, Sacramento, For Sale-Wanted, Household, https://sacramento.craigslist.org/hsh/d/sacramento-liquidation-sale-50-off/7018583373.html,,2019-11-21,US,2019-11-21
BUYING BASEBALL FOOTBALL BASKETBALL CARD COLLECTIONS, Nov 21, &excats=134-40&min_price=1000000&max_price=2000000, California, Sacramento, For Sale-Wanted, Wanted, https://sacramento.craigslist.org/wan/d/roseville-buying-baseball-football/7009969348.html,,2019-11-21,US,2019-11-21
Wanted - Pontoon boat console, Nov 21, &excats=134-40&min_price=1000000&max_price=2000000, South Carolina, Charleston, For Sale-Wanted, Boat Parts, https://charleston.craigslist.org/bpo/d/charleston-afb-wanted-pontoon-boat/7024271579.html,Want,2019-11-21,US,2019-11-21
Unleash student creativity Book Creator is a simple tool for creating, Nov 21, &excats=134-40&min_price=1000000&max_price=2000000, District of Columbia, Washington, For Sale-Wanted, Cell Phones, https://washingtondc.craigslist.org/nva/mob/d/woodbridge-unleash-student-creativity/7013252162.html,,2019-11-21,US,2019-11-21
8A needs loan for Government Contracting, Nov 21, &excats=134-40&min_price=1000000&max_price=2000000, District of Columbia, Washington, For Sale-Wanted, Wanted, https://washingtondc.craigslist.org/nva/wan/d/washington-8a-needs-loan-for-government/7024288118.html,Want,2019-11-21,US,2019-11-21
DEVELOPMENT OPPORTUNITY, Nov 21, &excats=134-40&min_price=1000000&max_price=2000000, Illinois, Chicago, For Sale-Wanted, Farm and Garden, https://chicago.craigslist.org/nch/grd/d/development-opportunity/7024237043.html,,2019-11-21,US,2019-11-21
Wanted Taxidermy will pay cash, Nov 21, &excats=134-40&min_price=1000000&max_price=2000000, Illinois, Rockford, For Sale-Wanted, Wanted, https://rockford.craigslist.org/wan/d/rockford-wanted-taxidermy-will-pay-cash/7012124631.html,Want,2019-11-21,US,2019-11-21
5.3 Chevy Tahoe parts, Nov 21, &excats=134-40&min_price=1000000&max_price=2000000, Florida, Jacksonville, For Sale-Wanted, Auto Parts by Owner, https://jacksonville.craigslist.org/pts/d/jacksonville-53-chevy-tahoe-parts/7024266561.html,,2019-11-21,US,2019-11-21
HORSES & DONKEYS FOR SALE, Nov 21, &excats=134-40&min_price=1000000&max_price=2000000, Missouri, St Louis, For Sale-Wanted, Farm and Garden, https://stlouis.craigslist.org/grd/d/lebanon-horses-donkeys-for-sale/7007604927.html,,2019-11-21,US,2019-11-21
Broken arcades / jukeboxes /pinballs/ skee ball wanted, Nov 21, &excats=134-40&min_price=1000000&max_price=2000000, Missouri, St Louis, For Sale-Wanted, Video Gaming, https://stlouis.craigslist.org/vgm/d/catawissa-broken-arcades-jukeboxes/7011160346.html,Want,2019-11-21,US,2019-11-21
Toy space ray guns / cap guns wanted., Nov 21, &excats=134-40&min_price=1000000&max_price=2000000, Oregon, Portland, For Sale-Wanted, Wanted, https://portland.craigslist.org/mlt/wan/d/portland-toy-space-ray-guns-cap-guns/7024373573.html,Want,2019-11-21,US,2019-11-21
WANTED FISHING RODS REELS AND TACKLE TOP DOLLAR PAID, Nov 21, &excats=134-40&min_price=1000000&max_price=2000000, New York, Long Island, For Sale-Wanted, Wanted, https://longisland.craigslist.org/wan/d/wanted-fishing-rods-reels-and-tackle/7007378693.html,Want,2019-11-21,US,2019-11-21
Looking for 1 to 10 acres, Nov 21, &excats=134-40&min_price=1000000&max_price=2000000, Montana, Billings, For Sale-Wanted, Wanted, https://billings.craigslist.org/wan/d/billings-looking-for-1-to-10-acres/7019683415.html,Want,2019-11-21,US,2019-11-21
Record Collection 45&#39;s, Nov 21, &excats=134-40&min_price=1000000&max_price=2000000, Michigan, Grand Rapids, For Sale-Wanted, Furniture, https://grandrapids.craigslist.org/fuo/d/grandville-record-collection-45s/7014658394.html,,2019-11-21,US,2019-11-21
Full Blood Heeler Puppies, Nov 21, &excats=134-40&min_price=1000000&max_price=2000000, Arkansas, Fort Smith, For Sale-Wanted, Farm and Garden, https://fortsmith.craigslist.org/grd/d/sallisaw-full-blood-heeler-puppies/7024330728.html,,2019-11-21,US,2019-11-21
Two Disks -- JD BWA and IH, Nov 21, &excats=134-40&min_price=1000000&max_price=2000000, Iowa, Iowa City, For Sale-Wanted, Farm and Garden, https://iowacity.craigslist.org/grd/d/osceola-two-disks-jd-bwa-and-ih/7024428642.html,,2019-11-21,US,2019-11-21
Cash Paid 4 Vintage Costume Jewelry & Old Pocket Watches, Nov 21, &excats=134-40&min_price=1000000&max_price=2000000, Maryland, Baltimore, For Sale-Wanted, Wanted, https://baltimore.craigslist.org/wan/d/cash-paid-4-vintage-costume-jewelry-old/7011334521.html,,2019-11-21,US,2019-11-21
Cash Paid 4 Antiques & Household Items, Nov 21, &excats=134-40&min_price=1000000&max_price=2000000, Maryland, Baltimore, For Sale-Wanted, Household, https://baltimore.craigslist.org/hsh/d/cash-paid-4-antiques-household-items/7022417685.html,,2019-11-21,US,2019-11-21
Vintage Kirby Vac&#39;s, Nov 21, &excats=134-40&min_price=1000000&max_price=2000000, Oklahoma, Lawton, For Sale-Wanted, Antique By Owner, https://lawton.craigslist.org/atq/d/lawton-vintage-kirby-vacs/7008706656.html,,2019-11-21,US,2019-11-21
Walkers four wheel with seat & two wheel standard se store for pricing, Nov 21, &excats=134-40&min_price=1000000&max_price=2000000, Oklahoma, Tulsa, For Sale-Wanted, Health And Beauty, https://tulsa.craigslist.org/had/d/tulsa-walkers-four-wheel-with-seat-two/7024489875.html,,2019-11-21,US,2019-11-21
Medical/ handicap equipment used, Nov 21, &excats=134-40&min_price=1000000&max_price=2000000, Oklahoma, Tulsa, For Sale-Wanted, Health And Beauty, https://tulsa.craigslist.org/had/d/tulsa-medical-handicap-equipment-used/7024484818.html,,2019-11-21,US,2019-11-21
===> I BUY iPHONE 11 / 11 PRO / 11 PRO MAX / XS / XR / X / iPAD / MAC, Nov 21, &excats=134-40&min_price=1000000&max_price=2000000, Texas, Austin, For Sale-Wanted, Wanted, https://austin.craigslist.org/wad/d/austin-buy-iphone-pro-11-pro-max-xs-xr/7024247858.html,,2019-11-21,US,2019-11-21
1957 CHEVY BEL AIR CAR OR STATION WAGON FRONT FENDERS, Nov 21, &excats=134-40&min_price=1000000&max_price=2000000, Texas, El Paso, For Sale-Wanted, Auto Parts by Owner, https://elpaso.craigslist.org/pts/d/el-paso-1957-chevy-bel-air-car-or/7012285935.html,,2019-11-21,US,2019-11-21
1967 1968 Mustang Parts, Nov 21, &excats=134-40&min_price=1000000&max_price=2000000, Texas, El Paso, For Sale-Wanted, Auto Parts by Owner, https://elpaso.craigslist.org/pts/d/el-paso-mustang-parts/7015502249.html,,2019-11-21,US,2019-11-21
Looking for 04-08 Acura TL parts., Nov 20, &excats=134-40&min_price=1000000&max_price=2000000, New Mexico, Albuquerque, For Sale-Wanted, Auto Parts by Owner, https://albuquerque.craigslist.org/pts/d/albuquerque-looking-for-acura-tl-parts/7017856281.html,Want,2019-11-20,US,2019-11-21
General Business site, Nov 20, &excats=134-40&min_price=1000000&max_price=2000000, North Carolina, Charlotte, For Sale-Wanted, General, https://charlotte.craigslist.org/for/d/stanfield-general-business-site/7013289244.html,,2019-11-20,US,2019-11-21
commercial lots, Nov 20, &excats=134-40&min_price=1000000&max_price=2000000, North Carolina, Charlotte, For Sale-Wanted, General, https://charlotte.craigslist.org/for/d/stanfield-commercial-lots/7011763812.html,,2019-11-20,US,2019-11-21
HUSQVARNA PUSH MOWER BLACK FRIDAY SAVINGS!!, Nov 20, &excats=134-40&min_price=1000000&max_price=2000000, North Carolina, Charlotte, For Sale-Wanted, Farm and Garden, https://charlotte.craigslist.org/grd/d/lexington-husqvarna-push-mower-black/7023862595.html,,2019-11-20,US,2019-11-21
Burial plots, Nov 20, &excats=134-40&min_price=1000000&max_price=2000000, Pennsylvania, Lancaster, For Sale-Wanted, General, https://reading.craigslist.org/for/d/lancaster-burial-plots/7018463203.html,,2019-11-20,US,2019-11-21
****Metal wanted****, Nov 20, &excats=134-40&min_price=1000000&max_price=2000000, Pennsylvania, Philadelphia, For Sale-Wanted, Wanted, https://philadelphia.craigslist.org/wan/d/metal-wanted/7023602931.html,Want,2019-11-20,US,2019-11-21
!!!3 Tanks for SALE URGENT!, Nov 20, &excats=134-40&min_price=1000000&max_price=2000000, Pennsylvania, Pittsburgh, For Sale-Wanted, General, https://pittsburgh.craigslist.org/for/d/butler-3-tanks-for-sale-urgent/7023873754.html,,2019-11-20,US,2019-11-21
Original pokemon cards, Nov 20, &excats=134-40&min_price=1000000&max_price=2000000, Pennsylvania, Reading, For Sale-Wanted, Collectibles, https://reading.craigslist.org/clt/d/reading-original-pokemon-cards/7024035864.html,,2019-11-20,US,2019-11-21
Burial plots, Nov 20, &excats=134-40&min_price=1000000&max_price=2000000, Pennsylvania, Reading, For Sale-Wanted, General, https://reading.craigslist.org/for/d/lancaster-burial-plots/7018463203.html,,2019-11-20,US,2019-11-21
WE PAY CASH FOR BRAND NEW AND USED SMARTPHONES, Nov 20, &excats=134-40&min_price=1000000&max_price=2000000, California, Los Angeles, For Sale-Wanted, Wanted, https://losangeles.craigslist.org/lac/wad/d/los-angeles-we-pay-cash-for-brand-new/7023984187.html,,2019-11-20,US,2019-11-21
CASH FOR IPHONES !!! CASH FOR IPHONES ANSD SMARTPHONES, Nov 20, &excats=134-40&min_price=1000000&max_price=2000000, California, Los Angeles, For Sale-Wanted, Wanted, https://losangeles.craigslist.org/lac/wad/d/los-angeles-cash-for-iphones-cash-for/7023770620.html,,2019-11-20,US,2019-11-21
Mansion in Beverly Hills, Nov 20, &excats=134-40&min_price=1000000&max_price=2000000, California, Los Angeles, For Sale-Wanted, General, https://losangeles.craigslist.org/sgv/for/d/beverly-hills-mansion-in-beverly-hills/7023662209.html,,2019-11-20,US,2019-11-21
Forklift For Sale 2015 Hyster 8K, Nov 20, &excats=134-40&min_price=1000000&max_price=2000000, California, Los Angeles, For Sale-Wanted, General, https://losangeles.craigslist.org/lac/for/d/huntington-park-forklift-for-sale-2015/7019303485.html,,2019-11-20,US,2019-11-21
Forklift For Sale 2015 Hyster 8K, Nov 20, &excats=134-40&min_price=1000000&max_price=2000000, California, Los Angeles, For Sale-Wanted, General, https://losangeles.craigslist.org/lac/for/d/huntington-park-forklift-for-sale-2015/7014083855.html,,2019-11-20,US,2019-11-21
Want to sell your classic American or European vehicle call me cash -, Nov 20, &excats=134-40&min_price=1000000&max_price=2000000, California, Sacramento, For Sale-Wanted, Wanted, https://sacramento.craigslist.org/wan/d/elk-grove-want-to-sell-your-classic/7023668139.html,Want,2019-11-20,US,2019-11-21
EU Ambassadorship, Nov 20, &excats=134-40&min_price=1000000&max_price=2000000, District of Columbia, Washington, For Sale-Wanted, General, https://washingtondc.craigslist.org/doc/for/d/washington-eu-ambassadorship/7023933368.html,,2019-11-20,US,2019-11-21
Rare Nancy PELOSI & HILLARY CLINTON Bobblehead Dolls, Nov 20, &excats=134-40&min_price=1000000&max_price=2000000, District of Columbia, Washington, For Sale-Wanted, Collectibles, https://washingtondc.craigslist.org/doc/clt/d/sandusky-rare-nancy-pelosi-hillary/7020335132.html,,2019-11-20,US,2019-11-21
FORD 5.4 GT500 & SCJ PARTS, Nov 20, &excats=134-40&min_price=1000000&max_price=2000000, Connecticut, Hartford, For Sale-Wanted, Auto Parts by Owner, https://hartford.craigslist.org/pts/d/gray-ford-54-gt500-scj-parts/7007283639.html,,2019-11-20,US,2019-11-21
CHICAGO BEARS TICKETS AT FACE VALUE - FRONT ROW SEATS IN UNITED CLUB, Nov 20, &excats=134-40&min_price=1000000&max_price=2000000, Illinois, Chicago, For Sale-Wanted, Tickets, https://chicago.craigslist.org/nwi/tix/d/chicago-bears-tickets-at-face-value/7018784538.html,,2019-11-20,US,2019-11-21
EU Ambassadorship, Nov 20, &excats=134-40&min_price=1000000&max_price=2000000, Illinois, Chicago, For Sale-Wanted, General, https://chicago.craigslist.org/chc/for/d/washington-eu-ambassadorship/7023929439.html,,2019-11-20,US,2019-11-21
WANTED FE FORD ENGINES/PARTS  390 391trk 406 410 427 428, Nov 20, &excats=134-40&min_price=1000000&max_price=2000000, Illinois, Chicago, For Sale-Wanted, Wanted, https://chicago.craigslist.org/sox/wan/d/wanted-fe-ford-engines-parts-trk/7011202704.html,Want,2019-11-20,US,2019-11-21
WANTED: TAN CHEVY TRUCK SEATS, Nov 20, &excats=134-40&min_price=1000000&max_price=2000000, Illinois, Chicago, For Sale-Wanted, Wanted, https://chicago.craigslist.org/sox/wan/d/wanted-tan-chevy-truck-seats/7019911958.html,Want,2019-11-20,US,2019-11-21
NEW Semi Trailer Doors (With seals), Nov 20, &excats=134-40&min_price=1000000&max_price=2000000, Illinois, Chicago, For Sale-Wanted, General, https://chicago.craigslist.org/sox/for/d/chicago-new-semi-trailer-doors-with/7009400146.html,,2019-11-20,US,2019-11-21
Miscellaneous items, Nov 20, &excats=134-40&min_price=1000000&max_price=2000000, Illinois, Rockford, For Sale-Wanted, General, https://rockford.craigslist.org/for/d/rockford-miscellaneous-items/7024015674.html,,2019-11-20,US,2019-11-21
Electronics and decor, Nov 20, &excats=134-40&min_price=1000000&max_price=2000000, Illinois, Rockford, For Sale-Wanted, General, https://rockford.craigslist.org/for/d/rockford-electronics-and-decor/7023982017.html,,2019-11-20,US,2019-11-21
Clothing lot, Nov 20, &excats=134-40&min_price=1000000&max_price=2000000, Illinois, Rockford, For Sale-Wanted, General, https://rockford.craigslist.org/for/d/rockford-clothing-lot/7023942196.html,,2019-11-20,US,2019-11-21
DRUMS  Alesis D4&#39;s, Nov 20, &excats=134-40&min_price=1000000&max_price=2000000, Florida, Lakeland, For Sale-Wanted, Musical Instruments, https://lakeland.craigslist.org/msg/d/drums-alesis-d4s/7021969006.html,,2019-11-20,US,2019-11-21
Liquidating 36 Dodge bros Coupe, Nov 20, &excats=134-40&min_price=1000000&max_price=2000000, Colorado, Denver, For Sale-Wanted, Cars And by Dealer, https://denver.craigslist.org/ctd/d/choteau-liquidating-36-dodge-bros-coupe/7023562893.html,,2019-11-20,US,2019-11-21
Toyota can and frame need gone asap, Nov 20, &excats=134-40&min_price=1000000&max_price=2000000, Oregon, Bend, For Sale-Wanted, Auto Parts by Owner, https://bend.craigslist.org/pts/d/powell-butte-toyota-can-and-frame-need/7024133466.html,Want,2019-11-20,US,2019-11-21
1987 toyota pickup, Nov 20, &excats=134-40&min_price=1000000&max_price=2000000, Oregon, Portland, For Sale-Wanted, Auto Parts by Owner, https://portland.craigslist.org/wsc/pts/d/sherwood-1987-toyota-pickup/7019650926.html,,2019-11-20,US,2019-11-21
Blacksmith Tools  large selection Now 15% Off, Nov 20, &excats=134-40&min_price=1000000&max_price=2000000, Oregon, Portland, For Sale-Wanted, Tools, https://portland.craigslist.org/clc/tls/d/boring-blacksmith-tools-large-selection/7011211496.html,,2019-11-20,US,2019-11-21
Fisher minute mount v plow, Nov 20, &excats=134-40&min_price=1000000&max_price=2000000, New York, Rochester, For Sale-Wanted, Auto Parts by Owner, https://rochester.craigslist.org/pts/d/marion-fisher-minute-mount-plow/7024169300.html,,2019-11-20,US,2019-11-21
Wanted-Load to Haul to Arizona??, Nov 20, &excats=134-40&min_price=1000000&max_price=2000000, Montana, Missoula, For Sale-Wanted, Wanted, https://missoula.craigslist.org/wan/d/paradise-wanted-load-to-haul-to-arizona/7005535695.html,Want,2019-11-20,US,2019-11-21
Empty 1 Ton Pickup looking for Load going to Arizona?, Nov 20, &excats=134-40&min_price=1000000&max_price=2000000, Montana, Missoula, For Sale-Wanted, General, https://missoula.craigslist.org/for/d/paradise-empty-1-ton-pickup-looking-for/7005544525.html,Want,2019-11-20,US,2019-11-21
Ca$h For Comic Books/Comics!, Nov 20, &excats=134-40&min_price=1000000&max_price=2000000, Louisiana, Monroe, For Sale-Wanted, Wanted, https://monroe.craigslist.org/wan/d/monroe-cah-for-comic-books-comics/7024177306.html,,2019-11-20,US,2019-11-21
Merc Outboards-Project Motors, Nov 20, &excats=134-40&min_price=1000000&max_price=2000000, Massachusetts, Boston, For Sale-Wanted, Boat Parts, https://boston.craigslist.org/nos/bpo/d/haverhill-merc-outboards-project-motors/7023597514.html,,2019-11-20,US,2019-11-21
Pretty Decorative items!, Nov 20, &excats=134-40&min_price=1000000&max_price=2000000, Ohio, Cincinnati, For Sale-Wanted, General, https://cincinnati.craigslist.org/for/d/mason-pretty-decorative-items/7019287594.html,,2019-11-20,US,2019-11-21
plumbing  threding  bending   cutting, Nov 20, &excats=134-40&min_price=1000000&max_price=2000000, Ohio, Columbus, For Sale-Wanted, Tools, https://columbus.craigslist.org/tls/d/plumbing-threding-bending-cutting/7023997525.html,,2019-11-20,US,2019-11-21
stuff i got for sale or trade, Nov 20, &excats=134-40&min_price=1000000&max_price=2000000, Ohio, Columbus, For Sale-Wanted, General, https://columbus.craigslist.org/for/d/stuff-got-for-sale-or-trade/7023992903.html,,2019-11-20,US,2019-11-21
Buy and Sell 04-09 broken Prius also parts cars, Nov 20, &excats=134-40&min_price=1000000&max_price=2000000, Arizona, Phoenix, For Sale-Wanted, Cars And Trucks, https://phoenix.craigslist.org/nph/cto/d/phoenix-buy-and-sell-broken-prius-also/7023901807.html,,2019-11-20,US,2019-11-21
Drywall Repair / Acoustic removal / Water damage, Nov 20, &excats=134-40&min_price=1000000&max_price=2000000, Arizona, Phoenix, For Sale-Wanted, General, https://phoenix.craigslist.org/wvl/for/d/glendale-drywall-repair-acoustic/7006460145.html,,2019-11-20,US,2019-11-21
Auto shop equipment, Nov 20, &excats=134-40&min_price=1000000&max_price=2000000, Arizona, Phoenix, For Sale-Wanted, Tools, https://phoenix.craigslist.org/evl/tls/d/tempe-auto-shop-equipment/7006601187.html,,2019-11-20,US,2019-11-21
Wanted-Load or Trailer Needing Haul to Arizona?, Nov 20, &excats=134-40&min_price=1000000&max_price=2000000, Arizona, Yuma, For Sale-Wanted, General, https://yuma.craigslist.org/for/d/paradise-wanted-load-or-trailer-needing/7020579834.html,Want,2019-11-20,US,2019-11-21
Ca$h For Comic Books/Comics!, Nov 20, &excats=134-40&min_price=1000000&max_price=2000000, Tennessee, Chattanooga, For Sale-Wanted, Wanted, https://chattanooga.craigslist.org/wan/d/cah-for-comic-books-comics/7024177071.html,,2019-11-20,US,2019-11-21
wanted lego collections cash paid, Nov 20, &excats=134-40&min_price=1000000&max_price=2000000, Tennessee, Knoxville, For Sale-Wanted, Wanted, https://knoxville.craigslist.org/wan/d/maryville-wanted-lego-collections-cash/7024041967.html,Want,2019-11-20,US,2019-11-21
im looking for a good van or truck from 95 or older automatic, Nov 20, &excats=134-40&min_price=1000000&max_price=2000000, Tennessee, Knoxville, For Sale-Wanted, Wanted, https://knoxville.craigslist.org/wan/d/maryville-im-looking-for-good-van-or/7008260570.html,Want,2019-11-20,US,2019-11-21
Ariens snow blower, Nov 20, &excats=134-40&min_price=1000000&max_price=2000000, Michigan, Holland, For Sale-Wanted, Wanted, https://swmi.craigslist.org/wan/d/holland-ariens-snow-blower/7023680780.html,,2019-11-20,US,2019-11-21
One Million Prize Contest, Nov 20, &excats=134-40&min_price=1000000&max_price=2000000, Nevada, Las Vegas, For Sale-Wanted, Baby Kids by Owner, https://lasvegas.craigslist.org/bab/d/las-vegas-one-million-prize-contest/7024202886.html,,2019-11-20,US,2019-11-21
We buy all ROLEX!, Nov 20, &excats=134-40&min_price=1000000&max_price=2000000, Nevada, Las Vegas, For Sale-Wanted, Wanted, https://lasvegas.craigslist.org/wad/d/henderson-we-buy-all-rolex/7024164780.html,,2019-11-20,US,2019-11-21
$$ GUITARS WANTED $$, Nov 20, &excats=134-40&min_price=1000000&max_price=2000000, Nevada, Las Vegas, For Sale-Wanted, Wanted, https://lasvegas.craigslist.org/wan/d/las-vegas-guitars-wanted/7023694747.html,Want,2019-11-20,US,2019-11-21
Ca$h For Comic Books!, Nov 20, &excats=134-40&min_price=1000000&max_price=2000000, Arkansas, Little Rock, For Sale-Wanted, Wanted, https://littlerock.craigslist.org/wan/d/cah-for-comic-books/7023541761.html,,2019-11-20,US,2019-11-21
WTB  Rear Weight Bracket John Deere X700 Series, Nov 20, &excats=134-40&min_price=1000000&max_price=2000000, Iowa, Des Moines, For Sale-Wanted, Farm and Garden, https://desmoines.craigslist.org/grd/d/nevada-wtb-rear-weight-bracket-john/7021946559.html,,2019-11-20,US,2019-11-21
Wanted.. Vintage bikes and pedal cars., Nov 20, &excats=134-40&min_price=1000000&max_price=2000000, Washington, Wenatchee, For Sale-Wanted, Wanted, https://wenatchee.craigslist.org/wan/d/wenatchee-wanted-vintage-bikes-and/7024125130.html,Want,2019-11-20,US,2019-11-21
Fine antiques wanted, Nov 20, &excats=134-40&min_price=1000000&max_price=2000000, Washington, Wenatchee, For Sale-Wanted, Wanted, https://wenatchee.craigslist.org/wan/d/wenatchee-fine-antiques-wanted/7011850991.html,Want,2019-11-20,US,2019-11-21
Furniture-Make me an offer!, Nov 20, &excats=134-40&min_price=1000000&max_price=2000000, Maryland, Frederick, For Sale-Wanted, Furniture, https://frederick.craigslist.org/fuo/d/frederick-furniture-make-me-an-offer/7024158318.html,,2019-11-20,US,2019-11-21
660 Acre Ranch with house Lakes Take a look!, Nov 20, &excats=134-40&min_price=1000000&max_price=2000000, Oklahoma, Oklahoma City, For Sale-Wanted, Farm and Garden, https://oklahomacity.craigslist.org/grd/d/savanna-660-acre-ranch-with-house-lakes/7021139800.html,,2019-11-20,US,2019-11-21
Hunters Paradise 570 Acres of awesome hunting, Nov 20, &excats=134-40&min_price=1000000&max_price=2000000, Oklahoma, Tulsa, For Sale-Wanted, Farm and Garden, https://tulsa.craigslist.org/grd/d/savanna-hunters-paradise-570-acres-of/7021140527.html,,2019-11-20,US,2019-11-21
Antique Sattee, Nov 20, &excats=134-40&min_price=1000000&max_price=2000000, Virginia, Harrisonburg, For Sale-Wanted, Antique By Owner, https://harrisonburg.craigslist.org/atq/d/harrisonburg-antique-sattee/7008433940.html,,2019-11-20,US,2019-11-21
Wanted Golf Cart, Nov 20, &excats=134-40&min_price=1000000&max_price=2000000, Virginia, Richmond, For Sale-Wanted, Antique By Owner, https://richmond.craigslist.org/atq/d/richmond-wanted-golf-cart/7016892204.html,Want,2019-11-20,US,2019-11-21
Wanted Golf Cart, Nov 20, &excats=134-40&min_price=1000000&max_price=2000000, Virginia, Richmond, For Sale-Wanted, Wanted, https://richmond.craigslist.org/wan/d/richmond-wanted-golf-cart/7019170919.html,Want,2019-11-20,US,2019-11-21
Wanted Golf Cart, Nov 20, &excats=134-40&min_price=1000000&max_price=2000000, Virginia, Richmond, For Sale-Wanted, Farm and Garden, https://richmond.craigslist.org/grd/d/richmond-wanted-golf-cart/7014598384.html,Want,2019-11-20,US,2019-11-21
Wanted Golf Cart, Nov 20, &excats=134-40&min_price=1000000&max_price=2000000, Virginia, Richmond, For Sale-Wanted, General, https://richmond.craigslist.org/for/d/richmond-wanted-golf-cart/7022443543.html,Want,2019-11-20,US,2019-11-21
BUYERS: Looking for Surplus in  your area, Nov 20, &excats=134-40&min_price=1000000&max_price=2000000, Mississippi, Jackson, For Sale-Wanted, General, https://jackson.craigslist.org/for/d/clinton-buyers-looking-for-surplus-in/7013708143.html,Want,2019-11-20,US,2019-11-21
FORD 5.4 GT500 & SCJ PARTS, Nov 20, &excats=134-40&min_price=1000000&max_price=2000000, Maine, Maine, For Sale-Wanted, Auto Parts by Owner, https://maine.craigslist.org/pts/d/gray-ford-54-gt500-scj-parts/7007281563.html,,2019-11-20,US,2019-11-21
Moblie home, Nov 20, &excats=134-40&min_price=1000000&max_price=2000000, Maine, Maine, For Sale-Wanted, NA, https://maine.craigslist.org/tro/d/clinton-moblie-home/7023671275.html,,2019-11-20,US,2019-11-21
===> I BUY iPHONE 11 / 11 PRO / 11 PRO MAX / XS / XR / X / iPAD / MAC, Nov 20, &excats=134-40&min_price=1000000&max_price=2000000, Texas, Austin, For Sale-Wanted, Wanted, https://austin.craigslist.org/wad/d/austin-buy-iphone-pro-11-pro-max-xs-xr/7023725423.html,,2019-11-20,US,2019-11-21
===> I BUY iPHONE 11 / 11 PRO / 11 PRO MAX / XS / XR / X / iPAD / MAC, Nov 20, &excats=134-40&min_price=1000000&max_price=2000000, Texas, Austin, For Sale-Wanted, Wanted, https://austin.craigslist.org/wad/d/austin-buy-iphone-pro-11-pro-max-xs-xr/7023599202.html,,2019-11-20,US,2019-11-21
Wanted Old camper, Nov 19, &excats=134-40&min_price=1000000&max_price=2000000, Wisconsin, Janesville, For Sale-Wanted, Wanted, https://janesville.craigslist.org/wan/d/lake-geneva-wanted-old-camper/7010028464.html,Want,2019-11-19,US,2019-11-21
Wanted Old camper, Nov 19, &excats=134-40&min_price=1000000&max_price=2000000, Wisconsin, Madison, For Sale-Wanted, Wanted, https://madison.craigslist.org/wan/d/lake-geneva-wanted-old-camper/7010028909.html,Want,2019-11-19,US,2019-11-21
Wanted Old camper, Nov 19, &excats=134-40&min_price=1000000&max_price=2000000, Wisconsin, Milwaukee, For Sale-Wanted, Wanted, https://milwaukee.craigslist.org/wan/d/milwaukee-wanted-old-camper/7010029264.html,Want,2019-11-19,US,2019-11-21
E bay sellers, Nov 19, &excats=134-40&min_price=1000000&max_price=2000000, Kentucky, Louisville, For Sale-Wanted, Collectibles, https://louisville.craigslist.org/clt/d/louisville-bay-sellers/7023296655.html,,2019-11-19,US,2019-11-21
store wide sale, Nov 19, &excats=134-40&min_price=1000000&max_price=2000000, Kentucky, Louisville, For Sale-Wanted, Antique By Owner, https://louisville.craigslist.org/atq/d/louisville-store-wide-sale/7018615628.html,,2019-11-19,US,2019-11-21
HUSQVARNA PUSH MOWER BLACK FRIDAY SAVINGS!!, Nov 19, &excats=134-40&min_price=1000000&max_price=2000000, North Carolina, Asheville, For Sale-Wanted, Farm and Garden, https://asheville.craigslist.org/grd/d/lexington-husqvarna-push-mower-black/7023186772.html,,2019-11-19,US,2019-11-21
Hunting Dogs Beagles for Sale, Nov 19, &excats=134-40&min_price=1000000&max_price=2000000, North Carolina, Asheville, For Sale-Wanted, General, https://asheville.craigslist.org/for/d/robbinsville-hunting-dogs-beagles-for/7022956537.html,,2019-11-19,US,2019-11-21
WANTED:   Hornets tickets for any games, Nov 19, &excats=134-40&min_price=1000000&max_price=2000000, North Carolina, Charlotte, For Sale-Wanted, Tickets, https://charlotte.craigslist.org/tix/d/wanted-hornets-tickets-for-any-games/7006971436.html,Want,2019-11-19,US,2019-11-21
SILVER(STERLING) ANY TYPE PIECES-HIGHEST PRICES PAID ANYWHERE, Nov 19, &excats=134-40&min_price=1000000&max_price=2000000, North Carolina, Charlotte, For Sale-Wanted, Collectibles, https://charlotte.craigslist.org/clt/d/winston-salem-silversterling-any-type/7003449512.html,,2019-11-19,US,2019-11-21
BOB TIMBERLAKE ORIGINAL PAINTINGS WANTED-TOP DOLLAR PAID, Nov 19, &excats=134-40&min_price=1000000&max_price=2000000, North Carolina, Charlotte, For Sale-Wanted, Art by Owner, https://charlotte.craigslist.org/art/d/huntersville-bob-timberlake-original/7003448724.html,Want,2019-11-19,US,2019-11-21
SILVER STERLING ITEMS(FLATWARE/SERVING PIECES ETC.) WANTED-TOP DOLLAR, Nov 19, &excats=134-40&min_price=1000000&max_price=2000000, North Carolina, Charlotte, For Sale-Wanted, Collectibles, https://charlotte.craigslist.org/clt/d/cornelius-silver-sterling-itemsflatware/7003448924.html,Want,2019-11-19,US,2019-11-21
GOLD COINS-EAGLES/MAPLES/KRUGERRANDS/PANDAS/KANGAROOS-HIGHEST $$$ PAID, Nov 19, &excats=134-40&min_price=1000000&max_price=2000000, North Carolina, Charlotte, For Sale-Wanted, Collectibles, https://charlotte.craigslist.org/clt/d/charlotte-gold-coins-eagles-maples/7016350390.html,,2019-11-19,US,2019-11-21
die cast farm equipment tractors, Nov 19, &excats=134-40&min_price=1000000&max_price=2000000, North Carolina, Charlotte, For Sale-Wanted, Toys And Games, https://charlotte.craigslist.org/tag/d/iron-station-die-cast-farm-equipment/7009099449.html,,2019-11-19,US,2019-11-21
5 H P Briggs Hoz. Motors, Nov 19, &excats=134-40&min_price=1000000&max_price=2000000, North Carolina, Winston-salem, For Sale-Wanted, Wanted, https://winstonsalem.craigslist.org/wan/d/winston-salem-5-p-briggs-hoz-motors/7013938064.html,,2019-11-19,US,2019-11-21
SILVER(STERLING) ANY TYPE PIECES-HIGHEST PRICES PAID ANYWHERE, Nov 19, &excats=134-40&min_price=1000000&max_price=2000000, North Carolina, Winston-salem, For Sale-Wanted, Collectibles, https://charlotte.craigslist.org/clt/d/winston-salem-silversterling-any-type/7003449512.html,,2019-11-19,US,2019-11-21
Wanting To Buy Guitars Basses & Amps, Nov 19, &excats=134-40&min_price=1000000&max_price=2000000, Indiana, Indianapolis, For Sale-Wanted, Musical Instruments, https://indianapolis.craigslist.org/msg/d/wanting-to-buy-guitars-basses-amps/7022978656.html,Want,2019-11-19,US,2019-11-21
WE BUY GOLD SILVER COINS & JEWELRY. TOP DOLLAR CASH ON THE SPOT, Nov 19, &excats=134-40&min_price=1000000&max_price=2000000, Indiana, Indianapolis, For Sale-Wanted, Wanted, https://terrehaute.craigslist.org/wan/d/indianapolis-we-buy-gold-silver-coins/7006703051.html,,2019-11-19,US,2019-11-21
WE BUY GOLD SILVER COINS & JEWELRY. TOP DOLLAR CASH ON THE SPOT, Nov 19, &excats=134-40&min_price=1000000&max_price=2000000, Indiana, Terre Haute, For Sale-Wanted, Wanted, https://terrehaute.craigslist.org/wan/d/indianapolis-we-buy-gold-silver-coins/7006703051.html,,2019-11-19,US,2019-11-21
Waterfront Home and Land for Sale, Nov 19, &excats=134-40&min_price=1000000&max_price=2000000, Pennsylvania, Philadelphia, For Sale-Wanted, General, https://philadelphia.craigslist.org/for/d/tunkhannock-waterfront-home-and-land/7023054714.html,,2019-11-19,US,2019-11-21
****Metal wanted****, Nov 19, &excats=134-40&min_price=1000000&max_price=2000000, Pennsylvania, Philadelphia, For Sale-Wanted, Wanted, https://philadelphia.craigslist.org/wan/d/metal-wanted/7022941642.html,Want,2019-11-19,US,2019-11-21
Cummings 450 motor and trans, Nov 19, &excats=134-40&min_price=1000000&max_price=2000000, Pennsylvania, Pittsburgh, For Sale-Wanted, Heavy Equipment, https://pittsburgh.craigslist.org/hvo/d/aliquippa-cummings-450-motor-and-trans/7023448912.html,,2019-11-19,US,2019-11-21
Buying unwanted taxidermy and antlers, Nov 19, &excats=134-40&min_price=1000000&max_price=2000000, Pennsylvania, Pittsburgh, For Sale-Wanted, Wanted, https://pittsburgh.craigslist.org/wan/d/masontown-buying-unwanted-taxidermy-and/7023397030.html,Want,2019-11-19,US,2019-11-21
ISO Trek 69er size small, Nov 19, &excats=134-40&min_price=1000000&max_price=2000000, Pennsylvania, Williamsport, For Sale-Wanted, Bikes, https://williamsport.craigslist.org/bik/d/montoursville-iso-trek-69er-size-small/7023527066.html,,2019-11-19,US,2019-11-21
0.025mm nickel wire for  sale, Nov 19, &excats=134-40&min_price=1000000&max_price=2000000, California, Los Angeles, For Sale-Wanted, General, https://losangeles.craigslist.org/wst/for/d/santa-monica-0025mm-nickel-wire-for-sale/7023545764.html,,2019-11-19,US,2019-11-21
We buy hino-ud-isuzu-frr npr nrr, Nov 19, &excats=134-40&min_price=1000000&max_price=2000000, California, Los Angeles, For Sale-Wanted, Wanted, https://losangeles.craigslist.org/lac/wan/d/ontario-we-buy-hino-ud-isuzu-frr-npr-nrr/7023424063.html,,2019-11-19,US,2019-11-21
We buy hino-ud-isuzu-frr npr nrr, Nov 19, &excats=134-40&min_price=1000000&max_price=2000000, California, Los Angeles, For Sale-Wanted, Wanted, https://losangeles.craigslist.org/lac/wan/d/ontario-we-buy-hino-ud-isuzu-frr-npr-nrr/7023423951.html,,2019-11-19,US,2019-11-21
Looking For A Buyer, Nov 19, &excats=134-40&min_price=1000000&max_price=2000000, California, Los Angeles, For Sale-Wanted, Wanted, https://losangeles.craigslist.org/sfv/wan/d/los-angeles-looking-for-buyer/7023436082.html,Want,2019-11-19,US,2019-11-21
We buy hino-ud-isuzu-frr npr nrr, Nov 19, &excats=134-40&min_price=1000000&max_price=2000000, California, Los Angeles, For Sale-Wanted, Wanted, https://losangeles.craigslist.org/lac/wan/d/ontario-we-buy-hino-ud-isuzu-frr-npr-nrr/7023423806.html,,2019-11-19,US,2019-11-21
CASH CASH  CASH FOR BRAND NEW AND USED IPHONES, Nov 19, &excats=134-40&min_price=1000000&max_price=2000000, California, Los Angeles, For Sale-Wanted, Wanted, https://losangeles.craigslist.org/lac/wad/d/los-angeles-cash-cash-cash-for-brand/7023389315.html,,2019-11-19,US,2019-11-21
WANTED: BUYER IN TOWN BUYING KEY COMICS AND COLLECTIONS, Nov 19, &excats=134-40&min_price=1000000&max_price=2000000, California, Los Angeles, For Sale-Wanted, Wanted, https://losangeles.craigslist.org/sfv/wan/d/altadena-wanted-buyer-in-town-buying/7020912246.html,Want,2019-11-19,US,2019-11-21
LOCAL COLLECTOR SEEKING COMICS & COLLECTIONS, Nov 19, &excats=134-40&min_price=1000000&max_price=2000000, California, Los Angeles, For Sale-Wanted, Wanted, https://losangeles.craigslist.org/wst/wan/d/local-collector-seeking-comics/7020912483.html,Want,2019-11-19,US,2019-11-21
LIQUIDATION SALE - 50% OFF ENTIRE STORE - LAST DAYS -HOME DEPOT STUFF, Nov 19, &excats=134-40&min_price=1000000&max_price=2000000, California, Sacramento, For Sale-Wanted, Household, https://sacramento.craigslist.org/hsh/d/sacramento-liquidation-sale-50-off/7005478104.html,,2019-11-19,US,2019-11-21
2002 BMW 330i, Nov 19, &excats=134-40&min_price=1000000&max_price=2000000, California, Sacramento, For Sale-Wanted, Auto Parts by Owner, https://sacramento.craigslist.org/pts/d/sacramento-2002-bmw-330i/7005177875.html,,2019-11-19,US,2019-11-21
2002 Ford Explorer Sports, Nov 19, &excats=134-40&min_price=1000000&max_price=2000000, California, Sacramento, For Sale-Wanted, Auto Parts by Owner, https://sacramento.craigslist.org/pts/d/sacramento-2002-ford-explorer-sports/7005529644.html,,2019-11-19,US,2019-11-21
07 Ford f150, Nov 19, &excats=134-40&min_price=1000000&max_price=2000000, California, Sacramento, For Sale-Wanted, Auto Parts by Owner, https://sacramento.craigslist.org/pts/d/07-ford-f150/7005746243.html,,2019-11-19,US,2019-11-21
10 KT GOLD $20.00 PER GRAMS, Nov 19, &excats=134-40&min_price=1000000&max_price=2000000, Georgia, Atlanta, For Sale-Wanted, Wanted, https://atlanta.craigslist.org/nat/wan/d/norcross-10-kt-gold-2000-per-grams/7023461146.html,,2019-11-19,US,2019-11-21
GOLD BUYERS, Nov 19, &excats=134-40&min_price=1000000&max_price=2000000, Georgia, Atlanta, For Sale-Wanted, Wanted, https://atlanta.craigslist.org/nat/wan/d/norcross-gold-buyers/7023417885.html,,2019-11-19,US,2019-11-21
SIMPLY BLOWN OUT, Nov 19, &excats=134-40&min_price=1000000&max_price=2000000, Georgia, Atlanta, For Sale-Wanted, Furniture, https://atlanta.craigslist.org/nat/fuo/d/atlanta-simply-blown-out/7023244832.html,,2019-11-19,US,2019-11-21
VENDOR 26, Nov 19, &excats=134-40&min_price=1000000&max_price=2000000, Georgia, Atlanta, For Sale-Wanted, Furniture, https://atlanta.craigslist.org/nat/fuo/d/atlanta-vendor-26/7023242762.html,,2019-11-19,US,2019-11-21
Looking to buy crashed and damaged motorcycles, Nov 19, &excats=134-40&min_price=1000000&max_price=2000000, Georgia, Atlanta, For Sale-Wanted, Motorcycle Parts, https://atlanta.craigslist.org/atl/mpo/d/atlanta-looking-to-buy-crashed-and/7023145909.html,Want,2019-11-19,US,2019-11-21
BLOWOUT FURNITURE DEALS, Nov 19, &excats=134-40&min_price=1000000&max_price=2000000, Georgia, Atlanta, For Sale-Wanted, Furniture, https://atlanta.craigslist.org/nat/fuo/d/atlanta-blowout-furniture-deals/7023140086.html,,2019-11-19,US,2019-11-21
BLOWOUT FURNITURE DEALS, Nov 19, &excats=134-40&min_price=1000000&max_price=2000000, Georgia, Atlanta, For Sale-Wanted, Furniture, https://atlanta.craigslist.org/nat/fuo/d/atlanta-blowout-furniture-deals/7023147608.html,,2019-11-19,US,2019-11-21
Information theory studies the transmission processing extraction a, Nov 19, &excats=134-40&min_price=1000000&max_price=2000000, District of Columbia, Washington, For Sale-Wanted, Cell Phones, https://washingtondc.craigslist.org/nva/mob/d/falls-church-information-theory-studies/7020010404.html,,2019-11-19,US,2019-11-21
is thought of as a set of possible messages where the goal is to sen, Nov 19, &excats=134-40&min_price=1000000&max_price=2000000, District of Columbia, Washington, For Sale-Wanted, Cell Phones, https://washingtondc.craigslist.org/nva/mob/d/falls-church-is-thought-of-as-set-of/7020009656.html,,2019-11-19,US,2019-11-21
Antique Wood Working Tools, Nov 19, &excats=134-40&min_price=1000000&max_price=2000000, District of Columbia, Washington, For Sale-Wanted, Antique By Owner, https://washingtondc.craigslist.org/mld/atq/d/hagerstown-antique-wood-working-tools/7023341114.html,,2019-11-19,US,2019-11-21
Tanto los avivamientos profesionales como los aficionados de, Nov 19, &excats=134-40&min_price=1000000&max_price=2000000, District of Columbia, Washington, For Sale-Wanted, Cell Phones, https://washingtondc.craigslist.org/doc/mob/d/washington-tanto-los-avivamientos/7006479373.html,,2019-11-19,US,2019-11-21
Tanto los avivamientos profesionales como los aficionados de, Nov 19, &excats=134-40&min_price=1000000&max_price=2000000, District of Columbia, Washington, For Sale-Wanted, Cell Phones, https://washingtondc.craigslist.org/doc/mob/d/washington-tanto-los-avivamientos/7006447896.html,,2019-11-19,US,2019-11-21
WANT TO BUY CHICAGO BEARS TICKETS AT FACE VALUE???, Nov 19, &excats=134-40&min_price=1000000&max_price=2000000, Illinois, Chicago, For Sale-Wanted, Tickets, https://chicago.craigslist.org/nwi/tix/d/crown-point-want-to-buy-chicago-bears/7021787044.html,Want,2019-11-19,US,2019-11-21
1961-1964 Impala wagon misc parts, Nov 19, &excats=134-40&min_price=1000000&max_price=2000000, Illinois, Chicago, For Sale-Wanted, Auto Parts by Owner, https://chicago.craigslist.org/chc/pts/d/chicago-impala-wagon-misc-parts/7023038536.html,,2019-11-19,US,2019-11-21
bob cat toolcat 5600, Nov 19, &excats=134-40&min_price=1000000&max_price=2000000, Illinois, Chicago, For Sale-Wanted, Wanted, https://chicago.craigslist.org/nwc/wan/d/crystal-lake-bob-cat-toolcat-5600/7019691870.html,,2019-11-19,US,2019-11-21
Super Late Model Race Car Parts & More!!, Nov 19, &excats=134-40&min_price=1000000&max_price=2000000, Illinois, Chicago, For Sale-Wanted, Auto Parts by Owner, https://chicago.craigslist.org/wcl/pts/d/elmhurst-super-late-model-race-car/7015129445.html,,2019-11-19,US,2019-11-21
Old Plows, Nov 19, &excats=134-40&min_price=1000000&max_price=2000000, Illinois, Chicago, For Sale-Wanted, Antique By Owner, https://chicago.craigslist.org/sox/atq/d/frankfort-old-plows/7014592916.html,,2019-11-19,US,2019-11-21
Polaris parts scrambler/sportsman/trailboss, Nov 19, &excats=134-40&min_price=1000000&max_price=2000000, Illinois, Chicago, For Sale-Wanted, ATVs UTVs by Owner, https://chicago.craigslist.org/nwi/snw/d/polaris-parts-scrambler-sportsman/7022921511.html,,2019-11-19,US,2019-11-21
EOS 6D MARK II, Nov 19, &excats=134-40&min_price=1000000&max_price=2000000, Florida, Jacksonville, For Sale-Wanted, Electronics, https://jacksonville.craigslist.org/ele/d/middleburg-eos-6d-mark-ii/7018138293.html,,2019-11-19,US,2019-11-21
3 beautiful carousels, Nov 19, &excats=134-40&min_price=1000000&max_price=2000000, Florida, Jacksonville, For Sale-Wanted, Collectibles, https://jacksonville.craigslist.org/clt/d/yulee-3-beautiful-carousels/7022980851.html,,2019-11-19,US,2019-11-21
$30. each non light up plastic penguin, Nov 19, &excats=134-40&min_price=1000000&max_price=2000000, Florida, Orlando, For Sale-Wanted, General, https://orlando.craigslist.org/for/d/30-each-non-light-up-plastic-penguin/7021832677.html,,2019-11-19,US,2019-11-21
17 Cigar Boxes, Nov 19, &excats=134-40&min_price=1000000&max_price=2000000, Missouri, Springfield, For Sale-Wanted, General, https://springfield.craigslist.org/for/d/springfield-17-cigar-boxes/7010325525.html,,2019-11-19,US,2019-11-21
Purchase a Business, Nov 19, &excats=134-40&min_price=1000000&max_price=2000000, Missouri, St Louis, For Sale-Wanted, Wanted, https://stlouis.craigslist.org/wan/d/saint-louis-purchase-business/7023163975.html,,2019-11-19,US,2019-11-21
Antique Lumber, Nov 19, &excats=134-40&min_price=1000000&max_price=2000000, Missouri, St Louis, For Sale-Wanted, Materials, https://stlouis.craigslist.org/mat/d/antique-lumber/7023143760.html,,2019-11-19,US,2019-11-21
1971 1/2 Camaro, Nov 19, &excats=134-40&min_price=1000000&max_price=2000000, Oregon, Portland, For Sale-Wanted, Collectibles, https://portland.craigslist.org/mlt/clt/d/gresham-camaro/7023266471.html,,2019-11-19,US,2019-11-21
Collection of Brass Items for Sale, Nov 19, &excats=134-40&min_price=1000000&max_price=2000000, Nebraska, Lincoln, For Sale-Wanted, Antique By Owner, https://lincoln.craigslist.org/atq/d/lincoln-collection-of-brass-items-for/7016636217.html,,2019-11-19,US,2019-11-21
Adorable puppies, Nov 19, &excats=134-40&min_price=1000000&max_price=2000000, Idaho, East Idaho, For Sale-Wanted, Farm and Garden, https://eastidaho.craigslist.org/grd/d/rigby-adorable-puppies/7023486415.html,,2019-11-19,US,2019-11-21
Iso good  F100TLRA 2002 4 stroke lower unit, Nov 19, &excats=134-40&min_price=1000000&max_price=2000000, Louisiana, New Orleans, For Sale-Wanted, Wanted, https://neworleans.craigslist.org/wan/d/marion-iso-good-f100tlra-stroke-lower/7023469689.html,,2019-11-19,US,2019-11-21
WANTED   MTG  MAGIC THE GATHERING CARDSSETSPROMO&#39;S, Nov 19, &excats=134-40&min_price=1000000&max_price=2000000, Massachusetts, Boston, For Sale-Wanted, Wanted, https://boston.craigslist.org/nos/wan/d/salisbury-wanted-mtg-magic-the/7004385210.html,Want,2019-11-19,US,2019-11-21
Wanting To Buy Guitars Basses & Amps, Nov 19, &excats=134-40&min_price=1000000&max_price=2000000, Ohio, Cincinnati, For Sale-Wanted, Musical Instruments, https://cincinnati.craigslist.org/msg/d/wanting-to-buy-guitars-basses-amps/7022979097.html,Want,2019-11-19,US,2019-11-21
Wanted To Buy: Business, Nov 19, &excats=134-40&min_price=1000000&max_price=2000000, Ohio, Cleveland, For Sale-Wanted, Wanted, https://cleveland.craigslist.org/wan/d/cleveland-wanted-to-buy-business/7023276499.html,Want,2019-11-19,US,2019-11-21
WCC &quot;Jessie James&quot; CHOPPER BIKE FOR PARTS, Nov 19, &excats=134-40&min_price=1000000&max_price=2000000, Ohio, Columbus, For Sale-Wanted, Bike Parts, https://columbus.craigslist.org/bop/d/new-albany-wcc-jessie-james-chopper/7023279510.html,,2019-11-19,US,2019-11-21
2017 Azimut 55S For Sale By MarineMax Ohio, Nov 19, &excats=134-40&min_price=1000000&max_price=2000000, Ohio, Sandusky, For Sale-Wanted, Boat Parts by Dealer, https://sandusky.craigslist.org/bod/d/port-clinton-2017-azimut-55s-for-sale/7023315965.html,,2019-11-19,US,2019-11-21
I Pay Cash for AppleWatches, Nov 19, &excats=134-40&min_price=1000000&max_price=2000000, Kansas, Wichita, For Sale-Wanted, Wanted, https://wichita.craigslist.org/wan/d/wichita-pay-cash-for-applewatches/7023234440.html,,2019-11-19,US,2019-11-21
We buy high end watches and all jewelry! Best cash prices!, Nov 19, &excats=134-40&min_price=1000000&max_price=2000000, Arizona, Phoenix, For Sale-Wanted, Wanted, https://phoenix.craigslist.org/evl/wad/d/phoenix-we-buy-high-end-watches-and-all/7023498545.html,,2019-11-19,US,2019-11-21
9697 chevrolet parts, Nov 19, &excats=134-40&min_price=1000000&max_price=2000000, Tennessee, Knoxville, For Sale-Wanted, Auto Parts by Owner, https://knoxville.craigslist.org/pts/d/newport-9697-chevrolet-parts/7023055449.html,,2019-11-19,US,2019-11-21
2002 Acura mdx liftgate, Nov 19, &excats=134-40&min_price=1000000&max_price=2000000, Tennessee, Knoxville, For Sale-Wanted, Auto Parts by Owner, https://knoxville.craigslist.org/pts/d/2002-acura-mdx-liftgate/7023047358.html,,2019-11-19,US,2019-11-21
Hot wheels, Nov 19, &excats=134-40&min_price=1000000&max_price=2000000, Michigan, Holland, For Sale-Wanted, Collectibles, https://holland.craigslist.org/clt/d/holland-hot-wheels/7023292480.html,,2019-11-19,US,2019-11-21
Ice Fishing Equipment, Nov 19, &excats=134-40&min_price=1000000&max_price=2000000, Iowa, Des Moines, For Sale-Wanted, Sporting Goods, https://desmoines.craigslist.org/spo/d/milo-ice-fishing-equipment/7013440193.html,,2019-11-19,US,2019-11-21
Cash Paid 4 Vintage Costume Jewelry & Old Pocket Watches, Nov 19, &excats=134-40&min_price=1000000&max_price=2000000, Maryland, Baltimore, For Sale-Wanted, Wanted, https://baltimore.craigslist.org/wan/d/cash-paid-4-vintage-costume-jewelry-old/7023013416.html,,2019-11-19,US,2019-11-21
Hunters Paradise 570 Acres of awesome hunting Owner Finance, Nov 19, &excats=134-40&min_price=1000000&max_price=2000000, Oklahoma, Oklahoma City, For Sale-Wanted, Farm and Garden, https://oklahomacity.craigslist.org/grd/d/atoka-hunters-paradise-570-acres-of/7020470351.html,,2019-11-19,US,2019-11-21
loveseatcabinetstablesbednightstands, Nov 19, &excats=134-40&min_price=1000000&max_price=2000000, Oklahoma, Oklahoma City, For Sale-Wanted, Furniture, https://oklahomacity.craigslist.org/fuo/d/oklahoma-city/7005264788.html,,2019-11-19,US,2019-11-21
Vintage Christmas ornaments, Nov 19, &excats=134-40&min_price=1000000&max_price=2000000, Oklahoma, Tulsa, For Sale-Wanted, Wanted, https://tulsa.craigslist.org/wan/d/broken-arrow-vintage-christmas-ornaments/7007271897.html,,2019-11-19,US,2019-11-21
Hunters Paradise 570 Acres of awesome hunting Owner Finance, Nov 19, &excats=134-40&min_price=1000000&max_price=2000000, Oklahoma, Tulsa, For Sale-Wanted, Farm and Garden, https://tulsa.craigslist.org/grd/d/savanna-hunters-paradise-570-acres-of/7016633928.html,,2019-11-19,US,2019-11-21
Do you need extra Christmas cash? Sell me your vintage items, Nov 19, &excats=134-40&min_price=1000000&max_price=2000000, Virginia, Fredericksburg, For Sale-Wanted, Collectibles, https://fredericksburg.craigslist.org/clt/d/fredericksburg-do-you-need-extra/7023184837.html,Want,2019-11-19,US,2019-11-21
Lots of Items stocked for Christmas, Nov 19, &excats=134-40&min_price=1000000&max_price=2000000, Mississippi, Jackson, For Sale-Wanted, Antique By Owner, https://jackson.craigslist.org/atq/d/piney-woods-lots-of-items-stocked-for/7022902282.html,,2019-11-19,US,2019-11-21
Lego new sealed sets, Nov 19, &excats=134-40&min_price=1000000&max_price=2000000, Texas, Austin, For Sale-Wanted, General, https://austin.craigslist.org/for/d/austin-lego-new-sealed-sets/7021978639.html,,2019-11-19,US,2019-11-21
Jc granite and marble, Nov 19, &excats=134-40&min_price=1000000&max_price=2000000, Texas, Austin, For Sale-Wanted, General, https://austin.craigslist.org/for/d/kyle-jc-granite-and-marble/7010683269.html,,2019-11-19,US,2019-11-21
===> I BUY iPHONE 11 / 11 PRO / 11 PRO MAX / XS / XR / X / iPAD / MAC, Nov 19, &excats=134-40&min_price=1000000&max_price=2000000, Texas, Austin, For Sale-Wanted, Wanted, https://austin.craigslist.org/wad/d/austin-buy-iphone-pro-11-pro-max-xs-xr/7023090050.html,,2019-11-19,US,2019-11-21
** I BUY iPHONE 11 PRO X XR XS MAX 8 8 PLUS iPAD MAC $$ NEW or USED $$, Nov 19, &excats=134-40&min_price=1000000&max_price=2000000, Texas, Austin, For Sale-Wanted, Wanted, https://austin.craigslist.org/wad/d/austin-buy-iphone-11-pro-xr-xs-max-8-8/7022943774.html,,2019-11-19,US,2019-11-21
Cattle / Tigerstripe / Brangus, Nov 19, &excats=134-40&min_price=1000000&max_price=2000000, Texas, Houston, For Sale-Wanted, Farm and Garden, https://houston.craigslist.org/grd/d/cattle-tigerstripe-brangus/7021181683.html,,2019-11-19,US,2019-11-21
Christmas lighting, Nov 19, &excats=134-40&min_price=1000000&max_price=2000000, Texas, Lubbock, For Sale-Wanted, Heavy Equipment, https://lubbock.craigslist.org/hvo/d/lubbock-christmas-lighting/7023072551.html,,2019-11-19,US,2019-11-21
Cabinet FULL of Clown Dolls, Nov 18, &excats=134-40&min_price=1000000&max_price=2000000, Wisconsin, La Crosse, For Sale-Wanted, General, https://lacrosse.craigslist.org/for/d/blair-cabinet-full-of-clown-dolls/7022839227.html,,2019-11-18,US,2019-11-21
Tv stand & dining table set., Nov 18, &excats=134-40&min_price=1000000&max_price=2000000, Wisconsin, Milwaukee, For Sale-Wanted, Furniture, https://milwaukee.craigslist.org/fuo/d/milwaukee-tv-stand-dining-table-set/7002836301.html,,2019-11-18,US,2019-11-21
****Metal wanted****, Nov 18, &excats=134-40&min_price=1000000&max_price=2000000, Pennsylvania, Philadelphia, For Sale-Wanted, Wanted, https://philadelphia.craigslist.org/wan/d/metal-wanted/7022247364.html,Want,2019-11-18,US,2019-11-21
Insulin, Nov 18, &excats=134-40&min_price=1000000&max_price=2000000, Pennsylvania, Pittsburgh, For Sale-Wanted, Health And Beauty, https://pittsburgh.craigslist.org/hab/d/pittsburgh-insulin/7022281918.html,,2019-11-18,US,2019-11-21
Humalog / lantus, Nov 18, &excats=134-40&min_price=1000000&max_price=2000000, Pennsylvania, Pittsburgh, For Sale-Wanted, Health And Beauty, https://pittsburgh.craigslist.org/hab/d/pittsburgh-humalog-lantus/7015336097.html,,2019-11-18,US,2019-11-21
CASH JUNK CARS ALL MONROE COUNTY PA REMOVAL SAME DAY, Nov 18, &excats=134-40&min_price=1000000&max_price=2000000, Pennsylvania, Poconos, For Sale-Wanted, Cars And Trucks, https://poconos.craigslist.org/cto/d/east-stroudsburg-cash-junk-cars-all/7022319814.html,,2019-11-18,US,2019-11-21
Looking for Dodge Daytona /Plymouth Superbird project car or barn find, Nov 18, &excats=134-40&min_price=1000000&max_price=2000000, California, Los Angeles, For Sale-Wanted, Wanted, https://losangeles.craigslist.org/sgv/wan/d/looking-for-dodge-daytona-plymouth/7021387968.html,Want,2019-11-18,US,2019-11-21
Cars, Nov 18, &excats=134-40&min_price=1000000&max_price=2000000, California, Los Angeles, For Sale-Wanted, Wanted, https://losangeles.craigslist.org/ant/wan/d/monteview-cars/7021467018.html,,2019-11-18,US,2019-11-21
Wanted Portable Ice Maker, Nov 18, &excats=134-40&min_price=1000000&max_price=2000000, California, Los Angeles, For Sale-Wanted, Appliance by Owner, https://losangeles.craigslist.org/sfv/app/d/winnetka-wanted-portable-ice-maker/7019723755.html,Want,2019-11-18,US,2019-11-21
Forklift For Sale 2015 Hyster 8K, Nov 18, &excats=134-40&min_price=1000000&max_price=2000000, California, Los Angeles, For Sale-Wanted, General, https://losangeles.craigslist.org/lac/for/d/huntington-park-forklift-for-sale-2015/7020515801.html,,2019-11-18,US,2019-11-21
Forklift For Sale 2015 Hyster 8K, Nov 18, &excats=134-40&min_price=1000000&max_price=2000000, California, Los Angeles, For Sale-Wanted, General, https://losangeles.craigslist.org/lac/for/d/huntington-park-forklift-for-sale-2015/7020515055.html,,2019-11-18,US,2019-11-21
2000 mazda mx5 miata parting out  speed, Nov 18, &excats=134-40&min_price=1000000&max_price=2000000, California, Sacramento, For Sale-Wanted, Auto Parts by Owner, https://sacramento.craigslist.org/pts/d/rancho-cordova-2000-mazda-mx5-miata/7006289671.html,,2019-11-18,US,2019-11-21
Wanted Dead Classics Dont junk Donate Your survivor, Nov 18, &excats=134-40&min_price=1000000&max_price=2000000, California, San Diego, For Sale-Wanted, Wanted, https://sandiego.craigslist.org/nsd/wan/d/glendora-wanted-dead-classics-dont-junk/7021381943.html,Want,2019-11-18,US,2019-11-21
Wanted Dead Classics Dont junk Donate Your survivor, Nov 18, &excats=134-40&min_price=1000000&max_price=2000000, California, San Diego, For Sale-Wanted, Wanted, https://sandiego.craigslist.org/nsd/wan/d/glendora-wanted-dead-classics-dont-junk/7021392797.html,Want,2019-11-18,US,2019-11-21
1967 camaro rs, Nov 18, &excats=134-40&min_price=1000000&max_price=2000000, Georgia, Atlanta, For Sale-Wanted, Cars And Trucks, https://atlanta.craigslist.org/nat/cto/d/waynesboro-1967-camaro-rs/7022684318.html,,2019-11-18,US,2019-11-21
DINING ROOM, Nov 18, &excats=134-40&min_price=1000000&max_price=2000000, Georgia, Atlanta, For Sale-Wanted, Furniture, https://atlanta.craigslist.org/atl/fuo/d/atlanta-dining-room/7022311631.html,,2019-11-18,US,2019-11-21
Lighting Light Sale Tons of new lights, Nov 18, &excats=134-40&min_price=1000000&max_price=2000000, Connecticut, New Haven, For Sale-Wanted, Household, https://newhaven.craigslist.org/hsh/d/west-haven-lighting-light-sale-tons-of/7012639024.html,,2019-11-18,US,2019-11-21
LOOKING FOR JACK DANIELS BOTTLES / DISPLAYS / TINS / ECT., Nov 18, &excats=134-40&min_price=1000000&max_price=2000000, Illinois, Chicago, For Sale-Wanted, Wanted, https://chicago.craigslist.org/sox/wan/d/oak-forest-looking-for-jack-daniels/7018424478.html,Want,2019-11-18,US,2019-11-21
Beautiful Oasis, Nov 18, &excats=134-40&min_price=1000000&max_price=2000000, Colorado, Denver, For Sale-Wanted, General, https://denver.craigslist.org/for/d/wheat-ridge-beautiful-oasis/7022452459.html,,2019-11-18,US,2019-11-21
Fine Art, Nov 18, &excats=134-40&min_price=1000000&max_price=2000000, Colorado, Denver, For Sale-Wanted, Antique By Owner, https://denver.craigslist.org/atq/d/denver-fine-art/7018075907.html,,2019-11-18,US,2019-11-21
Antique art, Nov 18, &excats=134-40&min_price=1000000&max_price=2000000, Colorado, Denver, For Sale-Wanted, Antique By Owner, https://denver.craigslist.org/atq/d/dupont-antique-art/7018140773.html,,2019-11-18,US,2019-11-21
Agricultural/Development Land, Nov 18, &excats=134-40&min_price=1000000&max_price=2000000, Utah, Salt Lake City, For Sale-Wanted, Farm and Garden, https://saltlakecity.craigslist.org/grd/d/hyrum-agricultural-development-land/7022467429.html,,2019-11-18,US,2019-11-21
Looking for vintage/older unopened bottles of bourbon rum tequila, Nov 18, &excats=134-40&min_price=1000000&max_price=2000000, Missouri, Kansas City, For Sale-Wanted, General, https://kansascity.craigslist.org/for/d/mission-looking-for-vintage-older/7003941243.html,Want,2019-11-18,US,2019-11-21
Buying excavator  dozers  log loaders any type of heavy equipment, Nov 18, &excats=134-40&min_price=1000000&max_price=2000000, Oregon, Portland, For Sale-Wanted, Wanted, https://portland.craigslist.org/clc/wan/d/oregon-city-buying-excavator-dozers-log/7022693354.html,,2019-11-18,US,2019-11-21
Rat rod heater ect.., Nov 18, &excats=134-40&min_price=1000000&max_price=2000000, Oregon, Portland, For Sale-Wanted, Auto Parts by Owner, https://portland.craigslist.org/clc/pts/d/oregon-city-rat-rod-heater-ect/7022454830.html,,2019-11-18,US,2019-11-21
Suzuki SX4 Transmission and Engine Parts 2007- 2009, Nov 18, &excats=134-40&min_price=1000000&max_price=2000000, Oregon, Portland, For Sale-Wanted, Auto Parts by Owner, https://portland.craigslist.org/nco/pts/d/warrenton-suzuki-sx4-transmission-and/7022288091.html,,2019-11-18,US,2019-11-21
Remote Fly in only, Nov 18, &excats=134-40&min_price=1000000&max_price=2000000, Montana, Billings, For Sale-Wanted, NA, https://billings.craigslist.org/avo/d/central-remote-fly-in-only/7020913831.html,,2019-11-18,US,2019-11-21
2002 Toyota Tacoma parts, Nov 18, &excats=134-40&min_price=1000000&max_price=2000000, Louisiana, Baton Rouge, For Sale-Wanted, Auto Parts by Owner, https://batonrouge.craigslist.org/pts/d/tyro-2002-toyota-tacoma-parts/7022311400.html,,2019-11-18,US,2019-11-21
I Buy iPhones 7 & Newer, Nov 18, &excats=134-40&min_price=1000000&max_price=2000000, Kansas, Wichita, For Sale-Wanted, Wanted, https://wichita.craigslist.org/wan/d/wichita-buy-iphones-7-newer/7022820079.html,,2019-11-18,US,2019-11-21
Franklin Kentucky Commercial Property, Nov 18, &excats=134-40&min_price=1000000&max_price=2000000, Tennessee, Nashville, For Sale-Wanted, General, https://nashville.craigslist.org/for/d/mitchellville-franklin-kentucky/7022762937.html,,2019-11-18,US,2019-11-21
Mantels, Nov 18, &excats=134-40&min_price=1000000&max_price=2000000, Michigan, Holland, For Sale-Wanted, Furniture, https://holland.craigslist.org/fuo/d/holland-mantels/7005971419.html,,2019-11-18,US,2019-11-21
Looking for GI Joe and G.I. Joe items from 1982 to 1994, Nov 18, &excats=134-40&min_price=1000000&max_price=2000000, New Jersey, South Jersey, For Sale-Wanted, Wanted, https://southjersey.craigslist.org/wan/d/looking-for-gi-joe-and-gi-joe-items/7008537856.html,Want,2019-11-18,US,2019-11-21
Surfboards, Nov 18, &excats=134-40&min_price=1000000&max_price=2000000, Delaware, Delaware, For Sale-Wanted, Sporting Goods, https://delaware.craigslist.org/spo/d/newark-surfboards/7007369214.html,,2019-11-18,US,2019-11-21
Wanted Golf Cart, Nov 18, &excats=134-40&min_price=1000000&max_price=2000000, Virginia, Richmond, For Sale-Wanted, Collectibles, https://richmond.craigslist.org/clt/d/richmond-wanted-golf-cart/7019317551.html,Want,2019-11-18,US,2019-11-21
** I BUY iPHONE 11 PRO X XR XS MAX 8 8 PLUS iPAD MAC $$ NEW or USED $$, Nov 18, &excats=134-40&min_price=1000000&max_price=2000000, Texas, Austin, For Sale-Wanted, Wanted, https://austin.craigslist.org/wad/d/austin-buy-iphone-11-pro-xr-xs-max-8-8/7022644480.html,,2019-11-18,US,2019-11-21
** I BUY iPHONE 11 PRO X XR XS MAX 8 8 PLUS iPAD MAC $$ NEW or USED $$, Nov 18, &excats=134-40&min_price=1000000&max_price=2000000, Texas, Austin, For Sale-Wanted, Wanted, https://austin.craigslist.org/wad/d/austin-buy-iphone-11-pro-xr-xs-max-8-8/7022294572.html,,2019-11-18,US,2019-11-21
Land 71.09 Acres Washington County Bluebonnets Live Oaks Spring Creek, Nov 18, &excats=134-40&min_price=1000000&max_price=2000000, Texas, Houston, For Sale-Wanted, Farm and Garden, https://houston.craigslist.org/grd/d/washington-land-7109-acres-washington/7014317382.html,,2019-11-18,US,2019-11-21
Mid Century Vintage Antique Danish Tables Chairs Benches Shelf Bamboo, Nov 18, &excats=134-40&min_price=1000000&max_price=2000000, Texas, Houston, For Sale-Wanted, Furniture, https://houston.craigslist.org/fuo/d/sugar-land-mid-century-vintage-antique/7022555561.html,,2019-11-18,US,2019-11-21
Looking for a 4b Cummins, Nov 17, &excats=134-40&min_price=1000000&max_price=2000000, Wisconsin, Madison, For Sale-Wanted, Farm and Garden, https://madison.craigslist.org/grd/d/deerfield-looking-for-4b-cummins/7021715419.html,Want,2019-11-17,US,2019-11-21
WTB large apartment building investment property, Nov 17, &excats=134-40&min_price=1000000&max_price=2000000, Wisconsin, Milwaukee, For Sale-Wanted, Wanted, https://milwaukee.craigslist.org/wan/d/milwaukee-wtb-large-apartment-building/7022056486.html,,2019-11-17,US,2019-11-21
ONE OF A KIND NFL GAME WORN JERSEY !!!!, Nov 17, &excats=134-40&min_price=1000000&max_price=2000000, Wisconsin, Milwaukee, For Sale-Wanted, Collectibles, https://milwaukee.craigslist.org/clt/d/one-of-kind-nfl-game-worn-jersey/7017298861.html,,2019-11-17,US,2019-11-21
Front Load Washer Dryer Sets Working or Not, Nov 17, &excats=134-40&min_price=1000000&max_price=2000000, New Mexico, Albuquerque, For Sale-Wanted, Wanted, https://albuquerque.craigslist.org/wan/d/albuquerque-front-load-washer-dryer/7021794724.html,,2019-11-17,US,2019-11-21
2017 Toyota Rav 4 LE, Nov 17, &excats=134-40&min_price=1000000&max_price=2000000, North Carolina, Charlotte, For Sale-Wanted, Cars And Trucks, https://charlotte.craigslist.org/cto/d/mooresville-2017-toyota-rav-4-le/7021767072.html,,2019-11-17,US,2019-11-21
1980&#39;s SKATEBOARD Wanted, Nov 17, &excats=134-40&min_price=1000000&max_price=2000000, Indiana, Indianapolis, For Sale-Wanted, Sporting Goods, https://indianapolis.craigslist.org/spo/d/indianapolis-1980s-skateboard-wanted/7022135902.html,Want,2019-11-17,US,2019-11-21
** GOING OUT OF BUSINESS / STORE CLOSING ** MATTRESS STORE SAVE$$$$$, Nov 17, &excats=134-40&min_price=1000000&max_price=2000000, Vermont, Vermont, For Sale-Wanted, Furniture, https://vermont.craigslist.org/fud/d/saint-albans-going-out-of-business/7021806009.html,,2019-11-17,US,2019-11-21
John  Deere mower parts, Nov 17, &excats=134-40&min_price=1000000&max_price=2000000, Vermont, Vermont, For Sale-Wanted, Farm and Garden, https://vermont.craigslist.org/grd/d/lake-pleasant-john-deere-mower-parts/7003212095.html,,2019-11-17,US,2019-11-21
Water Valves & Fittings, Nov 17, &excats=134-40&min_price=1000000&max_price=2000000, Vermont, Vermont, For Sale-Wanted, Farm and Garden, https://vermont.craigslist.org/grd/d/saint-albans-water-valves-fittings/7021728855.html,,2019-11-17,US,2019-11-21
****Metal wanted****, Nov 17, &excats=134-40&min_price=1000000&max_price=2000000, Pennsylvania, Philadelphia, For Sale-Wanted, Wanted, https://philadelphia.craigslist.org/wan/d/metal-wanted/7021878246.html,Want,2019-11-17,US,2019-11-21
Star Wars Collectible Card Game CCG SWCCG Decipher Death Star Hoth, Nov 17, &excats=134-40&min_price=1000000&max_price=2000000, Pennsylvania, Philadelphia, For Sale-Wanted, Wanted, https://philadelphia.craigslist.org/wan/d/collegeville-star-wars-collectible-card/7010999463.html,,2019-11-17,US,2019-11-21
$$$$ CASH PAID $$$ FOR YOUR OLD UNWANTED STUFF, Nov 17, &excats=134-40&min_price=1000000&max_price=2000000, Pennsylvania, Pittsburgh, For Sale-Wanted, Wanted, https://pittsburgh.craigslist.org/wan/d/cranberry-twp-cash-paid-for-your-old/7011238690.html,Want,2019-11-17,US,2019-11-21
Top CASH Paid for Electric Guitars, Nov 17, &excats=134-40&min_price=1000000&max_price=2000000, California, Los Angeles, For Sale-Wanted, Wanted, https://losangeles.craigslist.org/sgv/wan/d/pasadena-top-cash-paid-for-electric/7008519200.html,,2019-11-17,US,2019-11-21
WE PAY CASH FOR BRAND NEW AND USED SMARTPHONES, Nov 17, &excats=134-40&min_price=1000000&max_price=2000000, California, Los Angeles, For Sale-Wanted, Wanted, https://losangeles.craigslist.org/lac/wad/d/los-angeles-we-pay-cash-for-brand-new/7022071884.html,,2019-11-17,US,2019-11-21
TERRY CREWS!! GAME WORN SAN DIEGO CHARGERS JERSEY, Nov 17, &excats=134-40&min_price=1000000&max_price=2000000, California, Los Angeles, For Sale-Wanted, Collectibles, https://losangeles.craigslist.org/lac/clt/d/santa-monica-terry-crews-game-worn-san/7022018514.html,,2019-11-17,US,2019-11-21
TERRY CREWS!! GAME WORN SAN DIEGO CHARGERS JERSEY, Nov 17, &excats=134-40&min_price=1000000&max_price=2000000, California, Los Angeles, For Sale-Wanted, Collectibles, https://losangeles.craigslist.org/sgv/clt/d/pasadena-terry-crews-game-worn-san/7022018219.html,,2019-11-17,US,2019-11-21
Huge Indio moving sale, Nov 17, &excats=134-40&min_price=1000000&max_price=2000000, California, Palm Springs, For Sale-Wanted, Household, https://palmsprings.craigslist.org/hsh/d/indio-huge-indio-moving-sale/7021987766.html,,2019-11-17,US,2019-11-21
TERRY CREWS!! GAME WORN SAN DIEGO CHARGERS JERSEY, Nov 17, &excats=134-40&min_price=1000000&max_price=2000000, California, San Diego, For Sale-Wanted, Collectibles, https://sandiego.craigslist.org/csd/clt/d/san-diego-terry-crews-game-worn-san/7022122452.html,,2019-11-17,US,2019-11-21
Wanted old backpacking stoves, Nov 17, &excats=134-40&min_price=1000000&max_price=2000000, California, Santa Barbara, For Sale-Wanted, Wanted, https://santabarbara.craigslist.org/wan/d/lompoc-wanted-old-backpacking-stoves/7002814095.html,Want,2019-11-17,US,2019-11-21
1994 GMC Envoy Body & Interior, Nov 17, &excats=134-40&min_price=1000000&max_price=2000000, South Carolina, Columbia, For Sale-Wanted, Auto Parts by Owner, https://columbia.craigslist.org/pts/d/leesville-1994-gmc-envoy-body-interior/7006913811.html,,2019-11-17,US,2019-11-21
2017 Wrangler Unlimited Rubicon Hardrock parts, Nov 17, &excats=134-40&min_price=1000000&max_price=2000000, South Carolina, Florence, For Sale-Wanted, Auto Parts by Owner, https://florencesc.craigslist.org/pts/d/johnsonville-2017-wrangler-unlimited/7021907441.html,,2019-11-17,US,2019-11-21
AMERICAN GIRL DOLL ITEMS, Nov 17, &excats=134-40&min_price=1000000&max_price=2000000, Illinois, Chicago, For Sale-Wanted, Toys And Games, https://chicago.craigslist.org/sox/tag/d/lockport-american-girl-doll-items/7021699831.html,,2019-11-17,US,2019-11-21
AMERICAN GIRL DOLL ITEMS, Nov 17, &excats=134-40&min_price=1000000&max_price=2000000, Illinois, Chicago, For Sale-Wanted, Toys And Games, https://chicago.craigslist.org/sox/tag/d/lockport-american-girl-doll-items/7021698112.html,,2019-11-17,US,2019-11-21
TERRY CREWS!! GAME WORN SAN DIEGO CHARGERS JERSEY, Nov 17, &excats=134-40&min_price=1000000&max_price=2000000, Florida, Orlando, For Sale-Wanted, Collectibles, https://orlando.craigslist.org/clt/d/apopka-terry-crews-game-worn-san-diego/7019718170.html,,2019-11-17,US,2019-11-21
Office Furnishing, Nov 17, &excats=134-40&min_price=1000000&max_price=2000000, Missouri, St Louis, For Sale-Wanted, Furniture, https://stlouis.craigslist.org/fuo/d/saint-louis-office-furnishing/7014272003.html,,2019-11-17,US,2019-11-21
LOOKING TO RETIRE/CROP OPERATION FOR SALE/GRAIN BIN SITE/EQUIPMENT/TRU, Nov 17, &excats=134-40&min_price=1000000&max_price=2000000, New York, Binghamton, For Sale-Wanted, Farm and Garden, https://binghamton.craigslist.org/grd/d/little-falls-looking-to-retire-crop/7004322239.html,Want,2019-11-17,US,2019-11-21
LOOKING TO RETIRE/CROP OPERATION FOR SALE/GRAIN BIN SITE/EQUIPMENT/TRU, Nov 17, &excats=134-40&min_price=1000000&max_price=2000000, New York, Finger Lakes, For Sale-Wanted, Farm and Garden, https://fingerlakes.craigslist.org/grd/d/little-falls-looking-to-retire-crop/7004321903.html,Want,2019-11-17,US,2019-11-21
LOOKING TO RETIRE/CROP OPERATION FOR SALE/GRAIN BIN SITE/EQUIPMENT/TRU, Nov 17, &excats=134-40&min_price=1000000&max_price=2000000, New York, Hudson Valley, For Sale-Wanted, Farm and Garden, https://hudsonvalley.craigslist.org/grd/d/little-falls-looking-to-retire-crop/7004322730.html,Want,2019-11-17,US,2019-11-21
Upstate farm surrounded by stateland, Nov 17, &excats=134-40&min_price=1000000&max_price=2000000, New York, Long Island, For Sale-Wanted, General, https://longisland.craigslist.org/for/d/oxford-upstate-farm-surrounded-by/7021860668.html,,2019-11-17,US,2019-11-21
Mid 2015 Macbook Pro Retina trad efor imac, Nov 17, &excats=134-40&min_price=1000000&max_price=2000000, New York, Syracuse, For Sale-Wanted, Computers, https://syracuse.craigslist.org/sys/d/syracuse-mid-2015-macbook-pro-retina/7022124247.html,,2019-11-17,US,2019-11-21
LOOKING TO RETIRE/CROP OPERATION FOR SALE/GRAIN BIN SITE/EQUIPMENT/TRU, Nov 17, &excats=134-40&min_price=1000000&max_price=2000000, New York, Watertown, For Sale-Wanted, Farm and Garden, https://watertown.craigslist.org/grd/d/little-falls-looking-to-retire-crop/7004322469.html,Want,2019-11-17,US,2019-11-21
TERRY CREWS!! GAME WORN SAN DIEGO CHARGERS JERSEY, Nov 17, &excats=134-40&min_price=1000000&max_price=2000000, Louisiana, New Orleans, For Sale-Wanted, Collectibles, https://neworleans.craigslist.org/clt/d/gonzales-terry-crews-game-worn-san/7011918836.html,,2019-11-17,US,2019-11-21
Beer signs, Nov 17, &excats=134-40&min_price=1000000&max_price=2000000, Ohio, Cincinnati, For Sale-Wanted, Antique By Owner, https://cincinnati.craigslist.org/atq/d/lebanon-beer-signs/7020288810.html,,2019-11-17,US,2019-11-21
Misc. Items..., Nov 17, &excats=134-40&min_price=1000000&max_price=2000000, Arizona, Tucson, For Sale-Wanted, General, https://tucson.craigslist.org/for/d/tucson-misc-items/7021988320.html,,2019-11-17,US,2019-11-21
$$ GUITARS WANTED $$, Nov 17, &excats=134-40&min_price=1000000&max_price=2000000, Nevada, Las Vegas, For Sale-Wanted, Wanted, https://lasvegas.craigslist.org/wan/d/las-vegas-guitars-wanted/7021769321.html,Want,2019-11-17,US,2019-11-21
Chickens, Nov 17, &excats=134-40&min_price=1000000&max_price=2000000, Iowa, Ames, For Sale-Wanted, Farm and Garden, https://ames.craigslist.org/grd/d/aledo-chickens/7021754264.html,,2019-11-17,US,2019-11-21
I TAKE FREE YOUR UNWANTED CHICKENS, Nov 17, &excats=134-40&min_price=1000000&max_price=2000000, Washington, Wenatchee, For Sale-Wanted, Farm and Garden, https://wenatchee.craigslist.org/grd/d/east-wenatchee-take-free-your-unwanted/7012607809.html,Want,2019-11-17,US,2019-11-21
is this your last halloween haunt setup? i buy large halloween collect, Nov 17, &excats=134-40&min_price=1000000&max_price=2000000, Virginia, Richmond, For Sale-Wanted, General, https://richmond.craigslist.org/for/d/richmond-is-this-your-last-halloween/7007744293.html,,2019-11-17,US,2019-11-21
seeking lego legos toys more no dealers please easy transaction cash, Nov 17, &excats=134-40&min_price=1000000&max_price=2000000, Virginia, Richmond, For Sale-Wanted, General, https://richmond.craigslist.org/for/d/richmond-seeking-lego-legos-toys-more/7017527555.html,Want,2019-11-17,US,2019-11-21
67 GTO Restoration Parts, Nov 17, &excats=134-40&min_price=1000000&max_price=2000000, Maine, Maine, For Sale-Wanted, Auto Parts by Owner, https://maine.craigslist.org/pts/d/67-gto-restoration-parts/7021819023.html,,2019-11-17,US,2019-11-21
** I BUY iPHONE 11 PRO X XR XS MAX 8 8 PLUS iPAD MAC $$ NEW or USED $$, Nov 17, &excats=134-40&min_price=1000000&max_price=2000000, Texas, Austin, For Sale-Wanted, Wanted, https://austin.craigslist.org/wad/d/austin-buy-iphone-11-pro-xr-xs-max-8-8/7021705356.html,,2019-11-17,US,2019-11-21
TERRY CREWS!! GAME WORN SAN DIEGO CHARGERS JERSEY, Nov 17, &excats=134-40&min_price=1000000&max_price=2000000, Texas, Waco, For Sale-Wanted, Collectibles, https://waco.craigslist.org/clt/d/waco-terry-crews-game-worn-san-diego/7016786212.html,,2019-11-17,US,2019-11-21
Wanted 25 hp, Nov 16, &excats=134-40&min_price=1000000&max_price=2000000, Wisconsin, La Crosse, For Sale-Wanted, Boat Parts, https://lacrosse.craigslist.org/bpo/d/caledonia-wanted-25-hp/7017352409.html,Want,2019-11-16,US,2019-11-21
12 valve CUMMINS and stuff, Nov 16, &excats=134-40&min_price=1000000&max_price=2000000, New Mexico, Albuquerque, For Sale-Wanted, Auto Parts by Owner, https://albuquerque.craigslist.org/pts/d/albuquerque-12-valve-cummins-and-stuff/7021106071.html,,2019-11-16,US,2019-11-21
****Metal wanted****, Nov 16, &excats=134-40&min_price=1000000&max_price=2000000, Pennsylvania, Philadelphia, For Sale-Wanted, Wanted, https://philadelphia.craigslist.org/wan/d/metal-wanted/7021087039.html,Want,2019-11-16,US,2019-11-21
TERRY CREWS!! GAME WORN SAN DIEGO CHARGERS JERSEY, Nov 16, &excats=134-40&min_price=1000000&max_price=2000000, Pennsylvania, Philadelphia, For Sale-Wanted, Collectibles, https://philadelphia.craigslist.org/clt/d/philadelphia-terry-crews-game-worn-san/7021021758.html,,2019-11-16,US,2019-11-21
WANTED 1936-1939 Lincoln Zephyr Coupe OR 4 DOOR SEDAN any Condition, Nov 16, &excats=134-40&min_price=1000000&max_price=2000000, Pennsylvania, Pittsburgh, For Sale-Wanted, Wanted, https://pittsburgh.craigslist.org/wan/d/apollo-wanted-lincoln-zephyr-coupe-or-4/7017408472.html,Want,2019-11-16,US,2019-11-21
$$$$ CASH PAID $$$ FOR YOUR COLLECTIBLES, Nov 16, &excats=134-40&min_price=1000000&max_price=2000000, Pennsylvania, Pittsburgh, For Sale-Wanted, Wanted, https://pittsburgh.craigslist.org/wan/d/cranberry-twp-cash-paid-for-your/7002595835.html,,2019-11-16,US,2019-11-21
ONE OF A KIND NFL GAME WORN JERSEY !!!!, Nov 16, &excats=134-40&min_price=1000000&max_price=2000000, California, Inland Empire, For Sale-Wanted, Collectibles, https://inlandempire.craigslist.org/clt/d/riverside-one-of-kind-nfl-game-worn/7012342294.html,,2019-11-16,US,2019-11-21
Crystal&#39;s minerals  rocks !!, Nov 16, &excats=134-40&min_price=1000000&max_price=2000000, California, Los Angeles, For Sale-Wanted, Antique By Owner, https://losangeles.craigslist.org/sfv/atq/d/northridge-crystals-minerals-rocks/7017466173.html,,2019-11-16,US,2019-11-21
For Sale By Owner-Great Los Angeles Location - Owner Finance Possible, Nov 16, &excats=134-40&min_price=1000000&max_price=2000000, California, Los Angeles, For Sale-Wanted, General, https://losangeles.craigslist.org/lac/for/d/huntington-park-for-sale-by-owner-great/7009615082.html,,2019-11-16,US,2019-11-21
Buying Baseball Football Basketball Cards  Comics  Coins  Knives $$, Nov 16, &excats=134-40&min_price=1000000&max_price=2000000, California, Redding, For Sale-Wanted, General, https://redding.craigslist.org/for/d/redding-buying-baseball-football/7004567612.html,,2019-11-16,US,2019-11-21
Wanted Baseball Football Basketball Cards  Comics  Coins & Knives $$, Nov 16, &excats=134-40&min_price=1000000&max_price=2000000, California, Redding, For Sale-Wanted, Collectibles, https://redding.craigslist.org/clt/d/redding-wanted-baseball-football/7004241358.html,Want,2019-11-16,US,2019-11-21
Alum Radiator Circle track Hot-Rod Chevy Ford, Nov 16, &excats=134-40&min_price=1000000&max_price=2000000, District of Columbia, Washington, For Sale-Wanted, Wanted, https://washingtondc.craigslist.org/nva/wan/d/purcellville-alum-radiator-circle-track/7011988375.html,,2019-11-16,US,2019-11-21
Stewart Warner Police Speedo Ford Roadster Coupe 1932, Nov 16, &excats=134-40&min_price=1000000&max_price=2000000, District of Columbia, Washington, For Sale-Wanted, Auto Parts by Owner, https://washingtondc.craigslist.org/nva/pts/d/stewart-warner-police-speedo-ford/7011980184.html,,2019-11-16,US,2019-11-21
Shrinker/Stretcher Foot Operated, Nov 16, &excats=134-40&min_price=1000000&max_price=2000000, District of Columbia, Washington, For Sale-Wanted, Tools, https://washingtondc.craigslist.org/nva/tls/d/shrinker-stretcher-foot-operated/7011979808.html,,2019-11-16,US,2019-11-21
2005 GMC 2500 HD PARTING OUT 6.0 AUTO 2WHDR GT5 G80 REAR ROT FREE CAB, Nov 16, &excats=134-40&min_price=1000000&max_price=2000000, Connecticut, New Haven, For Sale-Wanted, Auto Parts by Owner, https://newhaven.craigslist.org/pts/d/north-haven-2005-gmc-2500-hd-parting/7005087564.html,,2019-11-16,US,2019-11-21
WANTED COBRA KIT CAR OR PARTS, Nov 16, &excats=134-40&min_price=1000000&max_price=2000000, Illinois, Chicago, For Sale-Wanted, Wanted, https://chicago.craigslist.org/sox/wan/d/oak-lawn-wanted-cobra-kit-car-or-parts/7003107564.html,Want,2019-11-16,US,2019-11-21
ariens parts, Nov 16, &excats=134-40&min_price=1000000&max_price=2000000, Illinois, Chicago, For Sale-Wanted, Wanted, https://chicago.craigslist.org/sox/wan/d/downers-grove-ariens-parts/7021357538.html,,2019-11-16,US,2019-11-21
Cubs 16 Game Package -2020, Nov 16, &excats=134-40&min_price=1000000&max_price=2000000, Illinois, Chicago, For Sale-Wanted, Tickets, https://chicago.craigslist.org/chc/tix/d/chicago-cubs-16-game-package-2020/7021276994.html,,2019-11-16,US,2019-11-21
Notre Dame/Navy tickets wanted, Nov 16, &excats=134-40&min_price=1000000&max_price=2000000, Illinois, Chicago, For Sale-Wanted, Tickets, https://chicago.craigslist.org/chc/tix/d/chicago-notre-dame-navy-tickets-wanted/7021070457.html,Want,2019-11-16,US,2019-11-21
Lots of Nancy Drew Mystery and Hardy boys Books, Nov 16, &excats=134-40&min_price=1000000&max_price=2000000, Missouri, Springfield, For Sale-Wanted, Books, https://springfield.craigslist.org/bks/d/nixa-lots-of-nancy-drew-mystery-and/7011853812.html,,2019-11-16,US,2019-11-21
Hoverround Scooter trade, Nov 16, &excats=134-40&min_price=1000000&max_price=2000000, Oregon, Oregon Coast, For Sale-Wanted, Health And Beauty, https://oregoncoast.craigslist.org/hab/d/coos-bay-hoverround-scooter-trade/7021048217.html,,2019-11-16,US,2019-11-21
2016 KenworthTt660  semi trucks, Nov 16, &excats=134-40&min_price=1000000&max_price=2000000, Oregon, Portland, For Sale-Wanted, Heavy Equipment, https://portland.craigslist.org/mlt/hvo/d/spokane-2016-kenworthtt660-semi-trucks/7007469139.html,,2019-11-16,US,2019-11-21
GAME WORN NFL FOOTBALL  JERSEY -, Nov 16, &excats=134-40&min_price=1000000&max_price=2000000, Oregon, Portland, For Sale-Wanted, Collectibles, https://portland.craigslist.org/clc/clt/d/clackamas-game-worn-nfl-football-jersey/7017840400.html,,2019-11-16,US,2019-11-21
TERRY CREWS!! GAME WORN NFL FOOTBALL JERSEY, Nov 16, &excats=134-40&min_price=1000000&max_price=2000000, New York, Buffalo, For Sale-Wanted, Collectibles, https://buffalo.craigslist.org/clt/d/tonawanda-terry-crews-game-worn-nfl/7016661869.html,,2019-11-16,US,2019-11-21
Your old stuff, Nov 16, &excats=134-40&min_price=1000000&max_price=2000000, New York, Hudson Valley, For Sale-Wanted, Wanted, https://hudsonvalley.craigslist.org/wan/d/newburgh-your-old-stuff/7008333862.html,,2019-11-16,US,2019-11-21
1937-38 & 1940-46 chevy pickup parts, Nov 16, &excats=134-40&min_price=1000000&max_price=2000000, Nebraska, Lincoln, For Sale-Wanted, Auto Parts by Owner, https://lincoln.craigslist.org/pts/d/fort-calhoun-chevy-pickup-parts/7004348966.html,,2019-11-16,US,2019-11-21
Candy Dishes - Most w/ Covers, Nov 16, &excats=134-40&min_price=1000000&max_price=2000000, Massachusetts, South Coast, For Sale-Wanted, Collectibles, https://southcoast.craigslist.org/clt/d/rehoboth-candy-dishes-most-covers/7017812389.html,,2019-11-16,US,2019-11-21
Live edge wood slabs, Nov 16, &excats=134-40&min_price=1000000&max_price=2000000, Ohio, Toledo, For Sale-Wanted, Materials, https://toledo.craigslist.org/mad/d/orland-live-edge-wood-slabs/7021107328.html,,2019-11-16,US,2019-11-21
**OBO**W-Colombia Coat, Nov 16, &excats=134-40&min_price=1000000&max_price=2000000, Kansas, Wichita, For Sale-Wanted, Clothes, https://wichita.craigslist.org/clo/d/augusta-obow-colombia-coat/7021299819.html,,2019-11-16,US,2019-11-21
TERRY CREWS!! GAME WORN SAN DIEGO CHARGERS JERSEY, Nov 16, &excats=134-40&min_price=1000000&max_price=2000000, Arizona, Phoenix, For Sale-Wanted, Collectibles, https://phoenix.craigslist.org/nph/clt/d/scottsdale-terry-crews-game-worn-san/7017294285.html,,2019-11-16,US,2019-11-21
I will buy you car in any shape, Nov 16, &excats=134-40&min_price=1000000&max_price=2000000, New Jersey, South Jersey, For Sale-Wanted, Auto Parts by Owner, https://southjersey.craigslist.org/pts/d/sicklerville-will-buy-you-car-in-any/7006918648.html,,2019-11-16,US,2019-11-21
1969 chevelle fenders wanted, Nov 16, &excats=134-40&min_price=1000000&max_price=2000000, Maryland, Baltimore, For Sale-Wanted, Wanted, https://baltimore.craigslist.org/wan/d/parkville-1969-chevelle-fenders-wanted/7021093262.html,Want,2019-11-16,US,2019-11-21
** I BUY iPHONE 11 PRO X XR XS MAX 8 8 PLUS iPAD MAC $$ NEW or USED $$, Nov 16, &excats=134-40&min_price=1000000&max_price=2000000, Texas, Austin, For Sale-Wanted, Wanted, https://austin.craigslist.org/wad/d/austin-buy-iphone-11-pro-xr-xs-max-8-8/7021093354.html,,2019-11-16,US,2019-11-21
Kanye @ Lakewod, Nov 16, &excats=134-40&min_price=1000000&max_price=2000000, Texas, Houston, For Sale-Wanted, Tickets, https://houston.craigslist.org/tix/d/houston-kanye-lakewod/7021627175.html,,2019-11-16,US,2019-11-21
Everglades 335 Clearance Priced!!!, Nov 16, &excats=134-40&min_price=1000000&max_price=2000000, Texas, Houston, For Sale-Wanted, Boat Parts by Dealer, https://houston.craigslist.org/bod/d/seabrook-everglades-335-clearance-priced/7021453843.html,,2019-11-16,US,2019-11-21
Pleasant Company/American Girl/Bitty Baby Indoor sale by Appointment, Nov 15, &excats=134-40&min_price=1000000&max_price=2000000, Wisconsin, Madison, For Sale-Wanted, Toys And Games, https://madison.craigslist.org/tag/d/stoughton-pleasant-company-american/7020977801.html,,2019-11-15,US,2019-11-21
Pleasant Company/American Girl/Bitty Baby Indoor sale by Appointment, Nov 15, &excats=134-40&min_price=1000000&max_price=2000000, Wisconsin, Madison, For Sale-Wanted, Baby Kids by Owner, https://madison.craigslist.org/bab/d/stoughton-pleasant-company-american/7020975275.html,,2019-11-15,US,2019-11-21
Steel deck, Nov 15, &excats=134-40&min_price=1000000&max_price=2000000, New Mexico, Albuquerque, For Sale-Wanted, Materials, https://albuquerque.craigslist.org/mat/d/albuquerque-steel-deck/7021041705.html,,2019-11-15,US,2019-11-21
1971-1978 SOHC HONDA CB750 HANDLEBAR CONTROLS, Nov 15, &excats=134-40&min_price=1000000&max_price=2000000, Indiana, Indianapolis, For Sale-Wanted, Motorcycle Parts, https://indianapolis.craigslist.org/mpo/d/troy-sohc-honda-cb750-handlebar-controls/7020484963.html,,2019-11-15,US,2019-11-21
Acura tl 06 Parts navigation, Nov 15, &excats=134-40&min_price=1000000&max_price=2000000, Pennsylvania, Harrisburg, For Sale-Wanted, Auto Parts by Owner, https://harrisburg.craigslist.org/pts/d/acura-tl-06-parts-navigation/7012016911.html,,2019-11-15,US,2019-11-21
****Metal wanted****, Nov 15, &excats=134-40&min_price=1000000&max_price=2000000, Pennsylvania, Philadelphia, For Sale-Wanted, Wanted, https://philadelphia.craigslist.org/wan/d/metal-wanted/7020424428.html,Want,2019-11-15,US,2019-11-21
$$$$ CASH PAID $$$ FOR YOUR OLD UNWANTED STUFF, Nov 15, &excats=134-40&min_price=1000000&max_price=2000000, Pennsylvania, Pittsburgh, For Sale-Wanted, Wanted, https://pittsburgh.craigslist.org/wan/d/cranberry-twp-cash-paid-for-your-old/7015073718.html,Want,2019-11-15,US,2019-11-21
Ed jeweler Cash 4 Gold, Nov 15, &excats=134-40&min_price=1000000&max_price=2000000, California, Los Angeles, For Sale-Wanted, Wanted, https://losangeles.craigslist.org/ant/wan/d/palmdale-ed-jeweler-cash-4-gold/7020960668.html,,2019-11-15,US,2019-11-21
SELLING A BRAND NEW OR USED IPHONE FOR CASH?!?!?, Nov 15, &excats=134-40&min_price=1000000&max_price=2000000, California, Los Angeles, For Sale-Wanted, Wanted, https://losangeles.craigslist.org/lac/wad/d/los-angeles-selling-brand-new-or-used/7020525529.html,,2019-11-15,US,2019-11-21
Local and mobile ROLEX buying service!, Nov 15, &excats=134-40&min_price=1000000&max_price=2000000, California, Sacramento, For Sale-Wanted, Wanted, https://sacramento.craigslist.org/wad/d/sacramento-local-and-mobile-rolex/7020872892.html,,2019-11-15,US,2019-11-21
TERRY CREWS!! GAME WORN SAN DIEGO CHARGERS JERSEY, Nov 15, &excats=134-40&min_price=1000000&max_price=2000000, California, San Diego, For Sale-Wanted, Collectibles, https://sandiego.craigslist.org/csd/clt/d/san-diego-terry-crews-game-worn-san/7016781418.html,,2019-11-15,US,2019-11-21
MAILBOX CUSTOM MADE, Nov 15, &excats=134-40&min_price=1000000&max_price=2000000, Georgia, Atlanta, For Sale-Wanted, General, https://atlanta.craigslist.org/atl/for/d/atlanta-mailbox-custom-made/7020545351.html,,2019-11-15,US,2019-11-21
STAR WARS ACTION FIGURES OPEN BOX, Nov 15, &excats=134-40&min_price=1000000&max_price=2000000, Georgia, Atlanta, For Sale-Wanted, Collectibles, https://atlanta.craigslist.org/atl/clt/d/atlanta-star-wars-action-figures-open/7020542320.html,,2019-11-15,US,2019-11-21
SUPERMAN, Nov 15, &excats=134-40&min_price=1000000&max_price=2000000, Georgia, Atlanta, For Sale-Wanted, Collectibles, https://atlanta.craigslist.org/atl/clt/d/atlanta-superman/7020539820.html,,2019-11-15,US,2019-11-21
GI JOE, Nov 15, &excats=134-40&min_price=1000000&max_price=2000000, Georgia, Atlanta, For Sale-Wanted, Collectibles, https://atlanta.craigslist.org/atl/clt/d/atlanta-gi-joe/7020535856.html,,2019-11-15,US,2019-11-21
Buying Commercial Cleaning Equipment, Nov 15, &excats=134-40&min_price=1000000&max_price=2000000, Connecticut, Hartford, For Sale-Wanted, Wanted, https://hartford.craigslist.org/wan/d/attleboro-falls-buying-commercial/7020800393.html,,2019-11-15,US,2019-11-21
TERRY CREWS!! GAME WORN SAN DIEGO CHARGERS JERSEY, Nov 15, &excats=134-40&min_price=1000000&max_price=2000000, Illinois, Chicago, For Sale-Wanted, Collectibles, https://chicago.craigslist.org/nch/clt/d/skokie-terry-crews-game-worn-san-diego/7016517775.html,,2019-11-15,US,2019-11-21
1973 1975 Chevy caprice misc items, Nov 15, &excats=134-40&min_price=1000000&max_price=2000000, Illinois, Chicago, For Sale-Wanted, Auto Parts by Owner, https://chicago.craigslist.org/wcl/pts/d/chicago-chevy-caprice-misc-items/7020674993.html,,2019-11-15,US,2019-11-21
ONE OF A KIND!!  San Diego Chargers Game Worn Jersey, Nov 15, &excats=134-40&min_price=1000000&max_price=2000000, Missouri, Kansas City, For Sale-Wanted, Collectibles, https://kansascity.craigslist.org/clt/d/one-of-kind-san-diego-chargers-game/7017863287.html,,2019-11-15,US,2019-11-21
Lots of great puzzles and board games to choose from, Nov 15, &excats=134-40&min_price=1000000&max_price=2000000, Missouri, Springfield, For Sale-Wanted, Toys And Games, https://springfield.craigslist.org/tag/d/nixa-lots-of-great-puzzles-and-board/7011728440.html,,2019-11-15,US,2019-11-21
Just in Fiestaware Mixed Colors plates and bowls, Nov 15, &excats=134-40&min_price=1000000&max_price=2000000, Missouri, Springfield, For Sale-Wanted, Household, https://springfield.craigslist.org/hsh/d/nixa-just-in-fiestaware-mixed-colors/7011177478.html,,2019-11-15,US,2019-11-21
Signs at Belleville, Nov 15, &excats=134-40&min_price=1000000&max_price=2000000, Missouri, St Louis, For Sale-Wanted, Antique By Owner, https://stlouis.craigslist.org/atq/d/litchfield-signs-at-belleville/7020866661.html,,2019-11-15,US,2019-11-21
Chandalar Lake, Nov 15, &excats=134-40&min_price=1000000&max_price=2000000, Alaska, Fairbanks, For Sale-Wanted, NA, https://fairbanks.craigslist.org/avo/d/central-chandalar-lake/7002360711.html,,2019-11-15,US,2019-11-21
Buying Commercial Cleaning Equipment, Nov 15, &excats=134-40&min_price=1000000&max_price=2000000, Massachusetts, Boston, For Sale-Wanted, Wanted, https://boston.craigslist.org/nos/wan/d/attleboro-falls-buying-commercial/7020616586.html,,2019-11-15,US,2019-11-21
1971-1978 HONDA SOHC HANDLEBAR CONTROLS, Nov 15, &excats=134-40&min_price=1000000&max_price=2000000, Ohio, Columbus, For Sale-Wanted, Motorcycle Parts, https://columbus.craigslist.org/mpo/d/troy-honda-sohc-handlebar-controls/7020485241.html,,2019-11-15,US,2019-11-21
Wtb snow plow for 98 1500, Nov 15, &excats=134-40&min_price=1000000&max_price=2000000, Ohio, Toledo, For Sale-Wanted, Auto Parts by Owner, https://toledo.craigslist.org/pts/d/little-bullhead-wtb-snow-plow-for/7019024447.html,,2019-11-15,US,2019-11-21
68 Nova rolling body Southern car, Nov 15, &excats=134-40&min_price=1000000&max_price=2000000, Ohio, Toledo, For Sale-Wanted, Auto Parts by Owner, https://toledo.craigslist.org/pts/d/eatonton-68-nova-rolling-body-southern/7020686348.html,,2019-11-15,US,2019-11-21
Honda CB750 7/8&quot; Motorcycle Handlebars - OEM & Aftermarket, Nov 15, &excats=134-40&min_price=1000000&max_price=2000000, Ohio, Toledo, For Sale-Wanted, Motorcycle Parts, https://toledo.craigslist.org/mpo/d/troy-honda-cb-motorcycle-handlebars-oem/7016056657.html,,2019-11-15,US,2019-11-21
Honda CB750 7/8&quot; Motorcycle Handlebars - OEM & Aftermarket, Nov 15, &excats=134-40&min_price=1000000&max_price=2000000, Ohio, Toledo, For Sale-Wanted, Motorcycle Parts, https://toledo.craigslist.org/mpo/d/troy-honda-cb-motorcycle-handlebars-oem/7016057228.html,,2019-11-15,US,2019-11-21
I Buy AppleWatches and Othe Newer Electronics, Nov 15, &excats=134-40&min_price=1000000&max_price=2000000, Kansas, Wichita, For Sale-Wanted, Wanted, https://wichita.craigslist.org/wan/d/wichita-buy-applewatches-and-othe-newer/7020787978.html,,2019-11-15,US,2019-11-21
Can anyone please help me out here??, Nov 15, &excats=134-40&min_price=1000000&max_price=2000000, Michigan, Kalamazoo, For Sale-Wanted, General, https://kalamazoo.craigslist.org/for/d/nazareth-can-anyone-please-help-me-out/7005039400.html,Want,2019-11-15,US,2019-11-21
Can anyone please help me out here??, Nov 15, &excats=134-40&min_price=1000000&max_price=2000000, Michigan, Kalamazoo, For Sale-Wanted, Furniture, https://kalamazoo.craigslist.org/fuo/d/nazareth-can-anyone-please-help-me-out/7005040332.html,Want,2019-11-15,US,2019-11-21
Saturday Collectibles Vintage Nicknacks Warehouse Sale, Nov 15, &excats=134-40&min_price=1000000&max_price=2000000, Nevada, Las Vegas, For Sale-Wanted, Collectibles, https://lasvegas.craigslist.org/clt/d/las-vegas-saturday-collectibles-vintage/7007396115.html,,2019-11-15,US,2019-11-21
Saturday Warehouse Sale! Gadgets electronics 50-75% OFF, Nov 15, &excats=134-40&min_price=1000000&max_price=2000000, Nevada, Las Vegas, For Sale-Wanted, Household, https://lasvegas.craigslist.org/hsh/d/las-vegas-saturday-warehouse-sale/7002290306.html,,2019-11-15,US,2019-11-21
over 1000 Items Antiques collectibles vintage  warehouse sale Saturday, Nov 15, &excats=134-40&min_price=1000000&max_price=2000000, Nevada, Las Vegas, For Sale-Wanted, Antique By Owner, https://lasvegas.craigslist.org/atq/d/las-vegas-over-1000-items-antiques/7002290762.html,,2019-11-15,US,2019-11-21
Over 1000 collectibles and vintage Warehouse Sale Saturday, Nov 15, &excats=134-40&min_price=1000000&max_price=2000000, Nevada, Las Vegas, For Sale-Wanted, General, https://lasvegas.craigslist.org/for/d/las-vegas-over-1000-collectibles-and/7002388571.html,,2019-11-15,US,2019-11-21
??????Saturday Sale 50-75% OFF new AMZ electronics Warehouse Liquidation, Nov 15, &excats=134-40&min_price=1000000&max_price=2000000, Nevada, Las Vegas, For Sale-Wanted, Electronics, https://lasvegas.craigslist.org/ele/d/las-vegas-saturday-sale-off-new-amz/7006811563.html,,2019-11-15,US,2019-11-21
Collection of antiques vintage and rare ITEMS Saturday SALE, Nov 15, &excats=134-40&min_price=1000000&max_price=2000000, Nevada, Las Vegas, For Sale-Wanted, Collectibles, https://lasvegas.craigslist.org/clt/d/las-vegas-collection-of-antiques/7011926859.html,,2019-11-15,US,2019-11-21
Over 1000 collectibles and vintage Warehouse Sale Saturday, Nov 15, &excats=134-40&min_price=1000000&max_price=2000000, Nevada, Las Vegas, For Sale-Wanted, Antique By Owner, https://lasvegas.craigslist.org/atq/d/las-vegas-over-1000-collectibles-and/7011924691.html,,2019-11-15,US,2019-11-21
Audiophile vintage collection top shelf gear, Nov 15, &excats=134-40&min_price=1000000&max_price=2000000, Washington, Bellingham, For Sale-Wanted, Electronics, https://bellingham.craigslist.org/ele/d/blaine-audiophile-vintage-collection/7020854141.html,,2019-11-15,US,2019-11-21
Cash Paid 4 Antiques & Household Items, Nov 15, &excats=134-40&min_price=1000000&max_price=2000000, Maryland, Baltimore, For Sale-Wanted, Household, https://baltimore.craigslist.org/hsh/d/cash-paid-4-antiques-household-items/7000692258.html,,2019-11-15,US,2019-11-21
TERRY CREWS!! GAME WORN SAN DIEGO CHARGERS JERSEY, Nov 15, &excats=134-40&min_price=1000000&max_price=2000000, Texas, Austin, For Sale-Wanted, Collectibles, https://austin.craigslist.org/clt/d/austin-terry-crews-game-worn-san-diego/7016517393.html,,2019-11-15,US,2019-11-21
** I BUY iPHONE 11 PRO X XR XS MAX 8 8 PLUS iPAD MAC $$ NEW or USED $$, Nov 15, &excats=134-40&min_price=1000000&max_price=2000000, Texas, Austin, For Sale-Wanted, Wanted, https://austin.craigslist.org/wad/d/austin-buy-iphone-11-pro-xr-xs-max-8-8/7020426935.html,,2019-11-15,US,2019-11-21
wtd lexus / camry / avalon wheels, Nov 15, &excats=134-40&min_price=1000000&max_price=2000000, Texas, Houston, For Sale-Wanted, NA, https://houston.craigslist.org/wto/d/lumberton-wtd-lexus-camry-avalon-wheels/7020711238.html,,2019-11-15,US,2019-11-21
Cabinets Desk Tables., Nov 15, &excats=134-40&min_price=1000000&max_price=2000000, Texas, Lubbock, For Sale-Wanted, Furniture, https://lubbock.craigslist.org/fuo/d/lubbock-cabinets-desk-tables/7020475033.html,,2019-11-15,US,2019-11-21
Gas Can, Nov 14, &excats=134-40&min_price=1000000&max_price=2000000, Wisconsin, Wausau, For Sale-Wanted, Antique By Owner, https://wausau.craigslist.org/atq/d/wausau-gas-can/7020187634.html,,2019-11-14,US,2019-11-21
Valve Cover Breather, Nov 14, &excats=134-40&min_price=1000000&max_price=2000000, Wisconsin, Wausau, For Sale-Wanted, Auto Parts by Owner, https://wausau.craigslist.org/pts/d/wausau-valve-cover-breather/7020184982.html,,2019-11-14,US,2019-11-21
****Metal wanted****, Nov 14, &excats=134-40&min_price=1000000&max_price=2000000, Pennsylvania, Philadelphia, For Sale-Wanted, Wanted, https://philadelphia.craigslist.org/wan/d/metal-wanted/7019783888.html,Want,2019-11-14,US,2019-11-21
ATV Repairs, Nov 14, &excats=134-40&min_price=1000000&max_price=2000000, Pennsylvania, Pittsburgh, For Sale-Wanted, ATVs UTVs by Owner, https://pittsburgh.craigslist.org/snw/d/cranberry-atv-repairs/7020276988.html,,2019-11-14,US,2019-11-21
Justin Bieber&#39;s USED Lucky Tighty Whitey&#39;s I stole from his stall!, Nov 14, &excats=134-40&min_price=1000000&max_price=2000000, California, Los Angeles, For Sale-Wanted, Collectibles, https://losangeles.craigslist.org/wst/clt/d/beverly-hills-justin-biebers-used-lucky/7019746299.html,,2019-11-14,US,2019-11-21
Chevy Emblems, Nov 14, &excats=134-40&min_price=1000000&max_price=2000000, California, Sacramento, For Sale-Wanted, Auto Parts by Owner, https://sacramento.craigslist.org/pts/d/citrus-heights-chevy-emblems/7017818725.html,,2019-11-14,US,2019-11-21
1967-69 firebirdparts shifter new seat covers, Nov 14, &excats=134-40&min_price=1000000&max_price=2000000, California, San Diego, For Sale-Wanted, Auto Parts by Owner, https://sandiego.craigslist.org/csd/pts/d/san-diego-firebirdparts-shifter-new/7020149629.html,,2019-11-14,US,2019-11-21
1967 Corvette 427 PartsSeats & hood also 66 parts, Nov 14, &excats=134-40&min_price=1000000&max_price=2000000, California, San Diego, For Sale-Wanted, Auto Parts by Owner, https://sandiego.craigslist.org/csd/pts/d/san-diego-1967-corvette-427-partsseats/7020148800.html,,2019-11-14,US,2019-11-21
KIA SOUL FOR PARTS 2.0, Nov 14, &excats=134-40&min_price=1000000&max_price=2000000, California, San Diego, For Sale-Wanted, Auto Parts by Owner, https://sandiego.craigslist.org/csd/pts/d/san-diego-kia-soul-for-parts-20/7001496263.html,,2019-11-14,US,2019-11-21
NISSAN SENTRA FOR PARTS, Nov 14, &excats=134-40&min_price=1000000&max_price=2000000, California, San Diego, For Sale-Wanted, Auto Parts by Owner, https://sandiego.craigslist.org/csd/pts/d/san-diego-nissan-sentra-for-parts/7001497910.html,,2019-11-14,US,2019-11-21
JEEP GRAND CHEROKEE LAREDO 2013 3.6 FOR PARTS, Nov 14, &excats=134-40&min_price=1000000&max_price=2000000, California, San Diego, For Sale-Wanted, Auto Parts by Owner, https://sandiego.craigslist.org/csd/pts/d/san-diego-jeep-grand-cherokee-laredo/7001495951.html,,2019-11-14,US,2019-11-21
TOYOTA SIENNA 2014 XLE 3.5 FOR PARTS ONLY, Nov 14, &excats=134-40&min_price=1000000&max_price=2000000, California, San Diego, For Sale-Wanted, Auto Parts by Owner, https://sandiego.craigslist.org/csd/pts/d/san-diego-toyota-sienna-2014-xle-35-for/7001492669.html,,2019-11-14,US,2019-11-21
$$$$WANTED ALL FINE WATCHES $$$$$$$, Nov 14, &excats=134-40&min_price=1000000&max_price=2000000, District of Columbia, Washington, For Sale-Wanted, Jewelry, https://washingtondc.craigslist.org/mld/jwl/d/wanted-all-fine-watches/7019774566.html,Want,2019-11-14,US,2019-11-21
Williams wall heater, Nov 14, &excats=134-40&min_price=1000000&max_price=2000000, Illinois, Chicago, For Sale-Wanted, Appliance by Owner, https://chicago.craigslist.org/chc/app/d/chicago-williams-wall-heater/7020372288.html,,2019-11-14,US,2019-11-21
Professional hair color, Nov 14, &excats=134-40&min_price=1000000&max_price=2000000, Florida, Orlando, For Sale-Wanted, Health And Beauty, https://orlando.craigslist.org/hab/d/clarcona-professional-hair-color/7019774689.html,,2019-11-14,US,2019-11-21
1977 harley ironhead parts, Nov 14, &excats=134-40&min_price=1000000&max_price=2000000, Colorado, Denver, For Sale-Wanted, Motorcycle Parts, https://denver.craigslist.org/mpo/d/denver-1977-harley-ironhead-parts/7019753350.html,,2019-11-14,US,2019-11-21
Gas pump two Candy Machines, Nov 14, &excats=134-40&min_price=1000000&max_price=2000000, Missouri, Joplin, For Sale-Wanted, Antique By Owner, https://fayar.craigslist.org/atq/d/joplin-gas-pump-two-candy-machines/7020256678.html,,2019-11-14,US,2019-11-21
GOOD SAM PARK CAMPING RV metal sign logo nameplate badge trim decor, Nov 14, &excats=134-40&min_price=1000000&max_price=2000000, Missouri, Springfield, For Sale-Wanted, General, https://springfield.craigslist.org/for/d/nixa-good-sam-park-camping-rv-metal/7010762665.html,,2019-11-14,US,2019-11-21
Tools and shop items, Nov 14, &excats=134-40&min_price=1000000&max_price=2000000, Oregon, Bend, For Sale-Wanted, Wanted, https://bend.craigslist.org/wan/d/bend-tools-and-shop-items/7015259012.html,,2019-11-14,US,2019-11-21
GE WASHER for parts or scrap wcvh6800j2ww, Nov 14, &excats=134-40&min_price=1000000&max_price=2000000, New York, Albany, For Sale-Wanted, Appliance by Owner, https://albany.craigslist.org/app/d/albany-ge-washer-for-parts-or-scrap/7014523459.html,,2019-11-14,US,2019-11-21
Snowmen/plants/and more, Nov 14, &excats=134-40&min_price=1000000&max_price=2000000, New York, Glens Falls, For Sale-Wanted, General, https://glensfalls.craigslist.org/for/d/granville-snowmen-plants-and-more/7020158134.html,,2019-11-14,US,2019-11-21
cushman parts, Nov 14, &excats=134-40&min_price=1000000&max_price=2000000, Nebraska, Lincoln, For Sale-Wanted, Wanted, https://lincoln.craigslist.org/wan/d/raymond-cushman-parts/7020244044.html,,2019-11-14,US,2019-11-21
89 toyota pickup parts, Nov 14, &excats=134-40&min_price=1000000&max_price=2000000, Idaho, East Idaho, For Sale-Wanted, Auto Parts by Owner, https://eastidaho.craigslist.org/pts/d/arco-89-toyota-pickup-parts/7020005838.html,,2019-11-14,US,2019-11-21
Wanted: European Sports Cars projects or finished!, Nov 14, &excats=134-40&min_price=1000000&max_price=2000000, Massachusetts, Boston, For Sale-Wanted, Wanted, https://boston.craigslist.org/gbs/wan/d/chelsea-wanted-european-sports-cars/7019774174.html,Want,2019-11-14,US,2019-11-21
Ferrari-Lancia-Maserati-Lamborghini, Nov 14, &excats=134-40&min_price=1000000&max_price=2000000, Massachusetts, Boston, For Sale-Wanted, Wanted, https://boston.craigslist.org/gbs/wan/d/chelsea-ferrari-lancia-maserati/7019772821.html,,2019-11-14,US,2019-11-21
Parting: 63 Chevy pick up with title, Nov 14, &excats=134-40&min_price=1000000&max_price=2000000, Arizona, Tucson, For Sale-Wanted, Auto Parts by Owner, https://tucson.craigslist.org/pts/d/lake-havasu-city-parting-63-chevy-pick/7019789397.html,,2019-11-14,US,2019-11-21
MCM Conant Ball Furniture, Nov 14, &excats=134-40&min_price=1000000&max_price=2000000, Michigan, Holland, For Sale-Wanted, Furniture, https://holland.craigslist.org/fuo/d/holland-mcm-conant-ball-furniture/7020131405.html,,2019-11-14,US,2019-11-21
Conant Ball furniture, Nov 14, &excats=134-40&min_price=1000000&max_price=2000000, Michigan, Holland, For Sale-Wanted, Furniture, https://kalamazoo.craigslist.org/fuo/d/holland-conant-ball-furniture/7020127718.html,,2019-11-14,US,2019-11-21
Conant Ball furniture, Nov 14, &excats=134-40&min_price=1000000&max_price=2000000, Michigan, Kalamazoo, For Sale-Wanted, Furniture, https://kalamazoo.craigslist.org/fuo/d/holland-conant-ball-furniture/7020127718.html,,2019-11-14,US,2019-11-21
Celestron spotting scope, Nov 14, &excats=134-40&min_price=1000000&max_price=2000000, New Jersey, South Jersey, For Sale-Wanted, Sporting Goods, https://southjersey.craigslist.org/spo/d/cologne-celestron-spotting-scope/7012481410.html,,2019-11-14,US,2019-11-21
Estate Sale, Nov 14, &excats=134-40&min_price=1000000&max_price=2000000, Virginia, Richmond, For Sale-Wanted, Furniture, https://richmond.craigslist.org/fuo/d/richmond-estate-sale/7020285853.html,,2019-11-14,US,2019-11-21
Christmas decor Galore! Everything Christmas!, Nov 14, &excats=134-40&min_price=1000000&max_price=2000000, Virginia, Richmond, For Sale-Wanted, Household, https://richmond.craigslist.org/hsh/d/richmond-christmas-decor-galore/7020132608.html,,2019-11-14,US,2019-11-21
** I BUY iPHONE 11 PRO X XR XS MAX 8 8 PLUS iPAD MAC $$ NEW or USED $$, Nov 14, &excats=134-40&min_price=1000000&max_price=2000000, Texas, Austin, For Sale-Wanted, Wanted, https://austin.craigslist.org/wad/d/austin-buy-iphone-11-pro-xr-xs-max-8-8/7019778719.html,,2019-11-14,US,2019-11-21
Huge amounts of everything, Nov 13, &excats=134-40&min_price=1000000&max_price=2000000, Indiana, Fort Wayne, For Sale-Wanted, General, https://fortwayne.craigslist.org/for/d/auburn-huge-amounts-of-everything/7018205715.html,,2019-11-13,US,2019-11-21
Restaurant for sale, Nov 13, &excats=134-40&min_price=1000000&max_price=2000000, Pennsylvania, Philadelphia, For Sale-Wanted, General, https://philadelphia.craigslist.org/for/d/philadelphia-restaurant-for-sale/7019669430.html,,2019-11-13,US,2019-11-21
****Metal wanted****, Nov 13, &excats=134-40&min_price=1000000&max_price=2000000, Pennsylvania, Philadelphia, For Sale-Wanted, Wanted, https://philadelphia.craigslist.org/wan/d/metal-wanted/7019125798.html,Want,2019-11-13,US,2019-11-21
CASH CASH CASH FOR YIUR SMARTPHONES, Nov 13, &excats=134-40&min_price=1000000&max_price=2000000, California, Los Angeles, For Sale-Wanted, Wanted, https://losangeles.craigslist.org/lac/wad/d/los-angeles-cash-cash-cash-for-yiur/7019437592.html,,2019-11-13,US,2019-11-21
Help find this truck, Nov 13, &excats=134-40&min_price=1000000&max_price=2000000, California, Redding, For Sale-Wanted, Wanted, https://redding.craigslist.org/wan/d/shasta-lake-help-find-this-truck/7019720940.html,Want,2019-11-13,US,2019-11-21
Aluminum frame windows, Nov 13, &excats=134-40&min_price=1000000&max_price=2000000, Illinois, Peoria, For Sale-Wanted, Farm and Garden, https://peoria.craigslist.org/grd/d/peoria-aluminum-frame-windows/7014435827.html,,2019-11-13,US,2019-11-21
Just in redlines matchbox johnny lighting lindberg & more, Nov 13, &excats=134-40&min_price=1000000&max_price=2000000, Missouri, Springfield, For Sale-Wanted, Toys And Games, https://springfield.craigslist.org/tag/d/nixa-just-in-redlines-matchbox-johnny/7009716727.html,,2019-11-13,US,2019-11-21
WANTED FISHING RODS REELS AND TACKLE TOP DOLLAR PAID, Nov 13, &excats=134-40&min_price=1000000&max_price=2000000, New York, Long Island, For Sale-Wanted, Wanted, https://longisland.craigslist.org/wan/d/wanted-fishing-rods-reels-and-tackle/7000979882.html,Want,2019-11-13,US,2019-11-21
WANTED FISHING RODS REELS AND TACKLE TOP DOLLAR PAID, Nov 13, &excats=134-40&min_price=1000000&max_price=2000000, New York, Long Island, For Sale-Wanted, Wanted, https://longisland.craigslist.org/wan/d/wanted-fishing-rods-reels-and-tackle/7010906478.html,Want,2019-11-13,US,2019-11-21
2018 CrossRoads Sunset Trail Super Lite 210FK, Nov 13, &excats=134-40&min_price=1000000&max_price=2000000, Ohio, Toledo, For Sale-Wanted, RVs, https://toledo.craigslist.org/rvd/d/saginaw-2018-crossroads-sunset-trail/7019439900.html,,2019-11-13,US,2019-11-21
320 acres of prime hunting ground, Nov 13, &excats=134-40&min_price=1000000&max_price=2000000, Kansas, Wichita, For Sale-Wanted, Farm and Garden, https://wichita.craigslist.org/grd/d/320-acres-of-prime-hunting-ground/7019572415.html,,2019-11-13,US,2019-11-21
320 acres of prime hunting ground, Nov 13, &excats=134-40&min_price=1000000&max_price=2000000, Kansas, Wichita, For Sale-Wanted, Farm and Garden, https://wichita.craigslist.org/grd/d/320-acres-of-prime-hunting-ground/7019561688.html,,2019-11-13,US,2019-11-21
I Buy iPhones 7 & Newer, Nov 13, &excats=134-40&min_price=1000000&max_price=2000000, Kansas, Wichita, For Sale-Wanted, Wanted, https://wichita.craigslist.org/wan/d/wichita-buy-iphones-7-newer/7019300768.html,,2019-11-13,US,2019-11-21
I Buy MacBooks and Other Electronics, Nov 13, &excats=134-40&min_price=1000000&max_price=2000000, Kansas, Wichita, For Sale-Wanted, Wanted, https://wichita.craigslist.org/wan/d/wichita-buy-macbooks-and-other/7019297132.html,,2019-11-13,US,2019-11-21
Turquoise Stone Wanted, Nov 13, &excats=134-40&min_price=1000000&max_price=2000000, Arizona, Tucson, For Sale-Wanted, Wanted, https://tucson.craigslist.org/wan/d/tucson-turquoise-stone-wanted/7001709336.html,Want,2019-11-13,US,2019-11-21
Collection of antiques vintage and rare ITEMS Saturday SALE, Nov 13, &excats=134-40&min_price=1000000&max_price=2000000, Nevada, Las Vegas, For Sale-Wanted, General, https://lasvegas.craigslist.org/for/d/las-vegas-collection-of-antiques/7015230591.html,,2019-11-13,US,2019-11-21
I Buy Rv & Motorhome free dinner card, Nov 13, &excats=134-40&min_price=1000000&max_price=2000000, Arkansas, Little Rock, For Sale-Wanted, RVs, https://littlerock.craigslist.org/rvs/d/north-little-rock-buy-rv-motorhome-free/7019337391.html,,2019-11-13,US,2019-11-21
** I BUY iPHONE 11 PRO X XR XS MAX 8 8 PLUS iPAD MAC $$ NEW or USED $$, Nov 13, &excats=134-40&min_price=1000000&max_price=2000000, Texas, Austin, For Sale-Wanted, Wanted, https://austin.craigslist.org/wad/d/austin-buy-iphone-11-pro-xr-xs-max-8-8/7019251187.html,,2019-11-13,US,2019-11-21
** I BUY iPHONE 11 PRO X XR XS MAX 8 8 PLUS iPAD MAC $$ NEW or USED $$, Nov 13, &excats=134-40&min_price=1000000&max_price=2000000, Texas, Austin, For Sale-Wanted, Wanted, https://austin.craigslist.org/wad/d/austin-buy-iphone-11-pro-xr-xs-max-8-8/7019122374.html,,2019-11-13,US,2019-11-21
Christmas decoration and more  horizon, Nov 13, &excats=134-40&min_price=1000000&max_price=2000000, Texas, El Paso, For Sale-Wanted, General, https://elpaso.craigslist.org/for/d/el-paso-christmas-decoration-and-more/7014168404.html,,2019-11-13,US,2019-11-21
Baskets, Nov 12, &excats=134-40&min_price=1000000&max_price=2000000, Wisconsin, Wausau, For Sale-Wanted, Farm and Garden, https://wausau.craigslist.org/grd/d/wausau-baskets/7018980404.html,,2019-11-12,US,2019-11-21
Boards, Nov 12, &excats=134-40&min_price=1000000&max_price=2000000, Wisconsin, Wausau, For Sale-Wanted, Materials, https://wausau.craigslist.org/mat/d/wausau-boards/7018980507.html,,2019-11-12,US,2019-11-21
2007 Toyota Tacoma, Nov 12, &excats=134-40&min_price=1000000&max_price=2000000, North Carolina, Asheville, For Sale-Wanted, ATVs UTVs by Owner, https://asheville.craigslist.org/snw/d/hartford-2007-toyota-tacoma/7018964927.html,,2019-11-12,US,2019-11-21
1969 SS chevelle, Nov 12, &excats=134-40&min_price=1000000&max_price=2000000, North Carolina, Charlotte, For Sale-Wanted, Cars And Trucks, https://charlotte.craigslist.org/cto/d/hickory-1969-ss-chevelle/7018864191.html,,2019-11-12,US,2019-11-21
****Metal wanted****, Nov 12, &excats=134-40&min_price=1000000&max_price=2000000, Pennsylvania, Philadelphia, For Sale-Wanted, Wanted, https://philadelphia.craigslist.org/wan/d/metal-wanted/7018451416.html,Want,2019-11-12,US,2019-11-21
Baby Items, Nov 12, &excats=134-40&min_price=1000000&max_price=2000000, Pennsylvania, Pittsburgh, For Sale-Wanted, Baby Kids by Owner, https://pittsburgh.craigslist.org/bab/d/baby-items/7018785242.html,,2019-11-12,US,2019-11-21
WE PAY CASH FOR BRAND NEW AND USED SMARTPHONES, Nov 12, &excats=134-40&min_price=1000000&max_price=2000000, California, Los Angeles, For Sale-Wanted, Wanted, https://losangeles.craigslist.org/lac/wad/d/los-angeles-we-pay-cash-for-brand-new/7018900070.html,,2019-11-12,US,2019-11-21
Real Estate House, Nov 12, &excats=134-40&min_price=1000000&max_price=2000000, California, Santa Barbara, For Sale-Wanted, Household, https://santabarbara.craigslist.org/hsh/d/santa-barbara-real-estate-house/7019070710.html,,2019-11-12,US,2019-11-21
10 KT GOLD $20.00 PER GRAMS, Nov 12, &excats=134-40&min_price=1000000&max_price=2000000, Georgia, Atlanta, For Sale-Wanted, Wanted, https://atlanta.craigslist.org/nat/wan/d/norcross-10-kt-gold-2000-per-grams/7018847413.html,,2019-11-12,US,2019-11-21
Moving Sale! Need gone asap!, Nov 12, &excats=134-40&min_price=1000000&max_price=2000000, Colorado, Denver, For Sale-Wanted, Furniture, https://denver.craigslist.org/fuo/d/arvada-moving-sale-need-gone-asap/7019043880.html,Want,2019-11-12,US,2019-11-21
Wanted old vw beetle parts parts cars any condition, Nov 12, &excats=134-40&min_price=1000000&max_price=2000000, Missouri, Joplin, For Sale-Wanted, Auto Parts by Owner, https://joplin.craigslist.org/pts/d/joplin-wanted-old-vw-beetle-parts-parts/7011963134.html,Want,2019-11-12,US,2019-11-21
Aquarium Supplies, Nov 12, &excats=134-40&min_price=1000000&max_price=2000000, Montana, Kalispell, For Sale-Wanted, General, https://kalispell.craigslist.org/for/d/columbia-falls-aquarium-supplies/7018946030.html,,2019-11-12,US,2019-11-21
Hallmark Collectors Ornament Garage Sale!, Nov 12, &excats=134-40&min_price=1000000&max_price=2000000, Tennessee, Knoxville, For Sale-Wanted, General, https://knoxville.craigslist.org/for/d/maryville-hallmark-collectors-ornament/7018767402.html,,2019-11-12,US,2019-11-21
JDM USED HIGH QUALITY JAPANESE ENGINE TRANSMISSIONS MOTORS & PARTS -, Nov 12, &excats=134-40&min_price=1000000&max_price=2000000, Nevada, Las Vegas, For Sale-Wanted, Auto Parts by Dealer, https://lasvegas.craigslist.org/ptd/d/buena-park-jdm-used-high-quality/7018670583.html,,2019-11-12,US,2019-11-21
Knives - Swiss Army, Nov 12, &excats=134-40&min_price=1000000&max_price=2000000, New Jersey, South Jersey, For Sale-Wanted, Sporting Goods, https://southjersey.craigslist.org/spo/d/knives-swiss-army/7008310032.html,,2019-11-12,US,2019-11-21
Walkers four wheel with seat & two wheel standard se store for pricing, Nov 12, &excats=134-40&min_price=1000000&max_price=2000000, Oklahoma, Tulsa, For Sale-Wanted, Health And Beauty, https://tulsa.craigslist.org/had/d/tulsa-walkers-four-wheel-with-seat-two/7018864084.html,,2019-11-12,US,2019-11-21
Medical/ handicap equipment used, Nov 12, &excats=134-40&min_price=1000000&max_price=2000000, Oklahoma, Tulsa, For Sale-Wanted, Health And Beauty, https://tulsa.craigslist.org/had/d/tulsa-medical-handicap-equipment-used/7018863073.html,,2019-11-12,US,2019-11-21
** I BUY iPHONE 11 PRO X XR XS MAX 8 8 PLUS iPAD MAC $$ NEW or USED $$, Nov 12, &excats=134-40&min_price=1000000&max_price=2000000, Texas, Austin, For Sale-Wanted, Wanted, https://austin.craigslist.org/wad/d/austin-buy-iphone-11-pro-xr-xs-max-8-8/7018598676.html,,2019-11-12,US,2019-11-21
** I BUY iPHONE 11 PRO X XR XS MAX 8 8 PLUS iPAD MAC $$ NEW or USED $$, Nov 12, &excats=134-40&min_price=1000000&max_price=2000000, Texas, Austin, For Sale-Wanted, Wanted, https://austin.craigslist.org/wad/d/austin-buy-iphone-11-pro-xr-xs-max-8-8/7018454952.html,,2019-11-12,US,2019-11-21
40&#39; Container Hauler Trailers, Nov 12, &excats=134-40&min_price=1000000&max_price=2000000, Texas, Houston, For Sale-Wanted, Heavy Equipment, https://houston.craigslist.org/hvo/d/houston-40-container-hauler-trailers/7009638708.html,,2019-11-12,US,2019-11-21
Chainsaws for sale!!!, Nov 11, &excats=134-40&min_price=1000000&max_price=2000000, Wisconsin, Northern Wi, For Sale-Wanted, Tools, https://northernwi.craigslist.org/tls/d/rhinelander-chainsaws-for-sale/7013472852.html,,2019-11-11,US,2019-11-21
Baseball and Football Pants, Nov 11, &excats=134-40&min_price=1000000&max_price=2000000, Indiana, Indianapolis, For Sale-Wanted, Baby Kids by Owner, https://indianapolis.craigslist.org/bab/d/baseball-and-football-pants/7008164642.html,,2019-11-11,US,2019-11-21
****Metal wanted****, Nov 11, &excats=134-40&min_price=1000000&max_price=2000000, Pennsylvania, Philadelphia, For Sale-Wanted, Wanted, https://philadelphia.craigslist.org/wan/d/metal-wanted/7017765173.html,Want,2019-11-11,US,2019-11-21
We buy collectibles, Nov 11, &excats=134-40&min_price=1000000&max_price=2000000, California, Inland Empire, For Sale-Wanted, Wanted, https://inlandempire.craigslist.org/wan/d/anaheim-we-buy-collectibles/7013001406.html,,2019-11-11,US,2019-11-21
WE PAY CASH FOR BRAND NEW AND USED IPHONES, Nov 11, &excats=134-40&min_price=1000000&max_price=2000000, California, Los Angeles, For Sale-Wanted, Wanted, https://losangeles.craigslist.org/lac/wad/d/los-angeles-we-pay-cash-for-brand-new/7018347292.html,,2019-11-11,US,2019-11-21
WE PAY CASH FOR BRAND NEW AND USED IPHONES, Nov 11, &excats=134-40&min_price=1000000&max_price=2000000, California, Los Angeles, For Sale-Wanted, Wanted, https://losangeles.craigslist.org/lac/wad/d/los-angeles-we-pay-cash-for-brand-new/7018293101.html,,2019-11-11,US,2019-11-21
??? Wat D Duck Say Win she Bought LIPSTICK???TREE REMOVAL TREE SERVICE, Nov 11, &excats=134-40&min_price=1000000&max_price=2000000, Georgia, Atlanta, For Sale-Wanted, Farm and Garden, https://atlanta.craigslist.org/nat/grq/d/marietta-wat-duck-say-win-she-bought/7017805422.html,,2019-11-11,US,2019-11-21
Florence SC unrestricted land for sale, Nov 11, &excats=134-40&min_price=1000000&max_price=2000000, South Carolina, Florence, For Sale-Wanted, Farm and Garden, https://florencesc.craigslist.org/grd/d/florence-sc-unrestricted-land-for-sale/7018321878.html,,2019-11-11,US,2019-11-21
Wedding decor, Nov 11, &excats=134-40&min_price=1000000&max_price=2000000, Illinois, Peoria, For Sale-Wanted, General, https://chambana.craigslist.org/for/d/peoria-wedding-decor/7018207084.html,,2019-11-11,US,2019-11-21
2003 chevy 5.3 engine and transmission, Nov 11, &excats=134-40&min_price=1000000&max_price=2000000, New York, Hudson Valley, For Sale-Wanted, Auto Parts by Owner, https://hudsonvalley.craigslist.org/pts/d/liberty-2003-chevy-53-engine-and/7017805356.html,,2019-11-11,US,2019-11-21
2005 F250, Nov 11, &excats=134-40&min_price=1000000&max_price=2000000, Louisiana, New Orleans, For Sale-Wanted, Cars And Trucks, https://neworleans.craigslist.org/cto/d/covington-2005-f250/7017883912.html,,2019-11-11,US,2019-11-21
Toyota Corolla, Nov 11, &excats=134-40&min_price=1000000&max_price=2000000, Ohio, Columbus, For Sale-Wanted, NA, https://columbus.craigslist.org/wto/d/lancaster-toyota-corolla/7018284554.html,,2019-11-11,US,2019-11-21
Shimano Stradic Fishing Reels, Nov 11, &excats=134-40&min_price=1000000&max_price=2000000, Ohio, Columbus, For Sale-Wanted, Sporting Goods, https://columbus.craigslist.org/spo/d/hilliard-shimano-stradic-fishing-reels/7013335835.html,,2019-11-11,US,2019-11-21
I Bu AppleWatches and Other Newer Electronics, Nov 11, &excats=134-40&min_price=1000000&max_price=2000000, Kansas, Wichita, For Sale-Wanted, Wanted, https://wichita.craigslist.org/wan/d/wichita-bu-applewatches-and-other-newer/7018339068.html,,2019-11-11,US,2019-11-21
I Buy iPhones & Newer Electronics, Nov 11, &excats=134-40&min_price=1000000&max_price=2000000, Kansas, Wichita, For Sale-Wanted, Wanted, https://wichita.craigslist.org/wan/d/wichita-buy-iphones-newer-electronics/7018322437.html,,2019-11-11,US,2019-11-21
FastFairHomeBuyer.com, Nov 11, &excats=134-40&min_price=1000000&max_price=2000000, Kansas, Wichita, For Sale-Wanted, Wanted, https://wichita.craigslist.org/wan/d/fastfairhomebuyercom/7016701777.html,,2019-11-11,US,2019-11-21
HOCKEY GEAR PHOTOS #2, Nov 11, &excats=134-40&min_price=1000000&max_price=2000000, Washington, Bellingham, For Sale-Wanted, Sporting Goods, https://bellingham.craigslist.org/spo/d/blaine-hockey-gear-photos-2/7018046069.html,,2019-11-11,US,2019-11-21
Hockey Gear New/Like New, Nov 11, &excats=134-40&min_price=1000000&max_price=2000000, Washington, Bellingham, For Sale-Wanted, Sporting Goods, https://bellingham.craigslist.org/spo/d/surrey-hockey-gear-new-like-new/7018044653.html,,2019-11-11,US,2019-11-21
Black Friday Specials Are Here!!!, Nov 11, &excats=134-40&min_price=1000000&max_price=2000000, Maryland, Baltimore, For Sale-Wanted, Toys And Games, https://baltimore.craigslist.org/tag/d/fulton-black-friday-specials-are-here/7018129700.html,,2019-11-11,US,2019-11-21
420 Acres Roping Arena House and Barns, Nov 11, &excats=134-40&min_price=1000000&max_price=2000000, Oklahoma, Tulsa, For Sale-Wanted, Farm and Garden, https://tulsa.craigslist.org/grd/d/preston-420-acres-roping-arena-house/7018162071.html,,2019-11-11,US,2019-11-21
G.I.JOE&#39;s wanted all kinds, Nov 11, &excats=134-40&min_price=1000000&max_price=2000000, Virginia, Fredericksburg, For Sale-Wanted, Wanted, https://fredericksburg.craigslist.org/wan/d/fredericksburg-gijoes-wanted-all-kinds/7003102578.html,Want,2019-11-11,US,2019-11-21
** I BUY iPHONE 11 PRO X XR XS MAX 8 8 PLUS iPAD MAC $$ NEW or USED $$, Nov 11, &excats=134-40&min_price=1000000&max_price=2000000, Texas, Austin, For Sale-Wanted, Wanted, https://austin.craigslist.org/wad/d/austin-buy-iphone-11-pro-xr-xs-max-8-8/7017926921.html,,2019-11-11,US,2019-11-21
** I BUY iPHONE 11 PRO X XR XS MAX 8 8 PLUS iPAD MAC $$ NEW or USED $$, Nov 11, &excats=134-40&min_price=1000000&max_price=2000000, Texas, Austin, For Sale-Wanted, Wanted, https://austin.craigslist.org/wad/d/austin-buy-iphone-11-pro-xr-xs-max-8-8/7017765208.html,,2019-11-11,US,2019-11-21
WINTERIZE YOUR BOAT AND MOTOR, Nov 11, &excats=134-40&min_price=1000000&max_price=2000000, Texas, Houston, For Sale-Wanted, Boat Parts by Dealer, https://houston.craigslist.org/bod/d/houston-winterize-your-boat-and-motor/7018220174.html,,2019-11-11,US,2019-11-21
Bulk Clothing, Nov 10, &excats=134-40&min_price=1000000&max_price=2000000, North Carolina, Asheville, For Sale-Wanted, Clothes, https://asheville.craigslist.org/clo/d/dacula-bulk-clothing/7017668849.html,,2019-11-10,US,2019-11-21
Bulk Clothing, Nov 10, &excats=134-40&min_price=1000000&max_price=2000000, North Carolina, Charlotte, For Sale-Wanted, Clothes, https://charlotte.craigslist.org/clo/d/dacula-bulk-clothing/7017668058.html,,2019-11-10,US,2019-11-21
BUYING OLD COINS & COLLECTIONS WE BUY AT COLLECTOR VALUE !! CASH, Nov 10, &excats=134-40&min_price=1000000&max_price=2000000, Indiana, Indianapolis, For Sale-Wanted, Wanted, https://terrehaute.craigslist.org/wan/d/indianapolis-buying-old-coins/6997474937.html,,2019-11-10,US,2019-11-21
BUYING OLD COINS & COLLECTIONS WE BUY AT COLLECTOR VALUE !! CASH, Nov 10, &excats=134-40&min_price=1000000&max_price=2000000, Indiana, Terre Haute, For Sale-Wanted, Wanted, https://terrehaute.craigslist.org/wan/d/indianapolis-buying-old-coins/6997474937.html,,2019-11-10,US,2019-11-21
1967 camaro rs BB, Nov 10, &excats=134-40&min_price=1000000&max_price=2000000, Pennsylvania, Harrisburg, For Sale-Wanted, Cars And Trucks, https://harrisburg.craigslist.org/cto/d/waynesboro-1967-camaro-rs-bb/7017284704.html,,2019-11-10,US,2019-11-21
****Metal wanted****, Nov 10, &excats=134-40&min_price=1000000&max_price=2000000, Pennsylvania, Philadelphia, For Sale-Wanted, Wanted, https://philadelphia.craigslist.org/wan/d/metal-wanted/7017224385.html,Want,2019-11-10,US,2019-11-21
Old barn beams, Nov 10, &excats=134-40&min_price=1000000&max_price=2000000, Pennsylvania, Williamsport, For Sale-Wanted, Antique By Owner, https://williamsport.craigslist.org/atq/d/jersey-shore-old-barn-beams/7017566016.html,,2019-11-10,US,2019-11-21
1969 bug parts, Nov 10, &excats=134-40&min_price=1000000&max_price=2000000, California, Inland Empire, For Sale-Wanted, Auto Parts by Owner, https://inlandempire.craigslist.org/pts/d/wildomar-1969-bug-parts/7017279273.html,,2019-11-10,US,2019-11-21
SERVERS SERVER PARTS UPFRONT PAYMENT buying Dell Servers HP Servers, Nov 10, &excats=134-40&min_price=1000000&max_price=2000000, California, Sacramento, For Sale-Wanted, Computer Parts, https://sacramento.craigslist.org/sdp/d/sacramento-servers-server-parts-upfront/7017590791.html,,2019-11-10,US,2019-11-21
SERVERS SERVER PARTS UPFRONT PAYMENT buying Dell Servers HP Servers, Nov 10, &excats=134-40&min_price=1000000&max_price=2000000, California, Sacramento, For Sale-Wanted, Computer Parts, https://sacramento.craigslist.org/sdp/d/sacramento-servers-server-parts-upfront/7017577086.html,,2019-11-10,US,2019-11-21
Bulk Clothing, Nov 10, &excats=134-40&min_price=1000000&max_price=2000000, Georgia, Athens, For Sale-Wanted, Clothes, https://athensga.craigslist.org/clo/d/dacula-bulk-clothing/7017661454.html,,2019-11-10,US,2019-11-21
Bulk Clothing, Nov 10, &excats=134-40&min_price=1000000&max_price=2000000, Georgia, Atlanta, For Sale-Wanted, Clothes, https://atlanta.craigslist.org/eat/clo/d/dacula-bulk-clothing/7017660346.html,,2019-11-10,US,2019-11-21
1000&#39;s of toys, Nov 10, &excats=134-40&min_price=1000000&max_price=2000000, Georgia, Atlanta, For Sale-Wanted, Toys And Games, https://atlanta.craigslist.org/eat/tag/d/dacula-1000s-of-toys/7017657398.html,,2019-11-10,US,2019-11-21
Bulk Clothing, Nov 10, &excats=134-40&min_price=1000000&max_price=2000000, Georgia, Augusta, For Sale-Wanted, Clothes, https://augusta.craigslist.org/clo/d/dacula-bulk-clothing/7017662914.html,,2019-11-10,US,2019-11-21
Bulk Clothing, Nov 10, &excats=134-40&min_price=1000000&max_price=2000000, South Carolina, Columbia, For Sale-Wanted, Clothes, https://columbia.craigslist.org/clo/d/dacula-bulk-clothing/7017667386.html,,2019-11-10,US,2019-11-21
looking for DELL SUPERMICRO HP SERVERS SERVER, Nov 10, &excats=134-40&min_price=1000000&max_price=2000000, District of Columbia, Washington, For Sale-Wanted, Computers, https://washingtondc.craigslist.org/nva/syd/d/ashburn-looking-for-dell-supermicro-hp/7017593792.html,Want,2019-11-10,US,2019-11-21
Silver by the oz, Nov 10, &excats=134-40&min_price=1000000&max_price=2000000, Connecticut, Hartford, For Sale-Wanted, General, https://hartford.craigslist.org/for/d/bolton-silver-by-the-oz/6998942509.html,,2019-11-10,US,2019-11-21
Lots of older NASCAR 1/24 and 1/64 to choose from, Nov 10, &excats=134-40&min_price=1000000&max_price=2000000, Missouri, Springfield, For Sale-Wanted, Toys And Games, https://springfield.craigslist.org/tag/d/nixa-lots-of-older-nascar-1-24-and-1-64/7005089028.html,,2019-11-10,US,2019-11-21
BOOK SALE, Nov 10, &excats=134-40&min_price=1000000&max_price=2000000, Missouri, St Louis, For Sale-Wanted, Books, https://stlouis.craigslist.org/bks/d/saint-louis-book-sale/7012169460.html,,2019-11-10,US,2019-11-21
65 gtolemanstempest parts cars, Nov 10, &excats=134-40&min_price=1000000&max_price=2000000, New York, Long Island, For Sale-Wanted, Auto Parts by Owner, https://longisland.craigslist.org/pts/d/schroon-lake-65-gtolemanstempest-parts/7017446002.html,,2019-11-10,US,2019-11-21
Empire/Victorian Transitional Period Sofa to benefit UAF, Nov 10, &excats=134-40&min_price=1000000&max_price=2000000, Arizona, Prescott, For Sale-Wanted, Antique By Owner, https://prescott.craigslist.org/atq/d/prescott-empire-victorian-transitional/7003255670.html,,2019-11-10,US,2019-11-21
Bulk Clothing, Nov 10, &excats=134-40&min_price=1000000&max_price=2000000, Tennessee, Chattanooga, For Sale-Wanted, Clothes, https://chattanooga.craigslist.org/clo/d/dacula-bulk-clothing/7017664608.html,,2019-11-10,US,2019-11-21
Bulk Clothing, Nov 10, &excats=134-40&min_price=1000000&max_price=2000000, Tennessee, Knoxville, For Sale-Wanted, Clothes, https://knoxville.craigslist.org/clo/d/dacula-bulk-clothing/7017669699.html,,2019-11-10,US,2019-11-21
I buy Dungeons and Dragons stuff. Old books. All of it. I pay more., Nov 10, &excats=134-40&min_price=1000000&max_price=2000000, Tennessee, Nashville, For Sale-Wanted, Wanted, https://nashville.craigslist.org/wan/d/franklin-buy-dungeons-and-dragons-stuff/7017619921.html,,2019-11-10,US,2019-11-21
1994 dodge dakota parts, Nov 10, &excats=134-40&min_price=1000000&max_price=2000000, Iowa, Cedar Rapids, For Sale-Wanted, Auto Parts by Owner, https://cedarrapids.craigslist.org/pts/d/langworthy-1994-dodge-dakota-parts/7017580916.html,,2019-11-10,US,2019-11-21
Jc granite and marble, Nov 10, &excats=134-40&min_price=1000000&max_price=2000000, Texas, Austin, For Sale-Wanted, Household, https://austin.craigslist.org/hsh/d/kyle-jc-granite-and-marble/6999878543.html,,2019-11-10,US,2019-11-21
** I BUY iPHONE 11 PRO X XR XS MAX 8 8 PLUS iPAD MAC $$ NEW or USED $$, Nov 10, &excats=134-40&min_price=1000000&max_price=2000000, Texas, Austin, For Sale-Wanted, Wanted, https://austin.craigslist.org/wad/d/austin-buy-iphone-11-pro-xr-xs-max-8-8/7017224409.html,,2019-11-10,US,2019-11-21
Bulk Clothing, Nov 10, &excats=134-40&min_price=1000000&max_price=2000000, Alabama, Auburn, For Sale-Wanted, Antique By Owner, https://auburn.craigslist.org/atq/d/dacula-bulk-clothing/7017671601.html,,2019-11-10,US,2019-11-21
** GOING OUT OF BUSINESS / STORE CLOSING ** MATTRESS STORE SAVE$$$$$, Nov 09, &excats=134-40&min_price=1000000&max_price=2000000, Vermont, Vermont, For Sale-Wanted, Furniture, https://vermont.craigslist.org/fud/d/saint-albans-going-out-of-business/7016698268.html,,2019-11-09,US,2019-11-21
****Metal wanted****, Nov 09, &excats=134-40&min_price=1000000&max_price=2000000, Pennsylvania, Philadelphia, For Sale-Wanted, Wanted, https://philadelphia.craigslist.org/wan/d/metal-wanted/7016608106.html,Want,2019-11-09,US,2019-11-21
WE PAY CASH FOR BRAND NEW AND USED IPHONES, Nov 09, &excats=134-40&min_price=1000000&max_price=2000000, California, Los Angeles, For Sale-Wanted, Wanted, https://losangeles.craigslist.org/lac/wad/d/los-angeles-we-pay-cash-for-brand-new/7017145897.html,,2019-11-09,US,2019-11-21
CASH FOR BRAND NEW AND USED SMARTPHONES, Nov 09, &excats=134-40&min_price=1000000&max_price=2000000, California, Los Angeles, For Sale-Wanted, Wanted, https://losangeles.craigslist.org/lac/wad/d/los-angeles-cash-for-brand-new-and-used/7016917180.html,,2019-11-09,US,2019-11-21
183 Acre Tennessee Farm For Sale, Nov 09, &excats=134-40&min_price=1000000&max_price=2000000, California, Modesto, For Sale-Wanted, Farm and Garden, https://modesto.craigslist.org/grd/d/greeneville-183-acre-tennessee-farm-for/7017123441.html,,2019-11-09,US,2019-11-21
Kissimmee Just Move In, Nov 09, &excats=134-40&min_price=1000000&max_price=2000000, Florida, Orlando, For Sale-Wanted, General, https://orlando.craigslist.org/for/d/kissimmee-kissimmee-just-move-in/7016661614.html,,2019-11-09,US,2019-11-21
Wanted: Cadillac CTS coupe, Nov 09, &excats=134-40&min_price=1000000&max_price=2000000, Florida, Pensacola, For Sale-Wanted, Wanted, https://pensacola.craigslist.org/wan/d/pensacola-wanted-cadillac-cts-coupe/7017156831.html,Want,2019-11-09,US,2019-11-21
Fall?? Clean Out Sale, Nov 09, &excats=134-40&min_price=1000000&max_price=2000000, New York, Albany, For Sale-Wanted, Antique By Owner, https://albany.craigslist.org/atq/d/ballston-lake-fall-clean-out-sale/7016635564.html,,2019-11-09,US,2019-11-21
Beautiful Thomasville Dining Room Set, Nov 09, &excats=134-40&min_price=1000000&max_price=2000000, Nebraska, Lincoln, For Sale-Wanted, Furniture, https://lincoln.craigslist.org/fuo/d/auburn-beautiful-thomasville-dining/7016750076.html,,2019-11-09,US,2019-11-21
All kinds of good stuff cheap, Nov 09, &excats=134-40&min_price=1000000&max_price=2000000, Tennessee, Knoxville, For Sale-Wanted, Furniture, https://knoxville.craigslist.org/fuo/d/knoxville-all-kinds-of-good-stuff-cheap/7016897734.html,,2019-11-09,US,2019-11-21
Auto body painter, Nov 09, &excats=134-40&min_price=1000000&max_price=2000000, Iowa, Des Moines, For Sale-Wanted, Auto Parts by Owner, https://desmoines.craigslist.org/pts/d/altoona-auto-body-painter/7017115410.html,,2019-11-09,US,2019-11-21
FASTTRACK BASKET AND HOOKS, Nov 09, &excats=134-40&min_price=1000000&max_price=2000000, Oklahoma, Texoma, For Sale-Wanted, Household, https://texoma.craigslist.org/hsh/d/denison-fasttrack-basket-and-hooks/7002202254.html,,2019-11-09,US,2019-11-21
Several tools and materials for renovating available make offer, Nov 09, &excats=134-40&min_price=1000000&max_price=2000000, Oklahoma, Tulsa, For Sale-Wanted, Tools, https://tulsa.craigslist.org/tls/d/tulsa-several-tools-and-materials-for/7016808642.html,,2019-11-09,US,2019-11-21
Need-Ful Things & More, Nov 09, &excats=134-40&min_price=1000000&max_price=2000000, Virginia, Richmond, For Sale-Wanted, Jewelry, https://richmond.craigslist.org/jwl/d/henrico-need-ful-things-more/7017082153.html,Want,2019-11-09,US,2019-11-21
** I BUY iPHONE 11 PRO X XR XS MAX 8 8 PLUS iPAD MAC $$ NEW or USED $$, Nov 09, &excats=134-40&min_price=1000000&max_price=2000000, Texas, Austin, For Sale-Wanted, Wanted, https://austin.craigslist.org/wad/d/austin-buy-iphone-11-pro-xr-xs-max-8-8/7016725342.html,,2019-11-09,US,2019-11-21
$$ I BUY iPHONE 11 PRO X XR XS MAX 8 8 PLUS iPAD MAC $$ NEW or USED $$, Nov 09, &excats=134-40&min_price=1000000&max_price=2000000, Texas, Austin, For Sale-Wanted, Wanted, https://austin.craigslist.org/wad/d/austin-buy-iphone-11-pro-xr-xs-max-8-8/7016621812.html,,2019-11-09,US,2019-11-21
Garage Full of furniture clothes shoes, Nov 09, &excats=134-40&min_price=1000000&max_price=2000000, Texas, Lubbock, For Sale-Wanted, General, https://lubbock.craigslist.org/for/d/lubbock-garage-full-of-furniture/7014441429.html,,2019-11-09,US,2019-11-21
FASTTRACK BASKET AND HOOKS, Nov 09, &excats=134-40&min_price=1000000&max_price=2000000, Texas, Texoma, For Sale-Wanted, Household, https://texoma.craigslist.org/hsh/d/denison-fasttrack-basket-and-hooks/7002202254.html,,2019-11-09,US,2019-11-21
Cat 517 grapple dozer, Nov 08, &excats=134-40&min_price=1000000&max_price=2000000, Pennsylvania, Harrisburg, For Sale-Wanted, Heavy Equipment, https://harrisburg.craigslist.org/hvo/d/shermans-dale-cat-517-grapple-dozer/7016015657.html,,2019-11-08,US,2019-11-21
****Metal wanted****, Nov 08, &excats=134-40&min_price=1000000&max_price=2000000, Pennsylvania, Philadelphia, For Sale-Wanted, Wanted, https://philadelphia.craigslist.org/wan/d/metal-wanted/7015927921.html,Want,2019-11-08,US,2019-11-21
AIRPORT FOR SALE IN SEGUIN TX, Nov 08, &excats=134-40&min_price=1000000&max_price=2000000, California, Gold Country, For Sale-Wanted, NA, https://goldcountry.craigslist.org/avd/d/seguin-airport-for-sale-in-seguin-tx/7015960789.html,,2019-11-08,US,2019-11-21
Custom welding and Fabrication, Nov 08, &excats=134-40&min_price=1000000&max_price=2000000, Illinois, Springfield, For Sale-Wanted, General, https://springfieldil.craigslist.org/for/d/mascoutah-custom-welding-and-fabrication/7015997664.html,,2019-11-08,US,2019-11-21
Aluminum welding and custom fabrication, Nov 08, &excats=134-40&min_price=1000000&max_price=2000000, Illinois, Springfield, For Sale-Wanted, Boat Parts, https://springfieldil.craigslist.org/boa/d/mascoutah-aluminum-welding-and-custom/7015940583.html,,2019-11-08,US,2019-11-21
Crystal Chip Necklaces and bracelets, Nov 08, &excats=134-40&min_price=1000000&max_price=2000000, Florida, Orlando, For Sale-Wanted, Jewelry, https://orlando.craigslist.org/jwl/d/crystal-chip-necklaces-and-bracelets/7008885094.html,,2019-11-08,US,2019-11-21
Lots of Wooden Rubber Stamps to choose from $1 to $2 each, Nov 08, &excats=134-40&min_price=1000000&max_price=2000000, Missouri, Springfield, For Sale-Wanted, Art by Owner, https://springfield.craigslist.org/art/d/nixa-lots-of-wooden-rubber-stamps-to/7003056676.html,,2019-11-08,US,2019-11-21
Over 400 records r&r blues jazz ect, Nov 08, &excats=134-40&min_price=1000000&max_price=2000000, Missouri, Springfield, For Sale-Wanted, CDs DVDs, https://springfield.craigslist.org/emd/d/ozark-over-400-records-rr-blues-jazz-ect/6996706107.html,,2019-11-08,US,2019-11-21
Camaro 67 68 69, Nov 08, &excats=134-40&min_price=1000000&max_price=2000000, Missouri, St Louis, For Sale-Wanted, Auto Parts by Owner, https://stlouis.craigslist.org/pts/d/saint-louis-camaro/7016268131.html,,2019-11-08,US,2019-11-21
Show cases Book shelving Display racks WE HAVE MORE NOT SHOWN!, Nov 08, &excats=134-40&min_price=1000000&max_price=2000000, Oregon, Oregon Coast, For Sale-Wanted, Antique By Owner, https://oregoncoast.craigslist.org/atq/d/north-bend-show-cases-book-shelving/7016129242.html,,2019-11-08,US,2019-11-21
I Buy iPhones 8 & newer, Nov 08, &excats=134-40&min_price=1000000&max_price=2000000, Kansas, Wichita, For Sale-Wanted, Wanted, https://wichita.craigslist.org/wan/d/wichita-buy-iphones-8-newer/7016190416.html,,2019-11-08,US,2019-11-21
junk cars wanted Call 3163479064, Nov 08, &excats=134-40&min_price=1000000&max_price=2000000, Kansas, Wichita, For Sale-Wanted, Cars And Trucks, https://wichita.craigslist.org/cto/d/wichita-junk-cars-wanted-call/7015990865.html,Want,2019-11-08,US,2019-11-21
Pamper chef items, Nov 08, &excats=134-40&min_price=1000000&max_price=2000000, Arizona, Prescott, For Sale-Wanted, Household, https://prescott.craigslist.org/hsh/d/paulden-pamper-chef-items/7016271715.html,,2019-11-08,US,2019-11-21
Tools, Nov 08, &excats=134-40&min_price=1000000&max_price=2000000, Arizona, Prescott, For Sale-Wanted, Tools, https://prescott.craigslist.org/tls/d/paulden-tools/7016271240.html,,2019-11-08,US,2019-11-21
WANTED, Nov 08, &excats=134-40&min_price=1000000&max_price=2000000, Washington, Wenatchee, For Sale-Wanted, Wanted, https://wenatchee.craigslist.org/wan/d/wenatchee-wanted/6998305148.html,Want,2019-11-08,US,2019-11-21
Kubota Mx5100, Nov 08, &excats=134-40&min_price=1000000&max_price=2000000, Oklahoma, Tulsa, For Sale-Wanted, Farm and Garden, https://tulsa.craigslist.org/grd/d/chouteau-kubota-mx5100/7007890635.html,,2019-11-08,US,2019-11-21
searching for legos lego toys to buy cash paid looking for large lots, Nov 08, &excats=134-40&min_price=1000000&max_price=2000000, Virginia, Richmond, For Sale-Wanted, General, https://richmond.craigslist.org/for/d/richmond-searching-for-legos-lego-toys/7000383456.html,Want,2019-11-08,US,2019-11-21
searching for vintage toys games collectibles and more to buy cash p, Nov 08, &excats=134-40&min_price=1000000&max_price=2000000, Virginia, Richmond, For Sale-Wanted, General, https://richmond.craigslist.org/for/d/richmond-searching-for-vintage-toys/7000387090.html,,2019-11-08,US,2019-11-21
NEW PRICE & OPEN HOUSE at 2409 Park Avenue, Nov 08, &excats=134-40&min_price=1000000&max_price=2000000, Virginia, Richmond, For Sale-Wanted, General, https://richmond.craigslist.org/fod/d/richmond-new-price-open-house-at-2409/7016295643.html,,2019-11-08,US,2019-11-21
$$ I BUY iPHONE 11 PRO X XR XS MAX 8 8 PLUS iPAD MAC $$ NEW or USED $$, Nov 08, &excats=134-40&min_price=1000000&max_price=2000000, Texas, Austin, For Sale-Wanted, Wanted, https://austin.craigslist.org/wad/d/austin-buy-iphone-11-pro-xr-xs-max-8-8/7016086913.html,,2019-11-08,US,2019-11-21
$$ I BUY iPHONE 11 PRO X XR XS MAX 8 8 PLUS iPAD MAC $$ NEW or USED $$, Nov 08, &excats=134-40&min_price=1000000&max_price=2000000, Texas, Austin, For Sale-Wanted, Wanted, https://austin.craigslist.org/wad/d/austin-buy-iphone-11-pro-xr-xs-max-8-8/7015938833.html,,2019-11-08,US,2019-11-21
Rustic Bookcase (Victoria Tx), Nov 08, &excats=134-40&min_price=1000000&max_price=2000000, Texas, Victoria, For Sale-Wanted, Furniture, https://victoriatx.craigslist.org/fuo/d/victoria-rustic-bookcase-victoria-tx/7016205514.html,,2019-11-08,US,2019-11-21
Window Screen, Nov 07, &excats=134-40&min_price=1000000&max_price=2000000, Wisconsin, Wausau, For Sale-Wanted, Household, https://wausau.craigslist.org/hsh/d/wausau-window-screen/7015390372.html,,2019-11-07,US,2019-11-21
****Metal wanted****, Nov 07, &excats=134-40&min_price=1000000&max_price=2000000, Pennsylvania, Philadelphia, For Sale-Wanted, Wanted, https://philadelphia.craigslist.org/wan/d/metal-wanted/7015284719.html,Want,2019-11-07,US,2019-11-21
Cedar Firewood Logs, Nov 07, &excats=134-40&min_price=1000000&max_price=2000000, California, Gold Country, For Sale-Wanted, Farm and Garden, https://goldcountry.craigslist.org/grd/d/big-oak-flat-cedar-firewood-logs/7015612602.html,,2019-11-07,US,2019-11-21
2005 lederscmeders, Nov 07, &excats=134-40&min_price=1000000&max_price=2000000, California, Los Angeles, For Sale-Wanted, Cars And Trucks, https://losangeles.craigslist.org/wst/cto/d/manhattan-beach-2005-lederscmeders/7015800551.html,,2019-11-07,US,2019-11-21
85-95 Toyota 22r/ 3.0 Parts, Nov 07, &excats=134-40&min_price=1000000&max_price=2000000, Florida, Orlando, For Sale-Wanted, Auto Parts by Owner, https://orlando.craigslist.org/pts/d/saint-cloud-toyota-22r-30-parts/7015413136.html,,2019-11-07,US,2019-11-21
GRETSCH 6120N NEW NASHVILLE, Nov 07, &excats=134-40&min_price=1000000&max_price=2000000, Missouri, St Louis, For Sale-Wanted, Musical Instruments, https://stlouis.craigslist.org/msg/d/foristell-gretsch-6120n-new-nashville/7015568268.html,,2019-11-07,US,2019-11-21
Wanted Wood Chips Tree Mulch, Nov 07, &excats=134-40&min_price=1000000&max_price=2000000, Missouri, St Louis, For Sale-Wanted, General, https://stlouis.craigslist.org/for/d/wanted-wood-chips-tree-mulch/7015394936.html,Want,2019-11-07,US,2019-11-21
Surf Fishing Lures WANTED!! CASH PAID!!, Nov 07, &excats=134-40&min_price=1000000&max_price=2000000, New York, Long Island, For Sale-Wanted, Wanted, https://longisland.craigslist.org/wan/d/shoreham-surf-fishing-lures-wanted-cash/7008883980.html,Want,2019-11-07,US,2019-11-21
Mover, Nov 07, &excats=134-40&min_price=1000000&max_price=2000000, New York, Rochester, For Sale-Wanted, Wanted, https://rochester.craigslist.org/wan/d/fairport-mover/7015364965.html,,2019-11-07,US,2019-11-21
2006 Mitsubishi Lancer, Nov 07, &excats=134-40&min_price=1000000&max_price=2000000, Louisiana, Baton Rouge, For Sale-Wanted, Auto Parts by Owner, https://batonrouge.craigslist.org/pts/d/tyro-2006-mitsubishi-lancer/6995854233.html,,2019-11-07,US,2019-11-21
Motocross gear, Nov 07, &excats=134-40&min_price=1000000&max_price=2000000, Ohio, Youngstown, For Sale-Wanted, Motorcycle Parts, https://youngstown.craigslist.org/mpo/d/cortland-motocross-gear/7015797543.html,,2019-11-07,US,2019-11-21
I Buy AppleWatches and Other Newer Electronics, Nov 07, &excats=134-40&min_price=1000000&max_price=2000000, Kansas, Wichita, For Sale-Wanted, Wanted, https://wichita.craigslist.org/wan/d/wichita-buy-applewatches-and-other/7015447863.html,,2019-11-07,US,2019-11-21
Wanted a 4K laptop hp lenovo yoga etc, Nov 07, &excats=134-40&min_price=1000000&max_price=2000000, Arizona, Phoenix, For Sale-Wanted, Wanted, https://phoenix.craigslist.org/cph/wan/d/phoenix-wanted-4k-laptop-hp-lenovo-yoga/7015890346.html,Want,2019-11-07,US,2019-11-21
CASH TODAY FOR CLASSIC CARS/TRUCKS, Nov 07, &excats=134-40&min_price=1000000&max_price=2000000, Tennessee, Memphis, For Sale-Wanted, Cars And Trucks, https://memphis.craigslist.org/cto/d/eads-cash-today-for-classic-cars-trucks/7015437284.html,,2019-11-07,US,2019-11-21
Walnut Cherry Oak Landscape Rock, Nov 07, &excats=134-40&min_price=1000000&max_price=2000000, Tennessee, Nashville, For Sale-Wanted, Farm and Garden, https://nashville.craigslist.org/grd/d/college-grove-walnut-cherry-oak/7015624631.html,,2019-11-07,US,2019-11-21
CASH TODAY FOR ANTIQUE CARS/TRUCKS, Nov 07, &excats=134-40&min_price=1000000&max_price=2000000, Tennessee, Nashville, For Sale-Wanted, Cars And Trucks, https://nashville.craigslist.org/cto/d/eads-cash-today-for-antique-cars-trucks/7015439982.html,,2019-11-07,US,2019-11-21
Jeep Grand Cherokee Limited, Nov 07, &excats=134-40&min_price=1000000&max_price=2000000, Virginia, Richmond, For Sale-Wanted, Cars And Trucks, https://richmond.craigslist.org/cto/d/midlothian-jeep-grand-cherokee-limited/7015775584.html,,2019-11-07,US,2019-11-21
== I BUY iPHONE 11 PRO X XR XS MAX 8 8 PLUS iPAD MAC $$ NEW or USED $$, Nov 07, &excats=134-40&min_price=1000000&max_price=2000000, Texas, Austin, For Sale-Wanted, Wanted, https://austin.craigslist.org/wad/d/austin-buy-iphone-11-pro-xr-xs-max-8-8/7015444511.html,,2019-11-07,US,2019-11-21
$$ I BUY iPHONE 11 PRO X XR XS MAX 8 8 PLUS iPAD MAC $$ NEW or USED $$, Nov 07, &excats=134-40&min_price=1000000&max_price=2000000, Texas, Austin, For Sale-Wanted, Wanted, https://austin.craigslist.org/wad/d/austin-buy-iphone-11-pro-xr-xs-max-8-8/7015277114.html,,2019-11-07,US,2019-11-21
2014 DODGE CHARGER FOR PARTS ONLY, Nov 07, &excats=134-40&min_price=1000000&max_price=2000000, Texas, Houston, For Sale-Wanted, Auto Parts by Owner, https://houston.craigslist.org/pts/d/houston-2014-dodge-charger-for-parts/6995920654.html,,2019-11-07,US,2019-11-21
WANTED:RedlineBlackwallReal Rider Hot Wheels, Nov 06, &excats=134-40&min_price=1000000&max_price=2000000, Pennsylvania, Lancaster, For Sale-Wanted, Wanted, https://lancaster.craigslist.org/wan/d/furlong-wantedredlineblackwallreal/7000723507.html,Want,2019-11-06,US,2019-11-21
2012 VOLKSWAGEN GTI 6SPEED CUSTOM, Nov 06, &excats=134-40&min_price=1000000&max_price=2000000, Pennsylvania, Philadelphia, For Sale-Wanted, Cars And by Dealer, https://philadelphia.craigslist.org/ctd/d/feasterville-trevose-2012-volkswagen/7015030516.html,,2019-11-06,US,2019-11-21
****Metal wanted****, Nov 06, &excats=134-40&min_price=1000000&max_price=2000000, Pennsylvania, Philadelphia, For Sale-Wanted, Wanted, https://philadelphia.craigslist.org/wan/d/metal-wanted/7014600184.html,Want,2019-11-06,US,2019-11-21
Wanted Mighty Mite Army Jeep AMC, Nov 06, &excats=134-40&min_price=1000000&max_price=2000000, California, Redding, For Sale-Wanted, Auto Parts by Owner, https://redding.craigslist.org/pts/d/central-point-wanted-mighty-mite-army/7014677610.html,Want,2019-11-06,US,2019-11-21
Mid century furniture Warehouse, Nov 06, &excats=134-40&min_price=1000000&max_price=2000000, Florida, Gainesville, For Sale-Wanted, Furniture, https://gainesville.craigslist.org/fuo/d/safety-harbor-mid-century-furniture/7000905221.html,,2019-11-06,US,2019-11-21
This has been SOLD. Thank you, Nov 06, &excats=134-40&min_price=1000000&max_price=2000000, New York, Albany, For Sale-Wanted, NA, https://albany.craigslist.org/tro/d/schenectady-this-has-been-sold-thank-you/7014750623.html,,2019-11-06,US,2019-11-21
Looking for private ground trophy deer for 2020, Nov 06, &excats=134-40&min_price=1000000&max_price=2000000, Montana, Billings, For Sale-Wanted, Farm and Garden, https://billings.craigslist.org/grd/d/billings-looking-for-private-ground/7014802609.html,Want,2019-11-06,US,2019-11-21
Car, Nov 06, &excats=134-40&min_price=1000000&max_price=2000000, Montana, Butte, For Sale-Wanted, Wanted, https://butte.craigslist.org/wan/d/butte-car/7015183441.html,,2019-11-06,US,2019-11-21
Aquariumfish  stuff, Nov 06, &excats=134-40&min_price=1000000&max_price=2000000, Ohio, Cleveland, For Sale-Wanted, General, https://cleveland.craigslist.org/for/d/cleveland-aquariumfish-stuff/7014598705.html,,2019-11-06,US,2019-11-21
I Buy iPhones & Other Apple Products, Nov 06, &excats=134-40&min_price=1000000&max_price=2000000, Kansas, Wichita, For Sale-Wanted, Wanted, https://wichita.craigslist.org/wan/d/wichita-buy-iphones-other-apple-products/7014820368.html,,2019-11-06,US,2019-11-21
I Pay CA$H For AppleWatches and Other Devices, Nov 06, &excats=134-40&min_price=1000000&max_price=2000000, Kansas, Wichita, For Sale-Wanted, Wanted, https://wichita.craigslist.org/wan/d/wichita-pay-cah-for-applewatches-and/7014825648.html,,2019-11-06,US,2019-11-21
I Buy MacBooks and Other Electronics, Nov 06, &excats=134-40&min_price=1000000&max_price=2000000, Kansas, Wichita, For Sale-Wanted, Wanted, https://wichita.craigslist.org/wan/d/wichita-buy-macbooks-and-other/7014823226.html,,2019-11-06,US,2019-11-21
One Million Prize Contest, Nov 06, &excats=134-40&min_price=1000000&max_price=2000000, Nevada, Las Vegas, For Sale-Wanted, Wanted, https://lasvegas.craigslist.org/wan/d/las-vegas-one-million-prize-contest/7015182864.html,,2019-11-06,US,2019-11-21
Beef Calves, Nov 06, &excats=134-40&min_price=1000000&max_price=2000000, Minnesota, St Cloud, For Sale-Wanted, Farm and Garden, https://stcloud.craigslist.org/grd/d/raymond-beef-calves/7014581429.html,,2019-11-06,US,2019-11-21
Re Chromer WANTED***, Nov 06, &excats=134-40&min_price=1000000&max_price=2000000, Maine, Maine, For Sale-Wanted, Wanted, https://maine.craigslist.org/wan/d/bangor-re-chromer-wanted/7015176365.html,Want,2019-11-06,US,2019-11-21
$$ I BUY iPHONE 11 PRO X XR XS MAX 8 8 PLUS iPAD MAC $$ NEW or USED $$, Nov 06, &excats=134-40&min_price=1000000&max_price=2000000, Texas, Austin, For Sale-Wanted, Wanted, https://austin.craigslist.org/wad/d/austin-buy-iphone-11-pro-xr-xs-max-8-8/7014684924.html,,2019-11-06,US,2019-11-21
Chevy blocks, Nov 06, &excats=134-40&min_price=1000000&max_price=2000000, Texas, El Paso, For Sale-Wanted, Auto Parts by Owner, https://elpaso.craigslist.org/pts/d/fabens-chevy-blocks/7015115240.html,,2019-11-06,US,2019-11-21
I have 80 canvas paintings for 1000000, Nov 06, &excats=134-40&min_price=1000000&max_price=2000000, Texas, Houston, For Sale-Wanted, Art by Owner, https://houston.craigslist.org/art/d/houston-have-80-canvas-paintings-for/7015085456.html,,2019-11-06,US,2019-11-21
** GOING OUT OF BUSINESS / STORE CLOSING ** MATTRESS STORE SAVE$$$$$, Nov 05, &excats=134-40&min_price=1000000&max_price=2000000, Vermont, Vermont, For Sale-Wanted, Furniture, https://vermont.craigslist.org/fud/d/saint-albans-going-out-of-business/7014140167.html,,2019-11-05,US,2019-11-21
****Metal wanted****, Nov 05, &excats=134-40&min_price=1000000&max_price=2000000, Pennsylvania, Philadelphia, For Sale-Wanted, Wanted, https://philadelphia.craigslist.org/wan/d/metal-wanted/7013932376.html,Want,2019-11-05,US,2019-11-21
Trains trains trains, Nov 05, &excats=134-40&min_price=1000000&max_price=2000000, Pennsylvania, Pittsburgh, For Sale-Wanted, Toys And Games, https://pittsburgh.craigslist.org/tag/d/butler-trains-trains-trains/7013919322.html,,2019-11-05,US,2019-11-21
SELLING A BRAND NEW OR USED IPHONE, Nov 05, &excats=134-40&min_price=1000000&max_price=2000000, California, Los Angeles, For Sale-Wanted, Wanted, https://losangeles.craigslist.org/lac/wad/d/los-angeles-selling-brand-new-or-used/7014168135.html,,2019-11-05,US,2019-11-21
10 KT GOLD $20.00 PER GRAMS, Nov 05, &excats=134-40&min_price=1000000&max_price=2000000, Georgia, Atlanta, For Sale-Wanted, Wanted, https://atlanta.craigslist.org/nat/wan/d/norcross-10-kt-gold-2000-per-grams/7013852001.html,,2019-11-05,US,2019-11-21
GOLD BUYERS, Nov 05, &excats=134-40&min_price=1000000&max_price=2000000, Georgia, Atlanta, For Sale-Wanted, Wanted, https://atlanta.craigslist.org/nat/wan/d/norcross-gold-buyers/7013851707.html,,2019-11-05,US,2019-11-21
89  CORVETTE PARTS, Nov 05, &excats=134-40&min_price=1000000&max_price=2000000, Florida, Tallahassee, For Sale-Wanted, Auto Parts by Owner, https://tallahassee.craigslist.org/pts/d/greensboro-89-corvette-parts/7014469039.html,,2019-11-05,US,2019-11-21
landscape work trucks, Nov 05, &excats=134-40&min_price=1000000&max_price=2000000, Oregon, Bend, For Sale-Wanted, Cars And Trucks, https://bend.craigslist.org/cto/d/bend-landscape-work-trucks/7014513883.html,,2019-11-05,US,2019-11-21
1983 Toyota pickup, Nov 05, &excats=134-40&min_price=1000000&max_price=2000000, Oregon, Eugene, For Sale-Wanted, Cars And Trucks, https://eugene.craigslist.org/cto/d/bandon-1983-toyota-pickup/7014517373.html,,2019-11-05,US,2019-11-21
WANTED MOBILE HOME LOT !, Nov 05, &excats=134-40&min_price=1000000&max_price=2000000, Montana, Bozeman, For Sale-Wanted, Wanted, https://bozeman.craigslist.org/wan/d/belgrade-wanted-mobile-home-lot/6994214558.html,Want,2019-11-05,US,2019-11-21
I Buy MacBooks and Other Electronics, Nov 05, &excats=134-40&min_price=1000000&max_price=2000000, Kansas, Wichita, For Sale-Wanted, Wanted, https://wichita.craigslist.org/wan/d/wichita-buy-macbooks-and-other/7014291079.html,,2019-11-05,US,2019-11-21
NEON SRT4 ACR $1 MILLION, Nov 05, &excats=134-40&min_price=1000000&max_price=2000000, Arizona, Phoenix, For Sale-Wanted, Cars And by Dealer, https://phoenix.craigslist.org/nph/ctd/d/phoenix-neon-srt4-acr-1-million/7014246937.html,,2019-11-05,US,2019-11-21
Les&#39; Pawn going out of Business, Nov 05, &excats=134-40&min_price=1000000&max_price=2000000, Tennessee, Chattanooga, For Sale-Wanted, General, https://chattanooga.craigslist.org/fod/d/chattanooga-les-pawn-going-out-of/7014130582.html,,2019-11-05,US,2019-11-21
Cinderblocks, Nov 05, &excats=134-40&min_price=1000000&max_price=2000000, Iowa, Mason City, For Sale-Wanted, Materials, https://masoncity.craigslist.org/mat/d/clear-lake-cinderblocks/7014514190.html,,2019-11-05,US,2019-11-21
105 ft Broward  MEGA Yacht, Nov 05, &excats=134-40&min_price=1000000&max_price=2000000, Maryland, Annapolis, For Sale-Wanted, Boat Parts, https://annapolis.craigslist.org/boa/d/north-miami-beach-105-ft-broward-mega/6994343593.html,,2019-11-05,US,2019-11-21
Walkers four wheel with seat & two wheel standard se store for pricing, Nov 05, &excats=134-40&min_price=1000000&max_price=2000000, Oklahoma, Tulsa, For Sale-Wanted, Health And Beauty, https://tulsa.craigslist.org/had/d/tulsa-walkers-four-wheel-with-seat-two/7014212979.html,,2019-11-05,US,2019-11-21
Medical/ handicap equipment used, Nov 05, &excats=134-40&min_price=1000000&max_price=2000000, Oklahoma, Tulsa, For Sale-Wanted, Health And Beauty, https://tulsa.craigslist.org/had/d/tulsa-medical-handicap-equipment-used/7014209791.html,,2019-11-05,US,2019-11-21
$$ I BUY iPHONE 11 PRO X XR XS MAX 8 8 PLUS iPAD MAC $$ NEW or USED $$, Nov 05, &excats=134-40&min_price=1000000&max_price=2000000, Texas, Austin, For Sale-Wanted, Wanted, https://austin.craigslist.org/wad/d/austin-buy-iphone-11-pro-xr-xs-max-8-8/7013971454.html,,2019-11-05,US,2019-11-21
Tenis shoes boots soccer shoes different sizes, Nov 05, &excats=134-40&min_price=1000000&max_price=2000000, Texas, El Paso, For Sale-Wanted, Baby Kids by Owner, https://elpaso.craigslist.org/bab/d/el-paso-tenis-shoes-boots-soccer-shoes/7014120876.html,,2019-11-05,US,2019-11-21
2008 taurus, Nov 04, &excats=134-40&min_price=1000000&max_price=2000000, Wisconsin, Milwaukee, For Sale-Wanted, Auto Parts by Owner, https://milwaukee.craigslist.org/pts/d/richfield-2008-taurus/7013771707.html,,2019-11-04,US,2019-11-21
2004 Hyundai elantra, Nov 04, &excats=134-40&min_price=1000000&max_price=2000000, Kentucky, Louisville, For Sale-Wanted, Auto Parts by Owner, https://louisville.craigslist.org/pts/d/russell-springs-2004-hyundai-elantra/7013301578.html,,2019-11-04,US,2019-11-21
2009 BMW M3 E93 / Convertible/ BORLA Exhaust / RED / LOADED, Nov 04, &excats=134-40&min_price=1000000&max_price=2000000, Pennsylvania, Philadelphia, For Sale-Wanted, Cars And by Dealer, https://philadelphia.craigslist.org/ctd/d/feasterville-trevose-2009-bmw-m3-e93/7013286374.html,,2019-11-04,US,2019-11-21
Variety of Corelle. Nice stuff., Nov 04, &excats=134-40&min_price=1000000&max_price=2000000, Pennsylvania, Philadelphia, For Sale-Wanted, General, https://philadelphia.craigslist.org/for/d/lafayette-hill-variety-of-corelle-nice/6994168562.html,,2019-11-04,US,2019-11-21
****Metal wanted****, Nov 04, &excats=134-40&min_price=1000000&max_price=2000000, Pennsylvania, Philadelphia, For Sale-Wanted, Wanted, https://philadelphia.craigslist.org/wan/d/metal-wanted/7013188182.html,Want,2019-11-04,US,2019-11-21
PROPERTY FOR SALE OR LEASE, Nov 04, &excats=134-40&min_price=1000000&max_price=2000000, Pennsylvania, Pittsburgh, For Sale-Wanted, General, https://pittsburgh.craigslist.org/for/d/grafton-property-for-sale-or-lease/6995102366.html,,2019-11-04,US,2019-11-21
Vintage honda motors, Nov 04, &excats=134-40&min_price=1000000&max_price=2000000, South Carolina, Columbia, For Sale-Wanted, Motorcycle Parts, https://columbia.craigslist.org/mpo/d/hartsville-vintage-honda-motors/7013221722.html,,2019-11-04,US,2019-11-21
735 /- Acre Kansas Farm for Sale  Greenwood County, Nov 04, &excats=134-40&min_price=1000000&max_price=2000000, Missouri, Kansas City, For Sale-Wanted, Farm and Garden, https://kansascity.craigslist.org/grd/d/fall-river-acre-kansas-farm-for-sale/7013641784.html,,2019-11-04,US,2019-11-21
Lots of Wooden Rubber Stamps to choose from $1 to $2 each, Nov 04, &excats=134-40&min_price=1000000&max_price=2000000, Missouri, Springfield, For Sale-Wanted, Art by Owner, https://springfield.craigslist.org/art/d/nixa-lots-of-wooden-rubber-stamps-to/7013724324.html,,2019-11-04,US,2019-11-21
Purchase a Business, Nov 04, &excats=134-40&min_price=1000000&max_price=2000000, Missouri, St Louis, For Sale-Wanted, Wanted, https://stlouis.craigslist.org/wan/d/saint-louis-purchase-business/7013432520.html,,2019-11-04,US,2019-11-21
Insulation, Nov 04, &excats=134-40&min_price=1000000&max_price=2000000, New York, Albany, For Sale-Wanted, Wanted, https://albany.craigslist.org/wan/d/albany-insulation/7013149862.html,,2019-11-04,US,2019-11-21
Landscape equipment, Nov 04, &excats=134-40&min_price=1000000&max_price=2000000, New York, Long Island, For Sale-Wanted, Farm and Garden, https://longisland.craigslist.org/grd/d/central-islip-landscape-equipment/7000709839.html,,2019-11-04,US,2019-11-21
Morgan & Trade Dollars for sale, Nov 04, &excats=134-40&min_price=1000000&max_price=2000000, New York, Long Island, For Sale-Wanted, Collectibles, https://longisland.craigslist.org/clt/d/plainview-morgan-trade-dollars-for-sale/7013166630.html,,2019-11-04,US,2019-11-21
I Buy AppleWatches and Other Electronics, Nov 04, &excats=134-40&min_price=1000000&max_price=2000000, Kansas, Wichita, For Sale-Wanted, Wanted, https://wichita.craigslist.org/wan/d/wichita-buy-applewatches-and-other/7013630644.html,,2019-11-04,US,2019-11-21
I PAY CASH FOR DIABETIC TEST STRIPS, Nov 04, &excats=134-40&min_price=1000000&max_price=2000000, Tennessee, Chattanooga, For Sale-Wanted, Wanted, https://chattanooga.craigslist.org/wad/d/chattanooga-pay-cash-for-diabetic-test/7013564992.html,,2019-11-04,US,2019-11-21
LS engines and related parts, Nov 04, &excats=134-40&min_price=1000000&max_price=2000000, Tennessee, Chattanooga, For Sale-Wanted, Auto Parts by Owner, https://chattanooga.craigslist.org/pts/d/cleveland-ls-engines-and-related-parts/7013171695.html,,2019-11-04,US,2019-11-21
PINBALL ARCADE - VIDEO GAMES - TOYS - CARDS - COLLECTIBLES 80s & 90s, Nov 04, &excats=134-40&min_price=1000000&max_price=2000000, Michigan, Kalamazoo, For Sale-Wanted, Wanted, https://kalamazoo.craigslist.org/wad/d/lake-odessa-pinball-arcade-video-games/7013242110.html,,2019-11-04,US,2019-11-21
ARCADE PINBALL - VIDEO GAMES - TOYS - CARDS - COLLECTIBLES  MORE $$$, Nov 04, &excats=134-40&min_price=1000000&max_price=2000000, Michigan, Lansing, For Sale-Wanted, Wanted, https://lansing.craigslist.org/wad/d/lake-odessa-arcade-pinball-video-games/7013228445.html,,2019-11-04,US,2019-11-21
Need-ful Things this was back in, Nov 04, &excats=134-40&min_price=1000000&max_price=2000000, Virginia, Richmond, For Sale-Wanted, General, https://richmond.craigslist.org/for/d/henrico-need-ful-things-this-was-back-in/7013597763.html,Want,2019-11-04,US,2019-11-21
Million Dollar Idea!! Looking for business-minded professional..., Nov 04, &excats=134-40&min_price=1000000&max_price=2000000, Texas, Austin, For Sale-Wanted, General, https://austin.craigslist.org/for/d/austin-million-dollar-idea-looking-for/7001437137.html,Want,2019-11-04,US,2019-11-21
$$ I BUY iPHONE 11 PRO X XR XS MAX 8 8 PLUS iPAD MAC $$ NEW or USED $$, Nov 04, &excats=134-40&min_price=1000000&max_price=2000000, Texas, Austin, For Sale-Wanted, Wanted, https://austin.craigslist.org/wad/d/austin-buy-iphone-11-pro-xr-xs-max-8-8/7013338802.html,,2019-11-04,US,2019-11-21
** I BUY $$ NEW or USED $$ iPHONE 11 PRO X XR XS MAX 8 8 PLUS iPAD MAC, Nov 04, &excats=134-40&min_price=1000000&max_price=2000000, Texas, Austin, For Sale-Wanted, Wanted, https://austin.craigslist.org/wad/d/austin-buy-new-or-used-iphone-11-pro-xr/7013178771.html,,2019-11-04,US,2019-11-21
we buy any house, Nov 03, &excats=134-40&min_price=1000000&max_price=2000000, North Carolina, Charlotte, For Sale-Wanted, Wanted, https://charlotte.craigslist.org/wan/d/sumter-we-buy-any-house/7012996794.html,,2019-11-03,US,2019-11-21
FAST CASH TODAY for Your CoMiCs, Nov 03, &excats=134-40&min_price=1000000&max_price=2000000, Indiana, Fort Wayne, For Sale-Wanted, Wanted, https://fortwayne.craigslist.org/wan/d/sturgis-fast-cash-today-for-your-comics/7012978190.html,,2019-11-03,US,2019-11-21
Water softener, Nov 03, &excats=134-40&min_price=1000000&max_price=2000000, Pennsylvania, Erie, For Sale-Wanted, Household, https://erie.craigslist.org/hsh/d/erie-water-softener/7000404467.html,,2019-11-03,US,2019-11-21
****Metal wanted****, Nov 03, &excats=134-40&min_price=1000000&max_price=2000000, Pennsylvania, Philadelphia, For Sale-Wanted, Wanted, https://philadelphia.craigslist.org/wan/d/metal-wanted/7012675032.html,Want,2019-11-03,US,2019-11-21
****Metal wanted****, Nov 03, &excats=134-40&min_price=1000000&max_price=2000000, Pennsylvania, Philadelphia, For Sale-Wanted, Wanted, https://philadelphia.craigslist.org/wan/d/metal-wanted/7012613305.html,Want,2019-11-03,US,2019-11-21
Wtb, Nov 03, &excats=134-40&min_price=1000000&max_price=2000000, Florida, Tallahassee, For Sale-Wanted, Wanted, https://tallahassee.craigslist.org/wan/d/tallahassee-wtb/7012748078.html,,2019-11-03,US,2019-11-21
Logging, Nov 03, &excats=134-40&min_price=1000000&max_price=2000000, Missouri, Joplin, For Sale-Wanted, Wanted, https://joplin.craigslist.org/wan/d/la-russell-logging/7005793709.html,,2019-11-03,US,2019-11-21
Logging, Nov 03, &excats=134-40&min_price=1000000&max_price=2000000, Missouri, Joplin, For Sale-Wanted, Wanted, https://joplin.craigslist.org/wan/d/la-russell-logging/7005792516.html,,2019-11-03,US,2019-11-21
Logging, Nov 03, &excats=134-40&min_price=1000000&max_price=2000000, Missouri, Joplin, For Sale-Wanted, Wanted, https://joplin.craigslist.org/wan/d/la-russell-logging/7005793365.html,,2019-11-03,US,2019-11-21
Wedding decor! Handmade, Nov 03, &excats=134-40&min_price=1000000&max_price=2000000, Missouri, Kansas City, For Sale-Wanted, Art by Owner, https://kansascity.craigslist.org/art/d/kansas-city-wedding-decor-handmade/7012715400.html,,2019-11-03,US,2019-11-21
Kitchen items - everything must go!, Nov 03, &excats=134-40&min_price=1000000&max_price=2000000, Missouri, Kansas City, For Sale-Wanted, Household, https://kansascity.craigslist.org/hsh/d/kansas-city-kitchen-items-everything/7012715303.html,,2019-11-03,US,2019-11-21
Hundreds of Pez Candy Dispensers, Nov 03, &excats=134-40&min_price=1000000&max_price=2000000, Missouri, Springfield, For Sale-Wanted, Toys And Games, https://springfield.craigslist.org/tag/d/nixa-hundreds-of-pez-candy-dispensers/7012740027.html,,2019-11-03,US,2019-11-21
Lots of Russian Matryoshka Nesting Dolls Hand Paint Gift, Nov 03, &excats=134-40&min_price=1000000&max_price=2000000, Missouri, Springfield, For Sale-Wanted, Collectibles, https://springfield.craigslist.org/clt/d/nixa-lots-of-russian-matryoshka-nesting/7012705221.html,,2019-11-03,US,2019-11-21
Looking around for a small motorhome, Nov 03, &excats=134-40&min_price=1000000&max_price=2000000, Oregon, Eugene, For Sale-Wanted, RVs, https://eugene.craigslist.org/rvs/d/eugene-looking-around-for-small/7003127099.html,Want,2019-11-03,US,2019-11-21
Looking around for a small motorhome, Nov 03, &excats=134-40&min_price=1000000&max_price=2000000, Oregon, Oregon Coast, For Sale-Wanted, RVs, https://oregoncoast.craigslist.org/rvs/d/newport-looking-around-for-small/7007908406.html,Want,2019-11-03,US,2019-11-21
Carvers Toy Box, Nov 03, &excats=134-40&min_price=1000000&max_price=2000000, New York, Binghamton, For Sale-Wanted, Furniture, https://binghamton.craigslist.org/fuo/d/guilford-carvers-toy-box/7012682408.html,,2019-11-03,US,2019-11-21
Carvers Toy Box, Nov 03, &excats=134-40&min_price=1000000&max_price=2000000, New York, Binghamton, For Sale-Wanted, Collectibles, https://binghamton.craigslist.org/clt/d/oxford-carvers-toy-box/7012668944.html,,2019-11-03,US,2019-11-21
Skis Boots Poles and Bindings, Nov 03, &excats=134-40&min_price=1000000&max_price=2000000, New York, Glens Falls, For Sale-Wanted, Sporting Goods, https://glensfalls.craigslist.org/spo/d/burnt-hills-skis-boots-poles-and/7013034651.html,,2019-11-03,US,2019-11-21
Various Tools - SEE FULL LIST, Nov 03, &excats=134-40&min_price=1000000&max_price=2000000, New York, Syracuse, For Sale-Wanted, Tools, https://syracuse.craigslist.org/tls/d/syracuse-various-tools-see-full-list/7012875831.html,,2019-11-03,US,2019-11-21
I Pay CA$H for MacBooks/AppleWatches, Nov 03, &excats=134-40&min_price=1000000&max_price=2000000, Kansas, Wichita, For Sale-Wanted, Wanted, https://wichita.craigslist.org/wan/d/wichita-pay-cah-for-macbooks/7012953821.html,,2019-11-03,US,2019-11-21
Johnson mercury  evinrude crystler, Nov 03, &excats=134-40&min_price=1000000&max_price=2000000, Oklahoma, Tulsa, For Sale-Wanted, Boat Parts, https://tulsa.craigslist.org/bpo/d/okay-johnson-mercury-evinrude-crystler/7012608120.html,,2019-11-03,US,2019-11-21
Propane dryer/electric washer, Nov 03, &excats=134-40&min_price=1000000&max_price=2000000, Maine, Maine, For Sale-Wanted, Appliance by Owner, https://maine.craigslist.org/app/d/bowdoin-propane-dryer-electric-washer/7012970734.html,,2019-11-03,US,2019-11-21
** I BUY $$ NEW or USED $$ iPHONE 11 PRO X XR XS MAX 8 8 PLUS iPAD MAC, Nov 03, &excats=134-40&min_price=1000000&max_price=2000000, Texas, Austin, For Sale-Wanted, Wanted, https://austin.craigslist.org/wad/d/austin-buy-new-or-used-iphone-11-pro-xr/7012607749.html,,2019-11-03,US,2019-11-21
**PREMIUM TALL Camo Parka, Nov 02, &excats=134-40&min_price=1000000&max_price=2000000, Wisconsin, Green Bay, For Sale-Wanted, Sporting Goods, https://greenbay.craigslist.org/spo/d/little-chute-premium-tall-camo-parka/7012137077.html,,2019-11-02,US,2019-11-21
looking for older vw busesbeetles, Nov 02, &excats=134-40&min_price=1000000&max_price=2000000, Wisconsin, Madison, For Sale-Wanted, Wanted, https://madison.craigslist.org/wan/d/looking-for-older-vw-busesbeetles/6994723088.html,Want,2019-11-02,US,2019-11-21
Beautiful Summerfield Home, Nov 02, &excats=134-40&min_price=1000000&max_price=2000000, North Carolina, Greensboro, For Sale-Wanted, Wanted, https://greensboro.craigslist.org/wad/d/summerfield-beautiful-summerfield-home/7012014988.html,,2019-11-02,US,2019-11-21
box truck, Nov 02, &excats=134-40&min_price=1000000&max_price=2000000, Vermont, Vermont, For Sale-Wanted, Cars And Trucks, https://vermont.craigslist.org/cto/d/north-clarendon-box-truck/7012093202.html,,2019-11-02,US,2019-11-21
****Metal wanted****, Nov 02, &excats=134-40&min_price=1000000&max_price=2000000, Pennsylvania, Philadelphia, For Sale-Wanted, Wanted, https://philadelphia.craigslist.org/wan/d/metal-wanted/7011959920.html,Want,2019-11-02,US,2019-11-21
want pony saddle, Nov 02, &excats=134-40&min_price=1000000&max_price=2000000, California, Gold Country, For Sale-Wanted, Farm and Garden, https://goldcountry.craigslist.org/grd/d/cedar-ridge-want-pony-saddle/7012538386.html,Want,2019-11-02,US,2019-11-21
Multi family Moving sale, Nov 02, &excats=134-40&min_price=1000000&max_price=2000000, Florida, Lakeland, For Sale-Wanted, Household, https://lakeland.craigslist.org/hsh/d/fort-meade-multi-family-moving-sale/7011990915.html,,2019-11-02,US,2019-11-21
5 bedroom house for sale, Nov 02, &excats=134-40&min_price=1000000&max_price=2000000, New York, Long Island, For Sale-Wanted, General, https://longisland.craigslist.org/for/d/great-neck-5-bedroom-house-for-sale/7012428659.html,,2019-11-02,US,2019-11-21
Huge Football Card Collection over 50k cards, Nov 02, &excats=134-40&min_price=1000000&max_price=2000000, Nebraska, Lincoln, For Sale-Wanted, Collectibles, https://lincoln.craigslist.org/clt/d/firth-huge-football-card-collection/7012115771.html,,2019-11-02,US,2019-11-21
SCHWINN TANDEM, Nov 02, &excats=134-40&min_price=1000000&max_price=2000000, Kansas, Wichita, For Sale-Wanted, General, https://wichita.craigslist.org/for/d/wichita-schwinn-tandem/7012233137.html,,2019-11-02,US,2019-11-21
Wanted By Private Collector - Vinyl Record Albums, Nov 02, &excats=134-40&min_price=1000000&max_price=2000000, Arizona, Phoenix, For Sale-Wanted, Wanted, https://phoenix.craigslist.org/nph/wan/d/phoenix-wanted-by-private-collector/7012496558.html,Want,2019-11-02,US,2019-11-21
Contractors specialcabinets and countertops, Nov 02, &excats=134-40&min_price=1000000&max_price=2000000, New Jersey, South Jersey, For Sale-Wanted, Materials, https://southjersey.craigslist.org/mad/d/wilmington-contractors-specialcabinets/7011948388.html,,2019-11-02,US,2019-11-21
** I BUY $$ NEW or USED $$ iPHONE 11 PRO X XR XS MAX 8 8 PLUS iPAD MAC, Nov 02, &excats=134-40&min_price=1000000&max_price=2000000, Texas, Austin, For Sale-Wanted, Wanted, https://austin.craigslist.org/wad/d/austin-buy-new-or-used-iphone-11-pro-xr/7011985896.html,,2019-11-02,US,2019-11-21
Johnny Carson Photo, Nov 01, &excats=134-40&min_price=1000000&max_price=2000000, Wisconsin, Wausau, For Sale-Wanted, Collectibles, https://wausau.craigslist.org/clt/d/schofield-johnny-carson-photo/7011856571.html,,2019-11-01,US,2019-11-21
Books, Nov 01, &excats=134-40&min_price=1000000&max_price=2000000, Wisconsin, Wausau, For Sale-Wanted, Books, https://wausau.craigslist.org/bks/d/schofield-books/7011854349.html,,2019-11-01,US,2019-11-21
Gas/Oil Cans, Nov 01, &excats=134-40&min_price=1000000&max_price=2000000, Wisconsin, Wausau, For Sale-Wanted, Antique By Owner, https://wausau.craigslist.org/atq/d/schofield-gas-oil-cans/7011854268.html,,2019-11-01,US,2019-11-21
****Metal wanted****, Nov 01, &excats=134-40&min_price=1000000&max_price=2000000, Pennsylvania, Philadelphia, For Sale-Wanted, Wanted, https://philadelphia.craigslist.org/wan/d/metal-wanted/7011278927.html,Want,2019-11-01,US,2019-11-21
WE PAY CASH FOR BRAND NEW AND USED SMARTPHONES !!!!!!, Nov 01, &excats=134-40&min_price=1000000&max_price=2000000, California, Los Angeles, For Sale-Wanted, Wanted, https://losangeles.craigslist.org/lac/wad/d/los-angeles-we-pay-cash-for-brand-new/7011658001.html,,2019-11-01,US,2019-11-21
Hunters Creek Yard Sale, Nov 01, &excats=134-40&min_price=1000000&max_price=2000000, Florida, Orlando, For Sale-Wanted, Clothes, https://orlando.craigslist.org/clo/d/orlando-hunters-creek-yard-sale/7011882985.html,,2019-11-01,US,2019-11-21
Stealing in cars, Nov 01, &excats=134-40&min_price=1000000&max_price=2000000, Missouri, Kansas City, For Sale-Wanted, Antique By Owner, https://kansascity.craigslist.org/atq/d/raymore-stealing-in-cars/7004459090.html,,2019-11-01,US,2019-11-21
2006 to 2010 sonata wanted, Nov 01, &excats=134-40&min_price=1000000&max_price=2000000, New York, Buffalo, For Sale-Wanted, Auto Parts by Owner, https://buffalo.craigslist.org/pts/d/buffalo-2006-to-2010-sonata-wanted/7011257146.html,Want,2019-11-01,US,2019-11-21
I Buy iPhones & ELECTRONICS, Nov 01, &excats=134-40&min_price=1000000&max_price=2000000, Kansas, Wichita, For Sale-Wanted, Wanted, https://wichita.craigslist.org/wan/d/wichita-buy-iphones-electronics/7011672326.html,,2019-11-01,US,2019-11-21
I Buy Apple Watches and other electronics, Nov 01, &excats=134-40&min_price=1000000&max_price=2000000, Kansas, Wichita, For Sale-Wanted, Wanted, https://wichita.craigslist.org/wan/d/wichita-buy-apple-watches-and-other/7011674120.html,,2019-11-01,US,2019-11-21
Gold Silver & diamond Buyer, Nov 01, &excats=134-40&min_price=1000000&max_price=2000000, Arkansas, Little Rock, For Sale-Wanted, Jewelry, https://littlerock.craigslist.org/jwl/d/gassville-gold-silver-diamond-buyer/7011407255.html,,2019-11-01,US,2019-11-21
** I BUY $$ NEW or USED $$ iPHONE 11 PRO X XR XS MAX 8 8 PLUS iPAD MAC, Nov 01, &excats=134-40&min_price=1000000&max_price=2000000, Texas, Austin, For Sale-Wanted, Wanted, https://austin.craigslist.org/wad/d/austin-buy-new-or-used-iphone-11-pro-xr/7011301370.html,,2019-11-01,US,2019-11-21
Cell phones, Nov 01, &excats=134-40&min_price=1000000&max_price=2000000, Texas, College Station, For Sale-Wanted, Cell Phones, https://collegestation.craigslist.org/mob/d/college-station-cell-phones/7011629075.html,,2019-11-01,US,2019-11-21
Winter Boat Clearance, Nov 01, &excats=134-40&min_price=1000000&max_price=2000000, Texas, Houston, For Sale-Wanted, Boat Parts by Dealer, https://houston.craigslist.org/bod/d/seabrook-winter-boat-clearance/7011460815.html,,2019-11-01,US,2019-11-21
ALL MODELS PRICED TOO LOW TO LAST!!!, Oct 31, &excats=134-40&min_price=1000000&max_price=2000000, Kentucky, Lexington, For Sale-Wanted, Boat Parts by Dealer, https://lexington.craigslist.org/bod/d/richmond-all-models-priced-too-low-to/7010778605.html,,2019-10-31,US,2019-11-21
Security cameras, Oct 31, &excats=134-40&min_price=1000000&max_price=2000000, New Mexico, Albuquerque, For Sale-Wanted, General, https://albuquerque.craigslist.org/fod/d/santa-fe-security-cameras/7010839768.html,,2019-10-31,US,2019-11-21
ALL MODELS PRICED TOO LOW TO LAST!!!, Oct 31, &excats=134-40&min_price=1000000&max_price=2000000, Indiana, Indianapolis, For Sale-Wanted, Boat Parts by Dealer, https://indianapolis.craigslist.org/bod/d/richmond-all-models-priced-too-low-to/7010774912.html,,2019-10-31,US,2019-11-21
ALL MODELS PRICED TOO LOW TO LAST!!!, Oct 31, &excats=134-40&min_price=1000000&max_price=2000000, Indiana, Richmond, For Sale-Wanted, Boat Parts by Dealer, https://cincinnati.craigslist.org/bod/d/richmond-all-models-priced-too-low-to/7010774305.html,,2019-10-31,US,2019-11-21
ALL MODELS PRICED TOO LOW TO LAST!!!, Oct 31, &excats=134-40&min_price=1000000&max_price=2000000, Indiana, Richmond, For Sale-Wanted, Boat Parts by Dealer, https://indianapolis.craigslist.org/bod/d/richmond-all-models-priced-too-low-to/7010774912.html,,2019-10-31,US,2019-11-21
****Metal wanted****, Oct 31, &excats=134-40&min_price=1000000&max_price=2000000, Pennsylvania, Philadelphia, For Sale-Wanted, Wanted, https://philadelphia.craigslist.org/wan/d/metal-wanted/7010656342.html,Want,2019-10-31,US,2019-11-21
In need of Steelers  Colts tickets, Oct 31, &excats=134-40&min_price=1000000&max_price=2000000, Pennsylvania, Pittsburgh, For Sale-Wanted, Tickets, https://pittsburgh.craigslist.org/tix/d/pittsburgh-in-need-of-steelers-colts/7009471681.html,Want,2019-10-31,US,2019-11-21
****ART WANTED***TOP DOLLAR***, Oct 31, &excats=134-40&min_price=1000000&max_price=2000000, District of Columbia, Washington, For Sale-Wanted, Wanted, https://washingtondc.craigslist.org/mld/wad/d/rockville-art-wantedtop-dollar/7010986094.html,Want,2019-10-31,US,2019-11-21
WANTED SHUFFLEBOARD 12 foot, Oct 31, &excats=134-40&min_price=1000000&max_price=2000000, Colorado, Denver, For Sale-Wanted, Wanted, https://denver.craigslist.org/wan/d/littleton-wanted-shuffleboard-12-foot/7002809031.html,Want,2019-10-31,US,2019-11-21
Purchase a Business, Oct 31, &excats=134-40&min_price=1000000&max_price=2000000, Missouri, St Louis, For Sale-Wanted, Wanted, https://stlouis.craigslist.org/wan/d/saint-louis-purchase-business/7010742363.html,,2019-10-31,US,2019-11-21
Numerous vintage bottles, Oct 31, &excats=134-40&min_price=1000000&max_price=2000000, New York, Long Island, For Sale-Wanted, Antique By Owner, https://longisland.craigslist.org/atq/d/brightwaters-numerous-vintage-bottles/7004849977.html,,2019-10-31,US,2019-11-21
Sewing Machine Tables, Oct 31, &excats=134-40&min_price=1000000&max_price=2000000, Nebraska, Lincoln, For Sale-Wanted, Furniture, https://lincoln.craigslist.org/fuo/d/palmyra-sewing-machine-tables/7011024469.html,,2019-10-31,US,2019-11-21
Snowmobile clutches, Oct 31, &excats=134-40&min_price=1000000&max_price=2000000, Montana, Missoula, For Sale-Wanted, ATVs UTVs by Owner, https://missoula.craigslist.org/snw/d/missoula-snowmobile-clutches/7010878001.html,,2019-10-31,US,2019-11-21
ISO twin mattresses, Oct 31, &excats=134-40&min_price=1000000&max_price=2000000, Montana, Missoula, For Sale-Wanted, Furniture, https://missoula.craigslist.org/fuo/d/missoula-iso-twin-mattresses/7004950299.html,,2019-10-31,US,2019-11-21
ALL MODELS PRICED TOO LOW TO LAST!!!, Oct 31, &excats=134-40&min_price=1000000&max_price=2000000, Ohio, Cincinnati, For Sale-Wanted, Boat Parts by Dealer, https://cincinnati.craigslist.org/bod/d/richmond-all-models-priced-too-low-to/7010774305.html,,2019-10-31,US,2019-11-21
Tract 111 122 A PLAZA WEST, Oct 31, &excats=134-40&min_price=1000000&max_price=2000000, Arkansas, Texarkana, For Sale-Wanted, General, https://texarkana.craigslist.org/for/d/nash-tract-plaza-west/7011146337.html,,2019-10-31,US,2019-11-21
2013-2018 Nissan altma, Oct 31, &excats=134-40&min_price=1000000&max_price=2000000, Maryland, Baltimore, For Sale-Wanted, Auto Parts by Owner, https://baltimore.craigslist.org/pts/d/glen-burnie-nissan-altma/7011018774.html,,2019-10-31,US,2019-11-21
** I BUY $$ NEW or USED $$ iPHONE 11 PRO X XR XS MAX 8 8 PLUS iPAD MAC, Oct 31, &excats=134-40&min_price=1000000&max_price=2000000, Texas, Austin, For Sale-Wanted, Wanted, https://austin.craigslist.org/wad/d/austin-buy-new-or-used-iphone-11-pro-xr/7010809220.html,,2019-10-31,US,2019-11-21
** I BUY $$ NEW or USED $$ iPHONE 11 PRO X XR XS MAX 8 8 PLUS iPAD MAC, Oct 31, &excats=134-40&min_price=1000000&max_price=2000000, Texas, Austin, For Sale-Wanted, Wanted, https://austin.craigslist.org/wad/d/austin-buy-new-or-used-iphone-11-pro-xr/7010672817.html,,2019-10-31,US,2019-11-21
LOT 3 BATTLE RD R35062, Oct 31, &excats=134-40&min_price=1000000&max_price=2000000, Texas, Houston, For Sale-Wanted, General, https://houston.craigslist.org/for/d/kendleton-lot-3-battle-rd-r35062/7011141729.html,,2019-10-31,US,2019-11-21
VACANT LAND, Oct 31, &excats=134-40&min_price=1000000&max_price=2000000, Texas, Houston, For Sale-Wanted, General, https://houston.craigslist.org/for/d/kendleton-vacant-land/7011137829.html,,2019-10-31,US,2019-11-21
Tract 111 122 A PLAZA WEST, Oct 31, &excats=134-40&min_price=1000000&max_price=2000000, Texas, Texarkana, For Sale-Wanted, General, https://texarkana.craigslist.org/for/d/nash-tract-plaza-west/7011146337.html,,2019-10-31,US,2019-11-21
****Metal wanted****, Oct 30, &excats=134-40&min_price=1000000&max_price=2000000, Pennsylvania, Philadelphia, For Sale-Wanted, Wanted, https://philadelphia.craigslist.org/wan/d/metal-wanted/7009974190.html,Want,2019-10-30,US,2019-11-21
-WE PAY CASH FOR BRAND NEW AND USED PHONES , Oct 30, &excats=134-40&min_price=1000000&max_price=2000000, California, Los Angeles, For Sale-Wanted, Wanted, https://losangeles.craigslist.org/lac/wad/d/los-angeles-we-pay-cash-for-brand-new/7010307996.html,,2019-10-30,US,2019-11-21
20 UNITS, Oct 30, &excats=134-40&min_price=1000000&max_price=2000000, Georgia, Atlanta, For Sale-Wanted, General, https://atlanta.craigslist.org/eat/for/d/lawrenceville-20-units/7010559222.html,,2019-10-30,US,2019-11-21
Want to buy your Comic Books / Collections, Oct 30, &excats=134-40&min_price=1000000&max_price=2000000, Georgia, Atlanta, For Sale-Wanted, Wanted, https://atlanta.craigslist.org/nat/wan/d/lawrenceville-want-to-buy-your-comic/7010323445.html,Want,2019-10-30,US,2019-11-21
HONDA CT70 125CC/4 SPEED 55MPH FOR TRADE, Oct 30, &excats=134-40&min_price=1000000&max_price=2000000, Connecticut, Hartford, For Sale-Wanted, Motorcycles, https://hartford.craigslist.org/mcy/d/storrs-mansfield-honda-ct70-125cc-4/7010517092.html,,2019-10-30,US,2019-11-21
iSO Rv mechanic needed, Oct 30, &excats=134-40&min_price=1000000&max_price=2000000, Florida, Ocala, For Sale-Wanted, RVs, https://ocala.craigslist.org/rvs/d/beverly-hills-iso-rv-mechanic-needed/7010258377.html,Want,2019-10-30,US,2019-11-21
Scarlett amps, Oct 30, &excats=134-40&min_price=1000000&max_price=2000000, Missouri, Kansas City, For Sale-Wanted, Musical Instruments, https://kansascity.craigslist.org/msg/d/overland-park-scarlett-amps/7010392688.html,,2019-10-30,US,2019-11-21
PRIVATE COLLECTOR BUYING PORSCHE AIR COOLED 911 930 356 914 CARS, Oct 30, &excats=134-40&min_price=1000000&max_price=2000000, New York, Long Island, For Sale-Wanted, Wanted, https://longisland.craigslist.org/wan/d/yaphank-private-collector-buying/6989980961.html,,2019-10-30,US,2019-11-21
WTB ALL-STATE SHOWCASES -ANY GLASS DISPLAY CASE- I&#39;LL BUY ALL ALUMINUM, Oct 30, &excats=134-40&min_price=1000000&max_price=2000000, New York, Long Island, For Sale-Wanted, Wanted, https://longisland.craigslist.org/wan/d/wantagh-wtb-all-state-showcases-any/6989885520.html,,2019-10-30,US,2019-11-21
I BUY MacBooks/Apple Watches, Oct 30, &excats=134-40&min_price=1000000&max_price=2000000, Kansas, Wichita, For Sale-Wanted, Wanted, https://wichita.craigslist.org/wan/d/wichita-buy-macbooks-apple-watches/7010121985.html,,2019-10-30,US,2019-11-21
&quot;I BUY&quot; U.S. Silver Dollars and U.S. Silver Coins, Oct 30, &excats=134-40&min_price=1000000&max_price=2000000, Michigan, Ann Arbor, For Sale-Wanted, Wanted, https://annarbor.craigslist.org/wan/d/hamburg-buy-us-silver-dollars-and-us/7010582286.html,,2019-10-30,US,2019-11-21
&quot;I BUY&quot; U.S. Silver Dollars and U.S. Silver Coins, Oct 30, &excats=134-40&min_price=1000000&max_price=2000000, Michigan, Ann Arbor, For Sale-Wanted, Wanted, https://annarbor.craigslist.org/wan/d/hamburg-buy-us-silver-dollars-and-us/7010582197.html,,2019-10-30,US,2019-11-21
Unwanted games /arcades / pinball / even old Nintendo/  Atari/ skeebal, Oct 30, &excats=134-40&min_price=1000000&max_price=2000000, Oklahoma, Tulsa, For Sale-Wanted, Video Gaming, https://tulsa.craigslist.org/vgm/d/tulsa-unwanted-games-arcades-pinball/7010049639.html,Want,2019-10-30,US,2019-11-21
Want to buy your comic book collections, Oct 30, &excats=134-40&min_price=1000000&max_price=2000000, Virginia, Richmond, For Sale-Wanted, Books, https://richmond.craigslist.org/bks/d/richmond-want-to-buy-your-comic-book/7010259204.html,Want,2019-10-30,US,2019-11-21
New 16s Tires, Oct 30, &excats=134-40&min_price=1000000&max_price=2000000, Texas, Amarillo, For Sale-Wanted, NA, https://amarillo.craigslist.org/wto/d/dumas-new-16s-tires/7009949343.html,,2019-10-30,US,2019-11-21
$$ I BUY $$ NEW or USED $$ iPHONE 11 PRO X XR XS MAX 8 8 PLUS iPAD MAC, Oct 30, &excats=134-40&min_price=1000000&max_price=2000000, Texas, Austin, For Sale-Wanted, Wanted, https://austin.craigslist.org/wad/d/austin-buy-new-or-used-iphone-11-pro-xr/7010051788.html,,2019-10-30,US,2019-11-21
Looking to trade, Oct 30, &excats=134-40&min_price=1000000&max_price=2000000, Texas, Houston, For Sale-Wanted, NA, https://houston.craigslist.org/wto/d/spring-looking-to-trade/7010602855.html,Want,2019-10-30,US,2019-11-21
Lots of Harley parts, Oct 30, &excats=134-40&min_price=1000000&max_price=2000000, Texas, Lubbock, For Sale-Wanted, Motorcycle Parts, https://lubbock.craigslist.org/mpo/d/lubbock-lots-of-harley-parts/6991938729.html,,2019-10-30,US,2019-11-21
80s 90&#39;s and early 2000 chevy parts, Oct 29, &excats=134-40&min_price=1000000&max_price=2000000, North Carolina, Greensboro, For Sale-Wanted, Auto Parts by Owner, https://greensboro.craigslist.org/pts/d/reidsville-80s-90s-and-early-2000-chevy/7009888460.html,,2019-10-29,US,2019-11-21
RCR & Austin Dillon memorabilia.  PRICELESS!, Oct 29, &excats=134-40&min_price=1000000&max_price=2000000, North Carolina, Winston-salem, For Sale-Wanted, Collectibles, https://winstonsalem.craigslist.org/clt/d/winston-salem-rcr-austin-dillon/7009390217.html,,2019-10-29,US,2019-11-21
Nigerian Dwarf goats, Oct 29, &excats=134-40&min_price=1000000&max_price=2000000, Indiana, Evansville, For Sale-Wanted, Farm and Garden, https://evansville.craigslist.org/grd/d/boonville-nigerian-dwarf-goats/6999795436.html,,2019-10-29,US,2019-11-21
****Metal wanted****, Oct 29, &excats=134-40&min_price=1000000&max_price=2000000, Pennsylvania, Philadelphia, For Sale-Wanted, Wanted, https://philadelphia.craigslist.org/wan/d/metal-wanted/7009334393.html,Want,2019-10-29,US,2019-11-21
Auto mechanic needed, Oct 29, &excats=134-40&min_price=1000000&max_price=2000000, Pennsylvania, Williamsport, For Sale-Wanted, Auto Parts by Owner, https://williamsport.craigslist.org/pts/d/williamsport-auto-mechanic-needed/7009454447.html,Want,2019-10-29,US,2019-11-21
SELLING THAT IPHONE FOR CASH?!?!?!, Oct 29, &excats=134-40&min_price=1000000&max_price=2000000, California, Los Angeles, For Sale-Wanted, Wanted, https://losangeles.craigslist.org/lac/wad/d/los-angeles-selling-that-iphone-for-cash/7009669596.html,,2019-10-29,US,2019-11-21
INVESTOR, Oct 29, &excats=134-40&min_price=1000000&max_price=2000000, California, Modesto, For Sale-Wanted, Wanted, https://modesto.craigslist.org/wan/d/turlock-investor/6990626175.html,,2019-10-29,US,2019-11-21
I need a 10&quot; dual sub ported box, Oct 29, &excats=134-40&min_price=1000000&max_price=2000000, Georgia, Atlanta, For Sale-Wanted, Auto Parts by Owner, https://atlanta.craigslist.org/atl/pts/d/acworth-need-10-dual-sub-ported-box/7007765900.html,Want,2019-10-29,US,2019-11-21
Wanted OLD Volkswagen parts cars manuals etc. Cash Paid, Oct 29, &excats=134-40&min_price=1000000&max_price=2000000, Colorado, Denver, For Sale-Wanted, Wanted, https://denver.craigslist.org/wan/d/denver-wanted-old-volkswagen-parts-cars/6989798364.html,Want,2019-10-29,US,2019-11-21
Hemp buy out, Oct 29, &excats=134-40&min_price=1000000&max_price=2000000, Oregon, Eugene, For Sale-Wanted, Farm and Garden, https://eugene.craigslist.org/grd/d/salem-hemp-buy-out/7009343852.html,,2019-10-29,US,2019-11-21
New 2020 Prestige 520, Oct 29, &excats=134-40&min_price=1000000&max_price=2000000, Oregon, Portland, For Sale-Wanted, Boat Parts by Dealer, https://portland.craigslist.org/mlt/bod/d/portland-new-2020-prestige-520/7009671984.html,,2019-10-29,US,2019-11-21
2018 Prestige 620, Oct 29, &excats=134-40&min_price=1000000&max_price=2000000, Oregon, Portland, For Sale-Wanted, Boat Parts by Dealer, https://portland.craigslist.org/mlt/bod/d/portland-2018-prestige-620/7009671384.html,,2019-10-29,US,2019-11-21
NEW 2018 Prestige 630 * 20% dn x $10237 mo * IPS Pods * WARRANTY, Oct 29, &excats=134-40&min_price=1000000&max_price=2000000, Oregon, Portland, For Sale-Wanted, Boat Parts by Dealer, https://portland.craigslist.org/mlt/bod/d/portland-new-2018-prestige-dn-mo-ips/7009627113.html,,2019-10-29,US,2019-11-21
Hemp buy out, Oct 29, &excats=134-40&min_price=1000000&max_price=2000000, Oregon, Salem, For Sale-Wanted, Farm and Garden, https://eugene.craigslist.org/grd/d/salem-hemp-buy-out/7009343852.html,,2019-10-29,US,2019-11-21
Kingpin zep, Oct 29, &excats=134-40&min_price=1000000&max_price=2000000, New York, Buffalo, For Sale-Wanted, Sporting Goods, https://buffalo.craigslist.org/spo/d/lockport-kingpin-zep/7009897038.html,,2019-10-29,US,2019-11-21
Miscellaneous tools and things!, Oct 29, &excats=134-40&min_price=1000000&max_price=2000000, Ohio, Youngstown, For Sale-Wanted, Tools, https://youngstown.craigslist.org/tls/d/youngstown-miscellaneous-tools-and/7006085096.html,,2019-10-29,US,2019-11-21
Attn: Coin Collectors New Coin Shop Coming Soon!, Oct 29, &excats=134-40&min_price=1000000&max_price=2000000, Arizona, Phoenix, For Sale-Wanted, Wanted, https://phoenix.craigslist.org/nph/wad/d/phoenix-attn-coin-collectors-new-coin/7009909100.html,,2019-10-29,US,2019-11-21
Buying Coins and Collections Private Buyer, Oct 29, &excats=134-40&min_price=1000000&max_price=2000000, Arizona, Phoenix, For Sale-Wanted, Wanted, https://phoenix.craigslist.org/wvl/wad/d/phoenix-buying-coins-and-collections/7009688692.html,,2019-10-29,US,2019-11-21
HUGE INDOOR MOVING SALE, Oct 29, &excats=134-40&min_price=1000000&max_price=2000000, New Jersey, South Jersey, For Sale-Wanted, General, https://southjersey.craigslist.org/for/d/hammonton-huge-indoor-moving-sale/7009838634.html,,2019-10-29,US,2019-11-21
Ensoniq ASR-10, Oct 29, &excats=134-40&min_price=1000000&max_price=2000000, Maryland, Baltimore, For Sale-Wanted, Musical Instruments, https://baltimore.craigslist.org/msg/d/brooklyn-ensoniq-asr-10/7009370393.html,,2019-10-29,US,2019-11-21
Walkers four wheel with seat & two wheel standard se store for pricing, Oct 29, &excats=134-40&min_price=1000000&max_price=2000000, Oklahoma, Tulsa, For Sale-Wanted, Health And Beauty, https://tulsa.craigslist.org/had/d/tulsa-walkers-four-wheel-with-seat-two/7009621161.html,,2019-10-29,US,2019-11-21
Medical/ handicap equipment used, Oct 29, &excats=134-40&min_price=1000000&max_price=2000000, Oklahoma, Tulsa, For Sale-Wanted, Health And Beauty, https://tulsa.craigslist.org/had/d/tulsa-medical-handicap-equipment-used/7009611383.html,,2019-10-29,US,2019-11-21
Snap-on Tool Boxes, Oct 29, &excats=134-40&min_price=1000000&max_price=2000000, Texas, Abilene, For Sale-Wanted, Tools, https://abilene.craigslist.org/tls/d/snyder-snap-on-tool-boxes/7009776024.html,,2019-10-29,US,2019-11-21
$$ I BUY $$ NEW or USED $$ iPHONE 11 PRO X XR XS MAX 8 8 PLUS iPAD MAC, Oct 29, &excats=134-40&min_price=1000000&max_price=2000000, Texas, Austin, For Sale-Wanted, Wanted, https://austin.craigslist.org/wad/d/austin-buy-new-or-used-iphone-11-pro-xr/7009300016.html,,2019-10-29,US,2019-11-21
1957 CHEVY BEL AIR CAR OR STATION WAGON FRONT FENDERS, Oct 29, &excats=134-40&min_price=1000000&max_price=2000000, Texas, El Paso, For Sale-Wanted, Auto Parts by Owner, https://elpaso.craigslist.org/pts/d/el-paso-1957-chevy-bel-air-car-or/7009685912.html,,2019-10-29,US,2019-11-21
212 Acres  - prime  hunting land, Oct 28, &excats=134-40&min_price=1000000&max_price=2000000, Kentucky, Lexington, For Sale-Wanted, Farm and Garden, https://lexington.craigslist.org/grd/d/212-acres-prime-hunting-land/7009112569.html,,2019-10-28,US,2019-11-21
212 Acres  - prime  hunting land, Oct 28, &excats=134-40&min_price=1000000&max_price=2000000, Kentucky, Lexington, For Sale-Wanted, Farm and Garden, https://lexington.craigslist.org/grd/d/212-acres-prime-hunting-land/7008676358.html,,2019-10-28,US,2019-11-21
WTB paying cash for vintage toys video games action figures, Oct 28, &excats=134-40&min_price=1000000&max_price=2000000, Pennsylvania, Pittsburgh, For Sale-Wanted, Wanted, https://pittsburgh.craigslist.org/wan/d/monroeville-wtb-paying-cash-for-vintage/6989816089.html,,2019-10-28,US,2019-11-21
I have 2 trumpets, Oct 28, &excats=134-40&min_price=1000000&max_price=2000000, California, Chico, For Sale-Wanted, Musical Instruments, https://chico.craigslist.org/msg/d/stirling-city-have-2-trumpets/7008919015.html,,2019-10-28,US,2019-11-21
wanted!!!!!!!   duster hood etc, Oct 28, &excats=134-40&min_price=1000000&max_price=2000000, California, Inland Empire, For Sale-Wanted, Auto Parts by Owner, https://inlandempire.craigslist.org/pts/d/rancho-cucamonga-wanted-duster-hood-etc/7008966010.html,Want,2019-10-28,US,2019-11-21
1970/72 plymouth duster hood etc, Oct 28, &excats=134-40&min_price=1000000&max_price=2000000, California, Inland Empire, For Sale-Wanted, Wanted, https://inlandempire.craigslist.org/wan/d/rancho-cucamonga-plymouth-duster-hood/7008953004.html,,2019-10-28,US,2019-11-21
2007 bmw 328i for parts, Oct 28, &excats=134-40&min_price=1000000&max_price=2000000, Georgia, Atlanta, For Sale-Wanted, Auto Parts by Owner, https://atlanta.craigslist.org/nat/pts/d/winder-2007-bmw-328i-for-parts/7008492134.html,,2019-10-28,US,2019-11-21
Reitnouer Trailers BUY-RENT-LEASE to own, Oct 28, &excats=134-40&min_price=1000000&max_price=2000000, Illinois, Chicago, For Sale-Wanted, NA, https://chicago.craigslist.org/sox/trb/d/peotone-reitnouer-trailers-buy-rent/7008687374.html,,2019-10-28,US,2019-11-21
Old Hickory, Oct 28, &excats=134-40&min_price=1000000&max_price=2000000, Oregon, East Oregon, For Sale-Wanted, Farm and Garden, https://eastoregon.craigslist.org/grd/d/la-grande-old-hickory/7008731860.html,,2019-10-28,US,2019-11-21
Old Hickory, Oct 28, &excats=134-40&min_price=1000000&max_price=2000000, Oregon, East Oregon, For Sale-Wanted, Auto Parts by Owner, https://eastoregon.craigslist.org/pts/d/la-grande-old-hickory/7008727794.html,,2019-10-28,US,2019-11-21
1993 ls 400 Lexus, Oct 28, &excats=134-40&min_price=1000000&max_price=2000000, New York, Hudson Valley, For Sale-Wanted, Cars And Trucks, https://hudsonvalley.craigslist.org/cto/d/hyde-park-1993-ls-400-lexus/7008605471.html,,2019-10-28,US,2019-11-21
Wanted vinyl LP record albums, Oct 28, &excats=134-40&min_price=1000000&max_price=2000000, Nebraska, Lincoln, For Sale-Wanted, Wanted, https://lincoln.craigslist.org/wad/d/lincoln-wanted-vinyl-lp-record-albums/7008815760.html,Want,2019-10-28,US,2019-11-21
We Pay Cash For iPhone iPad and MORE!, Oct 28, &excats=134-40&min_price=1000000&max_price=2000000, Idaho, Boise, For Sale-Wanted, Cell Phones by Dealer, https://boise.craigslist.org/mod/d/caldwell-we-pay-cash-for-iphone-ipad/7008875729.html,,2019-10-28,US,2019-11-21
Bulova day and night antique mantle clock, Oct 28, &excats=134-40&min_price=1000000&max_price=2000000, Tennessee, Cookeville, For Sale-Wanted, Antique By Owner, https://cookeville.craigslist.org/atq/d/celina-bulova-day-and-night-antique/7009079767.html,,2019-10-28,US,2019-11-21
Hot Spring Vista 8&#39;4x7&#39;7, Oct 28, &excats=134-40&min_price=1000000&max_price=2000000, Michigan, Flint, For Sale-Wanted, General, https://flint.craigslist.org/for/d/port-huron-hot-spring-vista-84x77/7009108598.html,,2019-10-28,US,2019-11-21
Custom wood signs, Oct 28, &excats=134-40&min_price=1000000&max_price=2000000, Michigan, Port Huron, For Sale-Wanted, General, https://porthuron.craigslist.org/for/d/brown-city-custom-wood-signs/7009164894.html,,2019-10-28,US,2019-11-21
Toyota Forklift For Sale, Oct 28, &excats=134-40&min_price=1000000&max_price=2000000, Nevada, Las Vegas, For Sale-Wanted, Heavy Equipment, https://lasvegas.craigslist.org/hvo/d/las-vegas-toyota-forklift-for-sale/6992718725.html,,2019-10-28,US,2019-11-21
Iso 1967-72 chev truck, Oct 28, &excats=134-40&min_price=1000000&max_price=2000000, Washington, Wenatchee, For Sale-Wanted, Wanted, https://spokane.craigslist.org/wan/d/wenatchee-iso-chev-truck/6988856121.html,,2019-10-28,US,2019-11-21
Briggs & Stratton Generator, Oct 28, &excats=134-40&min_price=1000000&max_price=2000000, Virginia, Winchester, For Sale-Wanted, Tools, https://winchester.craigslist.org/tls/d/front-royal-briggs-stratton-generator/7008784354.html,,2019-10-28,US,2019-11-21
$$ I BUY $$ NEW or USED $$ iPHONE 11 PRO X XR XS MAX 8 8 PLUS iPAD MAC, Oct 28, &excats=134-40&min_price=1000000&max_price=2000000, Texas, Austin, For Sale-Wanted, Wanted, https://austin.craigslist.org/wad/d/austin-buy-new-or-used-iphone-11-pro-xr/7008739885.html,,2019-10-28,US,2019-11-21
** I BUY => NEW or USED <= iPHONE 11 PRO X XR XS MAX 8 8 PLUS iPAD MAC, Oct 28, &excats=134-40&min_price=1000000&max_price=2000000, Texas, Austin, For Sale-Wanted, Wanted, https://austin.craigslist.org/wad/d/austin-buy-new-or-used-iphone-11-pro-xr/7008590087.html,,2019-10-28,US,2019-11-21
HAUSITA HOME REVIVAL, Oct 28, &excats=134-40&min_price=1000000&max_price=2000000, Texas, San Marcos, For Sale-Wanted, Furniture, https://sanmarcos.craigslist.org/fuo/d/new-braunfels-hausita-home-revival/6989231365.html,,2019-10-28,US,2019-11-21
Yard sale, Oct 27, &excats=134-40&min_price=1000000&max_price=2000000, Kentucky, Louisville, For Sale-Wanted, General, https://louisville.craigslist.org/for/d/new-albany-yard-sale/7008205175.html,,2019-10-27,US,2019-11-21
Chevrolet high. Country, Oct 27, &excats=134-40&min_price=1000000&max_price=2000000, North Carolina, Charlotte, For Sale-Wanted, Cars And Trucks, https://charlotte.craigslist.org/cto/d/york-chevrolet-high-country/7008068022.html,,2019-10-27,US,2019-11-21
****Metal wanted****, Oct 27, &excats=134-40&min_price=1000000&max_price=2000000, Pennsylvania, Philadelphia, For Sale-Wanted, Wanted, https://philadelphia.craigslist.org/wan/d/metal-wanted/7008201260.html,Want,2019-10-27,US,2019-11-21
New and used harley parts, Oct 27, &excats=134-40&min_price=1000000&max_price=2000000, Pennsylvania, Pittsburgh, For Sale-Wanted, Motorcycle Parts, https://pittsburgh.craigslist.org/mpo/d/midland-new-and-used-harley-parts/7008444308.html,,2019-10-27,US,2019-11-21
Star Wars Megazords etc., Oct 27, &excats=134-40&min_price=1000000&max_price=2000000, Pennsylvania, Pittsburgh, For Sale-Wanted, Toys And Games, https://pittsburgh.craigslist.org/tag/d/new-kensington-star-wars-megazords-etc/7008163555.html,,2019-10-27,US,2019-11-21
1990 ford long bed (bed only) make offer, Oct 27, &excats=134-40&min_price=1000000&max_price=2000000, California, Chico, For Sale-Wanted, Auto Parts by Owner, https://chico.craigslist.org/pts/d/oroville-1990-ford-long-bed-bed-only/7008482791.html,,2019-10-27,US,2019-11-21
Hashed bashed or old Polaris 4-wheelers, Oct 27, &excats=134-40&min_price=1000000&max_price=2000000, Alaska, Fairbanks, For Sale-Wanted, Wanted, https://fairbanks.craigslist.org/wan/d/fairbanks-hashed-bashed-or-old-polaris/7008082031.html,,2019-10-27,US,2019-11-21
1997 yz250 2 stroke TRADE OR CASH, Oct 27, &excats=134-40&min_price=1000000&max_price=2000000, Ohio, Cincinnati, For Sale-Wanted, Motorcycles, https://cincinnati.craigslist.org/mcy/d/kings-mills-1997-yz250-2-stroke-trade/6991483191.html,,2019-10-27,US,2019-11-21
WANTED 1963-1972 CORVETTE CAMARO CHEVELLE NOVA CARS&PARTS PAY CASH$$$$, Oct 27, &excats=134-40&min_price=1000000&max_price=2000000, Ohio, Cleveland, For Sale-Wanted, Wanted, https://cleveland.craigslist.org/wan/d/doylestown-wanted-corvette-camaro/6988258998.html,Want,2019-10-27,US,2019-11-21
BUYING RECORD&#39;S $$$, Oct 27, &excats=134-40&min_price=1000000&max_price=2000000, Ohio, Mansfield, For Sale-Wanted, Wanted, https://mansfield.craigslist.org/wan/d/shelby-buying-records/6991558084.html,,2019-10-27,US,2019-11-21
Fiberglass building material, Oct 27, &excats=134-40&min_price=1000000&max_price=2000000, West Virginia, Morgantown, For Sale-Wanted, Materials, https://morgantown.craigslist.org/mat/d/elkins-fiberglass-building-material/7008271227.html,,2019-10-27,US,2019-11-21
Vintage Porch gliders and other vintage outdoor furniture, Oct 27, &excats=134-40&min_price=1000000&max_price=2000000, Maryland, Frederick, For Sale-Wanted, Furniture, https://frederick.craigslist.org/fuo/d/bunker-hill-vintage-porch-gliders-and/7008006366.html,,2019-10-27,US,2019-11-21
Wanted road built, Oct 27, &excats=134-40&min_price=1000000&max_price=2000000, Mississippi, Hattiesburg, For Sale-Wanted, Wanted, https://hattiesburg.craigslist.org/wan/d/hattiesburg-wanted-road-built/7007981828.html,Want,2019-10-27,US,2019-11-21
ISO a old nintendo super nintendo gamecube or nintendo 64 plus games, Oct 27, &excats=134-40&min_price=1000000&max_price=2000000, Maine, Maine, For Sale-Wanted, Wanted, https://maine.craigslist.org/wan/d/bangor-iso-old-nintendo-super-nintendo/6988768646.html,,2019-10-27,US,2019-11-21
** I BUY => NEW or USED <= iPHONE 11 PRO X XR XS MAX 8 8 PLUS iPAD MAC, Oct 27, &excats=134-40&min_price=1000000&max_price=2000000, Texas, Austin, For Sale-Wanted, Wanted, https://austin.craigslist.org/wad/d/austin-buy-new-or-used-iphone-11-pro-xr/7007992078.html,,2019-10-27,US,2019-11-21
Bodyshop  and mechanic tools equipment, Oct 27, &excats=134-40&min_price=1000000&max_price=2000000, Texas, Houston, For Sale-Wanted, Tools, https://houston.craigslist.org/tls/d/baytown-bodyshop-and-mechanic-tools/7008465702.html,,2019-10-27,US,2019-11-21
1977 VOLARE / ROAD RUNNER 4 parts, Oct 26, &excats=134-40&min_price=1000000&max_price=2000000, Indiana, Indianapolis, For Sale-Wanted, Auto Parts by Owner, https://indianapolis.craigslist.org/pts/d/1977-volare-road-runner-4-parts/7007755357.html,,2019-10-26,US,2019-11-21
2012 650 V Strom, Oct 26, &excats=134-40&min_price=1000000&max_price=2000000, Vermont, Vermont, For Sale-Wanted, ATVs UTVs by Owner, https://vermont.craigslist.org/snw/d/north-hero-strom/6987994080.html,,2019-10-26,US,2019-11-21
****Metal wanted****, Oct 26, &excats=134-40&min_price=1000000&max_price=2000000, Pennsylvania, Philadelphia, For Sale-Wanted, Wanted, https://philadelphia.craigslist.org/wan/d/metal-wanted/7007351582.html,Want,2019-10-26,US,2019-11-21
Samsung family hub 4 door french door smart refrigerator in fingerprint resistan, Oct 26, &excats=134-40&min_price=1000000&max_price=2000000, California, Inland Empire, For Sale-Wanted, Appliance by Owner, https://inlandempire.craigslist.org/app/d/temecula-samsung-family-hub-4-door/6998845908.html,,2019-10-26,US,2019-11-21
IPHONE BUYER -  CASH CASH CASH - IPHONE BUYER -CASH CASH CASH, Oct 26, &excats=134-40&min_price=1000000&max_price=2000000, California, Los Angeles, For Sale-Wanted, Wanted, https://losangeles.craigslist.org/lac/wad/d/los-angeles-iphone-buyer-cash-cash-cash/7007555514.html,,2019-10-26,US,2019-11-21
Work truck, Oct 26, &excats=134-40&min_price=1000000&max_price=2000000, Florida, Tallahassee, For Sale-Wanted, Cars And Trucks, https://tallahassee.craigslist.org/cto/d/tallahassee-work-truck/7007836524.html,,2019-10-26,US,2019-11-21
Roofing Clay Tile, Oct 26, &excats=134-40&min_price=1000000&max_price=2000000, Missouri, St Louis, For Sale-Wanted, Materials, https://stlouis.craigslist.org/mat/d/troy-roofing-clay-tile/7007402972.html,,2019-10-26,US,2019-11-21
PAYING CASH VINTAGE Band & Concert Ts, Oct 26, &excats=134-40&min_price=1000000&max_price=2000000, Ohio, Cincinnati, For Sale-Wanted, Wanted, https://cincinnati.craigslist.org/wan/d/cincinnati-paying-cash-vintage-band/7007413928.html,,2019-10-26,US,2019-11-21
CHECK  OLD  PICS/ PRICELESS 68 HOLMAN MOODY FORD CORTINA GT BODY, Oct 26, &excats=134-40&min_price=1000000&max_price=2000000, Ohio, Cincinnati, For Sale-Wanted, Auto Parts by Owner, https://cincinnati.craigslist.org/pts/d/logan-check-old-pics-priceless-68/7007312665.html,,2019-10-26,US,2019-11-21
JUNK CARS CASH IN HAND NO TITLE NEEDED 3479064, Oct 26, &excats=134-40&min_price=1000000&max_price=2000000, Kansas, Wichita, For Sale-Wanted, Cars And Trucks, https://wichita.craigslist.org/cto/d/wichita-junk-cars-cash-in-hand-no-title/7007490963.html,Want,2019-10-26,US,2019-11-21
Auto trans, Oct 26, &excats=134-40&min_price=1000000&max_price=2000000, Tennessee, Nashville, For Sale-Wanted, Wanted, https://nashville.craigslist.org/wan/d/dickson-auto-trans/7007307508.html,,2019-10-26,US,2019-11-21
Glass Insulators, Oct 26, &excats=134-40&min_price=1000000&max_price=2000000, Maine, Maine, For Sale-Wanted, Wanted, https://maine.craigslist.org/wan/d/turner-glass-insulators/7007514891.html,,2019-10-26,US,2019-11-21
** I BUY => NEW or USED <= iPHONE 11 PRO X XR XS MAX 8 8 PLUS iPAD MAC, Oct 26, &excats=134-40&min_price=1000000&max_price=2000000, Texas, Austin, For Sale-Wanted, Wanted, https://austin.craigslist.org/wad/d/austin-buy-new-or-used-iphone-11-pro-xr/7007365371.html,,2019-10-26,US,2019-11-21
Drop Deck Trailer, Oct 25, &excats=134-40&min_price=1000000&max_price=2000000, Wisconsin, Green Bay, For Sale-Wanted, NA, https://greenbay.craigslist.org/tro/d/quinnesec-drop-deck-trailer/7006807091.html,,2019-10-25,US,2019-11-21
1971 Porsche 911 Interior parts, Oct 25, &excats=134-40&min_price=1000000&max_price=2000000, Pennsylvania, Philadelphia, For Sale-Wanted, Wanted, https://philadelphia.craigslist.org/wan/d/abington-1971-porsche-911-interior-parts/6987725047.html,,2019-10-25,US,2019-11-21
****Metal wanted****, Oct 25, &excats=134-40&min_price=1000000&max_price=2000000, Pennsylvania, Philadelphia, For Sale-Wanted, General, https://philadelphia.craigslist.org/for/d/metal-wanted/7006636541.html,Want,2019-10-25,US,2019-11-21
6% a year return on money, Oct 25, &excats=134-40&min_price=1000000&max_price=2000000, Georgia, Athens, For Sale-Wanted, Wanted, https://athensga.craigslist.org/wan/d/athens-6-year-return-on-money/7007186684.html,,2019-10-25,US,2019-11-21
10 KT GOLD $20.00 PER GRAMS, Oct 25, &excats=134-40&min_price=1000000&max_price=2000000, Georgia, Atlanta, For Sale-Wanted, Wanted, https://atlanta.craigslist.org/nat/wan/d/norcross-10-kt-gold-2000-per-grams/7007010819.html,,2019-10-25,US,2019-11-21
GOLD AND DIAMOND BUYERS &quot;WE PAY TOP $$$$$$&quot;, Oct 25, &excats=134-40&min_price=1000000&max_price=2000000, Georgia, Atlanta, For Sale-Wanted, Wanted, https://atlanta.craigslist.org/nat/wan/d/norcross-gold-and-diamond-buyers-we-pay/7006914459.html,,2019-10-25,US,2019-11-21
Parting Out 1993 Nissan Pathfinder xe V6 5spd 4x4 hunting suv, Oct 25, &excats=134-40&min_price=1000000&max_price=2000000, Georgia, Atlanta, For Sale-Wanted, Auto Parts by Owner, https://atlanta.craigslist.org/atl/pts/d/carrollton-parting-out-1993-nissan/7006696712.html,Want,2019-10-25,US,2019-11-21
Honda 250es big red parts, Oct 25, &excats=134-40&min_price=1000000&max_price=2000000, Louisiana, Monroe, For Sale-Wanted, ATVs UTVs by Owner, https://monroe.craigslist.org/snw/d/monroe-honda-250es-big-red-parts/6987484535.html,,2019-10-25,US,2019-11-21
I BUY aircooled Volkswagen Cars and Parts, Oct 25, &excats=134-40&min_price=1000000&max_price=2000000, Ohio, Cincinnati, For Sale-Wanted, Wanted, https://cincinnati.craigslist.org/wan/d/west-chester-buy-aircooled-volkswagen/7007085605.html,,2019-10-25,US,2019-11-21
chevy straight 6, Oct 25, &excats=134-40&min_price=1000000&max_price=2000000, Arizona, Tucson, For Sale-Wanted, Auto Parts by Owner, https://tucson.craigslist.org/pts/d/tucson-chevy-straight-6/7007029568.html,,2019-10-25,US,2019-11-21
Cash Paid 4 Antiques & Household Items, Oct 25, &excats=134-40&min_price=1000000&max_price=2000000, Maryland, Baltimore, For Sale-Wanted, Household, https://baltimore.craigslist.org/hsh/d/cash-paid-4-antiques-household-items/6989197316.html,,2019-10-25,US,2019-11-21
67 GTO Restoration Parts, Oct 25, &excats=134-40&min_price=1000000&max_price=2000000, Maine, Maine, For Sale-Wanted, Auto Parts by Owner, https://maine.craigslist.org/pts/d/67-gto-restoration-parts/7006806498.html,,2019-10-25,US,2019-11-21
** I BUY => NEW or USED <= iPHONE 11 PRO X XR XS MAX 8 8 PLUS iPAD MAC, Oct 25, &excats=134-40&min_price=1000000&max_price=2000000, Texas, Austin, For Sale-Wanted, Wanted, https://austin.craigslist.org/wad/d/austin-buy-new-or-used-iphone-11-pro-xr/7006661828.html,,2019-10-25,US,2019-11-21
Goldwing 1500 Lower Radiator Cowl and 2 Side Covers, Oct 24, &excats=134-40&min_price=1000000&max_price=2000000, Wisconsin, Milwaukee, For Sale-Wanted, Motorcycle Parts, https://milwaukee.craigslist.org/mpo/d/milwaukee-goldwing-1500-lower-radiator/7005922415.html,,2019-10-24,US,2019-11-21
SPODE Christmas Tree dishes, Oct 24, &excats=134-40&min_price=1000000&max_price=2000000, Wisconsin, Milwaukee, For Sale-Wanted, Household, https://milwaukee.craigslist.org/hsh/d/brookfield-spode-christmas-tree-dishes/6985658896.html,,2019-10-24,US,2019-11-21
Homemade trumpet lamp, Oct 24, &excats=134-40&min_price=1000000&max_price=2000000, New Mexico, Albuquerque, For Sale-Wanted, Musical Instruments, https://albuquerque.craigslist.org/msg/d/albuquerque-homemade-trumpet-lamp/7006294258.html,,2019-10-24,US,2019-11-21
ISO: Free weights and Gym Mats, Oct 24, &excats=134-40&min_price=1000000&max_price=2000000, North Carolina, Charlotte, For Sale-Wanted, Wanted, https://charlotte.craigslist.org/wan/d/waxhaw-iso-free-weights-and-gym-mats/7005902921.html,,2019-10-24,US,2019-11-21
mopar duster demon, Oct 24, &excats=134-40&min_price=1000000&max_price=2000000, Indiana, Fort Wayne, For Sale-Wanted, Auto Parts by Owner, https://fortwayne.craigslist.org/pts/d/butler-mopar-duster-demon/6998837141.html,,2019-10-24,US,2019-11-21
aluminum wheels 4.5 x 5, Oct 24, &excats=134-40&min_price=1000000&max_price=2000000, Indiana, Fort Wayne, For Sale-Wanted, NA, https://fortwayne.craigslist.org/wto/d/butler-aluminum-wheels-45-5/6998837635.html,,2019-10-24,US,2019-11-21
1970 hood scoop, Oct 24, &excats=134-40&min_price=1000000&max_price=2000000, Indiana, Fort Wayne, For Sale-Wanted, Auto Parts by Owner, https://fortwayne.craigslist.org/pts/d/butler-1970-hood-scoop/6998838376.html,,2019-10-24,US,2019-11-21
1968 Camaro, Oct 24, &excats=134-40&min_price=1000000&max_price=2000000, Indiana, Fort Wayne, For Sale-Wanted, Auto Parts by Owner, https://fortwayne.craigslist.org/pts/d/butler-1968-camaro/6998838736.html,,2019-10-24,US,2019-11-21
1967 camaro grille, Oct 24, &excats=134-40&min_price=1000000&max_price=2000000, Indiana, Fort Wayne, For Sale-Wanted, Auto Parts by Owner, https://fortwayne.craigslist.org/pts/d/butler-1967-camaro-grille/6998838933.html,,2019-10-24,US,2019-11-21
1976 Chevy truck frame, Oct 24, &excats=134-40&min_price=1000000&max_price=2000000, Indiana, Fort Wayne, For Sale-Wanted, Auto Parts by Owner, https://fortwayne.craigslist.org/pts/d/butler-1976-chevy-truck-frame/6998841150.html,,2019-10-24,US,2019-11-21
2008 Impala front fender, Oct 24, &excats=134-40&min_price=1000000&max_price=2000000, Indiana, Fort Wayne, For Sale-Wanted, Auto Parts by Owner, https://fortwayne.craigslist.org/pts/d/butler-2008-impala-front-fender/6998842307.html,,2019-10-24,US,2019-11-21
****Metal wanted****, Oct 24, &excats=134-40&min_price=1000000&max_price=2000000, Pennsylvania, Philadelphia, For Sale-Wanted, General, https://philadelphia.craigslist.org/for/d/metal-wanted/7005935787.html,Want,2019-10-24,US,2019-11-21
Cars / Trucks/SUV&#39;s - special incentive&#39;s ...Life Time Tire and Oil, Oct 24, &excats=134-40&min_price=1000000&max_price=2000000, California, Inland Empire, For Sale-Wanted, Cars And by Dealer, https://inlandempire.craigslist.org/ctd/d/fontana-cars-trucks-suvs-special/7006482916.html,,2019-10-24,US,2019-11-21
Last minute Camp RZR Trailer Rental, Oct 24, &excats=134-40&min_price=1000000&max_price=2000000, California, Inland Empire, For Sale-Wanted, RVs, https://inlandempire.craigslist.org/rvs/d/menifee-last-minute-camp-rzr-trailer/7006094512.html,,2019-10-24,US,2019-11-21
1994 Ford Ranger Parting out, Oct 24, &excats=134-40&min_price=1000000&max_price=2000000, South Carolina, Columbia, For Sale-Wanted, Auto Parts by Owner, https://columbia.craigslist.org/pts/d/leesville-1994-ford-ranger-parting-out/6986731985.html,,2019-10-24,US,2019-11-21
750k, Oct 24, &excats=134-40&min_price=1000000&max_price=2000000, Colorado, Denver, For Sale-Wanted, Heavy Equipment, https://denver.craigslist.org/hvo/d/eagle-750k/6985982268.html,,2019-10-24,US,2019-11-21
Old Barn wood, Oct 24, &excats=134-40&min_price=1000000&max_price=2000000, Montana, Bozeman, For Sale-Wanted, Materials, https://bozeman.craigslist.org/mat/d/corvallis-old-barn-wood/6998717108.html,,2019-10-24,US,2019-11-21
Old barn wood, Oct 24, &excats=134-40&min_price=1000000&max_price=2000000, Montana, Butte, For Sale-Wanted, Materials, https://butte.craigslist.org/mat/d/corvallis-old-barn-wood/6998713649.html,,2019-10-24,US,2019-11-21
Old barn wood, Oct 24, &excats=134-40&min_price=1000000&max_price=2000000, Montana, Helena, For Sale-Wanted, Materials, https://helena.craigslist.org/mat/d/corvallis-old-barn-wood/6998709921.html,,2019-10-24,US,2019-11-21
Old Barn wood, Oct 24, &excats=134-40&min_price=1000000&max_price=2000000, Montana, Kalispell, For Sale-Wanted, Materials, https://kalispell.craigslist.org/mat/d/corvallis-old-barn-wood/6998705635.html,,2019-10-24,US,2019-11-21
Small block Chevy, Oct 24, &excats=134-40&min_price=1000000&max_price=2000000, Ohio, Columbus, For Sale-Wanted, Wanted, https://columbus.craigslist.org/wan/d/sycamore-small-block-chevy/7005877786.html,,2019-10-24,US,2019-11-21
Huge estate auction resale, Oct 24, &excats=134-40&min_price=1000000&max_price=2000000, Arizona, Tucson, For Sale-Wanted, General, https://tucson.craigslist.org/for/d/tucson-huge-estate-auction-resale/7006549674.html,,2019-10-24,US,2019-11-21
off market investment property for sale, Oct 24, &excats=134-40&min_price=1000000&max_price=2000000, Tennessee, Nashville, For Sale-Wanted, General, https://nashville.craigslist.org/for/d/murfreesboro-off-market-investment/7006097907.html,,2019-10-24,US,2019-11-21
Buying Comic Books, Oct 24, &excats=134-40&min_price=1000000&max_price=2000000, New Jersey, South Jersey, For Sale-Wanted, Wanted, https://southjersey.craigslist.org/wan/d/buying-comic-books/7006533797.html,,2019-10-24,US,2019-11-21
Cash Paid 4 Vintage Costume Jewelry & Old Pocket Watches, Oct 24, &excats=134-40&min_price=1000000&max_price=2000000, Maryland, Baltimore, For Sale-Wanted, Wanted, https://baltimore.craigslist.org/wan/d/cash-paid-4-vintage-costume-jewelry-old/6989726877.html,,2019-10-24,US,2019-11-21
420 Acres Roping Arena House and Barns, Oct 24, &excats=134-40&min_price=1000000&max_price=2000000, Oklahoma, Oklahoma City, For Sale-Wanted, Farm and Garden, https://oklahomacity.craigslist.org/grd/d/preston-420-acres-roping-arena-house/7006144596.html,,2019-10-24,US,2019-11-21
Wanted Old Motorcycles Good Bad or Ugly, Oct 24, &excats=134-40&min_price=1000000&max_price=2000000, Maine, Maine, For Sale-Wanted, Wanted, https://maine.craigslist.org/wan/d/columbia-falls-wanted-old-motorcycles/6993816198.html,Want,2019-10-24,US,2019-11-21
** I BUY => NEW or USED <= iPHONE 11 PRO X XR XS MAX 8 8 PLUS iPAD MAC, Oct 24, &excats=134-40&min_price=1000000&max_price=2000000, Texas, Austin, For Sale-Wanted, Wanted, https://austin.craigslist.org/wad/d/austin-buy-new-or-used-iphone-11-pro-xr/7005956628.html,,2019-10-24,US,2019-11-21
SRT4 ACR $1 MILLION DOLLARS, Oct 24, &excats=134-40&min_price=1000000&max_price=2000000, Texas, Houston, For Sale-Wanted, Cars And by Dealer, https://houston.craigslist.org/ctd/d/houston-srt4-acr-1-million-dollars/7006309751.html,,2019-10-24,US,2019-11-21
****Metal wanted****, Oct 23, &excats=134-40&min_price=1000000&max_price=2000000, Pennsylvania, Philadelphia, For Sale-Wanted, Wanted, https://philadelphia.craigslist.org/wan/d/metal-wanted/7005207614.html,Want,2019-10-23,US,2019-11-21
****Metal wanted****, Oct 23, &excats=134-40&min_price=1000000&max_price=2000000, Pennsylvania, Philadelphia, For Sale-Wanted, Wanted, https://philadelphia.craigslist.org/wan/d/metal-wanted/7005207719.html,Want,2019-10-23,US,2019-11-21
CASH CASH CASH -IPHONE BUYERS!!!-CASH CASH CASH. SAMSUNG APPLE WATCH, Oct 23, &excats=134-40&min_price=1000000&max_price=2000000, California, Los Angeles, For Sale-Wanted, Wanted, https://losangeles.craigslist.org/lac/wad/d/los-angeles-cash-cash-cash-iphone/7005754092.html,,2019-10-23,US,2019-11-21
IPHONES - SAMSUNGS - IPADS !! WE BUY THEM!!, Oct 23, &excats=134-40&min_price=1000000&max_price=2000000, California, Los Angeles, For Sale-Wanted, Wanted, https://losangeles.craigslist.org/lac/wad/d/los-angeles-iphones-samsungs-ipads-we/7005506790.html,,2019-10-23,US,2019-11-21
Freedom flag/military burial flag., Oct 23, &excats=134-40&min_price=1000000&max_price=2000000, California, Palm Springs, For Sale-Wanted, Antique By Owner, https://palmsprings.craigslist.org/atq/d/indio-freedom-flag-military-burial-flag/7005689627.html,,2019-10-23,US,2019-11-21
Buying Rolex Watches broken or old wanted, Oct 23, &excats=134-40&min_price=1000000&max_price=2000000, Florida, Jacksonville, For Sale-Wanted, Jewelry, https://jacksonville.craigslist.org/jwl/d/jacksonville-buying-rolex-watches/7003224211.html,Want,2019-10-23,US,2019-11-21
Will move your items, Oct 23, &excats=134-40&min_price=1000000&max_price=2000000, Missouri, Kansas City, For Sale-Wanted, General, https://kansascity.craigslist.org/for/d/independence-will-move-your-items/7005467992.html,,2019-10-23,US,2019-11-21
Will mow your yard and snow removal, Oct 23, &excats=134-40&min_price=1000000&max_price=2000000, Missouri, Kansas City, For Sale-Wanted, Wanted, https://kansascity.craigslist.org/wan/d/independence-will-mow-your-yard-and/7005465307.html,,2019-10-23,US,2019-11-21
Purchase a Business, Oct 23, &excats=134-40&min_price=1000000&max_price=2000000, Missouri, St Louis, For Sale-Wanted, Wanted, https://stlouis.craigslist.org/wan/d/saint-louis-purchase-business/7005256106.html,,2019-10-23,US,2019-11-21
Paintball pants and exalt marker case, Oct 23, &excats=134-40&min_price=1000000&max_price=2000000, Oregon, Eugene, For Sale-Wanted, Sporting Goods, https://eugene.craigslist.org/spo/d/eugene-paintball-pants-and-exalt-marker/7005696233.html,,2019-10-23,US,2019-11-21
VINYL WINDOWS, Oct 23, &excats=134-40&min_price=1000000&max_price=2000000, Montana, Billings, For Sale-Wanted, General, https://billings.craigslist.org/for/d/billings-vinyl-windows/7005841293.html,,2019-10-23,US,2019-11-21
parts --Craftsman LT 1000, Oct 23, &excats=134-40&min_price=1000000&max_price=2000000, Ohio, Columbus, For Sale-Wanted, Farm and Garden, https://columbus.craigslist.org/grd/d/hilliard-parts-craftsman-lt-1000/6988248326.html,,2019-10-23,US,2019-11-21
Honda k20 k24 parts blocks heads k20z3 k24a2, Oct 23, &excats=134-40&min_price=1000000&max_price=2000000, Arizona, Phoenix, For Sale-Wanted, Auto Parts by Owner, https://phoenix.craigslist.org/evl/pts/d/tyro-honda-k20-k24-parts-blocks-heads/7005258156.html,,2019-10-23,US,2019-11-21
ISO EXPIRED license plates, Oct 23, &excats=134-40&min_price=1000000&max_price=2000000, Virginia, Richmond, For Sale-Wanted, Wanted, https://richmond.craigslist.org/wan/d/king-william-iso-expired-license-plates/7005633228.html,,2019-10-23,US,2019-11-21
** I BUY => NEW or USED <= iPHONE 11 PRO X XR XS MAX 8 8 PLUS iPAD MAC, Oct 23, &excats=134-40&min_price=1000000&max_price=2000000, Texas, Austin, For Sale-Wanted, Wanted, https://austin.craigslist.org/wad/d/austin-buy-new-or-used-iphone-11-pro-xr/7005224001.html,,2019-10-23,US,2019-11-21
****Metal wanted****, Oct 22, &excats=134-40&min_price=1000000&max_price=2000000, Pennsylvania, Philadelphia, For Sale-Wanted, Wanted, https://philadelphia.craigslist.org/wan/d/metal-wanted/7004442945.html,Want,2019-10-22,US,2019-11-21
-WE BUY X XS XS MAX 11 11 pro 11 pro max brand new and used, Oct 22, &excats=134-40&min_price=1000000&max_price=2000000, California, Los Angeles, For Sale-Wanted, Wanted, https://losangeles.craigslist.org/lac/wad/d/los-angeles-we-buy-xs-xs-max-pro-11-pro/7004598798.html,,2019-10-22,US,2019-11-21
Buying Baseball Football Basketball Cards  Comics  Coins and Knives, Oct 22, &excats=134-40&min_price=1000000&max_price=2000000, California, Redding, For Sale-Wanted, Wanted, https://redding.craigslist.org/wan/d/redding-buying-baseball-football/6985421191.html,,2019-10-22,US,2019-11-21
Wanted Baseball Football Basketball Cards  Comics  Coins & Knives $$, Oct 22, &excats=134-40&min_price=1000000&max_price=2000000, California, Redding, For Sale-Wanted, Collectibles, https://redding.craigslist.org/clt/d/redding-wanted-baseball-football/6984695019.html,Want,2019-10-22,US,2019-11-21
Buying Baseball Football Basketball Cards  Comics  Coins and Knives, Oct 22, &excats=134-40&min_price=1000000&max_price=2000000, California, Redding, For Sale-Wanted, Wanted, https://redding.craigslist.org/wan/d/redding-buying-baseball-football/6985419688.html,,2019-10-22,US,2019-11-21
Buying Baseball Football Basketball Cards  Comics  Coins  Knives $$, Oct 22, &excats=134-40&min_price=1000000&max_price=2000000, California, Redding, For Sale-Wanted, General, https://redding.craigslist.org/for/d/redding-buying-baseball-football/6984694463.html,,2019-10-22,US,2019-11-21
5% a year return on money, Oct 22, &excats=134-40&min_price=1000000&max_price=2000000, Georgia, Athens, For Sale-Wanted, Wanted, https://atlanta.craigslist.org/atl/wan/d/athens-5-year-return-on-money/7005123482.html,,2019-10-22,US,2019-11-21
5% a year return on money, Oct 22, &excats=134-40&min_price=1000000&max_price=2000000, Georgia, Atlanta, For Sale-Wanted, Wanted, https://atlanta.craigslist.org/atl/wan/d/athens-5-year-return-on-money/7005123482.html,,2019-10-22,US,2019-11-21
196 ACRES   45 MILES WEST OF ST LOUIS, Oct 22, &excats=134-40&min_price=1000000&max_price=2000000, Missouri, St Louis, For Sale-Wanted, Wanted, https://stlouis.craigslist.org/wan/d/truesdale-196-acres-45-miles-west-of-st/6985720843.html,,2019-10-22,US,2019-11-21
Camping Gear, Oct 22, &excats=134-40&min_price=1000000&max_price=2000000, Oregon, Roseburg, For Sale-Wanted, Sporting Goods, https://roseburg.craigslist.org/spo/d/wilbur-camping-gear/7004850252.html,,2019-10-22,US,2019-11-21
Wood turnings, Oct 22, &excats=134-40&min_price=1000000&max_price=2000000, Oregon, Salem, For Sale-Wanted, General, https://salem.craigslist.org/for/d/independence-wood-turnings/6993690219.html,,2019-10-22,US,2019-11-21
PRIVATE COLLECTOR PURCHASING ALL CLASSIC / MUSCLE AND EUROPEAN CARS., Oct 22, &excats=134-40&min_price=1000000&max_price=2000000, New York, Long Island, For Sale-Wanted, Wanted, https://longisland.craigslist.org/wan/d/yaphank-private-collector-purchasing/6989983420.html,,2019-10-22,US,2019-11-21
SNOW PLOWING SERVICE SODUS/WILLIAMSON, Oct 22, &excats=134-40&min_price=1000000&max_price=2000000, New York, Rochester, For Sale-Wanted, Farm and Garden, https://rochester.craigslist.org/grd/d/sodus-snow-plowing-service-sodus/7004738726.html,,2019-10-22,US,2019-11-21
Tools, Oct 22, &excats=134-40&min_price=1000000&max_price=2000000, New York, Syracuse, For Sale-Wanted, Tools, https://syracuse.craigslist.org/tls/d/black-river-tools/7004832196.html,,2019-10-22,US,2019-11-21
A/C and Heat I install aftermarket Systems, Oct 22, &excats=134-40&min_price=1000000&max_price=2000000, Tennessee, Jackson, For Sale-Wanted, Auto Parts by Owner, https://jacksontn.craigslist.org/pts/d/henderson-c-and-heat-install/7004704622.html,,2019-10-22,US,2019-11-21
Walkers four wheel with seat & two wheel standard se store for pricing, Oct 22, &excats=134-40&min_price=1000000&max_price=2000000, Oklahoma, Tulsa, For Sale-Wanted, Health And Beauty, https://tulsa.craigslist.org/had/d/tulsa-walkers-four-wheel-with-seat-two/7004768772.html,,2019-10-22,US,2019-11-21
Medical/ handicap equipment used, Oct 22, &excats=134-40&min_price=1000000&max_price=2000000, Oklahoma, Tulsa, For Sale-Wanted, Health And Beauty, https://tulsa.craigslist.org/had/d/tulsa-medical-handicap-equipment-used/7004766195.html,,2019-10-22,US,2019-11-21
** I BUY => NEW or USED <= iPHONE 11 PRO X XR XS MAX 8 8 PLUS iPAD MAC, Oct 22, &excats=134-40&min_price=1000000&max_price=2000000, Texas, Austin, For Sale-Wanted, Wanted, https://austin.craigslist.org/wad/d/austin-buy-new-or-used-iphone-11-pro-xr/7004489368.html,,2019-10-22,US,2019-11-21
$$$ Cash for Houses!! No Repairs No Commission NO HEADACHES!!!, Oct 21, &excats=134-40&min_price=1000000&max_price=2000000, Pennsylvania, Philadelphia, For Sale-Wanted, Wanted, https://philadelphia.craigslist.org/wan/d/philadelphia-cash-for-houses-no-repairs/7004367162.html,,2019-10-21,US,2019-11-21
Arnold Palmer bobble heads, Oct 21, &excats=134-40&min_price=1000000&max_price=2000000, Pennsylvania, Pittsburgh, For Sale-Wanted, General, https://pittsburgh.craigslist.org/for/d/pittsburgh-arnold-palmer-bobble-heads/7003805438.html,,2019-10-21,US,2019-11-21
Buying Baseball Football Basketball Cards  Comics  Coins and Knives, Oct 21, &excats=134-40&min_price=1000000&max_price=2000000, California, Redding, For Sale-Wanted, Wanted, https://redding.craigslist.org/wan/d/redding-buying-baseball-football/6984695521.html,,2019-10-21,US,2019-11-21
Wanted Baseball Football Basketball Cards  Comics  Coins & Knives $$, Oct 21, &excats=134-40&min_price=1000000&max_price=2000000, California, Redding, For Sale-Wanted, Collectibles, https://redding.craigslist.org/clt/d/redding-wanted-baseball-football/6985419247.html,Want,2019-10-21,US,2019-11-21
WTB Those old boxes of books in your attic, Oct 21, &excats=134-40&min_price=1000000&max_price=2000000, Colorado, Denver, For Sale-Wanted, Wanted, https://denver.craigslist.org/wan/d/kittredge-wtb-those-old-boxes-of-books/7004329070.html,,2019-10-21,US,2019-11-21
Wanted, Oct 21, &excats=134-40&min_price=1000000&max_price=2000000, New York, Watertown, For Sale-Wanted, Farm and Garden, https://watertown.craigslist.org/grd/d/theresa-wanted/6999095500.html,Want,2019-10-21,US,2019-11-21
Wellcraft 233 eclipse trade, Oct 21, &excats=134-40&min_price=1000000&max_price=2000000, Nevada, Las Vegas, For Sale-Wanted, Boat Parts, https://lasvegas.craigslist.org/boa/d/pahrump-wellcraft-233-eclipse-trade/7004338280.html,,2019-10-21,US,2019-11-21
I want to buy your CLEANING business!, Oct 21, &excats=134-40&min_price=1000000&max_price=2000000, New Jersey, South Jersey, For Sale-Wanted, Wanted, https://southjersey.craigslist.org/wan/d/east-brunswick-want-to-buy-your/7003988427.html,Want,2019-10-21,US,2019-11-21
Chilton Manuals, Oct 20, &excats=134-40&min_price=1000000&max_price=2000000, Wisconsin, Madison, For Sale-Wanted, Auto Parts by Owner, https://madison.craigslist.org/pts/d/edgerton-chilton-manuals/7003379642.html,,2019-10-20,US,2019-11-21
wanted book on indentifing wild  plantstrees & herbs, Oct 20, &excats=134-40&min_price=1000000&max_price=2000000, Pennsylvania, Meadville, For Sale-Wanted, Wanted, https://meadville.craigslist.org/wan/d/fredonia-wanted-book-on-indentifing/6983985903.html,Want,2019-10-20,US,2019-11-21
****Metal wanted****, Oct 20, &excats=134-40&min_price=1000000&max_price=2000000, Pennsylvania, Philadelphia, For Sale-Wanted, Wanted, https://philadelphia.craigslist.org/wan/d/metal-wanted/7003190992.html,Want,2019-10-20,US,2019-11-21
The Earthz Dynastyz Lamp, Oct 20, &excats=134-40&min_price=1000000&max_price=2000000, South Carolina, Columbia, For Sale-Wanted, Appliance by Owner, https://columbia.craigslist.org/app/d/west-columbia-the-earthz-dynastyz-lamp/6998481620.html,,2019-10-20,US,2019-11-21
??Swiss watch collector looking for Rolex Omega, Oct 20, &excats=134-40&min_price=1000000&max_price=2000000, Florida, Jacksonville, For Sale-Wanted, Jewelry, https://jacksonville.craigslist.org/jwl/d/jacksonville-swiss-watch-collector/7003222534.html,Want,2019-10-20,US,2019-11-21
Desk Chair Table etc, Oct 20, &excats=134-40&min_price=1000000&max_price=2000000, Florida, Pensacola, For Sale-Wanted, General, https://pensacola.craigslist.org/for/d/gulf-breeze-desk-chair-table-etc/7003545412.html,,2019-10-20,US,2019-11-21
2005 dodge ram part out, Oct 20, &excats=134-40&min_price=1000000&max_price=2000000, New York, Binghamton, For Sale-Wanted, Auto Parts by Owner, https://binghamton.craigslist.org/pts/d/windsor-2005-dodge-ram-part-out/6985746994.html,,2019-10-20,US,2019-11-21
Clothes/shoes, Oct 20, &excats=134-40&min_price=1000000&max_price=2000000, Louisiana, New Orleans, For Sale-Wanted, Clothes, https://neworleans.craigslist.org/clo/d/metairie-clothes-shoes/7003279615.html,,2019-10-20,US,2019-11-21
Miscellaneous toys, Oct 20, &excats=134-40&min_price=1000000&max_price=2000000, Iowa, Des Moines, For Sale-Wanted, Toys And Games, https://desmoines.craigslist.org/tag/d/goldfield-miscellaneous-toys/7003540781.html,,2019-10-20,US,2019-11-21
Farmhouse/Harvest style tables benches and more from historical barn, Oct 20, &excats=134-40&min_price=1000000&max_price=2000000, Minnesota, Mankato, For Sale-Wanted, Furniture, https://mankato.craigslist.org/fuo/d/ceylon-farmhouse-harvest-style-tables/7003628394.html,,2019-10-20,US,2019-11-21
Farmhouse/Harvest style tables benches and more from historical barn, Oct 20, &excats=134-40&min_price=1000000&max_price=2000000, Minnesota, St Cloud, For Sale-Wanted, Furniture, https://stcloud.craigslist.org/fuo/d/ceylon-farmhouse-harvest-style-tables/7003627670.html,,2019-10-20,US,2019-11-21
Pokemon cards!, Oct 20, &excats=134-40&min_price=1000000&max_price=2000000, Oklahoma, Oklahoma City, For Sale-Wanted, Wanted, https://oklahomacity.craigslist.org/wan/d/oklahoma-city-pokemon-cards/7003318768.html,,2019-10-20,US,2019-11-21
Registered TX LONGHORN HEIFERS, Oct 19, &excats=134-40&min_price=1000000&max_price=2000000, Kentucky, Lexington, For Sale-Wanted, Farm and Garden, https://lexington.craigslist.org/grd/d/mount-sterling-registered-tx-longhorn/7002833926.html,,2019-10-19,US,2019-11-21
****Metal wanted****, Oct 19, &excats=134-40&min_price=1000000&max_price=2000000, Pennsylvania, Philadelphia, For Sale-Wanted, Wanted, https://philadelphia.craigslist.org/wan/d/metal-wanted/7002626597.html,Want,2019-10-19,US,2019-11-21
2001 ford ranger parts, Oct 19, &excats=134-40&min_price=1000000&max_price=2000000, Ohio, Columbus, For Sale-Wanted, Auto Parts by Owner, https://columbus.craigslist.org/pts/d/centerburg-2001-ford-ranger-parts/7003063713.html,,2019-10-19,US,2019-11-21
Ballet and Pointe Shoes, Oct 19, &excats=134-40&min_price=1000000&max_price=2000000, Arizona, Tucson, For Sale-Wanted, Clothes, https://tucson.craigslist.org/clo/d/tucson-ballet-and-pointe-shoes/7002886919.html,,2019-10-19,US,2019-11-21
Sports Cards collection wanted, Oct 19, &excats=134-40&min_price=1000000&max_price=2000000, Virginia, Fredericksburg, For Sale-Wanted, Wanted, https://fredericksburg.craigslist.org/wan/d/fredericksburg-sports-cards-collection/7003105529.html,Want,2019-10-19,US,2019-11-21
Garage Sale, Oct 19, &excats=134-40&min_price=1000000&max_price=2000000, Texas, Waco, For Sale-Wanted, Baby Kids by Owner, https://waco.craigslist.org/bab/d/waco-garage-sale/7002654896.html,,2019-10-19,US,2019-11-21
****Metal wanted****, Oct 18, &excats=134-40&min_price=1000000&max_price=2000000, Pennsylvania, Philadelphia, For Sale-Wanted, Wanted, https://philadelphia.craigslist.org/wan/d/metal-wanted/7001946711.html,Want,2019-10-18,US,2019-11-21
BUYING OLD MILITARY ITEMS, Oct 18, &excats=134-40&min_price=1000000&max_price=2000000, Florida, Tallahassee, For Sale-Wanted, General, https://tallahassee.craigslist.org/for/d/tallahassee-buying-old-military-items/6981212557.html,,2019-10-18,US,2019-11-21
AIR STRIP ON THESE 196 ARCES, Oct 18, &excats=134-40&min_price=1000000&max_price=2000000, Missouri, St Louis, For Sale-Wanted, NA, https://stlouis.craigslist.org/avo/d/truesdale-air-strip-on-these-196-arces/6983512328.html,,2019-10-18,US,2019-11-21
iPhone X Max, Oct 18, &excats=134-40&min_price=1000000&max_price=2000000, Louisiana, Baton Rouge, For Sale-Wanted, Cell Phones, https://batonrouge.craigslist.org/mob/d/key-west-iphone-max/7002521546.html,,2019-10-18,US,2019-11-21
Wanted a 4K laptop hp lenovo yoga etc, Oct 18, &excats=134-40&min_price=1000000&max_price=2000000, Arizona, Phoenix, For Sale-Wanted, Wanted, https://phoenix.craigslist.org/cph/wan/d/phoenix-wanted-4k-laptop-hp-lenovo-yoga/6985590207.html,Want,2019-10-18,US,2019-11-21
Samsung j7 crown, Oct 18, &excats=134-40&min_price=1000000&max_price=2000000, Arizona, Show Low, For Sale-Wanted, Electronics, https://showlow.craigslist.org/ele/d/lakeside-samsung-j7-crown/7002193902.html,,2019-10-18,US,2019-11-21
Wanting 17&quot; to 20&quot; Ram 1500 base wheels, Oct 18, &excats=134-40&min_price=1000000&max_price=2000000, Arkansas, Little Rock, For Sale-Wanted, Wanted, https://littlerock.craigslist.org/wan/d/vilonia-wanting-17-to-20-ram-1500-base/6997158137.html,Want,2019-10-18,US,2019-11-21
****Metal wanted****, Oct 17, &excats=134-40&min_price=1000000&max_price=2000000, Pennsylvania, Philadelphia, For Sale-Wanted, Wanted, https://philadelphia.craigslist.org/wan/d/metal-wanted/7001308409.html,Want,2019-10-17,US,2019-11-21
2008 HYUNDAI  SONATA PARTS CAR 62K ENGINE MILES, Oct 17, &excats=134-40&min_price=1000000&max_price=2000000, New Jersey, Jersey Shore, For Sale-Wanted, Auto Parts by Owner, https://jerseyshore.craigslist.org/pts/d/brick-2008-hyundai-sonata-parts-car-62k/6982658553.html,,2019-10-17,US,2019-11-21
WTB USED SNOW PLOW FOR 2006 CAN AM 400, Oct 17, &excats=134-40&min_price=1000000&max_price=2000000, Minnesota, Bemidji, For Sale-Wanted, Farm and Garden, https://bemidji.craigslist.org/grd/d/fort-frances-wtb-used-snow-plow-for/7001391910.html,,2019-10-17,US,2019-11-21
Beautiful Country Golf Course, Oct 17, &excats=134-40&min_price=1000000&max_price=2000000, Virginia, Lynchburg, For Sale-Wanted, General, https://lynchburg.craigslist.org/for/d/rogersville-beautiful-country-golf/6988986228.html,,2019-10-17,US,2019-11-21
Farm signs wanted $$$$$, Oct 16, &excats=134-40&min_price=1000000&max_price=2000000, Kentucky, Lexington, For Sale-Wanted, Farm and Garden, https://lexington.craigslist.org/grd/d/nicholasville-farm-signs-wanted/7001120930.html,Want,2019-10-16,US,2019-11-21
Millionaires ONLY!!, Oct 16, &excats=134-40&min_price=1000000&max_price=2000000, Kentucky, Lexington, For Sale-Wanted, Wanted, https://lexington.craigslist.org/wan/d/mount-sterling-millionaires-only/7000519938.html,,2019-10-16,US,2019-11-21
2010 ford edge, Oct 16, &excats=134-40&min_price=1000000&max_price=2000000, Kentucky, Louisville, For Sale-Wanted, Auto Parts by Owner, https://louisville.craigslist.org/pts/d/hodgenville-2010-ford-edge/6981956652.html,,2019-10-16,US,2019-11-21
Varias cosas accesorios  micas para torreta candado para extra y ms, Oct 16, &excats=134-40&min_price=1000000&max_price=2000000, New Mexico, Las Cruces, For Sale-Wanted, Bike Parts, https://lascruces.craigslist.org/bop/d/el-paso-varias-cosas-accesorios-micas/6981520680.html,,2019-10-16,US,2019-11-21
****Metal wanted****, Oct 16, &excats=134-40&min_price=1000000&max_price=2000000, Pennsylvania, Philadelphia, For Sale-Wanted, Wanted, https://philadelphia.craigslist.org/wan/d/metal-wanted/7000578862.html,Want,2019-10-16,US,2019-11-21
Parting out 2012 gmc terrain, Oct 16, &excats=134-40&min_price=1000000&max_price=2000000, Illinois, Quad Cities, For Sale-Wanted, Auto Parts by Owner, https://quadcities.craigslist.org/pts/d/silvis-parting-out-2012-gmc-terrain/7000726438.html,,2019-10-16,US,2019-11-21
420 Acres Roping Arena House and Barns, Oct 16, &excats=134-40&min_price=1000000&max_price=2000000, Missouri, Springfield, For Sale-Wanted, Farm and Garden, https://springfield.craigslist.org/grd/d/preston-420-acres-roping-arena-house/7001111237.html,,2019-10-16,US,2019-11-21
99 dodge ram front and rear differentials, Oct 16, &excats=134-40&min_price=1000000&max_price=2000000, New York, Hudson Valley, For Sale-Wanted, Auto Parts by Owner, https://hudsonvalley.craigslist.org/pts/d/liberty-99-dodge-ram-front-and-rear/7000647499.html,,2019-10-16,US,2019-11-21
WTB -  FLAGSTONE  -  Rock Paths, Oct 16, &excats=134-40&min_price=1000000&max_price=2000000, Idaho, Boise, For Sale-Wanted, Farm and Garden, https://boise.craigslist.org/grd/d/wtb-flagstone-rock-paths/7000893139.html,,2019-10-16,US,2019-11-21
Parting out 2012 gmc terrain, Oct 16, &excats=134-40&min_price=1000000&max_price=2000000, Iowa, Quad Cities, For Sale-Wanted, Auto Parts by Owner, https://quadcities.craigslist.org/pts/d/silvis-parting-out-2012-gmc-terrain/7000726438.html,,2019-10-16,US,2019-11-21
Jet Tub Sinks, Oct 16, &excats=134-40&min_price=1000000&max_price=2000000, Maryland, Eastern Shore, For Sale-Wanted, General, https://easternshore.craigslist.org/for/d/showell-jet-tub-sinks/6991649195.html,,2019-10-16,US,2019-11-21
Jet Tub Sinks, Oct 16, &excats=134-40&min_price=1000000&max_price=2000000, Virginia, Eastern Shore, For Sale-Wanted, General, https://easternshore.craigslist.org/for/d/showell-jet-tub-sinks/6991649195.html,,2019-10-16,US,2019-11-21
Antique oil gas drill bit, Oct 16, &excats=134-40&min_price=1000000&max_price=2000000, Mississippi, Hattiesburg, For Sale-Wanted, Antique By Owner, https://hattiesburg.craigslist.org/atq/d/poplarville-antique-oil-gas-drill-bit/7000547340.html,,2019-10-16,US,2019-11-21
COMIC BOOKS WANTED $1000000 IMMEDIATE CASH, Oct 16, &excats=134-40&min_price=1000000&max_price=2000000, Maine, Maine, For Sale-Wanted, Collectibles, https://maine.craigslist.org/clt/d/londonderry-comic-books-wanted/6989821864.html,Want,2019-10-16,US,2019-11-21
****Metal wanted****, Oct 15, &excats=134-40&min_price=1000000&max_price=2000000, Pennsylvania, Philadelphia, For Sale-Wanted, Wanted, https://philadelphia.craigslist.org/wan/d/metal-wanted/6999876375.html,Want,2019-10-15,US,2019-11-21
Buying Gold/Silver& Antiques, Oct 15, &excats=134-40&min_price=1000000&max_price=2000000, Florida, Space Coast, For Sale-Wanted, Antique By Owner, https://spacecoast.craigslist.org/atq/d/palm-bay-buying-gold-silver-antiques/6981170320.html,,2019-10-15,US,2019-11-21
Arrowheads, Oct 15, &excats=134-40&min_price=1000000&max_price=2000000, Missouri, Joplin, For Sale-Wanted, Art by Owner, https://joplin.craigslist.org/art/d/golden-city-arrowheads/6999952745.html,,2019-10-15,US,2019-11-21
Looking for Cardinal Offense and Luck, Oct 15, &excats=134-40&min_price=1000000&max_price=2000000, Missouri, St Louis, For Sale-Wanted, Wanted, https://stlouis.craigslist.org/wan/d/saint-louis-looking-for-cardinal/7000456579.html,Want,2019-10-15,US,2019-11-21
Nissan Parting Out - Many Different Parts Available, Oct 15, &excats=134-40&min_price=1000000&max_price=2000000, New York, Hudson Valley, For Sale-Wanted, Auto Parts by Owner, https://hudsonvalley.craigslist.org/pts/d/mahopac-nissan-parting-out-many/7000215153.html,,2019-10-15,US,2019-11-21
Vending machine, Oct 15, &excats=134-40&min_price=1000000&max_price=2000000, Idaho, Boise, For Sale-Wanted, Wanted, https://boise.craigslist.org/wan/d/fruitland-vending-machine/7000227289.html,,2019-10-15,US,2019-11-21
vintage tires/wheels/covers/etc., Oct 15, &excats=134-40&min_price=1000000&max_price=2000000, Idaho, East Idaho, For Sale-Wanted, NA, https://eastidaho.craigslist.org/wto/d/idaho-falls-vintage-tires-wheels-covers/6996048038.html,,2019-10-15,US,2019-11-21
Cast Iron Magnalight & Calphalon Cookware 4 Sale, Oct 15, &excats=134-40&min_price=1000000&max_price=2000000, Louisiana, New Orleans, For Sale-Wanted, Household, https://neworleans.craigslist.org/hsh/d/metairie-cast-iron-magnalight-calphalon/7000093277.html,,2019-10-15,US,2019-11-21
51 Leopard Solar Powered Catamaran 2020, Oct 15, &excats=134-40&min_price=1000000&max_price=2000000, New Jersey, Jersey Shore, For Sale-Wanted, Boat Parts, https://jerseyshore.craigslist.org/boa/d/brick-51-leopard-solar-powered/6979598881.html,,2019-10-15,US,2019-11-21
Glass insulators, Oct 15, &excats=134-40&min_price=1000000&max_price=2000000, New Jersey, Jersey Shore, For Sale-Wanted, Antique By Owner, https://jerseyshore.craigslist.org/atq/d/toms-river-glass-insulators/6992668495.html,,2019-10-15,US,2019-11-21
Silver Sterling Jewelry, Oct 15, &excats=134-40&min_price=1000000&max_price=2000000, Iowa, Des Moines, For Sale-Wanted, Jewelry, https://desmoines.craigslist.org/jwl/d/des-moines-silver-sterling-jewelry/7000410777.html,,2019-10-15,US,2019-11-21
Snow Removal, Oct 15, &excats=134-40&min_price=1000000&max_price=2000000, Minnesota, St Cloud, For Sale-Wanted, General, https://stcloud.craigslist.org/for/d/saint-cloud-snow-removal/7000148170.html,,2019-10-15,US,2019-11-21
Machinest tools, Oct 15, &excats=134-40&min_price=1000000&max_price=2000000, Oklahoma, Oklahoma City, For Sale-Wanted, Tools, https://oklahomacity.craigslist.org/tls/d/yukon-machinest-tools/6999916492.html,,2019-10-15,US,2019-11-21
Estate sale 2330 Middletown va 22645 October 25-26 time 8-2, Oct 15, &excats=134-40&min_price=1000000&max_price=2000000, Virginia, Winchester, For Sale-Wanted, Tools, https://winchester.craigslist.org/tls/d/middletown-estate-sale-2330-middletown/6993750683.html,,2019-10-15,US,2019-11-21
RANCH OAK FURNITURE, Oct 15, &excats=134-40&min_price=1000000&max_price=2000000, Texas, Amarillo, For Sale-Wanted, Antique By Owner, https://amarillo.craigslist.org/atq/d/dumas-ranch-oak-furniture/7000203185.html,,2019-10-15,US,2019-11-21
Looking to buy or lease hunting land, Oct 14, &excats=134-40&min_price=1000000&max_price=2000000, North Carolina, Wilmington, For Sale-Wanted, Sporting Goods, https://wilmington.craigslist.org/spo/d/atkinson-looking-to-buy-or-lease/6999653896.html,Want,2019-10-14,US,2019-11-21
****Metal wanted****, Oct 14, &excats=134-40&min_price=1000000&max_price=2000000, Pennsylvania, Philadelphia, For Sale-Wanted, Wanted, https://philadelphia.craigslist.org/wan/d/metal-wanted/6999098152.html,Want,2019-10-14,US,2019-11-21
$$$$ CASH PAID $$$ FOR YOUR COLLECTIBLES, Oct 14, &excats=134-40&min_price=1000000&max_price=2000000, Pennsylvania, Pittsburgh, For Sale-Wanted, Wanted, https://pittsburgh.craigslist.org/wan/d/cranberry-twp-cash-paid-for-your/6979073599.html,,2019-10-14,US,2019-11-21
Dogo argentino puppies, Oct 14, &excats=134-40&min_price=1000000&max_price=2000000, South Carolina, Columbia, For Sale-Wanted, General, https://columbia.craigslist.org/for/d/lexington-dogo-argentino-puppies/6999777658.html,,2019-10-14,US,2019-11-21
Puppy re home (dogo argentino), Oct 14, &excats=134-40&min_price=1000000&max_price=2000000, South Carolina, Columbia, For Sale-Wanted, Farm and Garden, https://columbia.craigslist.org/grd/d/lexington-puppy-re-home-dogo-argentino/6999704965.html,,2019-10-14,US,2019-11-21
420 Acres Roping Arena House and Barns, Oct 14, &excats=134-40&min_price=1000000&max_price=2000000, Missouri, Joplin, For Sale-Wanted, Farm and Garden, https://joplin.craigslist.org/grd/d/preston-420-acres-roping-arena-house/6999292047.html,,2019-10-14,US,2019-11-21
Old 4x4 project, Oct 14, &excats=134-40&min_price=1000000&max_price=2000000, Alaska, Fairbanks, For Sale-Wanted, Wanted, https://fairbanks.craigslist.org/wan/d/fairbanks-old-4x4-project/6999807600.html,,2019-10-14,US,2019-11-21
Looking for a House to Buy, Oct 14, &excats=134-40&min_price=1000000&max_price=2000000, Minnesota, St Cloud, For Sale-Wanted, Wanted, https://stcloud.craigslist.org/wan/d/saint-cloud-looking-for-house-to-buy/6999066437.html,Want,2019-10-14,US,2019-11-21
Truck parts ford Chevy  find us on fb, Oct 14, &excats=134-40&min_price=1000000&max_price=2000000, Texas, El Paso, For Sale-Wanted, Auto Parts by Owner, https://elpaso.craigslist.org/pts/d/el-paso-truck-parts-ford-chevy-find-us/6980013702.html,Want,2019-10-14,US,2019-11-21
Electronics, Oct 13, &excats=134-40&min_price=1000000&max_price=2000000, Pennsylvania, Philadelphia, For Sale-Wanted, Electronics, https://philadelphia.craigslist.org/ele/d/philadelphia-electronics/6998617387.html,,2019-10-13,US,2019-11-21
****Metal wanted****, Oct 13, &excats=134-40&min_price=1000000&max_price=2000000, Pennsylvania, Philadelphia, For Sale-Wanted, Wanted, https://philadelphia.craigslist.org/wan/d/metal-wanted/6998526916.html,Want,2019-10-13,US,2019-11-21
Bartering Collectables, Oct 13, &excats=134-40&min_price=1000000&max_price=2000000, Missouri, St Louis, For Sale-Wanted, Antique By Owner, https://stlouis.craigslist.org/atq/d/saint-louis-bartering-collectables/6998486749.html,,2019-10-13,US,2019-11-21
Juliana pigs, Oct 13, &excats=134-40&min_price=1000000&max_price=2000000, Tennessee, Nashville, For Sale-Wanted, Farm and Garden, https://nashville.craigslist.org/grd/d/goodlettsville-juliana-pigs/6998951733.html,,2019-10-13,US,2019-11-21
Ford van parts, Oct 13, &excats=134-40&min_price=1000000&max_price=2000000, Nevada, Las Vegas, For Sale-Wanted, Wanted, https://lasvegas.craigslist.org/wan/d/las-vegas-ford-van-parts/6998524102.html,,2019-10-13,US,2019-11-21
66 gto, Oct 13, &excats=134-40&min_price=1000000&max_price=2000000, Washington, Bellingham, For Sale-Wanted, Wanted, https://bellingham.craigslist.org/wan/d/bellingham-66-gto/6984397291.html,,2019-10-13,US,2019-11-21
Krups Kitchen Appliances for Sale, Oct 13, &excats=134-40&min_price=1000000&max_price=2000000, Maryland, Baltimore, For Sale-Wanted, Household, https://baltimore.craigslist.org/hsh/d/rosedale-krups-kitchen-appliances-for/6978514957.html,,2019-10-13,US,2019-11-21
Drones for Sale, Oct 13, &excats=134-40&min_price=1000000&max_price=2000000, Maryland, Baltimore, For Sale-Wanted, Toys And Games, https://baltimore.craigslist.org/tag/d/rosedale-drones-for-sale/6978515212.html,,2019-10-13,US,2019-11-21
Looking for Home Depot and Lowe&#39;s cards, Oct 13, &excats=134-40&min_price=1000000&max_price=2000000, Oklahoma, Tulsa, For Sale-Wanted, Wanted, https://tulsa.craigslist.org/wan/d/tulsa-looking-for-home-depot-and-lowes/6998635532.html,Want,2019-10-13,US,2019-11-21
Truck Rack, Oct 13, &excats=134-40&min_price=1000000&max_price=2000000, Texas, Lubbock, For Sale-Wanted, Auto Parts by Owner, https://lubbock.craigslist.org/pts/d/aiken-truck-rack/6979223471.html,,2019-10-13,US,2019-11-21
Grouping, Oct 12, &excats=134-40&min_price=1000000&max_price=2000000, Kentucky, Louisville, For Sale-Wanted, General, https://louisville.craigslist.org/for/d/louisville-grouping/6980212262.html,,2019-10-12,US,2019-11-21
canning jars, Oct 12, &excats=134-40&min_price=1000000&max_price=2000000, Kentucky, Louisville, For Sale-Wanted, Farm and Garden, https://louisville.craigslist.org/grd/d/louisville-canning-jars/6978648718.html,,2019-10-12,US,2019-11-21
****Metal wanted****, Oct 12, &excats=134-40&min_price=1000000&max_price=2000000, Pennsylvania, Philadelphia, For Sale-Wanted, Wanted, https://philadelphia.craigslist.org/wan/d/metal-wanted/6997903940.html,Want,2019-10-12,US,2019-11-21
Furniture, Oct 12, &excats=134-40&min_price=1000000&max_price=2000000, California, Santa Maria, For Sale-Wanted, Furniture, https://santamaria.craigslist.org/fuo/d/santa-maria-furniture/6998427940.html,,2019-10-12,US,2019-11-21
I&#39;m looking for a 1970 Oldsmobile 442, Oct 12, &excats=134-40&min_price=1000000&max_price=2000000, Missouri, Springfield, For Sale-Wanted, Wanted, https://springfield.craigslist.org/wan/d/brookline-im-looking-for-1970/6977530290.html,Want,2019-10-12,US,2019-11-21
Great signs and antiques in Litchfield, Oct 12, &excats=134-40&min_price=1000000&max_price=2000000, Missouri, St Louis, For Sale-Wanted, Antique By Owner, https://stlouis.craigslist.org/atq/d/litchfield-great-signs-and-antiques-in/6998332876.html,,2019-10-12,US,2019-11-21
Alesis ADAT Recording Equipment, Oct 12, &excats=134-40&min_price=1000000&max_price=2000000, New Jersey, Jersey Shore, For Sale-Wanted, Musical Instruments, https://jerseyshore.craigslist.org/msg/d/spring-lake-alesis-adat-recording/6998230834.html,,2019-10-12,US,2019-11-21
Swimming Pool Ladders, Oct 12, &excats=134-40&min_price=1000000&max_price=2000000, Maine, Maine, For Sale-Wanted, Sporting Goods, https://maine.craigslist.org/spo/d/freedom-swimming-pool-ladders/6998188792.html,,2019-10-12,US,2019-11-21
YARD SALE !!, Oct 12, &excats=134-40&min_price=1000000&max_price=2000000, Texas, El Paso, For Sale-Wanted, Clothes, https://elpaso.craigslist.org/clo/d/el-paso-yard-sale/6998013133.html,,2019-10-12,US,2019-11-21
Garage sale  horizon, Oct 12, &excats=134-40&min_price=1000000&max_price=2000000, Texas, El Paso, For Sale-Wanted, General, https://elpaso.craigslist.org/for/d/el-paso-garage-sale-horizon/6977146823.html,,2019-10-12,US,2019-11-21
1998 freightliner fld 120 /n14 select cummins / dump truck, Oct 12, &excats=134-40&min_price=1000000&max_price=2000000, Texas, Houston, For Sale-Wanted, Auto Parts by Owner, https://houston.craigslist.org/pts/d/port-lavaca-1998-freightliner-fld-120/6998357295.html,,2019-10-12,US,2019-11-21
ISO Mid Century Furniture Tables Chairs Lamps Decor Starburst Clocks, Oct 12, &excats=134-40&min_price=1000000&max_price=2000000, Texas, Houston, For Sale-Wanted, Furniture, https://houston.craigslist.org/fuo/d/sugar-land-iso-mid-century-furniture/6997857081.html,,2019-10-12,US,2019-11-21
Parts for Yamaha Snoscoot, Oct 11, &excats=134-40&min_price=1000000&max_price=2000000, Vermont, Vermont, For Sale-Wanted, ATVs UTVs by Owner, https://vermont.craigslist.org/snw/d/pittsfield-parts-for-yamaha-snoscoot/6997185727.html,,2019-10-11,US,2019-11-21
****Metal wanted****, Oct 11, &excats=134-40&min_price=1000000&max_price=2000000, Pennsylvania, Philadelphia, For Sale-Wanted, Wanted, https://philadelphia.craigslist.org/wan/d/metal-wanted/6997187632.html,Want,2019-10-11,US,2019-11-21
AIR STRIP    LAND  196 ACRES, Oct 11, &excats=134-40&min_price=1000000&max_price=2000000, Missouri, St Louis, For Sale-Wanted, NA, https://stlouis.craigslist.org/avo/d/warrenton-air-strip-land-196-acres/6980549904.html,,2019-10-11,US,2019-11-21
Signs bought---Advertisement(Gas Oil Cigarettes), Oct 11, &excats=134-40&min_price=1000000&max_price=2000000, Missouri, St Louis, For Sale-Wanted, Wanted, https://stlouis.craigslist.org/wan/d/saint-louis-signs-bought/6988850074.html,,2019-10-11,US,2019-11-21
Buying excavator  dozers  log loaders any type of heavy equipment, Oct 11, &excats=134-40&min_price=1000000&max_price=2000000, Oregon, Oregon Coast, For Sale-Wanted, Wanted, https://oregoncoast.craigslist.org/wan/d/gleneden-beach-buying-excavator-dozers/6976591248.html,,2019-10-11,US,2019-11-21
Mobile shrink wrapping we come to you !, Oct 11, &excats=134-40&min_price=1000000&max_price=2000000, New York, Long Island, For Sale-Wanted, Boat Parts, https://longisland.craigslist.org/boa/d/new-suffolk-mobile-shrink-wrapping-we/6977619600.html,,2019-10-11,US,2019-11-21
Parting out multiple third gen Dodge Ram, Oct 11, &excats=134-40&min_price=1000000&max_price=2000000, Massachusetts, South Coast, For Sale-Wanted, Auto Parts by Owner, https://southcoast.craigslist.org/pts/d/wareham-parting-out-multiple-third-gen/6997445791.html,,2019-10-11,US,2019-11-21
Mtd snow blower. Good condition, Oct 11, &excats=134-40&min_price=1000000&max_price=2000000, Ohio, Cleveland, For Sale-Wanted, General, https://cleveland.craigslist.org/for/d/cleveland-mtd-snow-blower-good-condition/6997777919.html,,2019-10-11,US,2019-11-21
I pay cash for apple smartphones, Oct 11, &excats=134-40&min_price=1000000&max_price=2000000, Kansas, Wichita, For Sale-Wanted, Wanted, https://wichita.craigslist.org/wan/d/wichita-pay-cash-for-apple-smartphones/6997639670.html,,2019-10-11,US,2019-11-21
Saturday  Collectibles Vintage Nicknacks Warehouse Sale, Oct 11, &excats=134-40&min_price=1000000&max_price=2000000, Nevada, Las Vegas, For Sale-Wanted, Collectibles, https://lasvegas.craigslist.org/clt/d/las-vegas-saturday-collectibles-vintage/6997544836.html,,2019-10-11,US,2019-11-21
Farm For Sale 320 acres, Oct 11, &excats=134-40&min_price=1000000&max_price=2000000, Nevada, Las Vegas, For Sale-Wanted, Farm and Garden, https://lasvegas.craigslist.org/grd/d/farm-for-sale-320-acres/6997361716.html,,2019-10-11,US,2019-11-21
Selling remaining items from estate sale, Oct 11, &excats=134-40&min_price=1000000&max_price=2000000, Oklahoma, Oklahoma City, For Sale-Wanted, Wanted, https://oklahomacity.craigslist.org/wan/d/oklahoma-city-selling-remaining-items/6997527853.html,,2019-10-11,US,2019-11-21
Little bit of this and that, Oct 11, &excats=134-40&min_price=1000000&max_price=2000000, Virginia, Fredericksburg, For Sale-Wanted, Furniture, https://fredericksburg.craigslist.org/fuo/d/rhoadesville-little-bit-of-this-and-that/6995139766.html,,2019-10-11,US,2019-11-21
****Metal wanted****, Oct 10, &excats=134-40&min_price=1000000&max_price=2000000, Pennsylvania, Philadelphia, For Sale-Wanted, Wanted, https://philadelphia.craigslist.org/wan/d/metal-wanted/6996480767.html,Want,2019-10-10,US,2019-11-21
Land 24 Acres zined RM, Oct 10, &excats=134-40&min_price=1000000&max_price=2000000, Pennsylvania, Williamsport, For Sale-Wanted, General, https://williamsport.craigslist.org/for/d/danville-land-24-acres-zined-rm/6996581030.html,,2019-10-10,US,2019-11-21
jeep parts, Oct 10, &excats=134-40&min_price=1000000&max_price=2000000, South Carolina, Hilton Head, For Sale-Wanted, Auto Parts by Owner, https://hiltonhead.craigslist.org/pts/d/port-royal-jeep-parts/6979443770.html,,2019-10-10,US,2019-11-21
Fabulous vintage rugs, Oct 10, &excats=134-40&min_price=1000000&max_price=2000000, Colorado, Denver, For Sale-Wanted, Antique By Owner, https://denver.craigslist.org/atq/d/denver-fabulous-vintage-rugs/6976309078.html,,2019-10-10,US,2019-11-21
Musashi swords at the Gun show, Oct 10, &excats=134-40&min_price=1000000&max_price=2000000, Missouri, Springfield, For Sale-Wanted, Sporting Goods, https://springfield.craigslist.org/spo/d/springfield-musashi-swords-at-the-gun/6996604990.html,,2019-10-10,US,2019-11-21
Looking for small company to buy, Oct 10, &excats=134-40&min_price=1000000&max_price=2000000, Missouri, St Louis, For Sale-Wanted, Wanted, https://stlouis.craigslist.org/wan/d/saint-louis-looking-for-small-company/6996664617.html,Want,2019-10-10,US,2019-11-21
HD gm truck parts, Oct 10, &excats=134-40&min_price=1000000&max_price=2000000, New York, Rochester, For Sale-Wanted, Auto Parts by Owner, https://rochester.craigslist.org/pts/d/ontario-center-hd-gm-truck-parts/6980135749.html,,2019-10-10,US,2019-11-21
fill dirt needed, Oct 10, &excats=134-40&min_price=1000000&max_price=2000000, Ohio, Toledo, For Sale-Wanted, Wanted, https://toledo.craigslist.org/wan/d/monclova-fill-dirt-needed/6997102655.html,Want,2019-10-10,US,2019-11-21
All kinds of stuff, Oct 10, &excats=134-40&min_price=1000000&max_price=2000000, Michigan, Grand Rapids, For Sale-Wanted, General, https://grandrapids.craigslist.org/for/d/kent-city-all-kinds-of-stuff/6997084201.html,,2019-10-10,US,2019-11-21
Super Single Tire with Alum Rim, Oct 10, &excats=134-40&min_price=1000000&max_price=2000000, Michigan, Monroe, For Sale-Wanted, Heavy Equipment, https://monroemi.craigslist.org/hvo/d/monroe-super-single-tire-with-alum-rim/6996480312.html,,2019-10-10,US,2019-11-21
Looking to buy FLAVORED JUUL PODS, Oct 10, &excats=134-40&min_price=1000000&max_price=2000000, Washington, Bellingham, For Sale-Wanted, Wanted, https://bellingham.craigslist.org/wan/d/bellingham-looking-to-buy-flavored-juul/6997118115.html,Want,2019-10-10,US,2019-11-21
Parting out 1994  Jeep Grand Charekee, Oct 09, &excats=134-40&min_price=1000000&max_price=2000000, New Mexico, Albuquerque, For Sale-Wanted, Auto Parts by Owner, https://albuquerque.craigslist.org/pts/d/williamsburg-parting-out-1994-jeep/6995968383.html,,2019-10-09,US,2019-11-21
****Metal wanted****, Oct 09, &excats=134-40&min_price=1000000&max_price=2000000, Pennsylvania, Philadelphia, For Sale-Wanted, Wanted, https://philadelphia.craigslist.org/wan/d/metal-wanted/6995749866.html,Want,2019-10-09,US,2019-11-21
Looking for barns & plank houses to deconstruct and recycle / reclaim, Oct 09, &excats=134-40&min_price=1000000&max_price=2000000, Pennsylvania, Pittsburgh, For Sale-Wanted, Materials, https://pittsburgh.craigslist.org/mat/d/brookville-looking-for-barns-plank/6976107250.html,Want,2019-10-09,US,2019-11-21
Rental : portable bar led dance floor cocktail tables and more, Oct 09, &excats=134-40&min_price=1000000&max_price=2000000, California, Inland Empire, For Sale-Wanted, General, https://inlandempire.craigslist.org/for/d/los-angeles-rental-portable-bar-led/6980165741.html,,2019-10-09,US,2019-11-21
parts --Craftsman LT 1000, Oct 09, &excats=134-40&min_price=1000000&max_price=2000000, Ohio, Columbus, For Sale-Wanted, Farm and Garden, https://columbus.craigslist.org/grd/d/hilliard-parts-craftsman-lt-1000/6995869267.html,,2019-10-09,US,2019-11-21
I pay cash for Apple Smartphones/Electronics, Oct 09, &excats=134-40&min_price=1000000&max_price=2000000, Kansas, Wichita, For Sale-Wanted, Wanted, https://wichita.craigslist.org/wan/d/wichita-pay-cash-for-apple-smartphones/6996371000.html,,2019-10-09,US,2019-11-21
25 acre ranch, Oct 09, &excats=134-40&min_price=1000000&max_price=2000000, Arizona, Phoenix, For Sale-Wanted, Farm and Garden, https://phoenix.craigslist.org/evl/grd/d/overgaard-25-acre-ranch/6996016774.html,,2019-10-09,US,2019-11-21
25 acre ranch, Oct 09, &excats=134-40&min_price=1000000&max_price=2000000, Arizona, Show Low, For Sale-Wanted, Farm and Garden, https://showlow.craigslist.org/grd/d/overgaard-25-acre-ranch/6995969797.html,,2019-10-09,US,2019-11-21
NEED LIGHT VINYL SIDING JOB COMPLETED, Oct 09, &excats=134-40&min_price=1000000&max_price=2000000, Tennessee, Chattanooga, For Sale-Wanted, Wanted, https://chattanooga.craigslist.org/wan/d/hixson-need-light-vinyl-siding-job/6996179887.html,Want,2019-10-09,US,2019-11-21
Poetry processing equipment, Oct 09, &excats=134-40&min_price=1000000&max_price=2000000, Michigan, Port Huron, For Sale-Wanted, Farm and Garden, https://porthuron.craigslist.org/grd/d/east-china-poetry-processing-equipment/6995920611.html,,2019-10-09,US,2019-11-21
want to buy halloween props decorations electronics no dealers please, Oct 09, &excats=134-40&min_price=1000000&max_price=2000000, Virginia, Richmond, For Sale-Wanted, General, https://richmond.craigslist.org/for/d/richmond-want-to-buy-halloween-props/6975982410.html,Want,2019-10-09,US,2019-11-21
Jc granite and marble, Oct 09, &excats=134-40&min_price=1000000&max_price=2000000, Texas, Austin, For Sale-Wanted, Materials, https://austin.craigslist.org/mat/d/kyle-jc-granite-and-marble/6975403516.html,,2019-10-09,US,2019-11-21
Jc granite and marble, Oct 09, &excats=134-40&min_price=1000000&max_price=2000000, Texas, Austin, For Sale-Wanted, General, https://austin.craigslist.org/for/d/kyle-jc-granite-and-marble/6974636457.html,,2019-10-09,US,2019-11-21
5 Person Football Sled, Oct 08, &excats=134-40&min_price=1000000&max_price=2000000, Kentucky, Louisville, For Sale-Wanted, Sporting Goods, https://louisville.craigslist.org/spo/d/brooks-5-person-football-sled/6995611418.html,,2019-10-08,US,2019-11-21
****Metal wanted****, Oct 08, &excats=134-40&min_price=1000000&max_price=2000000, Pennsylvania, Philadelphia, For Sale-Wanted, Wanted, https://philadelphia.craigslist.org/wan/d/metal-wanted/6995045247.html,Want,2019-10-08,US,2019-11-21
1/18 scale Die cast Cars, Oct 08, &excats=134-40&min_price=1000000&max_price=2000000, Pennsylvania, Philadelphia, For Sale-Wanted, Collectibles, https://philadelphia.craigslist.org/clt/d/newfield-1-18-scale-die-cast-cars/6994998068.html,,2019-10-08,US,2019-11-21
1/18 Scale Die Cast Cars, Oct 08, &excats=134-40&min_price=1000000&max_price=2000000, Pennsylvania, Philadelphia, For Sale-Wanted, Collectibles, https://philadelphia.craigslist.org/clt/d/newfield-1-18-scale-die-cast-cars/6994997986.html,,2019-10-08,US,2019-11-21
DODGE RAM 2500 5.9 CUMMINS  99 - 02, Oct 08, &excats=134-40&min_price=1000000&max_price=2000000, Pennsylvania, Pittsburgh, For Sale-Wanted, Auto Parts by Owner, https://pittsburgh.craigslist.org/pts/d/gibsonia-dodge-ram-cummins/6995214053.html,,2019-10-08,US,2019-11-21
2001-2005 honda civic window glass, Oct 08, &excats=134-40&min_price=1000000&max_price=2000000, California, Inland Empire, For Sale-Wanted, Auto Parts by Owner, https://inlandempire.craigslist.org/pts/d/riverside-honda-civic-window-glass/6974790133.html,,2019-10-08,US,2019-11-21
Rare 1 cent lime green benjamin Franklin used stamps, Oct 08, &excats=134-40&min_price=1000000&max_price=2000000, Missouri, Kansas City, For Sale-Wanted, Collectibles, https://kansascity.craigslist.org/clt/d/independence-rare-1-cent-lime-green/6975405779.html,,2019-10-08,US,2019-11-21
2002 jeep liberty parts, Oct 08, &excats=134-40&min_price=1000000&max_price=2000000, Missouri, St Joseph, For Sale-Wanted, Auto Parts by Owner, https://stjoseph.craigslist.org/pts/d/saint-joseph-2002-jeep-liberty-parts/6976276970.html,,2019-10-08,US,2019-11-21
New waterfront house, Oct 08, &excats=134-40&min_price=1000000&max_price=2000000, New York, Long Island, For Sale-Wanted, General, https://longisland.craigslist.org/for/d/southampton-new-waterfront-house/6995391347.html,,2019-10-08,US,2019-11-21
03 yamaha viper TRADE, Oct 08, &excats=134-40&min_price=1000000&max_price=2000000, New York, Watertown, For Sale-Wanted, ATVs UTVs by Owner, https://watertown.craigslist.org/snw/d/harrisville-03-yamaha-viper-trade/6977738874.html,,2019-10-08,US,2019-11-21
(3) eagle units, Oct 08, &excats=134-40&min_price=1000000&max_price=2000000, Louisiana, Shreveport, For Sale-Wanted, Heavy Equipment, https://nacogdoches.craigslist.org/hvo/d/shreveport-3-eagle-units/6995222160.html,,2019-10-08,US,2019-11-21
Mac Mini Upgrade, Oct 08, &excats=134-40&min_price=1000000&max_price=2000000, Massachusetts, South Coast, For Sale-Wanted, Wanted, https://southcoast.craigslist.org/wan/d/mattapoisett-mac-mini-upgrade/6980765456.html,,2019-10-08,US,2019-11-21
RIDING MOWERS AND PARTS, Oct 08, &excats=134-40&min_price=1000000&max_price=2000000, Ohio, Cleveland, For Sale-Wanted, Farm and Garden, https://cleveland.craigslist.org/grd/d/madison-riding-mowers-and-parts/6995035566.html,,2019-10-08,US,2019-11-21
2017 ktm 250 sxf  CDI box misc. parts, Oct 08, &excats=134-40&min_price=1000000&max_price=2000000, Ohio, Youngstown, For Sale-Wanted, Motorcycle Parts, https://youngstown.craigslist.org/mpo/d/warren-2017-ktm-250-sxf-cdi-box-misc/6991362606.html,,2019-10-08,US,2019-11-21
Jeep JK Accessories, Oct 08, &excats=134-40&min_price=1000000&max_price=2000000, New Jersey, South Jersey, For Sale-Wanted, Auto Parts by Owner, https://southjersey.craigslist.org/pts/d/freehold-jeep-jk-accessories/6995102357.html,,2019-10-08,US,2019-11-21
New Items for Sale, Oct 08, &excats=134-40&min_price=1000000&max_price=2000000, Maryland, Baltimore, For Sale-Wanted, General, https://baltimore.craigslist.org/for/d/rosedale-new-items-for-sale/6974598272.html,,2019-10-08,US,2019-11-21
Have several boats motors parts, Oct 08, &excats=134-40&min_price=1000000&max_price=2000000, Oklahoma, Tulsa, For Sale-Wanted, Boat Parts, https://tulsa.craigslist.org/boa/d/okay-have-several-boats-motors-parts/6995705891.html,,2019-10-08,US,2019-11-21
Moving sale, Oct 08, &excats=134-40&min_price=1000000&max_price=2000000, Oklahoma, Tulsa, For Sale-Wanted, General, https://tulsa.craigslist.org/for/d/tulsa-moving-sale/6995599853.html,,2019-10-08,US,2019-11-21
Moving sale, Oct 08, &excats=134-40&min_price=1000000&max_price=2000000, Oklahoma, Tulsa, For Sale-Wanted, General, https://tulsa.craigslist.org/for/d/tulsa-moving-sale/6995599658.html,,2019-10-08,US,2019-11-21
(3) eagle work over units, Oct 08, &excats=134-40&min_price=1000000&max_price=2000000, Texas, Houston, For Sale-Wanted, Heavy Equipment, https://houston.craigslist.org/hvo/d/shreveport-3-eagle-work-over-units/6995226402.html,,2019-10-08,US,2019-11-21
2014 eagle work over units (3), Oct 08, &excats=134-40&min_price=1000000&max_price=2000000, Texas, San Angelo, For Sale-Wanted, Heavy Equipment, https://sanangelo.craigslist.org/hvo/d/2014-eagle-work-over-units-3/6995218990.html,,2019-10-08,US,2019-11-21
Lunar Landing Paper Tape, Oct 07, &excats=134-40&min_price=1000000&max_price=2000000, Pennsylvania, Philadelphia, For Sale-Wanted, Collectibles, https://philadelphia.craigslist.org/clt/d/gilbertsville-lunar-landing-paper-tape/6994836168.html,,2019-10-07,US,2019-11-21
****Metal wanted****, Oct 07, &excats=134-40&min_price=1000000&max_price=2000000, Pennsylvania, Philadelphia, For Sale-Wanted, Wanted, https://philadelphia.craigslist.org/wan/d/metal-wanted/6994309906.html,Want,2019-10-07,US,2019-11-21
OUTDOOR AND BABY, Oct 07, &excats=134-40&min_price=1000000&max_price=2000000, Pennsylvania, Pittsburgh, For Sale-Wanted, Baby Kids by Owner, https://pittsburgh.craigslist.org/bab/d/pittsburgh-outdoor-and-baby/6991003162.html,,2019-10-07,US,2019-11-21
Paper Tape from lunar landing, Oct 07, &excats=134-40&min_price=1000000&max_price=2000000, Pennsylvania, Reading, For Sale-Wanted, Collectibles, https://reading.craigslist.org/clt/d/gilbertsville-paper-tape-from-lunar/6994831624.html,,2019-10-07,US,2019-11-21
Concrete Blocks, Oct 07, &excats=134-40&min_price=1000000&max_price=2000000, Florida, Ocala, For Sale-Wanted, Materials, https://ocala.craigslist.org/mat/d/ocala-concrete-blocks/6994393963.html,,2019-10-07,US,2019-11-21
Dentists: Want to Retire at 55 or 75?, Oct 07, &excats=134-40&min_price=1000000&max_price=2000000, Utah, Salt Lake City, For Sale-Wanted, Health And Beauty, https://saltlakecity.craigslist.org/hab/d/dentists-want-to-retire-at-55-or-75/6994973531.html,Want,2019-10-07,US,2019-11-21
88-99 Chevy parts all must go!, Oct 07, &excats=134-40&min_price=1000000&max_price=2000000, Louisiana, New Orleans, For Sale-Wanted, Auto Parts by Owner, https://neworleans.craigslist.org/pts/d/pearl-river-chevy-parts-all-must-go/6987121348.html,,2019-10-07,US,2019-11-21
Wrecker bed wheel lift rollback knuckleboom crane, Oct 07, &excats=134-40&min_price=1000000&max_price=2000000, Arizona, Phoenix, For Sale-Wanted, Wanted, https://phoenix.craigslist.org/nph/wan/d/wrecker-bed-wheel-lift-rollback/6994502943.html,,2019-10-07,US,2019-11-21
Parts 2016 ram 3500, Oct 07, &excats=134-40&min_price=1000000&max_price=2000000, Texas, College Station, For Sale-Wanted, Auto Parts by Owner, https://collegestation.craigslist.org/pts/d/navasota-parts-2016-ram-3500/6994551422.html,,2019-10-07,US,2019-11-21
Mobile Mechanic, Oct 07, &excats=134-40&min_price=1000000&max_price=2000000, Texas, Galveston, For Sale-Wanted, Auto Parts by Owner, https://galveston.craigslist.org/pts/d/longview-mobile-mechanic/6988115610.html,,2019-10-07,US,2019-11-21
