{
  "type": "FeatureCollection",
  "metadata": {
    "source": "Caltrans District 12 ArcGIS FeatureServer",
    "total_cameras": 288,
    "region": "Orange County, CA",
    "jurisdiction": "Caltrans D12"
  },
  "features": [
    {
      "type": "Feature",
      "geometry": {
        "type": "Point",
        "coordinates": [
          -117.97886000026129,
          33.8562899998165
        ]
      },
      "properties": {
        "object_id": 2649,
        "entity_name": "I-5 : (1) North of Magnolia Avenue (South Of SR-91)",
        "nearby_place": "Anaheim",
        "county": "Orange",
        "district": 12,
        "route": "I-5",
        "direction": "South",
        "elevation_ft": 108,
        "postmile": 42.11,
        "image_url": "https://cwwp2.dot.ca.gov/data/d12/cctv/image/i51northofmagnoliaavenuesouthofsr91/i51northofmagnoliaavenuesouthofsr91.jpg",
        "stream_url": "https://wzmedia.dot.ca.gov/D12/SB5MagnoliaAveSO91.stream/playlist.m3u8",
        "update_freq_sec": "5",
        "in_service": true,
        "latitude": 33.85629,
        "longitude": -117.97886,
        "threat_score": 0,
        "category": "CCTV_FEED"
      }
    },
    {
      "type": "Feature",
      "geometry": {
        "type": "Point",
        "coordinates": [
          -117.99697999960398,
          33.85630999993296
        ]
      },
      "properties": {
        "object_id": 2650,
        "entity_name": "SR-91 : Beach Boulevard",
        "nearby_place": "Buena Park",
        "county": "Orange",
        "district": 12,
        "route": "SR-91",
        "direction": "South",
        "elevation_ft": 85,
        "postmile": 2.67,
        "image_url": "https://cwwp2.dot.ca.gov/data/d12/cctv/image/sr91beachboulevard/sr91beachboulevard.jpg",
        "stream_url": "https://wzmedia.dot.ca.gov/D12/WB91BEACH.stream/playlist.m3u8",
        "update_freq_sec": "5",
        "in_service": true,
        "latitude": 33.85631,
        "longitude": -117.99698,
        "threat_score": 0,
        "category": "CCTV_FEED"
      }
    },
    {
      "type": "Feature",
      "geometry": {
        "type": "Point",
        "coordinates": [
          -117.879614000111,
          33.78317400020379
        ]
      },
      "properties": {
        "object_id": 2651,
        "entity_name": "SR-57 : (12) SR-22",
        "nearby_place": "Orange",
        "county": "Orange",
        "district": 12,
        "route": "SR-57",
        "direction": "West",
        "elevation_ft": 160,
        "postmile": 10.94,
        "image_url": "https://cwwp2.dot.ca.gov/data/d12/cctv/image/sr5712sr22/sr5712sr22.jpg",
        "stream_url": "https://wzmedia.dot.ca.gov/D12/NB57NO_RTE22.stream/playlist.m3u8",
        "update_freq_sec": "5",
        "in_service": true,
        "latitude": 33.783174,
        "longitude": -117.879614,
        "threat_score": 0,
        "category": "CCTV_FEED"
      }
    },
    {
      "type": "Feature",
      "geometry": {
        "type": "Point",
        "coordinates": [
          -117.75514199973391,
          33.86861799997174
        ]
      },
      "properties": {
        "object_id": 2652,
        "entity_name": "SR-91 : Scale House",
        "nearby_place": "Anaheim",
        "county": "Orange",
        "district": 12,
        "route": "SR-91",
        "direction": "North",
        "elevation_ft": 367,
        "postmile": 13.81,
        "image_url": "https://cwwp2.dot.ca.gov/data/d12/cctv/image/sr91scalehouse/sr91scalehouse.jpg",
        "stream_url": null,
        "update_freq_sec": "5",
        "in_service": false,
        "latitude": 33.868618,
        "longitude": -117.755142,
        "threat_score": 0,
        "category": "CCTV_FEED"
      }
    },
    {
      "type": "Feature",
      "geometry": {
        "type": "Point",
        "coordinates": [
          -117.82828499959832,
          33.84407599999845
        ]
      },
      "properties": {
        "object_id": 2653,
        "entity_name": "SR-91 : SR-55",
        "nearby_place": "Anaheim",
        "county": "Orange",
        "district": 12,
        "route": "SR-91",
        "direction": "East",
        "elevation_ft": 308,
        "postmile": 9.12,
        "image_url": "https://cwwp2.dot.ca.gov/data/d12/cctv/image/sr91sr55/sr91sr55.jpg",
        "stream_url": null,
        "update_freq_sec": "5",
        "in_service": false,
        "latitude": 33.844076,
        "longitude": -117.828285,
        "threat_score": 0,
        "category": "CCTV_FEED"
      }
    },
    {
      "type": "Feature",
      "geometry": {
        "type": "Point",
        "coordinates": [
          -117.87591000005621,
          33.81770000008354
        ]
      },
      "properties": {
        "object_id": 2654,
        "entity_name": "SR-57 : (6) Ball Road",
        "nearby_place": "Anaheim",
        "county": "Orange",
        "district": 12,
        "route": "SR-57",
        "direction": "North",
        "elevation_ft": 196,
        "postmile": 13.39,
        "image_url": "https://cwwp2.dot.ca.gov/data/d12/cctv/image/sr576ballroad/sr576ballroad.jpg",
        "stream_url": "https://wzmedia.dot.ca.gov/D12/NB57Ball.stream/playlist.m3u8",
        "update_freq_sec": "5",
        "in_service": true,
        "latitude": 33.8177,
        "longitude": -117.87591,
        "threat_score": 0,
        "category": "CCTV_FEED"
      }
    },
    {
      "type": "Feature",
      "geometry": {
        "type": "Point",
        "coordinates": [
          -117.9146300002043,
          33.815259999682176
        ]
      },
      "properties": {
        "object_id": 2655,
        "entity_name": "I-5 : (7) Harbor Boulevard",
        "nearby_place": "Anaheim",
        "county": "Orange",
        "district": 12,
        "route": "I-5",
        "direction": "North",
        "elevation_ft": 144,
        "postmile": 37.35,
        "image_url": "https://cwwp2.dot.ca.gov/data/d12/cctv/image/i57harborboulevard/i57harborboulevard.jpg",
        "stream_url": "https://wzmedia.dot.ca.gov/D12/NB5HarborBlvd.stream/playlist.m3u8",
        "update_freq_sec": "5",
        "in_service": true,
        "latitude": 33.81526,
        "longitude": -117.91463,
        "threat_score": 0,
        "category": "CCTV_FEED"
      }
    },
    {
      "type": "Feature",
      "geometry": {
        "type": "Point",
        "coordinates": [
          -117.90542500031884,
          33.773825000355075
        ]
      },
      "properties": {
        "object_id": 2656,
        "entity_name": "SR-22 : (8) Fairview",
        "nearby_place": "Garden Grove",
        "county": "Orange",
        "district": 12,
        "route": "SR-22",
        "direction": "East",
        "elevation_ft": 118,
        "postmile": 8.77,
        "image_url": "https://cwwp2.dot.ca.gov/data/d12/cctv/image/sr228fairview/sr228fairview.jpg",
        "stream_url": "https://wzmedia.dot.ca.gov/D12/EB22GARDENGROVEBLVD.stream/playlist.m3u8",
        "update_freq_sec": "5",
        "in_service": true,
        "latitude": 33.773825,
        "longitude": -117.905425,
        "threat_score": 0,
        "category": "CCTV_FEED"
      }
    },
    {
      "type": "Feature",
      "geometry": {
        "type": "Point",
        "coordinates": [
          -118.04010400031392,
          33.774063000263034
        ]
      },
      "properties": {
        "object_id": 2657,
        "entity_name": "I-405 : South of SR-22",
        "nearby_place": "Westminster",
        "county": "Orange",
        "district": 12,
        "route": "I-405",
        "direction": "North",
        "elevation_ft": 32,
        "postmile": 20.62,
        "image_url": "https://cwwp2.dot.ca.gov/data/d12/cctv/image/i405southofsr22/i405southofsr22.jpg",
        "stream_url": "https://wzmedia.dot.ca.gov/D12/NB405SO_RTE22.stream/playlist.m3u8",
        "update_freq_sec": "5",
        "in_service": true,
        "latitude": 33.774063,
        "longitude": -118.040104,
        "threat_score": 0,
        "category": "CCTV_FEED"
      }
    },
    {
      "type": "Feature",
      "geometry": {
        "type": "Point",
        "coordinates": [
          -117.89661000042072,
          33.663810000272086
        ]
      },
      "properties": {
        "object_id": 2658,
        "entity_name": "SR-55 : (11) Del Mar Avenue",
        "nearby_place": "Costa Mesa",
        "county": "Orange",
        "district": 12,
        "route": "SR-55",
        "direction": "South",
        "elevation_ft": 68,
        "postmile": 3.84,
        "image_url": "https://cwwp2.dot.ca.gov/data/d12/cctv/image/sr5511delmaravenue/sr5511delmaravenue.jpg",
        "stream_url": "https://wzmedia.dot.ca.gov/D12/SB55DELMAR.stream/playlist.m3u8",
        "update_freq_sec": "5",
        "in_service": true,
        "latitude": 33.66381,
        "longitude": -117.89661,
        "threat_score": 0,
        "category": "CCTV_FEED"
      }
    },
    {
      "type": "Feature",
      "geometry": {
        "type": "Point",
        "coordinates": [
          -117.875150000173,
          33.778342000049825
        ]
      },
      "properties": {
        "object_id": 2659,
        "entity_name": "I-5 : (13) SR-22",
        "nearby_place": "Santa Ana",
        "county": "Orange",
        "district": 12,
        "route": "I-5",
        "direction": "North",
        "elevation_ft": 137,
        "postmile": 33.95,
        "image_url": "https://cwwp2.dot.ca.gov/data/d12/cctv/image/i513sr22/i513sr22.jpg",
        "stream_url": "https://wzmedia.dot.ca.gov/D12/NB5RTE22.stream/playlist.m3u8",
        "update_freq_sec": "5",
        "in_service": true,
        "latitude": 33.778342,
        "longitude": -117.87515,
        "threat_score": 0,
        "category": "CCTV_FEED"
      }
    },
    {
      "type": "Feature",
      "geometry": {
        "type": "Point",
        "coordinates": [
          -117.89901999976664,
          33.68789999992725
        ]
      },
      "properties": {
        "object_id": 2660,
        "entity_name": "I-405 : SR-73",
        "nearby_place": "Costa Mesa",
        "county": "Orange",
        "district": 12,
        "route": "I-405",
        "direction": "North",
        "elevation_ft": 45,
        "postmile": 10.31,
        "image_url": "https://cwwp2.dot.ca.gov/data/d12/cctv/image/i405sr73/i405sr73.jpg",
        "stream_url": "https://wzmedia.dot.ca.gov/D12/NB405RTE73.stream/playlist.m3u8",
        "update_freq_sec": "5",
        "in_service": true,
        "latitude": 33.6879,
        "longitude": -117.89902,
        "threat_score": 0,
        "category": "CCTV_FEED"
      }
    },
    {
      "type": "Feature",
      "geometry": {
        "type": "Point",
        "coordinates": [
          -117.86932299992912,
          33.769632000067716
        ]
      },
      "properties": {
        "object_id": 2661,
        "entity_name": "I-5 : (15) Broadway",
        "nearby_place": "Santa Ana",
        "county": "Orange",
        "district": 12,
        "route": "I-5",
        "direction": "South",
        "elevation_ft": 157,
        "postmile": 33.3,
        "image_url": "https://cwwp2.dot.ca.gov/data/d12/cctv/image/i515broadway/i515broadway.jpg",
        "stream_url": "https://wzmedia.dot.ca.gov/D12/SB5Broadway.stream/playlist.m3u8",
        "update_freq_sec": "5",
        "in_service": true,
        "latitude": 33.769632,
        "longitude": -117.869323,
        "threat_score": 0,
        "category": "CCTV_FEED"
      }
    },
    {
      "type": "Feature",
      "geometry": {
        "type": "Point",
        "coordinates": [
          -117.85235699975665,
          33.75463300032973
        ]
      },
      "properties": {
        "object_id": 2662,
        "entity_name": "I-5 : (16) Grand Avenue",
        "nearby_place": "Santa Ana",
        "county": "Orange",
        "district": 12,
        "route": "I-5",
        "direction": "South",
        "elevation_ft": 154,
        "postmile": 31.81,
        "image_url": "https://cwwp2.dot.ca.gov/data/d12/cctv/image/i516grandavenue/i516grandavenue.jpg",
        "stream_url": "https://wzmedia.dot.ca.gov/D12/SB5GrandAve.stream/playlist.m3u8",
        "update_freq_sec": "5",
        "in_service": true,
        "latitude": 33.754633,
        "longitude": -117.852357,
        "threat_score": 0,
        "category": "CCTV_FEED"
      }
    },
    {
      "type": "Feature",
      "geometry": {
        "type": "Point",
        "coordinates": [
          -117.8431100000384,
          33.748766999982365
        ]
      },
      "properties": {
        "object_id": 2663,
        "entity_name": "I-5 : (17) 4th Street",
        "nearby_place": "Santa Ana",
        "county": "Orange",
        "district": 12,
        "route": "I-5",
        "direction": "North",
        "elevation_ft": 154,
        "postmile": 31.12,
        "image_url": "https://cwwp2.dot.ca.gov/data/d12/cctv/image/i5174thstreet/i5174thstreet.jpg",
        "stream_url": "https://wzmedia.dot.ca.gov/D12/NB5_4thSt.stream/playlist.m3u8",
        "update_freq_sec": "5",
        "in_service": true,
        "latitude": 33.748767,
        "longitude": -117.84311,
        "threat_score": 0,
        "category": "CCTV_FEED"
      }
    },
    {
      "type": "Feature",
      "geometry": {
        "type": "Point",
        "coordinates": [
          -117.83433199995021,
          33.741530000043625
        ]
      },
      "properties": {
        "object_id": 2664,
        "entity_name": "I-5 : (18) SR-55",
        "nearby_place": "Tustin",
        "county": "Orange",
        "district": 12,
        "route": "I-5",
        "direction": "North",
        "elevation_ft": 141,
        "postmile": 30.33,
        "image_url": "https://cwwp2.dot.ca.gov/data/d12/cctv/image/i518sr55/i518sr55.jpg",
        "stream_url": "https://wzmedia.dot.ca.gov/D12/NB5SR55.stream/playlist.m3u8",
        "update_freq_sec": "5",
        "in_service": true,
        "latitude": 33.74153,
        "longitude": -117.834332,
        "threat_score": 0,
        "category": "CCTV_FEED"
      }
    },
    {
      "type": "Feature",
      "geometry": {
        "type": "Point",
        "coordinates": [
          -117.83170999999388,
          33.748949999768165
        ]
      },
      "properties": {
        "object_id": 2665,
        "entity_name": "SR-55 : (19) 4th Street",
        "nearby_place": "Tustin",
        "county": "Orange",
        "district": 12,
        "route": "SR-55",
        "direction": "North",
        "elevation_ft": 164,
        "postmile": 11.04,
        "image_url": "https://cwwp2.dot.ca.gov/data/d12/cctv/image/sr55194thstreet/sr55194thstreet.jpg",
        "stream_url": "https://wzmedia.dot.ca.gov/D12/NB55_4THST.stream/playlist.m3u8",
        "update_freq_sec": "5",
        "in_service": true,
        "latitude": 33.74895,
        "longitude": -117.83171,
        "threat_score": 0,
        "category": "CCTV_FEED"
      }
    },
    {
      "type": "Feature",
      "geometry": {
        "type": "Point",
        "coordinates": [
          -117.83338999959385,
          33.73418999978651
        ]
      },
      "properties": {
        "object_id": 2666,
        "entity_name": "SR-55 : (20) McFadden Avenue",
        "nearby_place": "Tustin",
        "county": "Orange",
        "district": 12,
        "route": "SR-55",
        "direction": "North",
        "elevation_ft": 121,
        "postmile": 9.98,
        "image_url": "https://cwwp2.dot.ca.gov/data/d12/cctv/image/sr5520mcfaddenavenue/sr5520mcfaddenavenue.jpg",
        "stream_url": "https://wzmedia.dot.ca.gov/D12/NB55MCFADDEN.stream/playlist.m3u8",
        "update_freq_sec": "5",
        "in_service": true,
        "latitude": 33.73419,
        "longitude": -117.83339,
        "threat_score": 0,
        "category": "CCTV_FEED"
      }
    },
    {
      "type": "Feature",
      "geometry": {
        "type": "Point",
        "coordinates": [
          -117.83549000021667,
          33.724804000350474
        ]
      },
      "properties": {
        "object_id": 2667,
        "entity_name": "SR-55 : (21) Edinger Avenue",
        "nearby_place": "Tustin",
        "county": "Orange",
        "district": 12,
        "route": "SR-55",
        "direction": "North",
        "elevation_ft": 101,
        "postmile": 9.33,
        "image_url": "https://cwwp2.dot.ca.gov/data/d12/cctv/image/sr5521edingeravenue/sr5521edingeravenue.jpg",
        "stream_url": "https://wzmedia.dot.ca.gov/D12/NB55EDINGER.stream/playlist.m3u8",
        "update_freq_sec": "5",
        "in_service": false,
        "latitude": 33.724804,
        "longitude": -117.83549,
        "threat_score": 0,
        "category": "CCTV_FEED"
      }
    },
    {
      "type": "Feature",
      "geometry": {
        "type": "Point",
        "coordinates": [
          -117.84463999985054,
          33.715370000215806
        ]
      },
      "properties": {
        "object_id": 2668,
        "entity_name": "SR-55 : (22) Warner Avenue",
        "nearby_place": "Santa Ana",
        "county": "Orange",
        "district": 12,
        "route": "SR-55",
        "direction": "North",
        "elevation_ft": 75,
        "postmile": 8.5,
        "image_url": "https://cwwp2.dot.ca.gov/data/d12/cctv/image/sr5522warneravenue/sr5522warneravenue.jpg",
        "stream_url": "https://wzmedia.dot.ca.gov/D12/NB55WARNER.stream/playlist.m3u8",
        "update_freq_sec": "5",
        "in_service": false,
        "latitude": 33.71537,
        "longitude": -117.84464,
        "threat_score": 0,
        "category": "CCTV_FEED"
      }
    },
    {
      "type": "Feature",
      "geometry": {
        "type": "Point",
        "coordinates": [
          -117.86038500000737,
          33.69932599993458
        ]
      },
      "properties": {
        "object_id": 2669,
        "entity_name": "SR-55 : (23) MacArthur",
        "nearby_place": "Irvine",
        "county": "Orange",
        "district": 12,
        "route": "SR-55",
        "direction": "North",
        "elevation_ft": 52,
        "postmile": 7.06,
        "image_url": "https://cwwp2.dot.ca.gov/data/d12/cctv/image/sr5523macarthur/sr5523macarthur.jpg",
        "stream_url": "https://wzmedia.dot.ca.gov/D12/NB55MACARTHUR.stream/playlist.m3u8",
        "update_freq_sec": "5",
        "in_service": false,
        "latitude": 33.699326,
        "longitude": -117.860385,
        "threat_score": 0,
        "category": "CCTV_FEED"
      }
    },
    {
      "type": "Feature",
      "geometry": {
        "type": "Point",
        "coordinates": [
          -117.87217000001635,
          33.68709999996131
        ]
      },
      "properties": {
        "object_id": 2670,
        "entity_name": "SR-55 : (24) I-405 A",
        "nearby_place": "Costa Mesa",
        "county": "Orange",
        "district": 12,
        "route": "SR-55",
        "direction": "South",
        "elevation_ft": 55,
        "postmile": 5.98,
        "image_url": "https://cwwp2.dot.ca.gov/data/d12/cctv/image/sr5524i405a/sr5524i405a.jpg",
        "stream_url": "https://wzmedia.dot.ca.gov/D12/NB55RTE405-A.stream/playlist.m3u8",
        "update_freq_sec": "5",
        "in_service": true,
        "latitude": 33.6871,
        "longitude": -117.87217,
        "threat_score": 0,
        "category": "CCTV_FEED"
      }
    },
    {
      "type": "Feature",
      "geometry": {
        "type": "Point",
        "coordinates": [
          -117.85769299973083,
          33.68257899985478
        ]
      },
      "properties": {
        "object_id": 2671,
        "entity_name": "I-405 : North of MacArthur",
        "nearby_place": "Santa Ana",
        "county": "Orange",
        "district": 12,
        "route": "I-405",
        "direction": "South",
        "elevation_ft": 49,
        "postmile": 7.83,
        "image_url": "https://cwwp2.dot.ca.gov/data/d12/cctv/image/i405northofmacarthur/i405northofmacarthur.jpg",
        "stream_url": "https://wzmedia.dot.ca.gov/D12/SB405NOMacarthur.stream/playlist.m3u8",
        "update_freq_sec": "5",
        "in_service": true,
        "latitude": 33.682579,
        "longitude": -117.857693,
        "threat_score": 0,
        "category": "CCTV_FEED"
      }
    },
    {
      "type": "Feature",
      "geometry": {
        "type": "Point",
        "coordinates": [
          -117.84352000011722,
          33.67632999988909
        ]
      },
      "properties": {
        "object_id": 2672,
        "entity_name": "I-405 : Jamboree",
        "nearby_place": "Irvine",
        "county": "Orange",
        "district": 12,
        "route": "I-405",
        "direction": "South",
        "elevation_ft": 55,
        "postmile": 6.9,
        "image_url": "https://cwwp2.dot.ca.gov/data/d12/cctv/image/i405jamboree/i405jamboree.jpg",
        "stream_url": "https://wzmedia.dot.ca.gov/D12/SB405Jamboree.stream/playlist.m3u8",
        "update_freq_sec": "5",
        "in_service": true,
        "latitude": 33.67633,
        "longitude": -117.84352,
        "threat_score": 0,
        "category": "CCTV_FEED"
      }
    },
    {
      "type": "Feature",
      "geometry": {
        "type": "Point",
        "coordinates": [
          -117.82458899993942,
          33.669783999864926
        ]
      },
      "properties": {
        "object_id": 2673,
        "entity_name": "I-405 : Culver",
        "nearby_place": "Irvine",
        "county": "Orange",
        "district": 12,
        "route": "I-405",
        "direction": "South",
        "elevation_ft": 62,
        "postmile": 5.72,
        "image_url": "https://cwwp2.dot.ca.gov/data/d12/cctv/image/i405culver/i405culver.jpg",
        "stream_url": "https://wzmedia.dot.ca.gov/D12/SB405CulverBlvd.stream/playlist.m3u8",
        "update_freq_sec": "5",
        "in_service": true,
        "latitude": 33.669784,
        "longitude": -117.824589,
        "threat_score": 0,
        "category": "CCTV_FEED"
      }
    },
    {
      "type": "Feature",
      "geometry": {
        "type": "Point",
        "coordinates": [
          -117.79483000017764,
          33.663779999936764
        ]
      },
      "properties": {
        "object_id": 2674,
        "entity_name": "I-405 : Jeffrey",
        "nearby_place": "Irvine",
        "county": "Orange",
        "district": 12,
        "route": "I-405",
        "direction": "North",
        "elevation_ft": 131,
        "postmile": 3.95,
        "image_url": "https://cwwp2.dot.ca.gov/data/d12/cctv/image/i405jeffrey/i405jeffrey.jpg",
        "stream_url": "https://wzmedia.dot.ca.gov/D12/NB405Jefferey.stream/playlist.m3u8",
        "update_freq_sec": "5",
        "in_service": true,
        "latitude": 33.66378,
        "longitude": -117.79483,
        "threat_score": 0,
        "category": "CCTV_FEED"
      }
    },
    {
      "type": "Feature",
      "geometry": {
        "type": "Point",
        "coordinates": [
          -117.8622939999362,
          33.7595329997082
        ]
      },
      "properties": {
        "object_id": 2675,
        "entity_name": "I-5 : (29) 17th Street (7th)",
        "nearby_place": "Santa Ana",
        "county": "Orange",
        "district": 12,
        "route": "I-5",
        "direction": "South",
        "elevation_ft": 170,
        "postmile": 32.45,
        "image_url": "https://cwwp2.dot.ca.gov/data/d12/cctv/image/i52917thstreet7th/i52917thstreet7th.jpg",
        "stream_url": "https://wzmedia.dot.ca.gov/D12/SB5_17thSt.stream/playlist.m3u8",
        "update_freq_sec": "5",
        "in_service": true,
        "latitude": 33.759533,
        "longitude": -117.862294,
        "threat_score": 0,
        "category": "CCTV_FEED"
      }
    },
    {
      "type": "Feature",
      "geometry": {
        "type": "Point",
        "coordinates": [
          -117.95466000005645,
          33.76620999991075
        ]
      },
      "properties": {
        "object_id": 2676,
        "entity_name": "SR-22 : (30) Brookhurst Street",
        "nearby_place": "Garden Grove",
        "county": "Orange",
        "district": 12,
        "route": "SR-22",
        "direction": "West",
        "elevation_ft": 91,
        "postmile": 5.84,
        "image_url": "https://cwwp2.dot.ca.gov/data/d12/cctv/image/sr2230brookhurststreet/sr2230brookhurststreet.jpg",
        "stream_url": "https://wzmedia.dot.ca.gov/D12/WB22BROOKHURST.stream/playlist.m3u8",
        "update_freq_sec": "5",
        "in_service": true,
        "latitude": 33.76621,
        "longitude": -117.95466,
        "threat_score": 0,
        "category": "CCTV_FEED"
      }
    },
    {
      "type": "Feature",
      "geometry": {
        "type": "Point",
        "coordinates": [
          -117.93660199973976,
          33.76631199962958
        ]
      },
      "properties": {
        "object_id": 2677,
        "entity_name": "SR-22 : (31) Euclid Street",
        "nearby_place": "Garden Grove",
        "county": "Orange",
        "district": 12,
        "route": "SR-22",
        "direction": "West",
        "elevation_ft": 91,
        "postmile": 6.89,
        "image_url": "https://cwwp2.dot.ca.gov/data/d12/cctv/image/sr2231euclidstreet/sr2231euclidstreet.jpg",
        "stream_url": "https://wzmedia.dot.ca.gov/D12/WB22EUCLID.stream/playlist.m3u8",
        "update_freq_sec": "5",
        "in_service": true,
        "latitude": 33.766312,
        "longitude": -117.936602,
        "threat_score": 0,
        "category": "CCTV_FEED"
      }
    },
    {
      "type": "Feature",
      "geometry": {
        "type": "Point",
        "coordinates": [
          -117.92117700014838,
          33.7678240002005
        ]
      },
      "properties": {
        "object_id": 2678,
        "entity_name": "SR-22 : (32) Harbor Boulevard",
        "nearby_place": "Garden Grove",
        "county": "Orange",
        "district": 12,
        "route": "SR-22",
        "direction": "West",
        "elevation_ft": 101,
        "postmile": 7.79,
        "image_url": "https://cwwp2.dot.ca.gov/data/d12/cctv/image/sr2232harborboulevard/sr2232harborboulevard.jpg",
        "stream_url": "https://wzmedia.dot.ca.gov/D12/WB22HARBOR.stream/playlist.m3u8",
        "update_freq_sec": "5",
        "in_service": true,
        "latitude": 33.767824,
        "longitude": -117.921177,
        "threat_score": 0,
        "category": "CCTV_FEED"
      }
    },
    {
      "type": "Feature",
      "geometry": {
        "type": "Point",
        "coordinates": [
          -117.89029199990718,
          33.77926800034297
        ]
      },
      "properties": {
        "object_id": 2679,
        "entity_name": "SR-22 : (33) City Drive",
        "nearby_place": "Orange",
        "county": "Orange",
        "district": 12,
        "route": "SR-22",
        "direction": "West",
        "elevation_ft": 134,
        "postmile": 9.77,
        "image_url": "https://cwwp2.dot.ca.gov/data/d12/cctv/image/sr2233citydrive/sr2233citydrive.jpg",
        "stream_url": "https://wzmedia.dot.ca.gov/D12/WB22CITYDR.stream/playlist.m3u8",
        "update_freq_sec": "5",
        "in_service": true,
        "latitude": 33.779268,
        "longitude": -117.890292,
        "threat_score": 0,
        "category": "CCTV_FEED"
      }
    },
    {
      "type": "Feature",
      "geometry": {
        "type": "Point",
        "coordinates": [
          -117.72057000005465,
          33.629049999942445
        ]
      },
      "properties": {
        "object_id": 2680,
        "entity_name": "I-5 : (34) Bake Parkway (Lake Forest)",
        "nearby_place": "Lake Forest",
        "county": "Orange",
        "district": 12,
        "route": "I-5",
        "direction": "North",
        "elevation_ft": 305,
        "postmile": 19.94,
        "image_url": "https://cwwp2.dot.ca.gov/data/d12/cctv/image/i534bakeparkwaylakeforest/i534bakeparkwaylakeforest.jpg",
        "stream_url": "https://wzmedia.dot.ca.gov/D12/NB5BakePkwy.stream/playlist.m3u8",
        "update_freq_sec": "5",
        "in_service": true,
        "latitude": 33.62905,
        "longitude": -117.72057,
        "threat_score": 0,
        "category": "CCTV_FEED"
      }
    },
    {
      "type": "Feature",
      "geometry": {
        "type": "Point",
        "coordinates": [
          -117.73604999989762,
          33.645329999646144
        ]
      },
      "properties": {
        "object_id": 2681,
        "entity_name": "I-5 : (35) Enterprise Street / I-405",
        "nearby_place": "Irvine",
        "county": "Orange",
        "district": 12,
        "route": "I-5",
        "direction": "South",
        "elevation_ft": 265,
        "postmile": 21.36,
        "image_url": "https://cwwp2.dot.ca.gov/data/d12/cctv/image/i535enterprisestreeti405/i535enterprisestreeti405.jpg",
        "stream_url": "https://wzmedia.dot.ca.gov/D12/SB5EnterpriseSt.stream/playlist.m3u8",
        "update_freq_sec": "5",
        "in_service": true,
        "latitude": 33.64533,
        "longitude": -117.73605,
        "threat_score": 0,
        "category": "CCTV_FEED"
      }
    },
    {
      "type": "Feature",
      "geometry": {
        "type": "Point",
        "coordinates": [
          -117.87175999993754,
          33.66050000037047
        ]
      },
      "properties": {
        "object_id": 2682,
        "entity_name": "SR-73 : South of Birch Street Overcross",
        "nearby_place": "Newport Beach",
        "county": "Orange",
        "district": 12,
        "route": "SR-73",
        "direction": "North",
        "elevation_ft": 62,
        "postmile": 25.31,
        "image_url": "https://cwwp2.dot.ca.gov/data/d12/cctv/image/sr73southofbirchstreetovercross/sr73southofbirchstreetovercross.jpg",
        "stream_url": "https://wzmedia.dot.ca.gov/D12/NB73SOBirchSt.stream/playlist.m3u8",
        "update_freq_sec": "5",
        "in_service": true,
        "latitude": 33.6605,
        "longitude": -117.87176,
        "threat_score": 0,
        "category": "CCTV_FEED"
      }
    },
    {
      "type": "Feature",
      "geometry": {
        "type": "Point",
        "coordinates": [
          -117.87686999995594,
          33.66405999966863
        ]
      },
      "properties": {
        "object_id": 2683,
        "entity_name": "SR-73 : North of Campus Drive Overcross",
        "nearby_place": "Santa Ana",
        "county": "Orange",
        "district": 12,
        "route": "SR-73",
        "direction": "North",
        "elevation_ft": 42,
        "postmile": 25.74,
        "image_url": "https://cwwp2.dot.ca.gov/data/d12/cctv/image/sr73northofcampusdriveovercross/sr73northofcampusdriveovercross.jpg",
        "stream_url": "https://wzmedia.dot.ca.gov/D12/NB73NOCampusDr.stream/playlist.m3u8",
        "update_freq_sec": "5",
        "in_service": true,
        "latitude": 33.66406,
        "longitude": -117.87687,
        "threat_score": 0,
        "category": "CCTV_FEED"
      }
    },
    {
      "type": "Feature",
      "geometry": {
        "type": "Point",
        "coordinates": [
          -117.88131999965023,
          33.66833000003644
        ]
      },
      "properties": {
        "object_id": 2684,
        "entity_name": "SR-73 : North of Redhill Avenue Overcross",
        "nearby_place": "Costa Mesa",
        "county": "Orange",
        "district": 12,
        "route": "SR-73",
        "direction": "North",
        "elevation_ft": 39,
        "postmile": 26.14,
        "image_url": "https://cwwp2.dot.ca.gov/data/d12/cctv/image/sr73northofredhillavenueovercross/sr73northofredhillavenueovercross.jpg",
        "stream_url": "https://wzmedia.dot.ca.gov/D12/NB73NORedhill.stream/playlist.m3u8",
        "update_freq_sec": "5",
        "in_service": true,
        "latitude": 33.66833,
        "longitude": -117.88132,
        "threat_score": 0,
        "category": "CCTV_FEED"
      }
    },
    {
      "type": "Feature",
      "geometry": {
        "type": "Point",
        "coordinates": [
          -117.96056000009526,
          33.85363999966176
        ]
      },
      "properties": {
        "object_id": 2685,
        "entity_name": "SR-91 : Brookhurst Street",
        "nearby_place": "Anaheim",
        "county": "Orange",
        "district": 12,
        "route": "SR-91",
        "direction": "East",
        "elevation_ft": 118,
        "postmile": 1.17,
        "image_url": "https://cwwp2.dot.ca.gov/data/d12/cctv/image/sr91brookhurststreet/sr91brookhurststreet.jpg",
        "stream_url": null,
        "update_freq_sec": "5",
        "in_service": false,
        "latitude": 33.85364,
        "longitude": -117.96056,
        "threat_score": 0,
        "category": "CCTV_FEED"
      }
    },
    {
      "type": "Feature",
      "geometry": {
        "type": "Point",
        "coordinates": [
          -117.76021999996523,
          33.65105000015947
        ]
      },
      "properties": {
        "object_id": 2686,
        "entity_name": "I-405 : SR-133",
        "nearby_place": "Irvine",
        "county": "Orange",
        "district": 12,
        "route": "I-405",
        "direction": "South",
        "elevation_ft": 193,
        "postmile": 1.75,
        "image_url": "https://cwwp2.dot.ca.gov/data/d12/cctv/image/i405sr133/i405sr133.jpg",
        "stream_url": "https://wzmedia.dot.ca.gov/D12/SB405RTE133.stream/playlist.m3u8",
        "update_freq_sec": "5",
        "in_service": true,
        "latitude": 33.65105,
        "longitude": -117.76022,
        "threat_score": 0,
        "category": "CCTV_FEED"
      }
    },
    {
      "type": "Feature",
      "geometry": {
        "type": "Point",
        "coordinates": [
          -118.02815100007544,
          33.85631900035684
        ]
      },
      "properties": {
        "object_id": 2687,
        "entity_name": "SR-91 : Valley View",
        "nearby_place": "Buena Park",
        "county": "Orange",
        "district": 12,
        "route": "SR-91",
        "direction": "East",
        "elevation_ft": 62,
        "postmile": 0.88,
        "image_url": "https://cwwp2.dot.ca.gov/data/d12/cctv/image/sr91valleyview/sr91valleyview.jpg",
        "stream_url": null,
        "update_freq_sec": "5",
        "in_service": true,
        "latitude": 33.856319,
        "longitude": -118.028151,
        "threat_score": 0,
        "category": "CCTV_FEED"
      }
    },
    {
      "type": "Feature",
      "geometry": {
        "type": "Point",
        "coordinates": [
          -118.0122300001915,
          33.85572999987644
        ]
      },
      "properties": {
        "object_id": 2688,
        "entity_name": "SR-91 : Knott",
        "nearby_place": "Buena Park",
        "county": "Orange",
        "district": 12,
        "route": "SR-91",
        "direction": "East",
        "elevation_ft": 85,
        "postmile": 1.8,
        "image_url": "https://cwwp2.dot.ca.gov/data/d12/cctv/image/sr91knott/sr91knott.jpg",
        "stream_url": null,
        "update_freq_sec": "5",
        "in_service": true,
        "latitude": 33.85573,
        "longitude": -118.01223,
        "threat_score": 0,
        "category": "CCTV_FEED"
      }
    },
    {
      "type": "Feature",
      "geometry": {
        "type": "Point",
        "coordinates": [
          -117.89254999981546,
          33.68104999998957
        ]
      },
      "properties": {
        "object_id": 2689,
        "entity_name": "SR-73 : Bear Street",
        "nearby_place": "Costa Mesa",
        "county": "Orange",
        "district": 12,
        "route": "SR-73",
        "direction": "North",
        "elevation_ft": 65,
        "postmile": 27.23,
        "image_url": "https://cwwp2.dot.ca.gov/data/d12/cctv/image/sr73bearstreet/sr73bearstreet.jpg",
        "stream_url": "https://wzmedia.dot.ca.gov/D12/NB73BearSt.stream/playlist.m3u8",
        "update_freq_sec": "5",
        "in_service": true,
        "latitude": 33.68105,
        "longitude": -117.89255,
        "threat_score": 0,
        "category": "CCTV_FEED"
      }
    },
    {
      "type": "Feature",
      "geometry": {
        "type": "Point",
        "coordinates": [
          -117.83489699983974,
          33.83654899980477
        ]
      },
      "properties": {
        "object_id": 2690,
        "entity_name": "SR-55 : (51) Lincoln Park and Ride 1",
        "nearby_place": "Orange",
        "county": "Orange",
        "district": 12,
        "route": "SR-55",
        "direction": "North",
        "elevation_ft": 331,
        "postmile": 17.11,
        "image_url": "https://cwwp2.dot.ca.gov/data/d12/cctv/image/sr5551lincolnparkandride1/sr5551lincolnparkandride1.jpg",
        "stream_url": "https://wzmedia.dot.ca.gov/D12/NB55LINCOLNPnR-1.stream/playlist.m3u8",
        "update_freq_sec": "5",
        "in_service": true,
        "latitude": 33.836549,
        "longitude": -117.834897,
        "threat_score": 0,
        "category": "CCTV_FEED"
      }
    },
    {
      "type": "Feature",
      "geometry": {
        "type": "Point",
        "coordinates": [
          -117.83421099957638,
          33.83537099974572
        ]
      },
      "properties": {
        "object_id": 2691,
        "entity_name": "SR-55 : (50) Lincoln Park and Ride 2",
        "nearby_place": "Orange",
        "county": "Orange",
        "district": 12,
        "route": "SR-55",
        "direction": "North",
        "elevation_ft": 318,
        "postmile": 17.04,
        "image_url": "https://cwwp2.dot.ca.gov/data/d12/cctv/image/sr5550lincolnparkandride2/sr5550lincolnparkandride2.jpg",
        "stream_url": "https://wzmedia.dot.ca.gov/D12/NB55LINCOLNPnR-2.stream/playlist.m3u8",
        "update_freq_sec": "5",
        "in_service": true,
        "latitude": 33.835371,
        "longitude": -117.834211,
        "threat_score": 0,
        "category": "CCTV_FEED"
      }
    },
    {
      "type": "Feature",
      "geometry": {
        "type": "Point",
        "coordinates": [
          -117.87972999956365,
          33.804529999699334
        ]
      },
      "properties": {
        "object_id": 2692,
        "entity_name": "SR-57 : (78) Katella Avenue",
        "nearby_place": "Anaheim",
        "county": "Orange",
        "district": 12,
        "route": "SR-57",
        "direction": "North",
        "elevation_ft": 170,
        "postmile": 12.44,
        "image_url": "https://cwwp2.dot.ca.gov/data/d12/cctv/image/sr5778katellaavenue/sr5778katellaavenue.jpg",
        "stream_url": "https://wzmedia.dot.ca.gov/D12/NB57Katella.stream/playlist.m3u8",
        "update_freq_sec": "5",
        "in_service": true,
        "latitude": 33.80453,
        "longitude": -117.87973,
        "threat_score": 0,
        "category": "CCTV_FEED"
      }
    },
    {
      "type": "Feature",
      "geometry": {
        "type": "Point",
        "coordinates": [
          -117.87568699957512,
          33.83880600018675
        ]
      },
      "properties": {
        "object_id": 2693,
        "entity_name": "SR-57 : (79) Lincoln Avenue",
        "nearby_place": "Anaheim",
        "county": "Orange",
        "district": 12,
        "route": "SR-57",
        "direction": "North",
        "elevation_ft": 190,
        "postmile": 14.84,
        "image_url": "https://cwwp2.dot.ca.gov/data/d12/cctv/image/sr5779lincolnavenue/sr5779lincolnavenue.jpg",
        "stream_url": "https://wzmedia.dot.ca.gov/D12/NB57Lincoln.stream/playlist.m3u8",
        "update_freq_sec": "5",
        "in_service": false,
        "latitude": 33.838806,
        "longitude": -117.875687,
        "threat_score": 0,
        "category": "CCTV_FEED"
      }
    },
    {
      "type": "Feature",
      "geometry": {
        "type": "Point",
        "coordinates": [
          -117.87688099982657,
          33.861712999713106
        ]
      },
      "properties": {
        "object_id": 2694,
        "entity_name": "SR-57 : (80) Orangethorpe Avenue",
        "nearby_place": "Placentia",
        "county": "Orange",
        "district": 12,
        "route": "SR-57",
        "direction": "North",
        "elevation_ft": 206,
        "postmile": 16.42,
        "image_url": "https://cwwp2.dot.ca.gov/data/d12/cctv/image/sr5780orangethorpeavenue/sr5780orangethorpeavenue.jpg",
        "stream_url": "https://wzmedia.dot.ca.gov/D12/NB57Orangethorpe.stream/playlist.m3u8",
        "update_freq_sec": "5",
        "in_service": false,
        "latitude": 33.861713,
        "longitude": -117.876881,
        "threat_score": 0,
        "category": "CCTV_FEED"
      }
    },
    {
      "type": "Feature",
      "geometry": {
        "type": "Point",
        "coordinates": [
          -117.88267000043562,
          33.908930000016994
        ]
      },
      "properties": {
        "object_id": 2695,
        "entity_name": "SR-57 : (81) SR-90",
        "nearby_place": "Fullerton",
        "county": "Orange",
        "district": 12,
        "route": "SR-57",
        "direction": "North",
        "elevation_ft": 305,
        "postmile": 19.723,
        "image_url": "https://cwwp2.dot.ca.gov/data/d12/cctv/image/sr5781sr90/sr5781sr90.jpg",
        "stream_url": "https://wzmedia.dot.ca.gov/D12/NB57Imperial.stream/playlist.m3u8",
        "update_freq_sec": "5",
        "in_service": true,
        "latitude": 33.90893,
        "longitude": -117.88267,
        "threat_score": 0,
        "category": "CCTV_FEED"
      }
    },
    {
      "type": "Feature",
      "geometry": {
        "type": "Point",
        "coordinates": [
          -117.87992000043276,
          33.92560999992713
        ]
      },
      "properties": {
        "object_id": 2696,
        "entity_name": "SR-57 : (82) Lambert Street",
        "nearby_place": "Brea",
        "county": "Orange",
        "district": 12,
        "route": "SR-57",
        "direction": "North",
        "elevation_ft": 459,
        "postmile": 20.91,
        "image_url": "https://cwwp2.dot.ca.gov/data/d12/cctv/image/sr5782lambertstreet/sr5782lambertstreet.jpg",
        "stream_url": "https://wzmedia.dot.ca.gov/D12/NB57Lambert.stream/playlist.m3u8",
        "update_freq_sec": "5",
        "in_service": true,
        "latitude": 33.92561,
        "longitude": -117.87992,
        "threat_score": 0,
        "category": "CCTV_FEED"
      }
    },
    {
      "type": "Feature",
      "geometry": {
        "type": "Point",
        "coordinates": [
          -117.65844999976788,
          33.504040000287254
        ]
      },
      "properties": {
        "object_id": 2697,
        "entity_name": "I-5 : (84) Ortega Highway",
        "nearby_place": "San Juan Capistrano",
        "county": "Orange",
        "district": 12,
        "route": "I-5",
        "direction": "North",
        "elevation_ft": 154,
        "postmile": 9.71,
        "image_url": "https://cwwp2.dot.ca.gov/data/d12/cctv/image/i584ortegahighway/i584ortegahighway.jpg",
        "stream_url": "https://wzmedia.dot.ca.gov/D12/NB5C84OrtegaHwy.stream/playlist.m3u8",
        "update_freq_sec": "5",
        "in_service": true,
        "latitude": 33.50404,
        "longitude": -117.65845,
        "threat_score": 0,
        "category": "CCTV_FEED"
      }
    },
    {
      "type": "Feature",
      "geometry": {
        "type": "Point",
        "coordinates": [
          -117.66601000021349,
          33.522199999872626
        ]
      },
      "properties": {
        "object_id": 2698,
        "entity_name": "I-5 : (86) Junipero Serra Road",
        "nearby_place": "San Juan Capistrano",
        "county": "Orange",
        "district": 12,
        "route": "I-5",
        "direction": "North",
        "elevation_ft": 223,
        "postmile": 11.03,
        "image_url": "https://cwwp2.dot.ca.gov/data/d12/cctv/image/i586juniperoserraroad/i586juniperoserraroad.jpg",
        "stream_url": "https://wzmedia.dot.ca.gov/D12/NB5JuniperoSerraRd.stream/playlist.m3u8",
        "update_freq_sec": "5",
        "in_service": true,
        "latitude": 33.5222,
        "longitude": -117.66601,
        "threat_score": 0,
        "category": "CCTV_FEED"
      }
    },
    {
      "type": "Feature",
      "geometry": {
        "type": "Point",
        "coordinates": [
          -117.67242999993596,
          33.55909999997106
        ]
      },
      "properties": {
        "object_id": 2699,
        "entity_name": "I-5 : (88) Crown Valley Parkway",
        "nearby_place": "Mission Viejo",
        "county": "Orange",
        "district": 12,
        "route": "I-5",
        "direction": "North",
        "elevation_ft": 308,
        "postmile": 13.77,
        "image_url": "https://cwwp2.dot.ca.gov/data/d12/cctv/image/i588crownvalleyparkway/i588crownvalleyparkway.jpg",
        "stream_url": "https://wzmedia.dot.ca.gov/D12/NB5CrownValley.stream/playlist.m3u8",
        "update_freq_sec": "5",
        "in_service": true,
        "latitude": 33.5591,
        "longitude": -117.67243,
        "threat_score": 0,
        "category": "CCTV_FEED"
      }
    },
    {
      "type": "Feature",
      "geometry": {
        "type": "Point",
        "coordinates": [
          -117.68392000039216,
          33.60150999968083
        ]
      },
      "properties": {
        "object_id": 2700,
        "entity_name": "I-5 : (89) North of La Paz Road (South of Alicia)",
        "nearby_place": "Mission Viejo",
        "county": "Orange",
        "district": 12,
        "route": "I-5",
        "direction": "North",
        "elevation_ft": 413,
        "postmile": 17.04,
        "image_url": "https://cwwp2.dot.ca.gov/data/d12/cctv/image/i589northoflapazroadsouthofalicia/i589northoflapazroadsouthofalicia.jpg",
        "stream_url": "https://wzmedia.dot.ca.gov/D12/NB5SOAlicia.stream/playlist.m3u8",
        "update_freq_sec": "5",
        "in_service": true,
        "latitude": 33.60151,
        "longitude": -117.68392,
        "threat_score": 0,
        "category": "CCTV_FEED"
      }
    },
    {
      "type": "Feature",
      "geometry": {
        "type": "Point",
        "coordinates": [
          -117.67115700004179,
          33.57996000017995
        ]
      },
      "properties": {
        "object_id": 2701,
        "entity_name": "I-5 : (90) Oso Parkway Overcross",
        "nearby_place": "Mission Viejo",
        "county": "Orange",
        "district": 12,
        "route": "I-5",
        "direction": "North",
        "elevation_ft": 387,
        "postmile": 15.21,
        "image_url": "https://cwwp2.dot.ca.gov/data/d12/cctv/image/i590osoparkwayovercross/i590osoparkwayovercross.jpg",
        "stream_url": "https://wzmedia.dot.ca.gov/D12/NB5OsoPkwy.stream/playlist.m3u8",
        "update_freq_sec": "5",
        "in_service": true,
        "latitude": 33.57996,
        "longitude": -117.671157,
        "threat_score": 0,
        "category": "CCTV_FEED"
      }
    },
    {
      "type": "Feature",
      "geometry": {
        "type": "Point",
        "coordinates": [
          -117.67128000006542,
          33.58871999997514
        ]
      },
      "properties": {
        "object_id": 2702,
        "entity_name": "I-5 : (91) North of Oso Parkway",
        "nearby_place": "Mission Viejo",
        "county": "Orange",
        "district": 12,
        "route": "I-5",
        "direction": "North",
        "elevation_ft": 403,
        "postmile": 15.8,
        "image_url": "https://cwwp2.dot.ca.gov/data/d12/cctv/image/i591northofosoparkway/i591northofosoparkway.jpg",
        "stream_url": "https://wzmedia.dot.ca.gov/D12/NB5NOOsoPkwy.stream/playlist.m3u8",
        "update_freq_sec": "5",
        "in_service": true,
        "latitude": 33.58872,
        "longitude": -117.67128,
        "threat_score": 0,
        "category": "CCTV_FEED"
      }
    },
    {
      "type": "Feature",
      "geometry": {
        "type": "Point",
        "coordinates": [
          -117.67632099958853,
          33.59860899975104
        ]
      },
      "properties": {
        "object_id": 2703,
        "entity_name": "I-5 : (92) La Paz Road",
        "nearby_place": "Mission Viejo",
        "county": "Orange",
        "district": 12,
        "route": "I-5",
        "direction": "North",
        "elevation_ft": 400,
        "postmile": 16.55,
        "image_url": "https://cwwp2.dot.ca.gov/data/d12/cctv/image/i592lapazroad/i592lapazroad.jpg",
        "stream_url": "https://wzmedia.dot.ca.gov/D12/NB5LaPazRd.stream/playlist.m3u8",
        "update_freq_sec": "5",
        "in_service": true,
        "latitude": 33.598609,
        "longitude": -117.676321,
        "threat_score": 0,
        "category": "CCTV_FEED"
      }
    },
    {
      "type": "Feature",
      "geometry": {
        "type": "Point",
        "coordinates": [
          -117.69044700024477,
          33.6054040001288
        ]
      },
      "properties": {
        "object_id": 2704,
        "entity_name": "I-5 : (93) Alicia Parkway On",
        "nearby_place": "Mission Viejo",
        "county": "Orange",
        "district": 12,
        "route": "I-5",
        "direction": "North",
        "elevation_ft": 413,
        "postmile": 17.5,
        "image_url": "https://cwwp2.dot.ca.gov/data/d12/cctv/image/i593aliciaparkwayon/i593aliciaparkwayon.jpg",
        "stream_url": "https://wzmedia.dot.ca.gov/D12/NB5Alicia.stream/playlist.m3u8",
        "update_freq_sec": "5",
        "in_service": true,
        "latitude": 33.605404,
        "longitude": -117.690447,
        "threat_score": 0,
        "category": "CCTV_FEED"
      }
    },
    {
      "type": "Feature",
      "geometry": {
        "type": "Point",
        "coordinates": [
          -117.69218200009631,
          33.605276000075754
        ]
      },
      "properties": {
        "object_id": 2705,
        "entity_name": "I-5 : (94) Alicia Parkway",
        "nearby_place": "Mission Viejo",
        "county": "Orange",
        "district": 12,
        "route": "I-5",
        "direction": "South",
        "elevation_ft": 393,
        "postmile": 17.584,
        "image_url": "https://cwwp2.dot.ca.gov/data/d12/cctv/image/i594aliciaparkway/i594aliciaparkway.jpg",
        "stream_url": "https://wzmedia.dot.ca.gov/D12/NB5NOAlicia.stream/playlist.m3u8",
        "update_freq_sec": "5",
        "in_service": true,
        "latitude": 33.605276,
        "longitude": -117.692182,
        "threat_score": 0,
        "category": "CCTV_FEED"
      }
    },
    {
      "type": "Feature",
      "geometry": {
        "type": "Point",
        "coordinates": [
          -117.70585000009487,
          33.61359999964729
        ]
      },
      "properties": {
        "object_id": 2706,
        "entity_name": "I-5 : (95) El Toro Road",
        "nearby_place": "Lake Forest",
        "county": "Orange",
        "district": 12,
        "route": "I-5",
        "direction": "North",
        "elevation_ft": 370,
        "postmile": 18.57,
        "image_url": "https://cwwp2.dot.ca.gov/data/d12/cctv/image/i595eltororoad/i595eltororoad.jpg",
        "stream_url": "https://wzmedia.dot.ca.gov/D12/Nb5ElToro.stream/playlist.m3u8",
        "update_freq_sec": "5",
        "in_service": true,
        "latitude": 33.6136,
        "longitude": -117.70585,
        "threat_score": 0,
        "category": "CCTV_FEED"
      }
    },
    {
      "type": "Feature",
      "geometry": {
        "type": "Point",
        "coordinates": [
          -117.71236299970376,
          33.61999899967827
        ]
      },
      "properties": {
        "object_id": 2707,
        "entity_name": "I-5 : (97) North of El Toro (Carlota)",
        "nearby_place": "Lake Forest",
        "county": "Orange",
        "district": 12,
        "route": "I-5",
        "direction": "North",
        "elevation_ft": 347,
        "postmile": 19.15,
        "image_url": "https://cwwp2.dot.ca.gov/data/d12/cctv/image/i597northofeltorocarlota/i597northofeltorocarlota.jpg",
        "stream_url": "https://wzmedia.dot.ca.gov/D12/NB5NOElToro.stream/playlist.m3u8",
        "update_freq_sec": "Not Reported",
        "in_service": true,
        "latitude": 33.619999,
        "longitude": -117.712363,
        "threat_score": 0,
        "category": "CCTV_FEED"
      }
    },
    {
      "type": "Feature",
      "geometry": {
        "type": "Point",
        "coordinates": [
          -117.74383999959869,
          33.6561899999493
        ]
      },
      "properties": {
        "object_id": 2708,
        "entity_name": "I-5 : (98) Alton Parkway",
        "nearby_place": "Irvine",
        "county": "Orange",
        "district": 12,
        "route": "I-5",
        "direction": "North",
        "elevation_ft": 236,
        "postmile": 22.24,
        "image_url": "https://cwwp2.dot.ca.gov/data/d12/cctv/image/i598altonparkway/i598altonparkway.jpg",
        "stream_url": "https://wzmedia.dot.ca.gov/D12/NB5AltonPkwy.stream/playlist.m3u8",
        "update_freq_sec": "5",
        "in_service": true,
        "latitude": 33.65619,
        "longitude": -117.74384,
        "threat_score": 0,
        "category": "CCTV_FEED"
      }
    },
    {
      "type": "Feature",
      "geometry": {
        "type": "Point",
        "coordinates": [
          -117.74912299986941,
          33.662971000034574
        ]
      },
      "properties": {
        "object_id": 2709,
        "entity_name": "I-5 : (100) Barranca Parkway",
        "nearby_place": "Irvine",
        "county": "Orange",
        "district": 12,
        "route": "I-5",
        "direction": "North",
        "elevation_ft": 232,
        "postmile": 22.79,
        "image_url": "https://cwwp2.dot.ca.gov/data/d12/cctv/image/i5100barrancaparkway/i5100barrancaparkway.jpg",
        "stream_url": "https://wzmedia.dot.ca.gov/D12/NB5BarrancaPkwy.stream/playlist.m3u8",
        "update_freq_sec": "5",
        "in_service": true,
        "latitude": 33.662971,
        "longitude": -117.749123,
        "threat_score": 0,
        "category": "CCTV_FEED"
      }
    },
    {
      "type": "Feature",
      "geometry": {
        "type": "Point",
        "coordinates": [
          -117.7589300003526,
          33.67885999976119
        ]
      },
      "properties": {
        "object_id": 2710,
        "entity_name": "I-5 : (101) Sand Canyon",
        "nearby_place": "Irvine",
        "county": "Orange",
        "district": 12,
        "route": "I-5",
        "direction": "North",
        "elevation_ft": 216,
        "postmile": 24.05,
        "image_url": "https://cwwp2.dot.ca.gov/data/d12/cctv/image/i5101sandcanyon/i5101sandcanyon.jpg",
        "stream_url": "https://wzmedia.dot.ca.gov/D12/NB5SandCanyon.stream/playlist.m3u8",
        "update_freq_sec": "5",
        "in_service": true,
        "latitude": 33.67886,
        "longitude": -117.75893,
        "threat_score": 0,
        "category": "CCTV_FEED"
      }
    },
    {
      "type": "Feature",
      "geometry": {
        "type": "Point",
        "coordinates": [
          -117.76759999958745,
          33.68941999975388
        ]
      },
      "properties": {
        "object_id": 2711,
        "entity_name": "I-5 : (102) Jeffrey Road",
        "nearby_place": "Irvine",
        "county": "Orange",
        "district": 12,
        "route": "I-5",
        "direction": "North",
        "elevation_ft": 167,
        "postmile": 24.93,
        "image_url": "https://cwwp2.dot.ca.gov/data/d12/cctv/image/i5102jeffreyroad/i5102jeffreyroad.jpg",
        "stream_url": "https://wzmedia.dot.ca.gov/D12/NB5JefferyRd.stream/playlist.m3u8",
        "update_freq_sec": "5",
        "in_service": true,
        "latitude": 33.68942,
        "longitude": -117.7676,
        "threat_score": 0,
        "category": "CCTV_FEED"
      }
    },
    {
      "type": "Feature",
      "geometry": {
        "type": "Point",
        "coordinates": [
          -117.77512999989581,
          33.700850000010846
        ]
      },
      "properties": {
        "object_id": 2712,
        "entity_name": "I-5 : (103) Yale Avenue",
        "nearby_place": "Irvine",
        "county": "Orange",
        "district": 12,
        "route": "I-5",
        "direction": "North",
        "elevation_ft": 150,
        "postmile": 25.84,
        "image_url": "https://cwwp2.dot.ca.gov/data/d12/cctv/image/i5103yaleavenue/i5103yaleavenue.jpg",
        "stream_url": "https://wzmedia.dot.ca.gov/D12/NB5YaleAve.stream/playlist.m3u8",
        "update_freq_sec": "5",
        "in_service": true,
        "latitude": 33.70085,
        "longitude": -117.77513,
        "threat_score": 0,
        "category": "CCTV_FEED"
      }
    },
    {
      "type": "Feature",
      "geometry": {
        "type": "Point",
        "coordinates": [
          -117.78225000012536,
          33.71057999967332
        ]
      },
      "properties": {
        "object_id": 2713,
        "entity_name": "I-5 : (104) Culver Drive",
        "nearby_place": "Irvine",
        "county": "Orange",
        "district": 12,
        "route": "I-5",
        "direction": "North",
        "elevation_ft": 141,
        "postmile": 26.62,
        "image_url": "https://cwwp2.dot.ca.gov/data/d12/cctv/image/i5104culverdrive/i5104culverdrive.jpg",
        "stream_url": "https://wzmedia.dot.ca.gov/D12/Nb5Culver.stream/playlist.m3u8",
        "update_freq_sec": "5",
        "in_service": true,
        "latitude": 33.71058,
        "longitude": -117.78225,
        "threat_score": 0,
        "category": "CCTV_FEED"
      }
    },
    {
      "type": "Feature",
      "geometry": {
        "type": "Point",
        "coordinates": [
          -117.79545000031874,
          33.720260000044135
        ]
      },
      "properties": {
        "object_id": 2714,
        "entity_name": "I-5 : (105) Jamboree Road",
        "nearby_place": "Tustin",
        "county": "Orange",
        "district": 12,
        "route": "I-5",
        "direction": "North",
        "elevation_ft": 88,
        "postmile": 27.64,
        "image_url": "https://cwwp2.dot.ca.gov/data/d12/cctv/image/i5105jamboreeroad/i5105jamboreeroad.jpg",
        "stream_url": "https://wzmedia.dot.ca.gov/D12/NB5Jamboree.stream/playlist.m3u8",
        "update_freq_sec": "5",
        "in_service": true,
        "latitude": 33.72026,
        "longitude": -117.79545,
        "threat_score": 0,
        "category": "CCTV_FEED"
      }
    },
    {
      "type": "Feature",
      "geometry": {
        "type": "Point",
        "coordinates": [
          -117.80394300000157,
          33.726048000210966
        ]
      },
      "properties": {
        "object_id": 2715,
        "entity_name": "I-5 : (106) Tustin Ranch Road",
        "nearby_place": "Tustin",
        "county": "Orange",
        "district": 12,
        "route": "I-5",
        "direction": "North",
        "elevation_ft": 98,
        "postmile": 28.27,
        "image_url": "https://cwwp2.dot.ca.gov/data/d12/cctv/image/i5106tustinranchroad/i5106tustinranchroad.jpg",
        "stream_url": "https://wzmedia.dot.ca.gov/D12/NB5TustinRanch.stream/playlist.m3u8",
        "update_freq_sec": "5",
        "in_service": true,
        "latitude": 33.726048,
        "longitude": -117.803943,
        "threat_score": 0,
        "category": "CCTV_FEED"
      }
    },
    {
      "type": "Feature",
      "geometry": {
        "type": "Point",
        "coordinates": [
          -117.82021899971275,
          33.73648299969306
        ]
      },
      "properties": {
        "object_id": 2716,
        "entity_name": "I-5 : (107) South of Newport Avenue",
        "nearby_place": "Tustin",
        "county": "Orange",
        "district": 12,
        "route": "I-5",
        "direction": "North",
        "elevation_ft": 131,
        "postmile": 29.45,
        "image_url": "https://cwwp2.dot.ca.gov/data/d12/cctv/image/i5107southofnewportavenue/i5107southofnewportavenue.jpg",
        "stream_url": "https://wzmedia.dot.ca.gov/D12/NB5SONewport.stream/playlist.m3u8",
        "update_freq_sec": "5",
        "in_service": true,
        "latitude": 33.736483,
        "longitude": -117.820219,
        "threat_score": 0,
        "category": "CCTV_FEED"
      }
    },
    {
      "type": "Feature",
      "geometry": {
        "type": "Point",
        "coordinates": [
          -117.88026299966613,
          33.78090100037225
        ]
      },
      "properties": {
        "object_id": 2717,
        "entity_name": "I-5 : (108) SR-11",
        "nearby_place": "Santa Ana",
        "county": "Orange",
        "district": 12,
        "route": "I-5",
        "direction": "South",
        "elevation_ft": 141,
        "postmile": 34.31,
        "image_url": "https://cwwp2.dot.ca.gov/data/d12/cctv/image/i5108sr11/i5108sr11.jpg",
        "stream_url": "https://wzmedia.dot.ca.gov/D12/SB5RTE22.stream/playlist.m3u8",
        "update_freq_sec": "5",
        "in_service": true,
        "latitude": 33.780901,
        "longitude": -117.880263,
        "threat_score": 0,
        "category": "CCTV_FEED"
      }
    },
    {
      "type": "Feature",
      "geometry": {
        "type": "Point",
        "coordinates": [
          -117.88940999982525,
          33.791910000214486
        ]
      },
      "properties": {
        "object_id": 2718,
        "entity_name": "I-5 : (109) State College Boulevard",
        "nearby_place": "Orange",
        "county": "Orange",
        "district": 12,
        "route": "I-5",
        "direction": "North",
        "elevation_ft": 150,
        "postmile": 35.19,
        "image_url": "https://cwwp2.dot.ca.gov/data/d12/cctv/image/i5109statecollegeboulevard/i5109statecollegeboulevard.jpg",
        "stream_url": "https://wzmedia.dot.ca.gov/D12/NB5StateCollege.stream/playlist.m3u8",
        "update_freq_sec": "5",
        "in_service": true,
        "latitude": 33.79191,
        "longitude": -117.88941,
        "threat_score": 0,
        "category": "CCTV_FEED"
      }
    },
    {
      "type": "Feature",
      "geometry": {
        "type": "Point",
        "coordinates": [
          -117.89511999989327,
          33.79587000020525
        ]
      },
      "properties": {
        "object_id": 2719,
        "entity_name": "I-5 : (110) Orangewood Avenue",
        "nearby_place": "Orange",
        "county": "Orange",
        "district": 12,
        "route": "I-5",
        "direction": "South",
        "elevation_ft": 147,
        "postmile": 35.61,
        "image_url": "https://cwwp2.dot.ca.gov/data/d12/cctv/image/i5110orangewoodavenue/i5110orangewoodavenue.jpg",
        "stream_url": "https://wzmedia.dot.ca.gov/D12/SB5Orangewood.stream/playlist.m3u8",
        "update_freq_sec": "5",
        "in_service": true,
        "latitude": 33.79587,
        "longitude": -117.89512,
        "threat_score": 0,
        "category": "CCTV_FEED"
      }
    },
    {
      "type": "Feature",
      "geometry": {
        "type": "Point",
        "coordinates": [
          -117.90037999969947,
          33.8025200000961
        ]
      },
      "properties": {
        "object_id": 2720,
        "entity_name": "I-5 : (111) Katella Avenue",
        "nearby_place": "Anaheim",
        "county": "Orange",
        "district": 12,
        "route": "I-5",
        "direction": "North",
        "elevation_ft": 150,
        "postmile": 36.18,
        "image_url": "https://cwwp2.dot.ca.gov/data/d12/cctv/image/i5111katellaavenue/i5111katellaavenue.jpg",
        "stream_url": "https://wzmedia.dot.ca.gov/D12/NB5KatellaAve.stream/playlist.m3u8",
        "update_freq_sec": "5",
        "in_service": true,
        "latitude": 33.80252,
        "longitude": -117.90038,
        "threat_score": 0,
        "category": "CCTV_FEED"
      }
    },
    {
      "type": "Feature",
      "geometry": {
        "type": "Point",
        "coordinates": [
          -117.92406000022062,
          33.82500000008004
        ]
      },
      "properties": {
        "object_id": 2721,
        "entity_name": "I-5 : (112) Disneyland Dr.",
        "nearby_place": "Anaheim",
        "county": "Orange",
        "district": 12,
        "route": "I-5",
        "direction": "North",
        "elevation_ft": 137,
        "postmile": 38.24,
        "image_url": "https://cwwp2.dot.ca.gov/data/d12/cctv/image/i5112disneylanddr/i5112disneylanddr.jpg",
        "stream_url": "https://wzmedia.dot.ca.gov/D12/NB5DisneylandDr.stream/playlist.m3u8",
        "update_freq_sec": "5",
        "in_service": true,
        "latitude": 33.825,
        "longitude": -117.92406,
        "threat_score": 0,
        "category": "CCTV_FEED"
      }
    },
    {
      "type": "Feature",
      "geometry": {
        "type": "Point",
        "coordinates": [
          -117.93214000034989,
          33.83284999996941
        ]
      },
      "properties": {
        "object_id": 2722,
        "entity_name": "I-5 : (113) Lincoln Avenue",
        "nearby_place": "Anaheim",
        "county": "Orange",
        "district": 12,
        "route": "I-5",
        "direction": "North",
        "elevation_ft": 131,
        "postmile": 38.95,
        "image_url": "https://cwwp2.dot.ca.gov/data/d12/cctv/image/i5113lincolnavenue/i5113lincolnavenue.jpg",
        "stream_url": "https://wzmedia.dot.ca.gov/D12/NB5LincolnAve.stream/playlist.m3u8",
        "update_freq_sec": "5",
        "in_service": true,
        "latitude": 33.83285,
        "longitude": -117.93214,
        "threat_score": 0,
        "category": "CCTV_FEED"
      }
    },
    {
      "type": "Feature",
      "geometry": {
        "type": "Point",
        "coordinates": [
          -117.94059000037501,
          33.83572999986464
        ]
      },
      "properties": {
        "object_id": 2723,
        "entity_name": "I-5 : (114) Euclid Avenue",
        "nearby_place": "Anaheim",
        "county": "Orange",
        "district": 12,
        "route": "I-5",
        "direction": "North",
        "elevation_ft": 141,
        "postmile": 39.45,
        "image_url": "https://cwwp2.dot.ca.gov/data/d12/cctv/image/i5114euclidavenue/i5114euclidavenue.jpg",
        "stream_url": "https://wzmedia.dot.ca.gov/D12/NB5EuclidAve.stream/playlist.m3u8",
        "update_freq_sec": "5",
        "in_service": true,
        "latitude": 33.83573,
        "longitude": -117.94059,
        "threat_score": 0,
        "category": "CCTV_FEED"
      }
    },
    {
      "type": "Feature",
      "geometry": {
        "type": "Point",
        "coordinates": [
          -117.94824000033398,
          33.83983000005008
        ]
      },
      "properties": {
        "object_id": 2724,
        "entity_name": "I-5 : (115) Crescent",
        "nearby_place": "Anaheim",
        "county": "Orange",
        "district": 12,
        "route": "I-5",
        "direction": "North",
        "elevation_ft": 131,
        "postmile": 39.98,
        "image_url": "https://cwwp2.dot.ca.gov/data/d12/cctv/image/i5115crescent/i5115crescent.jpg",
        "stream_url": "https://wzmedia.dot.ca.gov/D12/NB5Cresent.stream/playlist.m3u8",
        "update_freq_sec": "5",
        "in_service": true,
        "latitude": 33.83983,
        "longitude": -117.94824,
        "threat_score": 0,
        "category": "CCTV_FEED"
      }
    },
    {
      "type": "Feature",
      "geometry": {
        "type": "Point",
        "coordinates": [
          -117.95855999992988,
          33.84586000010364
        ]
      },
      "properties": {
        "object_id": 2725,
        "entity_name": "I-5 : (116) Brookhurst Street",
        "nearby_place": "Anaheim",
        "county": "Orange",
        "district": 12,
        "route": "I-5",
        "direction": "North",
        "elevation_ft": 124,
        "postmile": 40.7,
        "image_url": "https://cwwp2.dot.ca.gov/data/d12/cctv/image/i5116brookhurststreet/i5116brookhurststreet.jpg",
        "stream_url": "https://wzmedia.dot.ca.gov/D12/NB5Brookhurst.stream/playlist.m3u8",
        "update_freq_sec": "5",
        "in_service": true,
        "latitude": 33.84586,
        "longitude": -117.95856,
        "threat_score": 0,
        "category": "CCTV_FEED"
      }
    },
    {
      "type": "Feature",
      "geometry": {
        "type": "Point",
        "coordinates": [
          -117.96816400002346,
          33.850560000366876
        ]
      },
      "properties": {
        "object_id": 2726,
        "entity_name": "I-5 : (117) Gilbert Street",
        "nearby_place": "Anaheim",
        "county": "Orange",
        "district": 12,
        "route": "I-5",
        "direction": "North",
        "elevation_ft": 111,
        "postmile": 41.36,
        "image_url": "https://cwwp2.dot.ca.gov/data/d12/cctv/image/i5117gilbertstreet/i5117gilbertstreet.jpg",
        "stream_url": "https://wzmedia.dot.ca.gov/D12/NB5Gilbert.stream/playlist.m3u8",
        "update_freq_sec": "5",
        "in_service": true,
        "latitude": 33.85056,
        "longitude": -117.968164,
        "threat_score": 0,
        "category": "CCTV_FEED"
      }
    },
    {
      "type": "Feature",
      "geometry": {
        "type": "Point",
        "coordinates": [
          -117.97322999966092,
          33.85336999969822
        ]
      },
      "properties": {
        "object_id": 2727,
        "entity_name": "I-5 : (118) Magnolia Avenue",
        "nearby_place": "Anaheim",
        "county": "Orange",
        "district": 12,
        "route": "I-5",
        "direction": "North",
        "elevation_ft": 101,
        "postmile": 41.703,
        "image_url": "https://cwwp2.dot.ca.gov/data/d12/cctv/image/i5118magnoliaavenue/i5118magnoliaavenue.jpg",
        "stream_url": "https://wzmedia.dot.ca.gov/D12/NB5MagnoliaAve.stream/playlist.m3u8",
        "update_freq_sec": "5",
        "in_service": true,
        "latitude": 33.85337,
        "longitude": -117.97323,
        "threat_score": 0,
        "category": "CCTV_FEED"
      }
    },
    {
      "type": "Feature",
      "geometry": {
        "type": "Point",
        "coordinates": [
          -117.98697300000255,
          33.86033699995099
        ]
      },
      "properties": {
        "object_id": 2728,
        "entity_name": "I-5 : (119) North of Orangethorpe Boulevard",
        "nearby_place": "Buena Park",
        "county": "Orange",
        "district": 12,
        "route": "I-5",
        "direction": "North",
        "elevation_ft": 91,
        "postmile": 42.67,
        "image_url": "https://cwwp2.dot.ca.gov/data/d12/cctv/image/i5119northoforangethorpeboulevard/i5119northoforangethorpeboulevard.jpg",
        "stream_url": "https://wzmedia.dot.ca.gov/D12/NB5NOOrangeThorpe.stream/playlist.m3u8",
        "update_freq_sec": "5",
        "in_service": true,
        "latitude": 33.860337,
        "longitude": -117.986973,
        "threat_score": 0,
        "category": "CCTV_FEED"
      }
    },
    {
      "type": "Feature",
      "geometry": {
        "type": "Point",
        "coordinates": [
          -117.92591300007294,
          33.85352900033543
        ]
      },
      "properties": {
        "object_id": 2729,
        "entity_name": "SR-91 : Harbor Boulevard",
        "nearby_place": "Anaheim",
        "county": "Orange",
        "district": 12,
        "route": "SR-91",
        "direction": "East",
        "elevation_ft": 150,
        "postmile": 3.16,
        "image_url": "https://cwwp2.dot.ca.gov/data/d12/cctv/image/sr91harborboulevard/sr91harborboulevard.jpg",
        "stream_url": null,
        "update_freq_sec": "5",
        "in_service": false,
        "latitude": 33.853529,
        "longitude": -117.925913,
        "threat_score": 0,
        "category": "CCTV_FEED"
      }
    },
    {
      "type": "Feature",
      "geometry": {
        "type": "Point",
        "coordinates": [
          -117.877382000142,
          33.850739999893165
        ]
      },
      "properties": {
        "object_id": 2730,
        "entity_name": "SR-91 : West of SR-57",
        "nearby_place": "Anaheim",
        "county": "Orange",
        "district": 12,
        "route": "SR-91",
        "direction": "South",
        "elevation_ft": 213,
        "postmile": 6.01,
        "image_url": "https://cwwp2.dot.ca.gov/data/d12/cctv/image/sr91westofsr57/sr91westofsr57.jpg",
        "stream_url": null,
        "update_freq_sec": "5",
        "in_service": false,
        "latitude": 33.85074,
        "longitude": -117.877382,
        "threat_score": 0,
        "category": "CCTV_FEED"
      }
    },
    {
      "type": "Feature",
      "geometry": {
        "type": "Point",
        "coordinates": [
          -117.90544700006015,
          33.8536360002598
        ]
      },
      "properties": {
        "object_id": 2731,
        "entity_name": "SR-91 : East Street",
        "nearby_place": "Anaheim",
        "county": "Orange",
        "district": 12,
        "route": "SR-91",
        "direction": "East",
        "elevation_ft": 190,
        "postmile": 4.34,
        "image_url": "https://cwwp2.dot.ca.gov/data/d12/cctv/image/sr91eaststreet/sr91eaststreet.jpg",
        "stream_url": null,
        "update_freq_sec": "5",
        "in_service": false,
        "latitude": 33.853636,
        "longitude": -117.905447,
        "threat_score": 0,
        "category": "CCTV_FEED"
      }
    },
    {
      "type": "Feature",
      "geometry": {
        "type": "Point",
        "coordinates": [
          -117.88971000029922,
          33.85446899980068
        ]
      },
      "properties": {
        "object_id": 2732,
        "entity_name": "SR-91 : State College Boulevard",
        "nearby_place": "Anaheim",
        "county": "Orange",
        "district": 12,
        "route": "SR-91",
        "direction": "West",
        "elevation_ft": 206,
        "postmile": 5.25,
        "image_url": "https://cwwp2.dot.ca.gov/data/d12/cctv/image/sr91statecollegeboulevard/sr91statecollegeboulevard.jpg",
        "stream_url": null,
        "update_freq_sec": "5",
        "in_service": false,
        "latitude": 33.854469,
        "longitude": -117.88971,
        "threat_score": 0,
        "category": "CCTV_FEED"
      }
    },
    {
      "type": "Feature",
      "geometry": {
        "type": "Point",
        "coordinates": [
          -117.8657219998065,
          33.84666400004068
        ]
      },
      "properties": {
        "object_id": 2733,
        "entity_name": "SR-91 : La Palma",
        "nearby_place": "Anaheim",
        "county": "Orange",
        "district": 12,
        "route": "SR-91",
        "direction": "South",
        "elevation_ft": 223,
        "postmile": 6.74,
        "image_url": "https://cwwp2.dot.ca.gov/data/d12/cctv/image/sr91lapalma/sr91lapalma.jpg",
        "stream_url": "https://wzmedia.dot.ca.gov/D12/WB91LAPALMA.stream/playlist.m3u8",
        "update_freq_sec": "5",
        "in_service": false,
        "latitude": 33.846664,
        "longitude": -117.865722,
        "threat_score": 0,
        "category": "CCTV_FEED"
      }
    },
    {
      "type": "Feature",
      "geometry": {
        "type": "Point",
        "coordinates": [
          -117.8569920002972,
          33.8478350000004
        ]
      },
      "properties": {
        "object_id": 2734,
        "entity_name": "SR-91 : Kraemer Boulevard",
        "nearby_place": "Anaheim",
        "county": "Orange",
        "district": 12,
        "route": "SR-91",
        "direction": "South",
        "elevation_ft": 216,
        "postmile": 7.26,
        "image_url": "https://cwwp2.dot.ca.gov/data/d12/cctv/image/sr91kraemerboulevard/sr91kraemerboulevard.jpg",
        "stream_url": "https://wzmedia.dot.ca.gov/D12/WB91KREAMER.stream/playlist.m3u8",
        "update_freq_sec": "5",
        "in_service": false,
        "latitude": 33.847835,
        "longitude": -117.856992,
        "threat_score": 0,
        "category": "CCTV_FEED"
      }
    },
    {
      "type": "Feature",
      "geometry": {
        "type": "Point",
        "coordinates": [
          -117.84780999997798,
          33.84961000031397
        ]
      },
      "properties": {
        "object_id": 2735,
        "entity_name": "SR-91 : East of Glassell Street",
        "nearby_place": "Anaheim",
        "county": "Orange",
        "district": 12,
        "route": "SR-91",
        "direction": "North",
        "elevation_ft": 229,
        "postmile": 7.81,
        "image_url": "https://cwwp2.dot.ca.gov/data/d12/cctv/image/sr91eastofglassellstreet/sr91eastofglassellstreet.jpg",
        "stream_url": "https://wzmedia.dot.ca.gov/D12/EB91EOGLASSELL.stream/playlist.m3u8",
        "update_freq_sec": "5",
        "in_service": true,
        "latitude": 33.84961,
        "longitude": -117.84781,
        "threat_score": 0,
        "category": "CCTV_FEED"
      }
    },
    {
      "type": "Feature",
      "geometry": {
        "type": "Point",
        "coordinates": [
          -117.88584999971049,
          33.68701000012518
        ]
      },
      "properties": {
        "object_id": 2736,
        "entity_name": "I-405 : North of Bristol Street",
        "nearby_place": "Costa Mesa",
        "county": "Orange",
        "district": 12,
        "route": "I-405",
        "direction": "South",
        "elevation_ft": 49,
        "postmile": 9.52,
        "image_url": "https://cwwp2.dot.ca.gov/data/d12/cctv/image/i405northofbristolstreet/i405northofbristolstreet.jpg",
        "stream_url": "https://wzmedia.dot.ca.gov/D12/SB405Bristol.stream/playlist.m3u8",
        "update_freq_sec": "5",
        "in_service": true,
        "latitude": 33.68701,
        "longitude": -117.88585,
        "threat_score": 0,
        "category": "CCTV_FEED"
      }
    },
    {
      "type": "Feature",
      "geometry": {
        "type": "Point",
        "coordinates": [
          -118.06740500015091,
          33.77473099966653
        ]
      },
      "properties": {
        "object_id": 2737,
        "entity_name": "I-405 : North of SR-22 B",
        "nearby_place": "Seal Beach",
        "county": "Orange",
        "district": 12,
        "route": "I-405",
        "direction": "North",
        "elevation_ft": 26,
        "postmile": 22.209,
        "image_url": "https://cwwp2.dot.ca.gov/data/d12/cctv/image/i405northofsr22b/i405northofsr22b.jpg",
        "stream_url": "https://wzmedia.dot.ca.gov/D12/NB405NO_RTE22_B.stream/playlist.m3u8",
        "update_freq_sec": "5",
        "in_service": true,
        "latitude": 33.774731,
        "longitude": -118.067405,
        "threat_score": 0,
        "category": "CCTV_FEED"
      }
    },
    {
      "type": "Feature",
      "geometry": {
        "type": "Point",
        "coordinates": [
          -118.07524799955537,
          33.77480899983184
        ]
      },
      "properties": {
        "object_id": 2738,
        "entity_name": "I-405 : Seal Beach Boulevard",
        "nearby_place": "Seal Beach",
        "county": "Orange",
        "district": 12,
        "route": "I-405",
        "direction": "North",
        "elevation_ft": 36,
        "postmile": 22.66,
        "image_url": "https://cwwp2.dot.ca.gov/data/d12/cctv/image/i405sealbeachboulevard/i405sealbeachboulevard.jpg",
        "stream_url": "https://wzmedia.dot.ca.gov/D12/NB405SealBeach.stream/playlist.m3u8",
        "update_freq_sec": "5",
        "in_service": true,
        "latitude": 33.774809,
        "longitude": -118.075248,
        "threat_score": 0,
        "category": "CCTV_FEED"
      }
    },
    {
      "type": "Feature",
      "geometry": {
        "type": "Point",
        "coordinates": [
          -118.08757999991055,
          33.77433000023256
        ]
      },
      "properties": {
        "object_id": 2739,
        "entity_name": "I_405 : SO I-605",
        "nearby_place": "Seal Beach",
        "county": "Orange",
        "district": 12,
        "route": "I-405",
        "direction": "South",
        "elevation_ft": 26,
        "postmile": 0.57,
        "image_url": "https://cwwp2.dot.ca.gov/data/d12/cctv/image/i405soi605/i405soi605.jpg",
        "stream_url": "https://wzmedia.dot.ca.gov/D12/SB405SO605.stream/playlist.m3u8",
        "update_freq_sec": "5",
        "in_service": true,
        "latitude": 33.77433,
        "longitude": -118.08758,
        "threat_score": 0,
        "category": "CCTV_FEED"
      }
    },
    {
      "type": "Feature",
      "geometry": {
        "type": "Point",
        "coordinates": [
          -118.0918499996798,
          33.785000000349044
        ]
      },
      "properties": {
        "object_id": 2740,
        "entity_name": "I-405 : North of I-605",
        "nearby_place": "Los Alamitos",
        "county": "Orange",
        "district": 12,
        "route": "I-405",
        "direction": "North",
        "elevation_ft": 42,
        "postmile": 24.08,
        "image_url": "https://cwwp2.dot.ca.gov/data/d12/cctv/image/i405northofi605/i405northofi605.jpg",
        "stream_url": "https://wzmedia.dot.ca.gov/D12/NB405NO605.stream/playlist.m3u8",
        "update_freq_sec": "5",
        "in_service": true,
        "latitude": 33.785,
        "longitude": -118.09185,
        "threat_score": 0,
        "category": "CCTV_FEED"
      }
    },
    {
      "type": "Feature",
      "geometry": {
        "type": "Point",
        "coordinates": [
          -118.08678300021744,
          33.79480499997073
        ]
      },
      "properties": {
        "object_id": 2741,
        "entity_name": "I-605 : South of Katella Avenue",
        "nearby_place": "Los Alamitos",
        "county": "Orange",
        "district": 12,
        "route": "I-605",
        "direction": "North",
        "elevation_ft": 16,
        "postmile": 0.81,
        "image_url": "https://cwwp2.dot.ca.gov/data/d12/cctv/image/i605southofkatellaavenue/i605southofkatellaavenue.jpg",
        "stream_url": null,
        "update_freq_sec": "5",
        "in_service": true,
        "latitude": 33.794805,
        "longitude": -118.086783,
        "threat_score": 0,
        "category": "CCTV_FEED"
      }
    },
    {
      "type": "Feature",
      "geometry": {
        "type": "Point",
        "coordinates": [
          -118.08137100007528,
          33.80348700001883
        ]
      },
      "properties": {
        "object_id": 2742,
        "entity_name": "I-605 : Katella",
        "nearby_place": "Los Alamitos",
        "county": "Orange",
        "district": 12,
        "route": "I-605",
        "direction": "North",
        "elevation_ft": 52,
        "postmile": 1.47,
        "image_url": "https://cwwp2.dot.ca.gov/data/d12/cctv/image/i605katella/i605katella.jpg",
        "stream_url": null,
        "update_freq_sec": "5",
        "in_service": true,
        "latitude": 33.803487,
        "longitude": -118.081371,
        "threat_score": 0,
        "category": "CCTV_FEED"
      }
    },
    {
      "type": "Feature",
      "geometry": {
        "type": "Point",
        "coordinates": [
          -117.8418499996647,
          33.77682999990909
        ]
      },
      "properties": {
        "object_id": 2743,
        "entity_name": "SR-22 : (154) Cambridge Street",
        "nearby_place": "Orange",
        "county": "Orange",
        "district": 12,
        "route": "SR-22",
        "direction": "West",
        "elevation_ft": 206,
        "postmile": 12.51,
        "image_url": "https://cwwp2.dot.ca.gov/data/d12/cctv/image/sr22154cambridgestreet/sr22154cambridgestreet.jpg",
        "stream_url": "https://wzmedia.dot.ca.gov/D12/WB22CAMBRIDGE.stream/playlist.m3u8",
        "update_freq_sec": "5",
        "in_service": true,
        "latitude": 33.77683,
        "longitude": -117.84185,
        "threat_score": 0,
        "category": "CCTV_FEED"
      }
    },
    {
      "type": "Feature",
      "geometry": {
        "type": "Point",
        "coordinates": [
          -117.85223999958077,
          33.77496000001704
        ]
      },
      "properties": {
        "object_id": 2744,
        "entity_name": "SR-22 : (155) Grand Street",
        "nearby_place": "Santa Ana",
        "county": "Orange",
        "district": 12,
        "route": "SR-22",
        "direction": "East",
        "elevation_ft": 196,
        "postmile": 11.9,
        "image_url": "https://cwwp2.dot.ca.gov/data/d12/cctv/image/sr22155grandstreet/sr22155grandstreet.jpg",
        "stream_url": "https://wzmedia.dot.ca.gov/D12/EB22GRAND.stream/playlist.m3u8",
        "update_freq_sec": "5",
        "in_service": true,
        "latitude": 33.77496,
        "longitude": -117.85224,
        "threat_score": 0,
        "category": "CCTV_FEED"
      }
    },
    {
      "type": "Feature",
      "geometry": {
        "type": "Point",
        "coordinates": [
          -117.86289800018379,
          33.77852400036892
        ]
      },
      "properties": {
        "object_id": 2745,
        "entity_name": "SR-22 : (156) Main Street",
        "nearby_place": "Orange",
        "county": "Orange",
        "district": 12,
        "route": "SR-22",
        "direction": "West",
        "elevation_ft": 177,
        "postmile": 11.25,
        "image_url": "https://cwwp2.dot.ca.gov/data/d12/cctv/image/sr22156mainstreet/sr22156mainstreet.jpg",
        "stream_url": "https://wzmedia.dot.ca.gov/D12/WB22MAINST.stream/playlist.m3u8",
        "update_freq_sec": "5",
        "in_service": true,
        "latitude": 33.778524,
        "longitude": -117.862898,
        "threat_score": 0,
        "category": "CCTV_FEED"
      }
    },
    {
      "type": "Feature",
      "geometry": {
        "type": "Point",
        "coordinates": [
          -117.87509800029447,
          33.77912899998768
        ]
      },
      "properties": {
        "object_id": 2746,
        "entity_name": "SR-22 : (157) East of I-5",
        "nearby_place": "Orange",
        "county": "Orange",
        "district": 12,
        "route": "SR-22",
        "direction": "West",
        "elevation_ft": 147,
        "postmile": 10.54,
        "image_url": "https://cwwp2.dot.ca.gov/data/d12/cctv/image/sr22157eastofi5/sr22157eastofi5.jpg",
        "stream_url": "https://wzmedia.dot.ca.gov/D12/WB22RTEEORTE5.stream/playlist.m3u8",
        "update_freq_sec": "5",
        "in_service": true,
        "latitude": 33.779129,
        "longitude": -117.875098,
        "threat_score": 0,
        "category": "CCTV_FEED"
      }
    },
    {
      "type": "Feature",
      "geometry": {
        "type": "Point",
        "coordinates": [
          -117.97485999993047,
          33.76615999994565
        ]
      },
      "properties": {
        "object_id": 2747,
        "entity_name": "SR-22 : (158) West of Magnolia Street",
        "nearby_place": "Garden Grove",
        "county": "Orange",
        "district": 12,
        "route": "SR-22",
        "direction": "East",
        "elevation_ft": 75,
        "postmile": 4.7,
        "image_url": "https://cwwp2.dot.ca.gov/data/d12/cctv/image/sr22158westofmagnoliastreet/sr22158westofmagnoliastreet.jpg",
        "stream_url": "https://wzmedia.dot.ca.gov/D12/EB22MAGNOLIA.stream/playlist.m3u8",
        "update_freq_sec": "5",
        "in_service": true,
        "latitude": 33.76616,
        "longitude": -117.97486,
        "threat_score": 0,
        "category": "CCTV_FEED"
      }
    },
    {
      "type": "Feature",
      "geometry": {
        "type": "Point",
        "coordinates": [
          -117.96697300014503,
          33.76611199983219
        ]
      },
      "properties": {
        "object_id": 2748,
        "entity_name": "SR-22 : (159) East of Magnolia Street",
        "nearby_place": "Garden Grove",
        "county": "Orange",
        "district": 12,
        "route": "SR-22",
        "direction": "West",
        "elevation_ft": 85,
        "postmile": 5.14,
        "image_url": "https://cwwp2.dot.ca.gov/data/d12/cctv/image/sr22159eastofmagnoliastreet/sr22159eastofmagnoliastreet.jpg",
        "stream_url": "https://wzmedia.dot.ca.gov/D12/WB22MAGNOLIA.stream/playlist.m3u8",
        "update_freq_sec": "5",
        "in_service": true,
        "latitude": 33.766112,
        "longitude": -117.966973,
        "threat_score": 0,
        "category": "CCTV_FEED"
      }
    },
    {
      "type": "Feature",
      "geometry": {
        "type": "Point",
        "coordinates": [
          -117.98755999963338,
          33.77112999971834
        ]
      },
      "properties": {
        "object_id": 2749,
        "entity_name": "SR-22 : (160) Beach Boulevard",
        "nearby_place": "Garden Grove",
        "county": "Orange",
        "district": 12,
        "route": "SR-22",
        "direction": "West",
        "elevation_ft": 72,
        "postmile": 3.86,
        "image_url": "https://cwwp2.dot.ca.gov/data/d12/cctv/image/sr22160beachboulevard/sr22160beachboulevard.jpg",
        "stream_url": "https://wzmedia.dot.ca.gov/D12/WB22BEACH.stream/playlist.m3u8",
        "update_freq_sec": "5",
        "in_service": true,
        "latitude": 33.77113,
        "longitude": -117.98756,
        "threat_score": 0,
        "category": "CCTV_FEED"
      }
    },
    {
      "type": "Feature",
      "geometry": {
        "type": "Point",
        "coordinates": [
          -118.0046899998374,
          33.77284000016846
        ]
      },
      "properties": {
        "object_id": 2750,
        "entity_name": "SR-22 : (161) Eastbound Knott Avenue",
        "nearby_place": "Westminster",
        "county": "Orange",
        "district": 12,
        "route": "SR-22",
        "direction": "East",
        "elevation_ft": 72,
        "postmile": 2.86,
        "image_url": "https://cwwp2.dot.ca.gov/data/d12/cctv/image/sr22161eastboundknottavenue/sr22161eastboundknottavenue.jpg",
        "stream_url": "https://wzmedia.dot.ca.gov/D12/EB22KNOTT.stream/playlist.m3u8",
        "update_freq_sec": "5",
        "in_service": true,
        "latitude": 33.77284,
        "longitude": -118.00469,
        "threat_score": 0,
        "category": "CCTV_FEED"
      }
    },
    {
      "type": "Feature",
      "geometry": {
        "type": "Point",
        "coordinates": [
          -118.01005000010102,
          33.774900000059375
        ]
      },
      "properties": {
        "object_id": 2751,
        "entity_name": "SR-22 : (162) Westbound Knott Avenue",
        "nearby_place": "Garden Grove",
        "county": "Orange",
        "district": 12,
        "route": "SR-22",
        "direction": "West",
        "elevation_ft": 59,
        "postmile": 2.52,
        "image_url": "https://cwwp2.dot.ca.gov/data/d12/cctv/image/sr22162westboundknottavenue/sr22162westboundknottavenue.jpg",
        "stream_url": "https://wzmedia.dot.ca.gov/D12/WB22KNOTT.stream/playlist.m3u8",
        "update_freq_sec": "5",
        "in_service": true,
        "latitude": 33.7749,
        "longitude": -118.01005,
        "threat_score": 0,
        "category": "CCTV_FEED"
      }
    },
    {
      "type": "Feature",
      "geometry": {
        "type": "Point",
        "coordinates": [
          -118.03633199958873,
          33.774126000347614
        ]
      },
      "properties": {
        "object_id": 2752,
        "entity_name": "SR-22 : (163) Valley View Avenue",
        "nearby_place": "Westminster",
        "county": "Orange",
        "district": 12,
        "route": "SR-22",
        "direction": "East",
        "elevation_ft": 36,
        "postmile": 1.01,
        "image_url": "https://cwwp2.dot.ca.gov/data/d12/cctv/image/sr22163valleyviewavenue/sr22163valleyviewavenue.jpg",
        "stream_url": "https://wzmedia.dot.ca.gov/D12/EB22VALLEYVIEW.stream/playlist.m3u8",
        "update_freq_sec": "5",
        "in_service": true,
        "latitude": 33.774126,
        "longitude": -118.036332,
        "threat_score": 0,
        "category": "CCTV_FEED"
      }
    },
    {
      "type": "Feature",
      "geometry": {
        "type": "Point",
        "coordinates": [
          -118.02905999992154,
          33.77409999984421
        ]
      },
      "properties": {
        "object_id": 2753,
        "entity_name": "SR-22 : (164) Los Alisos Street",
        "nearby_place": "Westminster",
        "county": "Orange",
        "district": 12,
        "route": "SR-22",
        "direction": "East",
        "elevation_ft": 42,
        "postmile": 1.43,
        "image_url": "https://cwwp2.dot.ca.gov/data/d12/cctv/image/sr22164losalisosstreet/sr22164losalisosstreet.jpg",
        "stream_url": "https://wzmedia.dot.ca.gov/D12/EB22LosAlisos.stream/playlist.m3u8",
        "update_freq_sec": "5",
        "in_service": true,
        "latitude": 33.7741,
        "longitude": -118.02906,
        "threat_score": 0,
        "category": "CCTV_FEED"
      }
    },
    {
      "type": "Feature",
      "geometry": {
        "type": "Point",
        "coordinates": [
          -117.92408000031212,
          33.69075999966031
        ]
      },
      "properties": {
        "object_id": 2754,
        "entity_name": "I-405 : Harbor",
        "nearby_place": "Costa Mesa",
        "county": "Orange",
        "district": 12,
        "route": "I-405",
        "direction": "South",
        "elevation_ft": 39,
        "postmile": 11.76,
        "image_url": "https://cwwp2.dot.ca.gov/data/d12/cctv/image/i405harbor/i405harbor.jpg",
        "stream_url": "https://wzmedia.dot.ca.gov/D12/SB405Harbor.stream/playlist.m3u8",
        "update_freq_sec": "5",
        "in_service": true,
        "latitude": 33.69076,
        "longitude": -117.92408,
        "threat_score": 0,
        "category": "CCTV_FEED"
      }
    },
    {
      "type": "Feature",
      "geometry": {
        "type": "Point",
        "coordinates": [
          -117.90838500038397,
          33.68832499998718
        ]
      },
      "properties": {
        "object_id": 2755,
        "entity_name": "I-405 : Fairview",
        "nearby_place": "Costa Mesa",
        "county": "Orange",
        "district": 12,
        "route": "I-405",
        "direction": "North",
        "elevation_ft": 42,
        "postmile": 10.82,
        "image_url": "https://cwwp2.dot.ca.gov/data/d12/cctv/image/i405fairview/i405fairview.jpg",
        "stream_url": "https://wzmedia.dot.ca.gov/D12/NB405Fairview.stream/playlist.m3u8",
        "update_freq_sec": "5",
        "in_service": true,
        "latitude": 33.688325,
        "longitude": -117.908385,
        "threat_score": 0,
        "category": "CCTV_FEED"
      }
    },
    {
      "type": "Feature",
      "geometry": {
        "type": "Point",
        "coordinates": [
          -117.93980700002729,
          33.85392800012449
        ]
      },
      "properties": {
        "object_id": 2756,
        "entity_name": "SR-91 : Euclid Avenue",
        "nearby_place": "Anaheim",
        "county": "Orange",
        "district": 12,
        "route": "SR-91",
        "direction": "East",
        "elevation_ft": 144,
        "postmile": 2.36,
        "image_url": "https://cwwp2.dot.ca.gov/data/d12/cctv/image/sr91euclidavenue/sr91euclidavenue.jpg",
        "stream_url": null,
        "update_freq_sec": "5",
        "in_service": false,
        "latitude": 33.853928,
        "longitude": -117.939807,
        "threat_score": 0,
        "category": "CCTV_FEED"
      }
    },
    {
      "type": "Feature",
      "geometry": {
        "type": "Point",
        "coordinates": [
          -117.91359800033452,
          33.85354500020021
        ]
      },
      "properties": {
        "object_id": 2757,
        "entity_name": "SR-91 : Lemon Street",
        "nearby_place": "Anaheim",
        "county": "Orange",
        "district": 12,
        "route": "SR-91",
        "direction": "East",
        "elevation_ft": 170,
        "postmile": 3.87,
        "image_url": "https://cwwp2.dot.ca.gov/data/d12/cctv/image/sr91lemonstreet/sr91lemonstreet.jpg",
        "stream_url": null,
        "update_freq_sec": "5",
        "in_service": false,
        "latitude": 33.853545,
        "longitude": -117.913598,
        "threat_score": 0,
        "category": "CCTV_FEED"
      }
    },
    {
      "type": "Feature",
      "geometry": {
        "type": "Point",
        "coordinates": [
          -117.87963099982946,
          33.78889099974832
        ]
      },
      "properties": {
        "object_id": 2758,
        "entity_name": "SR-57 : (170) Chapman Avenue (Orange)",
        "nearby_place": "Orange",
        "county": "Orange",
        "district": 12,
        "route": "SR-57",
        "direction": "North",
        "elevation_ft": 154,
        "postmile": 11.31,
        "image_url": "https://cwwp2.dot.ca.gov/data/d12/cctv/image/sr57170chapmanavenueorange/sr57170chapmanavenueorange.jpg",
        "stream_url": "https://wzmedia.dot.ca.gov/D12/NB57ChapmanOrange.stream/playlist.m3u8",
        "update_freq_sec": "5",
        "in_service": true,
        "latitude": 33.788891,
        "longitude": -117.879631,
        "threat_score": 0,
        "category": "CCTV_FEED"
      }
    },
    {
      "type": "Feature",
      "geometry": {
        "type": "Point",
        "coordinates": [
          -117.67430000040504,
          33.4719700000478
        ]
      },
      "properties": {
        "object_id": 2759,
        "entity_name": "I-5 : (120) South of Stonehill",
        "nearby_place": "San Juan Capistrano",
        "county": "Orange",
        "district": 12,
        "route": "I-5",
        "direction": "North",
        "elevation_ft": 121,
        "postmile": 7.24,
        "image_url": "https://cwwp2.dot.ca.gov/data/d12/cctv/image/i5120southofstonehill/i5120southofstonehill.jpg",
        "stream_url": "https://wzmedia.dot.ca.gov/D12/NB5SOStonehill.stream/playlist.m3u8",
        "update_freq_sec": "5",
        "in_service": true,
        "latitude": 33.47197,
        "longitude": -117.6743,
        "threat_score": 0,
        "category": "CCTV_FEED"
      }
    },
    {
      "type": "Feature",
      "geometry": {
        "type": "Point",
        "coordinates": [
          -117.77968800044349,
          33.65826700036106
        ]
      },
      "properties": {
        "object_id": 2760,
        "entity_name": "I-405 : Sand Canyon",
        "nearby_place": "Irvine",
        "county": "Orange",
        "district": 12,
        "route": "I-405",
        "direction": "South",
        "elevation_ft": 147,
        "postmile": 2.98,
        "image_url": "https://cwwp2.dot.ca.gov/data/d12/cctv/image/i405sandcanyon/i405sandcanyon.jpg",
        "stream_url": "https://wzmedia.dot.ca.gov/D12/SB405SandCanyon.stream/playlist.m3u8",
        "update_freq_sec": "5",
        "in_service": true,
        "latitude": 33.658267,
        "longitude": -117.779688,
        "threat_score": 0,
        "category": "CCTV_FEED"
      }
    },
    {
      "type": "Feature",
      "geometry": {
        "type": "Point",
        "coordinates": [
          -117.87778600037306,
          33.79500300001398
        ]
      },
      "properties": {
        "object_id": 2761,
        "entity_name": "SR-57 : (174) Orangewood Avenue Onramp",
        "nearby_place": "Orange",
        "county": "Orange",
        "district": 12,
        "route": "SR-57",
        "direction": "North",
        "elevation_ft": 167,
        "postmile": 11.75,
        "image_url": "https://cwwp2.dot.ca.gov/data/d12/cctv/image/sr57174orangewoodavenueonramp/sr57174orangewoodavenueonramp.jpg",
        "stream_url": "https://wzmedia.dot.ca.gov/D12/NB57Orangewood.stream/playlist.m3u8",
        "update_freq_sec": "5",
        "in_service": true,
        "latitude": 33.795003,
        "longitude": -117.877786,
        "threat_score": 0,
        "category": "CCTV_FEED"
      }
    },
    {
      "type": "Feature",
      "geometry": {
        "type": "Point",
        "coordinates": [
          -117.90812000007011,
          33.809069999986605
        ]
      },
      "properties": {
        "object_id": 2762,
        "entity_name": "I-5 : (175) Anaheim Boulevard",
        "nearby_place": "Anaheim",
        "county": "Orange",
        "district": 12,
        "route": "I-5",
        "direction": "North",
        "elevation_ft": 150,
        "postmile": 36.78,
        "image_url": "https://cwwp2.dot.ca.gov/data/d12/cctv/image/i5175anaheimboulevard/i5175anaheimboulevard.jpg",
        "stream_url": "https://wzmedia.dot.ca.gov/D12/NB5AnaheimBlvd.stream/playlist.m3u8",
        "update_freq_sec": "5",
        "in_service": true,
        "latitude": 33.80907,
        "longitude": -117.90812,
        "threat_score": 0,
        "category": "CCTV_FEED"
      }
    },
    {
      "type": "Feature",
      "geometry": {
        "type": "Point",
        "coordinates": [
          -117.8757419998267,
          33.82936100029149
        ]
      },
      "properties": {
        "object_id": 2763,
        "entity_name": "SR-57 : (176) North of Wagner Avenue",
        "nearby_place": "Anaheim",
        "county": "Orange",
        "district": 12,
        "route": "SR-57",
        "direction": "North",
        "elevation_ft": 196,
        "postmile": 14.19,
        "image_url": "https://cwwp2.dot.ca.gov/data/d12/cctv/image/sr57176northofwagneravenue/sr57176northofwagneravenue.jpg",
        "stream_url": "https://wzmedia.dot.ca.gov/D12/NB57NOWagnerAve.stream/playlist.m3u8",
        "update_freq_sec": "5",
        "in_service": true,
        "latitude": 33.829361,
        "longitude": -117.875742,
        "threat_score": 0,
        "category": "CCTV_FEED"
      }
    },
    {
      "type": "Feature",
      "geometry": {
        "type": "Point",
        "coordinates": [
          -117.87517000026448,
          33.85334999963934
        ]
      },
      "properties": {
        "object_id": 2764,
        "entity_name": "SR-57 : (177) South of Miraloma Overcross",
        "nearby_place": "Anaheim",
        "county": "Orange",
        "district": 12,
        "route": "SR-57",
        "direction": "North",
        "elevation_ft": 203,
        "postmile": 15.84,
        "image_url": "https://cwwp2.dot.ca.gov/data/d12/cctv/image/sr57177southofmiralomaovercross/sr57177southofmiralomaovercross.jpg",
        "stream_url": "https://wzmedia.dot.ca.gov/D12/NB57SOMiraloma.stream/playlist.m3u8",
        "update_freq_sec": "5",
        "in_service": true,
        "latitude": 33.85335,
        "longitude": -117.87517,
        "threat_score": 0,
        "category": "CCTV_FEED"
      }
    },
    {
      "type": "Feature",
      "geometry": {
        "type": "Point",
        "coordinates": [
          -117.8808800003325,
          33.87405000007641
        ]
      },
      "properties": {
        "object_id": 2765,
        "entity_name": "SR-57 : (178) Chapman (Fullerton)",
        "nearby_place": "Fullerton",
        "county": "Orange",
        "district": 12,
        "route": "SR-57",
        "direction": "South",
        "elevation_ft": 239,
        "postmile": 17.29,
        "image_url": "https://cwwp2.dot.ca.gov/data/d12/cctv/image/sr57178chapmanfullerton/sr57178chapmanfullerton.jpg",
        "stream_url": "https://wzmedia.dot.ca.gov/D12/SB57ChapmanFullerton.stream/playlist.m3u8",
        "update_freq_sec": "5",
        "in_service": false,
        "latitude": 33.87405,
        "longitude": -117.88088,
        "threat_score": 0,
        "category": "CCTV_FEED"
      }
    },
    {
      "type": "Feature",
      "geometry": {
        "type": "Point",
        "coordinates": [
          -117.87992999958018,
          33.87834000023396
        ]
      },
      "properties": {
        "object_id": 2766,
        "entity_name": "SR-57 : (179) Nutwood Street",
        "nearby_place": "Fullerton",
        "county": "Orange",
        "district": 12,
        "route": "SR-57",
        "direction": "North",
        "elevation_ft": 255,
        "postmile": 17.59,
        "image_url": "https://cwwp2.dot.ca.gov/data/d12/cctv/image/sr57179nutwoodstreet/sr57179nutwoodstreet.jpg",
        "stream_url": "https://wzmedia.dot.ca.gov/D12/NB57Nutwood.stream/playlist.m3u8",
        "update_freq_sec": "5",
        "in_service": false,
        "latitude": 33.87834,
        "longitude": -117.87993,
        "threat_score": 0,
        "category": "CCTV_FEED"
      }
    },
    {
      "type": "Feature",
      "geometry": {
        "type": "Point",
        "coordinates": [
          -117.88017599962747,
          33.88683799991615
        ]
      },
      "properties": {
        "object_id": 2767,
        "entity_name": "SR-57 : (180) Yorba Linda Boulevard",
        "nearby_place": "Fullerton",
        "county": "Orange",
        "district": 12,
        "route": "SR-57",
        "direction": "North",
        "elevation_ft": 272,
        "postmile": 18.19,
        "image_url": "https://cwwp2.dot.ca.gov/data/d12/cctv/image/sr57180yorbalindaboulevard/sr57180yorbalindaboulevard.jpg",
        "stream_url": "https://wzmedia.dot.ca.gov/D12/NB57YorbaLinda.stream/playlist.m3u8",
        "update_freq_sec": "5",
        "in_service": false,
        "latitude": 33.886838,
        "longitude": -117.880176,
        "threat_score": 0,
        "category": "CCTV_FEED"
      }
    },
    {
      "type": "Feature",
      "geometry": {
        "type": "Point",
        "coordinates": [
          -117.88066000022448,
          33.89689000027913
        ]
      },
      "properties": {
        "object_id": 2768,
        "entity_name": "SR-57 : (181) Bastanchury Road Undercross",
        "nearby_place": "Fullerton",
        "county": "Orange",
        "district": 12,
        "route": "SR-57",
        "direction": "North",
        "elevation_ft": 301,
        "postmile": 18.87,
        "image_url": "https://cwwp2.dot.ca.gov/data/d12/cctv/image/sr57181bastanchuryroadundercross/sr57181bastanchuryroadundercross.jpg",
        "stream_url": "https://wzmedia.dot.ca.gov/D12/NB57Bastanchury.stream/playlist.m3u8",
        "update_freq_sec": "5",
        "in_service": false,
        "latitude": 33.89689,
        "longitude": -117.88066,
        "threat_score": 0,
        "category": "CCTV_FEED"
      }
    },
    {
      "type": "Feature",
      "geometry": {
        "type": "Point",
        "coordinates": [
          -117.88062000004147,
          33.90367000001127
        ]
      },
      "properties": {
        "object_id": 2769,
        "entity_name": "SR-57 : (182) Rolling Hills Road Undercross",
        "nearby_place": "Fullerton",
        "county": "Orange",
        "district": 12,
        "route": "SR-57",
        "direction": "North",
        "elevation_ft": 354,
        "postmile": 19.34,
        "image_url": "https://cwwp2.dot.ca.gov/data/d12/cctv/image/sr57182rollinghillsroadundercross/sr57182rollinghillsroadundercross.jpg",
        "stream_url": "https://wzmedia.dot.ca.gov/D12/NB57RollingHills.stream/playlist.m3u8",
        "update_freq_sec": "5",
        "in_service": true,
        "latitude": 33.90367,
        "longitude": -117.88062,
        "threat_score": 0,
        "category": "CCTV_FEED"
      }
    },
    {
      "type": "Feature",
      "geometry": {
        "type": "Point",
        "coordinates": [
          -117.88049000034518,
          33.918119999830246
        ]
      },
      "properties": {
        "object_id": 2770,
        "entity_name": "SR-57 : (183) North of Birch Street",
        "nearby_place": "Brea",
        "county": "Orange",
        "district": 12,
        "route": "SR-57",
        "direction": "North",
        "elevation_ft": 383,
        "postmile": 20.4,
        "image_url": "https://cwwp2.dot.ca.gov/data/d12/cctv/image/sr57183northofbirchstreet/sr57183northofbirchstreet.jpg",
        "stream_url": "https://wzmedia.dot.ca.gov/D12/NB57NOBirchSt.stream/playlist.m3u8",
        "update_freq_sec": "5",
        "in_service": true,
        "latitude": 33.91812,
        "longitude": -117.88049,
        "threat_score": 0,
        "category": "CCTV_FEED"
      }
    },
    {
      "type": "Feature",
      "geometry": {
        "type": "Point",
        "coordinates": [
          -117.87753000028002,
          33.936699999795024
        ]
      },
      "properties": {
        "object_id": 2771,
        "entity_name": "SR-57 : (184) South of Tonner Canyon Road",
        "nearby_place": "Brea",
        "county": "Orange",
        "district": 12,
        "route": "SR-57",
        "direction": "North",
        "elevation_ft": 531,
        "postmile": 21.65,
        "image_url": "https://cwwp2.dot.ca.gov/data/d12/cctv/image/sr57184southoftonnercanyonroad/sr57184southoftonnercanyonroad.jpg",
        "stream_url": "https://wzmedia.dot.ca.gov/D12/NB57SOTonnerCyn.stream/playlist.m3u8",
        "update_freq_sec": "5",
        "in_service": true,
        "latitude": 33.9367,
        "longitude": -117.87753,
        "threat_score": 0,
        "category": "CCTV_FEED"
      }
    },
    {
      "type": "Feature",
      "geometry": {
        "type": "Point",
        "coordinates": [
          -117.87301000026552,
          33.94222999969479
        ]
      },
      "properties": {
        "object_id": 2772,
        "entity_name": "SR-57 : (185) North of Tonner Canyon Road",
        "nearby_place": "Brea",
        "county": "Orange",
        "district": 12,
        "route": "SR-57",
        "direction": "North",
        "elevation_ft": 521,
        "postmile": 22.18,
        "image_url": "https://cwwp2.dot.ca.gov/data/d12/cctv/image/sr57185northoftonnercanyonroad/sr57185northoftonnercanyonroad.jpg",
        "stream_url": "https://wzmedia.dot.ca.gov/D12/NB57NOTonnerCyn.stream/playlist.m3u8",
        "update_freq_sec": "5",
        "in_service": true,
        "latitude": 33.94223,
        "longitude": -117.87301,
        "threat_score": 0,
        "category": "CCTV_FEED"
      }
    },
    {
      "type": "Feature",
      "geometry": {
        "type": "Point",
        "coordinates": [
          -117.97655999962193,
          33.85778000014459
        ]
      },
      "properties": {
        "object_id": 2773,
        "entity_name": "SR-91 : Magnolia Street",
        "nearby_place": "Fullerton",
        "county": "Orange",
        "district": 12,
        "route": "SR-91",
        "direction": "South",
        "elevation_ft": 104,
        "postmile": 3.87,
        "image_url": "https://cwwp2.dot.ca.gov/data/d12/cctv/image/sr91magnoliastreet/sr91magnoliastreet.jpg",
        "stream_url": null,
        "update_freq_sec": "5",
        "in_service": true,
        "latitude": 33.85778,
        "longitude": -117.97656,
        "threat_score": 0,
        "category": "CCTV_FEED"
      }
    },
    {
      "type": "Feature",
      "geometry": {
        "type": "Point",
        "coordinates": [
          -117.99120000011406,
          33.85639999965304
        ]
      },
      "properties": {
        "object_id": 2774,
        "entity_name": "SR-91 : Stanton Avenue",
        "nearby_place": "Buena Park",
        "county": "Orange",
        "district": 12,
        "route": "SR-91",
        "direction": "South",
        "elevation_ft": 91,
        "postmile": 3.01,
        "image_url": "https://cwwp2.dot.ca.gov/data/d12/cctv/image/sr91stantonavenue/sr91stantonavenue.jpg",
        "stream_url": null,
        "update_freq_sec": "5",
        "in_service": true,
        "latitude": 33.8564,
        "longitude": -117.9912,
        "threat_score": 0,
        "category": "CCTV_FEED"
      }
    },
    {
      "type": "Feature",
      "geometry": {
        "type": "Point",
        "coordinates": [
          -117.99195999999728,
          33.863329999859296
        ]
      },
      "properties": {
        "object_id": 2775,
        "entity_name": "I-5 : (188) Manchester Avenue (South of Stanton)",
        "nearby_place": "Buena Park",
        "county": "Orange",
        "district": 12,
        "route": "I-5",
        "direction": "North",
        "elevation_ft": 88,
        "postmile": 43.01,
        "image_url": "https://cwwp2.dot.ca.gov/data/d12/cctv/image/i5188manchesteravenuesouthofstanton/i5188manchesteravenuesouthofstanton.jpg",
        "stream_url": "https://wzmedia.dot.ca.gov/D12/NB5Manchester.stream/playlist.m3u8",
        "update_freq_sec": "5",
        "in_service": true,
        "latitude": 33.86333,
        "longitude": -117.99196,
        "threat_score": 0,
        "category": "CCTV_FEED"
      }
    },
    {
      "type": "Feature",
      "geometry": {
        "type": "Point",
        "coordinates": [
          -117.96920299956594,
          33.85530699988399
        ]
      },
      "properties": {
        "object_id": 2776,
        "entity_name": "SR-91 : Gilbert Street",
        "nearby_place": "Fullerton",
        "county": "Orange",
        "district": 12,
        "route": "SR-91",
        "direction": "West",
        "elevation_ft": 121,
        "postmile": 0.65,
        "image_url": "https://cwwp2.dot.ca.gov/data/d12/cctv/image/sr91gilbertstreet/sr91gilbertstreet.jpg",
        "stream_url": null,
        "update_freq_sec": "5",
        "in_service": false,
        "latitude": 33.855307,
        "longitude": -117.969203,
        "threat_score": 0,
        "category": "CCTV_FEED"
      }
    },
    {
      "type": "Feature",
      "geometry": {
        "type": "Point",
        "coordinates": [
          -118.00043000011387,
          33.86792999994972
        ]
      },
      "properties": {
        "object_id": 2777,
        "entity_name": "I-5 : (190) North of Beach Boulevard",
        "nearby_place": "Buena Park",
        "county": "Orange",
        "district": 12,
        "route": "I-5",
        "direction": "North",
        "elevation_ft": 75,
        "postmile": 43.59,
        "image_url": "https://cwwp2.dot.ca.gov/data/d12/cctv/image/i5190northofbeachboulevard/i5190northofbeachboulevard.jpg",
        "stream_url": "https://wzmedia.dot.ca.gov/D12/NB5NOBeachBlvd.stream/playlist.m3u8",
        "update_freq_sec": "5",
        "in_service": true,
        "latitude": 33.86793,
        "longitude": -118.00043,
        "threat_score": 0,
        "category": "CCTV_FEED"
      }
    },
    {
      "type": "Feature",
      "geometry": {
        "type": "Point",
        "coordinates": [
          -117.67253000039341,
          33.54860000005497
        ]
      },
      "properties": {
        "object_id": 2778,
        "entity_name": "I-5 : (192) Avery Parkway",
        "nearby_place": "Mission Viejo",
        "county": "Orange",
        "district": 12,
        "route": "I-5",
        "direction": "North",
        "elevation_ft": 262,
        "postmile": 13.04,
        "image_url": "https://cwwp2.dot.ca.gov/data/d12/cctv/image/i5192averyparkway/i5192averyparkway.jpg",
        "stream_url": "https://wzmedia.dot.ca.gov/D12/NB5AveryPkwy.stream/playlist.m3u8",
        "update_freq_sec": "5",
        "in_service": true,
        "latitude": 33.5486,
        "longitude": -117.67253,
        "threat_score": 0,
        "category": "CCTV_FEED"
      }
    },
    {
      "type": "Feature",
      "geometry": {
        "type": "Point",
        "coordinates": [
          -117.77735000016926,
          33.70431000029872
        ]
      },
      "properties": {
        "object_id": 2779,
        "entity_name": "I-5 : (195) North of Yale Avenue",
        "nearby_place": "Irvine",
        "county": "Orange",
        "district": 12,
        "route": "I-5",
        "direction": "North",
        "elevation_ft": 134,
        "postmile": 26.1,
        "image_url": "https://cwwp2.dot.ca.gov/data/d12/cctv/image/i5195northofyaleavenue/i5195northofyaleavenue.jpg",
        "stream_url": "https://wzmedia.dot.ca.gov/D12/NB5NOYale.stream/playlist.m3u8",
        "update_freq_sec": "5",
        "in_service": true,
        "latitude": 33.70431,
        "longitude": -117.77735,
        "threat_score": 0,
        "category": "CCTV_FEED"
      }
    },
    {
      "type": "Feature",
      "geometry": {
        "type": "Point",
        "coordinates": [
          -117.81204400004724,
          33.731600999722545
        ]
      },
      "properties": {
        "object_id": 2780,
        "entity_name": "I-5 : (197) South of Redhill Avenue",
        "nearby_place": "Tustin",
        "county": "Orange",
        "district": 12,
        "route": "I-5",
        "direction": "North",
        "elevation_ft": 108,
        "postmile": 28.87,
        "image_url": "https://cwwp2.dot.ca.gov/data/d12/cctv/image/i5197southofredhillavenue/i5197southofredhillavenue.jpg",
        "stream_url": "https://wzmedia.dot.ca.gov/D12/NB5SORedhill.stream/playlist.m3u8",
        "update_freq_sec": "5",
        "in_service": true,
        "latitude": 33.731601,
        "longitude": -117.812044,
        "threat_score": 0,
        "category": "CCTV_FEED"
      }
    },
    {
      "type": "Feature",
      "geometry": {
        "type": "Point",
        "coordinates": [
          -117.83150999997734,
          33.77685600033063
        ]
      },
      "properties": {
        "object_id": 2781,
        "entity_name": "SR-55 : SR-22",
        "nearby_place": "Orange",
        "county": "Orange",
        "district": 12,
        "route": "SR-55",
        "direction": "South",
        "elevation_ft": 226,
        "postmile": 13.13,
        "image_url": "https://cwwp2.dot.ca.gov/data/d12/cctv/image/sr55sr22/sr55sr22.jpg",
        "stream_url": "https://wzmedia.dot.ca.gov/D12/SB55RTE22.stream/playlist.m3u8",
        "update_freq_sec": "5",
        "in_service": true,
        "latitude": 33.776856,
        "longitude": -117.83151,
        "threat_score": 0,
        "category": "CCTV_FEED"
      }
    },
    {
      "type": "Feature",
      "geometry": {
        "type": "Point",
        "coordinates": [
          -117.83068399997188,
          33.78728600013996
        ]
      },
      "properties": {
        "object_id": 2782,
        "entity_name": "SR-55 : (199) Chapman Avenue",
        "nearby_place": "Orange",
        "county": "Orange",
        "district": 12,
        "route": "SR-55",
        "direction": "North",
        "elevation_ft": 262,
        "postmile": 13.67,
        "image_url": "https://cwwp2.dot.ca.gov/data/d12/cctv/image/sr55199chapmanavenue/sr55199chapmanavenue.jpg",
        "stream_url": "https://wzmedia.dot.ca.gov/D12/NB55CHAPMAN.stream/playlist.m3u8",
        "update_freq_sec": "5",
        "in_service": true,
        "latitude": 33.787286,
        "longitude": -117.830684,
        "threat_score": 0,
        "category": "CCTV_FEED"
      }
    },
    {
      "type": "Feature",
      "geometry": {
        "type": "Point",
        "coordinates": [
          -117.83059000026057,
          33.79505000001353
        ]
      },
      "properties": {
        "object_id": 2783,
        "entity_name": "SR-55 : (200) Walnut Street",
        "nearby_place": "Orange",
        "county": "Orange",
        "district": 12,
        "route": "SR-55",
        "direction": "North",
        "elevation_ft": 259,
        "postmile": 14.21,
        "image_url": "https://cwwp2.dot.ca.gov/data/d12/cctv/image/sr55200walnutstreet/sr55200walnutstreet.jpg",
        "stream_url": "https://wzmedia.dot.ca.gov/D12/NB55Walnut.stream/playlist.m3u8",
        "update_freq_sec": "5",
        "in_service": true,
        "latitude": 33.79505,
        "longitude": -117.83059,
        "threat_score": 0,
        "category": "CCTV_FEED"
      }
    },
    {
      "type": "Feature",
      "geometry": {
        "type": "Point",
        "coordinates": [
          -117.83128999986933,
          33.802200000055215
        ]
      },
      "properties": {
        "object_id": 2784,
        "entity_name": "SR-55 : (201) Collins Avenue",
        "nearby_place": "Orange",
        "county": "Orange",
        "district": 12,
        "route": "SR-55",
        "direction": "North",
        "elevation_ft": 275,
        "postmile": 14.7,
        "image_url": "https://cwwp2.dot.ca.gov/data/d12/cctv/image/sr55201collinsavenue/sr55201collinsavenue.jpg",
        "stream_url": "https://wzmedia.dot.ca.gov/D12/NB55Collins.stream/playlist.m3u8",
        "update_freq_sec": "5",
        "in_service": true,
        "latitude": 33.8022,
        "longitude": -117.83129,
        "threat_score": 0,
        "category": "CCTV_FEED"
      }
    },
    {
      "type": "Feature",
      "geometry": {
        "type": "Point",
        "coordinates": [
          -117.83163999967367,
          33.80968000037047
        ]
      },
      "properties": {
        "object_id": 2785,
        "entity_name": "SR-55 : (202) Katella Avenue",
        "nearby_place": "Orange",
        "county": "Orange",
        "district": 12,
        "route": "SR-55",
        "direction": "North",
        "elevation_ft": 265,
        "postmile": 15.22,
        "image_url": "https://cwwp2.dot.ca.gov/data/d12/cctv/image/sr55202katellaavenue/sr55202katellaavenue.jpg",
        "stream_url": "https://wzmedia.dot.ca.gov/D12/NB55KATELLA.stream/playlist.m3u8",
        "update_freq_sec": "5",
        "in_service": true,
        "latitude": 33.80968,
        "longitude": -117.83164,
        "threat_score": 0,
        "category": "CCTV_FEED"
      }
    },
    {
      "type": "Feature",
      "geometry": {
        "type": "Point",
        "coordinates": [
          -118.00981999994727,
          33.87292999975628
        ]
      },
      "properties": {
        "object_id": 2786,
        "entity_name": "I-5 : (203) South of Artesia Boulevard",
        "nearby_place": "Buena Park",
        "county": "Orange",
        "district": 12,
        "route": "I-5",
        "direction": "South",
        "elevation_ft": 88,
        "postmile": 44.255,
        "image_url": "https://cwwp2.dot.ca.gov/data/d12/cctv/image/i5203southofartesiaboulevard/i5203southofartesiaboulevard.jpg",
        "stream_url": "https://wzmedia.dot.ca.gov/D12/SB5SOArtesia.stream/playlist.m3u8",
        "update_freq_sec": "5",
        "in_service": true,
        "latitude": 33.87293,
        "longitude": -118.00982,
        "threat_score": 0,
        "category": "CCTV_FEED"
      }
    },
    {
      "type": "Feature",
      "geometry": {
        "type": "Point",
        "coordinates": [
          -117.83169699957509,
          33.821100000014006
        ]
      },
      "properties": {
        "object_id": 2787,
        "entity_name": "SR-55 : (204) South of Meats Avenue",
        "nearby_place": "Orange",
        "county": "Orange",
        "district": 12,
        "route": "SR-55",
        "direction": "North",
        "elevation_ft": 269,
        "postmile": 16,
        "image_url": "https://cwwp2.dot.ca.gov/data/d12/cctv/image/sr55204southofmeatsavenue/sr55204southofmeatsavenue.jpg",
        "stream_url": "https://wzmedia.dot.ca.gov/D12/NB55SOMEATS.stream/playlist.m3u8",
        "update_freq_sec": "5",
        "in_service": true,
        "latitude": 33.8211,
        "longitude": -117.831697,
        "threat_score": 0,
        "category": "CCTV_FEED"
      }
    },
    {
      "type": "Feature",
      "geometry": {
        "type": "Point",
        "coordinates": [
          -117.83425099975936,
          33.83116799995152
        ]
      },
      "properties": {
        "object_id": 2788,
        "entity_name": "SR-55 : (205) South of Lincoln",
        "nearby_place": "Orange",
        "county": "Orange",
        "district": 12,
        "route": "SR-55",
        "direction": "North",
        "elevation_ft": 295,
        "postmile": 16.72,
        "image_url": "https://cwwp2.dot.ca.gov/data/d12/cctv/image/sr55205southoflincoln/sr55205southoflincoln.jpg",
        "stream_url": "https://wzmedia.dot.ca.gov/D12/NB55SOLINCOLN.stream/playlist.m3u8",
        "update_freq_sec": "5",
        "in_service": true,
        "latitude": 33.831168,
        "longitude": -117.834251,
        "threat_score": 0,
        "category": "CCTV_FEED"
      }
    },
    {
      "type": "Feature",
      "geometry": {
        "type": "Point",
        "coordinates": [
          -117.59340999959895,
          33.39651000015564
        ]
      },
      "properties": {
        "object_id": 2789,
        "entity_name": "I-5 : (206) Christianitos Road",
        "nearby_place": "San Clemente",
        "county": "San Diego",
        "district": 12,
        "route": "I-5",
        "direction": "North",
        "elevation_ft": 111,
        "postmile": 72.362,
        "image_url": "https://cwwp2.dot.ca.gov/data/d12/cctv/image/i5206christianitosroad/i5206christianitosroad.jpg",
        "stream_url": "https://wzmedia.dot.ca.gov/D12/NB5CHRISTIANITOS.stream/playlist.m3u8",
        "update_freq_sec": "5",
        "in_service": true,
        "latitude": 33.39651,
        "longitude": -117.59341,
        "threat_score": 0,
        "category": "CCTV_FEED"
      }
    },
    {
      "type": "Feature",
      "geometry": {
        "type": "Point",
        "coordinates": [
          -117.60180000024793,
          33.41302000024451
        ]
      },
      "properties": {
        "object_id": 2790,
        "entity_name": "I-5 : (207) Mendecino",
        "nearby_place": "San Clemente",
        "county": "Orange",
        "district": 12,
        "route": "I-5",
        "direction": "North",
        "elevation_ft": 187,
        "postmile": 1.23,
        "image_url": "https://cwwp2.dot.ca.gov/data/d12/cctv/image/i5207mendecino/i5207mendecino.jpg",
        "stream_url": "https://wzmedia.dot.ca.gov/D12/NB5MENDECINO.stream/playlist.m3u8",
        "update_freq_sec": "5",
        "in_service": true,
        "latitude": 33.41302,
        "longitude": -117.6018,
        "threat_score": 0,
        "category": "CCTV_FEED"
      }
    },
    {
      "type": "Feature",
      "geometry": {
        "type": "Point",
        "coordinates": [
          -117.60889000034024,
          33.42511999973369
        ]
      },
      "properties": {
        "object_id": 2791,
        "entity_name": "I-5 : (208) El Camino Real",
        "nearby_place": "San Clemente",
        "county": "Orange",
        "district": 12,
        "route": "I-5",
        "direction": "North",
        "elevation_ft": 288,
        "postmile": 2.17,
        "image_url": "https://cwwp2.dot.ca.gov/data/d12/cctv/image/i5208elcaminoreal/i5208elcaminoreal.jpg",
        "stream_url": "https://wzmedia.dot.ca.gov/D12/NB5ElCaminoReal.stream/playlist.m3u8",
        "update_freq_sec": "5",
        "in_service": true,
        "latitude": 33.42512,
        "longitude": -117.60889,
        "threat_score": 0,
        "category": "CCTV_FEED"
      }
    },
    {
      "type": "Feature",
      "geometry": {
        "type": "Point",
        "coordinates": [
          -117.61127000044726,
          33.42843999964618
        ]
      },
      "properties": {
        "object_id": 2792,
        "entity_name": "I-5 : (209) Presidio Drive On",
        "nearby_place": "San Clemente",
        "county": "Orange",
        "district": 12,
        "route": "I-5",
        "direction": "North",
        "elevation_ft": 272,
        "postmile": 2.42,
        "image_url": "https://cwwp2.dot.ca.gov/data/d12/cctv/image/i5209presidiodriveon/i5209presidiodriveon.jpg",
        "stream_url": "https://wzmedia.dot.ca.gov/D12/NB5Presidio.stream/playlist.m3u8",
        "update_freq_sec": "5",
        "in_service": true,
        "latitude": 33.42844,
        "longitude": -117.61127,
        "threat_score": 0,
        "category": "CCTV_FEED"
      }
    },
    {
      "type": "Feature",
      "geometry": {
        "type": "Point",
        "coordinates": [
          -117.61503999972598,
          33.431970000044316
        ]
      },
      "properties": {
        "object_id": 2793,
        "entity_name": "I-5 : (210) Avenida Palizada On",
        "nearby_place": "San Clemente",
        "county": "Orange",
        "district": 12,
        "route": "I-5",
        "direction": "North",
        "elevation_ft": 252,
        "postmile": 2.76,
        "image_url": "https://cwwp2.dot.ca.gov/data/d12/cctv/image/i5210avenidapalizadaon/i5210avenidapalizadaon.jpg",
        "stream_url": "https://wzmedia.dot.ca.gov/D12/NB5AvenidaPalizada.stream/playlist.m3u8",
        "update_freq_sec": "5",
        "in_service": true,
        "latitude": 33.43197,
        "longitude": -117.61504,
        "threat_score": 0,
        "category": "CCTV_FEED"
      }
    },
    {
      "type": "Feature",
      "geometry": {
        "type": "Point",
        "coordinates": [
          -117.62335000000903,
          33.439629999818166
        ]
      },
      "properties": {
        "object_id": 2794,
        "entity_name": "I-5 : (211) Pico",
        "nearby_place": "San Clemente",
        "county": "Orange",
        "district": 12,
        "route": "I-5",
        "direction": "North",
        "elevation_ft": 183,
        "postmile": 3.49,
        "image_url": "https://cwwp2.dot.ca.gov/data/d12/cctv/image/i5211pico/i5211pico.jpg",
        "stream_url": "https://wzmedia.dot.ca.gov/D12/NB5Pico.stream/playlist.m3u8",
        "update_freq_sec": "5",
        "in_service": true,
        "latitude": 33.43963,
        "longitude": -117.62335,
        "threat_score": 0,
        "category": "CCTV_FEED"
      }
    },
    {
      "type": "Feature",
      "geometry": {
        "type": "Point",
        "coordinates": [
          -117.62803999990285,
          33.44292999967319
        ]
      },
      "properties": {
        "object_id": 2795,
        "entity_name": "I-5 : (212) Vista Hermosa",
        "nearby_place": "San Clemente",
        "county": "Orange",
        "district": 12,
        "route": "I-5",
        "direction": "North",
        "elevation_ft": 187,
        "postmile": 3.84,
        "image_url": "https://cwwp2.dot.ca.gov/data/d12/cctv/image/i5212vistahermosa/i5212vistahermosa.jpg",
        "stream_url": "https://wzmedia.dot.ca.gov/D12/NB5VistaHermosa.stream/playlist.m3u8",
        "update_freq_sec": "5",
        "in_service": true,
        "latitude": 33.44293,
        "longitude": -117.62804,
        "threat_score": 0,
        "category": "CCTV_FEED"
      }
    },
    {
      "type": "Feature",
      "geometry": {
        "type": "Point",
        "coordinates": [
          -117.63851600003267,
          33.44970799998764
        ]
      },
      "properties": {
        "object_id": 2796,
        "entity_name": "I-5 : (213) South of Avenida Vaquero On",
        "nearby_place": "San Clemente",
        "county": "Orange",
        "district": 12,
        "route": "I-5",
        "direction": "North",
        "elevation_ft": 173,
        "postmile": 4.76,
        "image_url": "https://cwwp2.dot.ca.gov/data/d12/cctv/image/i5213southofavenidavaqueroon/i5213southofavenidavaqueroon.jpg",
        "stream_url": "https://wzmedia.dot.ca.gov/D12/NB5SOVaquero.stream/playlist.m3u8",
        "update_freq_sec": "5",
        "in_service": true,
        "latitude": 33.449708,
        "longitude": -117.638516,
        "threat_score": 0,
        "category": "CCTV_FEED"
      }
    },
    {
      "type": "Feature",
      "geometry": {
        "type": "Point",
        "coordinates": [
          -117.65674000003071,
          33.45962000019322
        ]
      },
      "properties": {
        "object_id": 2797,
        "entity_name": "I-5 : (214) Camino De Estrella On",
        "nearby_place": "Capistrano Beach",
        "county": "Orange",
        "district": 12,
        "route": "I-5",
        "direction": "North",
        "elevation_ft": 236,
        "postmile": 5.86,
        "image_url": "https://cwwp2.dot.ca.gov/data/d12/cctv/image/i5214caminodeestrellaon/i5214caminodeestrellaon.jpg",
        "stream_url": "https://wzmedia.dot.ca.gov/D12/NB5CaminoDeEstrella.stream/playlist.m3u8",
        "update_freq_sec": "5",
        "in_service": true,
        "latitude": 33.45962,
        "longitude": -117.65674,
        "threat_score": 0,
        "category": "CCTV_FEED"
      }
    },
    {
      "type": "Feature",
      "geometry": {
        "type": "Point",
        "coordinates": [
          -117.662660000161,
          33.46283000009255
        ]
      },
      "properties": {
        "object_id": 2798,
        "entity_name": "I-5 : (215) Sacramento",
        "nearby_place": "Capistrano Beach",
        "county": "Orange",
        "district": 12,
        "route": "I-5",
        "direction": "North",
        "elevation_ft": 216,
        "postmile": 6.28,
        "image_url": "https://cwwp2.dot.ca.gov/data/d12/cctv/image/i5215sacramento/i5215sacramento.jpg",
        "stream_url": "https://wzmedia.dot.ca.gov/D12/NB5Sacramento.stream/playlist.m3u8",
        "update_freq_sec": "5",
        "in_service": true,
        "latitude": 33.46283,
        "longitude": -117.66266,
        "threat_score": 0,
        "category": "CCTV_FEED"
      }
    },
    {
      "type": "Feature",
      "geometry": {
        "type": "Point",
        "coordinates": [
          -117.67204999999437,
          33.46848999965314
        ]
      },
      "properties": {
        "object_id": 2799,
        "entity_name": "I-5 : (216) Las Ramblas",
        "nearby_place": "San Juan Capistrano",
        "county": "Orange",
        "district": 12,
        "route": "I-5",
        "direction": "North",
        "elevation_ft": 170,
        "postmile": 6.95,
        "image_url": "https://cwwp2.dot.ca.gov/data/d12/cctv/image/i5216lasramblas/i5216lasramblas.jpg",
        "stream_url": "https://wzmedia.dot.ca.gov/D12/NB5LasRamblas.stream/playlist.m3u8",
        "update_freq_sec": "5",
        "in_service": true,
        "latitude": 33.46849,
        "longitude": -117.67205,
        "threat_score": 0,
        "category": "CCTV_FEED"
      }
    },
    {
      "type": "Feature",
      "geometry": {
        "type": "Point",
        "coordinates": [
          -117.67406000020551,
          33.47530999985332
        ]
      },
      "properties": {
        "object_id": 2800,
        "entity_name": "I-5 : (217) Stonehill Drive/ Capistrano",
        "nearby_place": "San Juan Capistrano",
        "county": "Orange",
        "district": 12,
        "route": "I-5",
        "direction": "North",
        "elevation_ft": 121,
        "postmile": 7.46,
        "image_url": "https://cwwp2.dot.ca.gov/data/d12/cctv/image/i5217stonehilldrivecapistrano/i5217stonehilldrivecapistrano.jpg",
        "stream_url": "https://wzmedia.dot.ca.gov/D12/NB5Stonehill.stream/playlist.m3u8",
        "update_freq_sec": "5",
        "in_service": true,
        "latitude": 33.47531,
        "longitude": -117.67406,
        "threat_score": 0,
        "category": "CCTV_FEED"
      }
    },
    {
      "type": "Feature",
      "geometry": {
        "type": "Point",
        "coordinates": [
          -117.6696799999331,
          33.48133000032225
        ]
      },
      "properties": {
        "object_id": 2801,
        "entity_name": "I-5 : (218) Avenida Aeropuerto",
        "nearby_place": "San Juan Capistrano",
        "county": "Orange",
        "district": 12,
        "route": "I-5",
        "direction": "North",
        "elevation_ft": 85,
        "postmile": 7.96,
        "image_url": "https://cwwp2.dot.ca.gov/data/d12/cctv/image/i5218avenidaaeropuerto/i5218avenidaaeropuerto.jpg",
        "stream_url": "https://wzmedia.dot.ca.gov/D12/NB5Aeropuerto.stream/playlist.m3u8",
        "update_freq_sec": "5",
        "in_service": true,
        "latitude": 33.48133,
        "longitude": -117.66968,
        "threat_score": 0,
        "category": "CCTV_FEED"
      }
    },
    {
      "type": "Feature",
      "geometry": {
        "type": "Point",
        "coordinates": [
          -117.7554580001014,
          33.67335199991884
        ]
      },
      "properties": {
        "object_id": 2802,
        "entity_name": "I-5 : (219) North of SR-133",
        "nearby_place": "Irvine",
        "county": "Orange",
        "district": 12,
        "route": "I-5",
        "direction": "North",
        "elevation_ft": 232,
        "postmile": 23.64,
        "image_url": "https://cwwp2.dot.ca.gov/data/d12/cctv/image/i5219northofsr133/i5219northofsr133.jpg",
        "stream_url": "https://wzmedia.dot.ca.gov/D12/NB5NO_SR133.stream/playlist.m3u8",
        "update_freq_sec": "5",
        "in_service": true,
        "latitude": 33.673352,
        "longitude": -117.755458,
        "threat_score": 0,
        "category": "CCTV_FEED"
      }
    },
    {
      "type": "Feature",
      "geometry": {
        "type": "Point",
        "coordinates": [
          -117.93923999958965,
          33.69769000009779
        ]
      },
      "properties": {
        "object_id": 2803,
        "entity_name": "I-405 : North of Euclid Street",
        "nearby_place": "Fountain Valley",
        "county": "Orange",
        "district": 12,
        "route": "I-405",
        "direction": "North",
        "elevation_ft": 42,
        "postmile": 12.75,
        "image_url": "https://cwwp2.dot.ca.gov/data/d12/cctv/image/i405northofeuclidstreet/i405northofeuclidstreet.jpg",
        "stream_url": "https://wzmedia.dot.ca.gov/D12/NB405Euclid.stream/playlist.m3u8",
        "update_freq_sec": "5",
        "in_service": true,
        "latitude": 33.69769,
        "longitude": -117.93924,
        "threat_score": 0,
        "category": "CCTV_FEED"
      }
    },
    {
      "type": "Feature",
      "geometry": {
        "type": "Point",
        "coordinates": [
          -117.94538300020099,
          33.70021500002599
        ]
      },
      "properties": {
        "object_id": 2804,
        "entity_name": "I-405 : Ward",
        "nearby_place": "Fountain Valley",
        "county": "Orange",
        "district": 12,
        "route": "I-405",
        "direction": "North",
        "elevation_ft": 55,
        "postmile": 13.15,
        "image_url": "https://cwwp2.dot.ca.gov/data/d12/cctv/image/i405ward/i405ward.jpg",
        "stream_url": "https://wzmedia.dot.ca.gov/D12/NB405Ward.stream/playlist.m3u8",
        "update_freq_sec": "5",
        "in_service": true,
        "latitude": 33.700215,
        "longitude": -117.945383,
        "threat_score": 0,
        "category": "CCTV_FEED"
      }
    },
    {
      "type": "Feature",
      "geometry": {
        "type": "Point",
        "coordinates": [
          -117.95483999998152,
          33.706359999817586
        ]
      },
      "properties": {
        "object_id": 2805,
        "entity_name": "I-405 : Brookhurst Street",
        "nearby_place": "Fountain Valley",
        "county": "Orange",
        "district": 12,
        "route": "I-405",
        "direction": "North",
        "elevation_ft": 39,
        "postmile": 13.847,
        "image_url": "https://cwwp2.dot.ca.gov/data/d12/cctv/image/i405brookhurststreet/i405brookhurststreet.jpg",
        "stream_url": "https://wzmedia.dot.ca.gov/D12/NB405Brookhurst.stream/playlist.m3u8",
        "update_freq_sec": "5",
        "in_service": true,
        "latitude": 33.70636,
        "longitude": -117.95484,
        "threat_score": 0,
        "category": "CCTV_FEED"
      }
    },
    {
      "type": "Feature",
      "geometry": {
        "type": "Point",
        "coordinates": [
          -117.96393000023923,
          33.71362999973928
        ]
      },
      "properties": {
        "object_id": 2806,
        "entity_name": "I-405 : South of Warner Avenue",
        "nearby_place": "Fountain Valley",
        "county": "Orange",
        "district": 12,
        "route": "I-405",
        "direction": "North",
        "elevation_ft": 45,
        "postmile": 14.57,
        "image_url": "https://cwwp2.dot.ca.gov/data/d12/cctv/image/i405southofwarneravenue/i405southofwarneravenue.jpg",
        "stream_url": "https://wzmedia.dot.ca.gov/D12/NB405Warner.stream/playlist.m3u8",
        "update_freq_sec": "5",
        "in_service": true,
        "latitude": 33.71363,
        "longitude": -117.96393,
        "threat_score": 0,
        "category": "CCTV_FEED"
      }
    },
    {
      "type": "Feature",
      "geometry": {
        "type": "Point",
        "coordinates": [
          -117.96788000034134,
          33.71707000024305
        ]
      },
      "properties": {
        "object_id": 2807,
        "entity_name": "I-405 : South of Magnolia",
        "nearby_place": "Fountain Valley",
        "county": "Orange",
        "district": 12,
        "route": "I-405",
        "direction": "North",
        "elevation_ft": 36,
        "postmile": 14.9,
        "image_url": "https://cwwp2.dot.ca.gov/data/d12/cctv/image/i405southofmagnolia/i405southofmagnolia.jpg",
        "stream_url": "https://wzmedia.dot.ca.gov/D12/NB405Magnolia.stream/playlist.m3u8",
        "update_freq_sec": "5",
        "in_service": true,
        "latitude": 33.71707,
        "longitude": -117.96788,
        "threat_score": 0,
        "category": "CCTV_FEED"
      }
    },
    {
      "type": "Feature",
      "geometry": {
        "type": "Point",
        "coordinates": [
          -117.977332000099,
          33.72470699969307
        ]
      },
      "properties": {
        "object_id": 2808,
        "entity_name": "I-405 : South of Newland Street",
        "nearby_place": "Westminster",
        "county": "Orange",
        "district": 12,
        "route": "I-405",
        "direction": "North",
        "elevation_ft": 39,
        "postmile": 15.65,
        "image_url": "https://cwwp2.dot.ca.gov/data/d12/cctv/image/i405southofnewlandstreet/i405southofnewlandstreet.jpg",
        "stream_url": "https://wzmedia.dot.ca.gov/D12/NB405Newland.stream/playlist.m3u8",
        "update_freq_sec": "5",
        "in_service": true,
        "latitude": 33.724707,
        "longitude": -117.977332,
        "threat_score": 0,
        "category": "CCTV_FEED"
      }
    },
    {
      "type": "Feature",
      "geometry": {
        "type": "Point",
        "coordinates": [
          -117.98863800043219,
          33.73263899975613
        ]
      },
      "properties": {
        "object_id": 2809,
        "entity_name": "I-405 : Beach Blvd",
        "nearby_place": "Westminster",
        "county": "Orange",
        "district": 12,
        "route": "I-405",
        "direction": "South",
        "elevation_ft": 55,
        "postmile": 16.5,
        "image_url": "https://cwwp2.dot.ca.gov/data/d12/cctv/image/i405beachblvd/i405beachblvd.jpg",
        "stream_url": "https://wzmedia.dot.ca.gov/D12/NB405Edinger.stream/playlist.m3u8",
        "update_freq_sec": "5",
        "in_service": true,
        "latitude": 33.732639,
        "longitude": -117.988638,
        "threat_score": 0,
        "category": "CCTV_FEED"
      }
    },
    {
      "type": "Feature",
      "geometry": {
        "type": "Point",
        "coordinates": [
          -118.00494000008264,
          33.74514000007794
        ]
      },
      "properties": {
        "object_id": 2810,
        "entity_name": "I-405 : Goldenwest Avenue",
        "nearby_place": "Westminster",
        "county": "Orange",
        "district": 12,
        "route": "I-405",
        "direction": "North",
        "elevation_ft": 36,
        "postmile": 17.79,
        "image_url": "https://cwwp2.dot.ca.gov/data/d12/cctv/image/i405goldenwestavenue/i405goldenwestavenue.jpg",
        "stream_url": "https://wzmedia.dot.ca.gov/D12/NB405Goldenwest.stream/playlist.m3u8",
        "update_freq_sec": "5",
        "in_service": true,
        "latitude": 33.74514,
        "longitude": -118.00494,
        "threat_score": 0,
        "category": "CCTV_FEED"
      }
    },
    {
      "type": "Feature",
      "geometry": {
        "type": "Point",
        "coordinates": [
          -118.02213800005872,
          33.7595120000919
        ]
      },
      "properties": {
        "object_id": 2811,
        "entity_name": "I-405 : Westminster",
        "nearby_place": "Westminster",
        "county": "Orange",
        "district": 12,
        "route": "I-405",
        "direction": "North",
        "elevation_ft": 49,
        "postmile": 19.19,
        "image_url": "https://cwwp2.dot.ca.gov/data/d12/cctv/image/i405westminster/i405westminster.jpg",
        "stream_url": "https://wzmedia.dot.ca.gov/D12/NB405Westminster.stream/playlist.m3u8",
        "update_freq_sec": "5",
        "in_service": true,
        "latitude": 33.759512,
        "longitude": -118.022138,
        "threat_score": 0,
        "category": "CCTV_FEED"
      }
    },
    {
      "type": "Feature",
      "geometry": {
        "type": "Point",
        "coordinates": [
          -118.04407000030955,
          33.77499000035348
        ]
      },
      "properties": {
        "object_id": 2812,
        "entity_name": "I-405 : North of RTE 22",
        "nearby_place": "Seal Beach",
        "county": "Orange",
        "district": 12,
        "route": "I-405",
        "direction": "South",
        "elevation_ft": 42,
        "postmile": 20.86,
        "image_url": "https://cwwp2.dot.ca.gov/data/d12/cctv/image/i405northofrte22/i405northofrte22.jpg",
        "stream_url": "https://wzmedia.dot.ca.gov/D12/NB405NO_RTE22.stream/playlist.m3u8",
        "update_freq_sec": "5",
        "in_service": true,
        "latitude": 33.77499,
        "longitude": -118.04407,
        "threat_score": 0,
        "category": "CCTV_FEED"
      }
    },
    {
      "type": "Feature",
      "geometry": {
        "type": "Point",
        "coordinates": [
          -117.83064999963673,
          33.76072999995434
        ]
      },
      "properties": {
        "object_id": 2813,
        "entity_name": "SR-55 : (230) 17th Street",
        "nearby_place": "Tustin",
        "county": "Orange",
        "district": 12,
        "route": "SR-55",
        "direction": "North",
        "elevation_ft": 177,
        "postmile": 11.85,
        "image_url": "https://cwwp2.dot.ca.gov/data/d12/cctv/image/sr5523017thstreet/sr5523017thstreet.jpg",
        "stream_url": "https://wzmedia.dot.ca.gov/D12/NB5517THST.stream/playlist.m3u8",
        "update_freq_sec": "5",
        "in_service": true,
        "latitude": 33.76073,
        "longitude": -117.83065,
        "threat_score": 0,
        "category": "CCTV_FEED"
      }
    },
    {
      "type": "Feature",
      "geometry": {
        "type": "Point",
        "coordinates": [
          -117.74426599957101,
          33.64758500022141
        ]
      },
      "properties": {
        "object_id": 2814,
        "entity_name": "I-405 : South of Irvine Center Drive",
        "nearby_place": "Irvine",
        "county": "Orange",
        "district": 12,
        "route": "I-405",
        "direction": "North",
        "elevation_ft": 216,
        "postmile": 0.78,
        "image_url": "https://cwwp2.dot.ca.gov/data/d12/cctv/image/i405southofirvinecenterdrive/i405southofirvinecenterdrive.jpg",
        "stream_url": "https://wzmedia.dot.ca.gov/D12/NB405SO_ICD.stream/playlist.m3u8",
        "update_freq_sec": "5",
        "in_service": true,
        "latitude": 33.647585,
        "longitude": -117.744266,
        "threat_score": 0,
        "category": "CCTV_FEED"
      }
    },
    {
      "type": "Feature",
      "geometry": {
        "type": "Point",
        "coordinates": [
          -117.6633000003936,
          33.489280000092
        ]
      },
      "properties": {
        "object_id": 2815,
        "entity_name": "I-5 : (233) Valle Road On (San Juan Creek)",
        "nearby_place": "San Juan Capistrano",
        "county": "Orange",
        "district": 12,
        "route": "I-5",
        "direction": "North",
        "elevation_ft": 108,
        "postmile": 8.63,
        "image_url": "https://cwwp2.dot.ca.gov/data/d12/cctv/image/i5233valleroadonsanjuancreek/i5233valleroadonsanjuancreek.jpg",
        "stream_url": "https://wzmedia.dot.ca.gov/D12/NB5SanJuanCreek.stream/playlist.m3u8",
        "update_freq_sec": "5",
        "in_service": true,
        "latitude": 33.48928,
        "longitude": -117.6633,
        "threat_score": 0,
        "category": "CCTV_FEED"
      }
    },
    {
      "type": "Feature",
      "geometry": {
        "type": "Point",
        "coordinates": [
          -117.65841999963067,
          33.497440000024774
        ]
      },
      "properties": {
        "object_id": 2816,
        "entity_name": "I-5 : (234) South of Ortega Highway (San Juan Creek)",
        "nearby_place": "San Juan Capistrano",
        "county": "Orange",
        "district": 12,
        "route": "I-5",
        "direction": "North",
        "elevation_ft": 108,
        "postmile": 9.26,
        "image_url": "https://cwwp2.dot.ca.gov/data/d12/cctv/image/i5234southofortegahighwaysanjuancreek/i5234southofortegahighwaysanjuancreek.jpg",
        "stream_url": "https://wzmedia.dot.ca.gov/D12/NB5SOOrtegaHwy.stream/playlist.m3u8",
        "update_freq_sec": "5",
        "in_service": true,
        "latitude": 33.49744,
        "longitude": -117.65842,
        "threat_score": 0,
        "category": "CCTV_FEED"
      }
    },
    {
      "type": "Feature",
      "geometry": {
        "type": "Point",
        "coordinates": [
          -117.67425199982614,
          33.53728300030598
        ]
      },
      "properties": {
        "object_id": 2817,
        "entity_name": "I-5 : (235) SR73",
        "nearby_place": "San Juan Capistrano",
        "county": "Orange",
        "district": 12,
        "route": "I-5",
        "direction": "North",
        "elevation_ft": 242,
        "postmile": 12,
        "image_url": "https://cwwp2.dot.ca.gov/data/d12/cctv/image/i5235sr73/i5235sr73.jpg",
        "stream_url": "https://wzmedia.dot.ca.gov/D12/NB5SR73.stream/playlist.m3u8",
        "update_freq_sec": "5",
        "in_service": true,
        "latitude": 33.537283,
        "longitude": -117.674252,
        "threat_score": 0,
        "category": "CCTV_FEED"
      }
    },
    {
      "type": "Feature",
      "geometry": {
        "type": "Point",
        "coordinates": [
          -117.90336999990184,
          33.65694000032244
        ]
      },
      "properties": {
        "object_id": 2818,
        "entity_name": "SR-55 : (248) Wilson Street",
        "nearby_place": "Costa Mesa",
        "county": "Orange",
        "district": 12,
        "route": "SR-55",
        "direction": "North",
        "elevation_ft": 82,
        "postmile": 3.23,
        "image_url": "https://cwwp2.dot.ca.gov/data/d12/cctv/image/sr55248wilsonstreet/sr55248wilsonstreet.jpg",
        "stream_url": "https://wzmedia.dot.ca.gov/D12/NB55Wilson.stream/playlist.m3u8",
        "update_freq_sec": "5",
        "in_service": true,
        "latitude": 33.65694,
        "longitude": -117.90337,
        "threat_score": 0,
        "category": "CCTV_FEED"
      }
    },
    {
      "type": "Feature",
      "geometry": {
        "type": "Point",
        "coordinates": [
          -117.8918900003897,
          33.66926999996075
        ]
      },
      "properties": {
        "object_id": 2819,
        "entity_name": "SR-55 : (239) Del Mar Avenue Exit",
        "nearby_place": "Costa Mesa",
        "county": "Orange",
        "district": 12,
        "route": "SR-55",
        "direction": "South",
        "elevation_ft": 59,
        "postmile": 4.3,
        "image_url": "https://cwwp2.dot.ca.gov/data/d12/cctv/image/sr55239delmaravenueexit/sr55239delmaravenueexit.jpg",
        "stream_url": "https://wzmedia.dot.ca.gov/D12/NB55DELMAR.stream/playlist.m3u8",
        "update_freq_sec": "5",
        "in_service": true,
        "latitude": 33.66927,
        "longitude": -117.89189,
        "threat_score": 0,
        "category": "CCTV_FEED"
      }
    },
    {
      "type": "Feature",
      "geometry": {
        "type": "Point",
        "coordinates": [
          -117.88736700000213,
          33.672200999955926
        ]
      },
      "properties": {
        "object_id": 2820,
        "entity_name": "SR-55 : (240) SR-73",
        "nearby_place": "Costa Mesa",
        "county": "Orange",
        "district": 12,
        "route": "SR-55",
        "direction": "North",
        "elevation_ft": 49,
        "postmile": 4.63,
        "image_url": "https://cwwp2.dot.ca.gov/data/d12/cctv/image/sr55240sr73/sr55240sr73.jpg",
        "stream_url": "https://wzmedia.dot.ca.gov/D12/NB55RTE73.stream/playlist.m3u8",
        "update_freq_sec": "5",
        "in_service": true,
        "latitude": 33.672201,
        "longitude": -117.887367,
        "threat_score": 0,
        "category": "CCTV_FEED"
      }
    },
    {
      "type": "Feature",
      "geometry": {
        "type": "Point",
        "coordinates": [
          -117.87919999983421,
          33.67969000019312
        ]
      },
      "properties": {
        "object_id": 2821,
        "entity_name": "SR-55 : (241) North of Baker Street",
        "nearby_place": "Costa Mesa",
        "county": "Orange",
        "district": 12,
        "route": "SR-55",
        "direction": "North",
        "elevation_ft": 59,
        "postmile": 5.32,
        "image_url": "https://cwwp2.dot.ca.gov/data/d12/cctv/image/sr55241northofbakerstreet/sr55241northofbakerstreet.jpg",
        "stream_url": "https://wzmedia.dot.ca.gov/D12/NB55NOBAKER.stream/playlist.m3u8",
        "update_freq_sec": "5",
        "in_service": true,
        "latitude": 33.67969,
        "longitude": -117.8792,
        "threat_score": 0,
        "category": "CCTV_FEED"
      }
    },
    {
      "type": "Feature",
      "geometry": {
        "type": "Point",
        "coordinates": [
          -117.87217000001635,
          33.68709999996131
        ]
      },
      "properties": {
        "object_id": 2822,
        "entity_name": "SR-55 : (242) I-405 B",
        "nearby_place": "Costa Mesa",
        "county": "Orange",
        "district": 12,
        "route": "SR-55",
        "direction": "North",
        "elevation_ft": 55,
        "postmile": 5.98,
        "image_url": "https://cwwp2.dot.ca.gov/data/d12/cctv/image/sr55242i405b/sr55242i405b.jpg",
        "stream_url": "https://wzmedia.dot.ca.gov/D12/NB55RTE405-B.stream/playlist.m3u8",
        "update_freq_sec": "5",
        "in_service": true,
        "latitude": 33.6871,
        "longitude": -117.87217,
        "threat_score": 0,
        "category": "CCTV_FEED"
      }
    },
    {
      "type": "Feature",
      "geometry": {
        "type": "Point",
        "coordinates": [
          -117.59858999993754,
          33.63028999982827
        ]
      },
      "properties": {
        "object_id": 2823,
        "entity_name": "SR-241 : North of Antonio Parkway Overcross",
        "nearby_place": "Trabuco Canyon",
        "county": "Orange",
        "district": 12,
        "route": "SR-241",
        "direction": "North",
        "elevation_ft": 931,
        "postmile": 17.57,
        "image_url": "https://cwwp2.dot.ca.gov/data/d12/cctv/image/sr241northofantonioparkwayovercross/sr241northofantonioparkwayovercross.jpg",
        "stream_url": "https://wzmedia.dot.ca.gov/D12/NB241AntonioPkwy.stream/playlist.m3u8",
        "update_freq_sec": "5",
        "in_service": true,
        "latitude": 33.63029,
        "longitude": -117.59859,
        "threat_score": 0,
        "category": "CCTV_FEED"
      }
    },
    {
      "type": "Feature",
      "geometry": {
        "type": "Point",
        "coordinates": [
          -117.60021000016134,
          33.6365599997772
        ]
      },
      "properties": {
        "object_id": 2824,
        "entity_name": "SR-241 : Banderas 530 Meters North of Antonio Parkway Undercross",
        "nearby_place": "Trabuco Canyon",
        "county": "Orange",
        "district": 12,
        "route": "SR-241",
        "direction": "North",
        "elevation_ft": 961,
        "postmile": 18.01,
        "image_url": "https://cwwp2.dot.ca.gov/data/d12/cctv/image/sr241banderas530metersnorthofantonioparkwayundercross/sr241banderas530metersnorthofantonioparkwayundercross.jpg",
        "stream_url": "https://wzmedia.dot.ca.gov/D12/NB241Banderas.stream/playlist.m3u8",
        "update_freq_sec": "5",
        "in_service": true,
        "latitude": 33.63656,
        "longitude": -117.60021,
        "threat_score": 0,
        "category": "CCTV_FEED"
      }
    },
    {
      "type": "Feature",
      "geometry": {
        "type": "Point",
        "coordinates": [
          -117.60369999995594,
          33.643249999996755
        ]
      },
      "properties": {
        "object_id": 2825,
        "entity_name": "SR-241 : North of Santa Margarita Parkway Undercross",
        "nearby_place": "Rancho Santa Margarita",
        "county": "Orange",
        "district": 12,
        "route": "SR-241",
        "direction": "North",
        "elevation_ft": 958,
        "postmile": 18.52,
        "image_url": "https://cwwp2.dot.ca.gov/data/d12/cctv/image/sr241northofsantamargaritaparkwayundercross/sr241northofsantamargaritaparkwayundercross.jpg",
        "stream_url": "https://wzmedia.dot.ca.gov/D12/NBNOMargaritaPkwy.stream/playlist.m3u8",
        "update_freq_sec": "5",
        "in_service": true,
        "latitude": 33.64325,
        "longitude": -117.6037,
        "threat_score": 0,
        "category": "CCTV_FEED"
      }
    },
    {
      "type": "Feature",
      "geometry": {
        "type": "Point",
        "coordinates": [
          -117.61143000028082,
          33.651809999723
        ]
      },
      "properties": {
        "object_id": 2826,
        "entity_name": "SR-241 : 30 Meters South of Melinda Road Undercross",
        "nearby_place": "Rancho Santa Margarita",
        "county": "Orange",
        "district": 12,
        "route": "SR-241",
        "direction": "North",
        "elevation_ft": 1026,
        "postmile": 19.25,
        "image_url": "https://cwwp2.dot.ca.gov/data/d12/cctv/image/sr24130meterssouthofmelindaroadundercross/sr24130meterssouthofmelindaroadundercross.jpg",
        "stream_url": "https://wzmedia.dot.ca.gov/D12/NB241SOMelindaRd.stream/playlist.m3u8",
        "update_freq_sec": "5",
        "in_service": true,
        "latitude": 33.65181,
        "longitude": -117.61143,
        "threat_score": 0,
        "category": "CCTV_FEED"
      }
    },
    {
      "type": "Feature",
      "geometry": {
        "type": "Point",
        "coordinates": [
          -117.62442000041193,
          33.65511000004194
        ]
      },
      "properties": {
        "object_id": 2827,
        "entity_name": "SR-241 : Los Alisos Boulevard",
        "nearby_place": "Rancho Santa Margarita",
        "county": "Orange",
        "district": 12,
        "route": "SR-241",
        "direction": "North",
        "elevation_ft": 1040,
        "postmile": 20.06,
        "image_url": "https://cwwp2.dot.ca.gov/data/d12/cctv/image/sr241losalisosboulevard/sr241losalisosboulevard.jpg",
        "stream_url": "https://wzmedia.dot.ca.gov/D12/NB241LosAlisos.stream/playlist.m3u8",
        "update_freq_sec": "5",
        "in_service": true,
        "latitude": 33.65511,
        "longitude": -117.62442,
        "threat_score": 0,
        "category": "CCTV_FEED"
      }
    },
    {
      "type": "Feature",
      "geometry": {
        "type": "Point",
        "coordinates": [
          -117.63647999988223,
          33.66173000009496
        ]
      },
      "properties": {
        "object_id": 2828,
        "entity_name": "SR-241 : Aliso Creek 50 Meters South of El Toro Road Undercross",
        "nearby_place": "Mission Viejo",
        "county": "Orange",
        "district": 12,
        "route": "SR-241",
        "direction": "North",
        "elevation_ft": 925,
        "postmile": 20.91,
        "image_url": "https://cwwp2.dot.ca.gov/data/d12/cctv/image/sr241alisocreek50meterssouthofeltororoadundercross/sr241alisocreek50meterssouthofeltororoadundercross.jpg",
        "stream_url": "https://wzmedia.dot.ca.gov/D12/NB241AlisoCreek.stream/playlist.m3u8",
        "update_freq_sec": "5",
        "in_service": true,
        "latitude": 33.66173,
        "longitude": -117.63648,
        "threat_score": 0,
        "category": "CCTV_FEED"
      }
    },
    {
      "type": "Feature",
      "geometry": {
        "type": "Point",
        "coordinates": [
          -117.65009000015445,
          33.66788999999409
        ]
      },
      "properties": {
        "object_id": 2829,
        "entity_name": "SR-241 : 80 Meters South of Portola Parkway Undercross",
        "nearby_place": "Foothill Ranch",
        "county": "Orange",
        "district": 12,
        "route": "SR-241",
        "direction": "North",
        "elevation_ft": 810,
        "postmile": 21.79,
        "image_url": "https://cwwp2.dot.ca.gov/data/d12/cctv/image/sr24180meterssouthofportolaparkwayundercross/sr24180meterssouthofportolaparkwayundercross.jpg",
        "stream_url": "https://wzmedia.dot.ca.gov/D12/NB241SOPORTOLAPKWY80m.stream/playlist.m3u8",
        "update_freq_sec": "5",
        "in_service": true,
        "latitude": 33.66789,
        "longitude": -117.65009,
        "threat_score": 0,
        "category": "CCTV_FEED"
      }
    },
    {
      "type": "Feature",
      "geometry": {
        "type": "Point",
        "coordinates": [
          -117.66010000012892,
          33.67189999968759
        ]
      },
      "properties": {
        "object_id": 2830,
        "entity_name": "SR-241 : 40 Meters South of Lake Forestreet Drive Undercross",
        "nearby_place": "Foothill Ranch",
        "county": "Orange",
        "district": 12,
        "route": "SR-241",
        "direction": "North",
        "elevation_ft": 787,
        "postmile": 22.43,
        "image_url": "https://cwwp2.dot.ca.gov/data/d12/cctv/image/sr24140meterssouthoflakeforestreetdriveundercross/sr24140meterssouthoflakeforestreetdriveundercross.jpg",
        "stream_url": "https://wzmedia.dot.ca.gov/D12/NB241LakeForest.stream/playlist.m3u8",
        "update_freq_sec": "5",
        "in_service": true,
        "latitude": 33.6719,
        "longitude": -117.6601,
        "threat_score": 0,
        "category": "CCTV_FEED"
      }
    },
    {
      "type": "Feature",
      "geometry": {
        "type": "Point",
        "coordinates": [
          -117.66755000007136,
          33.67497000019075
        ]
      },
      "properties": {
        "object_id": 2831,
        "entity_name": "SR-241 : 310 Meters North of Bake Parkway Overcross",
        "nearby_place": "Foothill Ranch",
        "county": "Orange",
        "district": 12,
        "route": "SR-241",
        "direction": "North",
        "elevation_ft": 784,
        "postmile": 22.92,
        "image_url": "https://cwwp2.dot.ca.gov/data/d12/cctv/image/sr241310metersnorthofbakeparkwayovercross/sr241310metersnorthofbakeparkwayovercross.jpg",
        "stream_url": "https://wzmedia.dot.ca.gov/D12/NB241NOBake.stream/playlist.m3u8",
        "update_freq_sec": "5",
        "in_service": true,
        "latitude": 33.67497,
        "longitude": -117.66755,
        "threat_score": 0,
        "category": "CCTV_FEED"
      }
    },
    {
      "type": "Feature",
      "geometry": {
        "type": "Point",
        "coordinates": [
          -117.67286000010627,
          33.67976999972136
        ]
      },
      "properties": {
        "object_id": 2832,
        "entity_name": "SR-241 : 80 Meters South of Alton Parkway Overcross",
        "nearby_place": "Foothill Ranch",
        "county": "Orange",
        "district": 12,
        "route": "SR-241",
        "direction": "North",
        "elevation_ft": 770,
        "postmile": 23.38,
        "image_url": "https://cwwp2.dot.ca.gov/data/d12/cctv/image/sr24180meterssouthofaltonparkwayovercross/sr24180meterssouthofaltonparkwayovercross.jpg",
        "stream_url": "https://wzmedia.dot.ca.gov/D12/NB241AltonPkwy.stream/playlist.m3u8",
        "update_freq_sec": "5",
        "in_service": true,
        "latitude": 33.67977,
        "longitude": -117.67286,
        "threat_score": 0,
        "category": "CCTV_FEED"
      }
    },
    {
      "type": "Feature",
      "geometry": {
        "type": "Point",
        "coordinates": [
          -117.6851399996846,
          33.690889999866954
        ]
      },
      "properties": {
        "object_id": 2833,
        "entity_name": "SR-241 : 780 Meters South of Portola Parkway Overcross",
        "nearby_place": "Foothill Ranch",
        "county": "Orange",
        "district": 12,
        "route": "SR-241",
        "direction": "North",
        "elevation_ft": 731,
        "postmile": 24.43,
        "image_url": "https://cwwp2.dot.ca.gov/data/d12/cctv/image/sr241780meterssouthofportolaparkwayovercross/sr241780meterssouthofportolaparkwayovercross.jpg",
        "stream_url": "https://wzmedia.dot.ca.gov/D12/NB241SOPortolaPkwy780m.stream/playlist.m3u8",
        "update_freq_sec": "5",
        "in_service": true,
        "latitude": 33.69089,
        "longitude": -117.68514,
        "threat_score": 0,
        "category": "CCTV_FEED"
      }
    },
    {
      "type": "Feature",
      "geometry": {
        "type": "Point",
        "coordinates": [
          -117.76779999960401,
          33.688070000352866
        ]
      },
      "properties": {
        "object_id": 2834,
        "entity_name": "I-5 : (99) Jeffrey Park and Ride",
        "nearby_place": "Irvine",
        "county": "Orange",
        "district": 12,
        "route": "I-5",
        "direction": "South",
        "elevation_ft": 167,
        "postmile": 24.87,
        "image_url": "https://cwwp2.dot.ca.gov/data/d12/cctv/image/i599jeffreyparkandride/i599jeffreyparkandride.jpg",
        "stream_url": "https://wzmedia.dot.ca.gov/D12/SB5JeffereyPnR.stream/playlist.m3u8",
        "update_freq_sec": "5",
        "in_service": true,
        "latitude": 33.68807,
        "longitude": -117.7678,
        "threat_score": 0,
        "category": "CCTV_FEED"
      }
    },
    {
      "type": "Feature",
      "geometry": {
        "type": "Point",
        "coordinates": [
          -117.75311999982718,
          33.665589999944906
        ]
      },
      "properties": {
        "object_id": 2835,
        "entity_name": "SR-133 : I-5",
        "nearby_place": "Irvine",
        "county": "Orange",
        "district": 12,
        "route": "SR-133",
        "direction": "North",
        "elevation_ft": 236,
        "postmile": 9.44,
        "image_url": "https://cwwp2.dot.ca.gov/data/d12/cctv/image/sr133i5/sr133i5.jpg",
        "stream_url": "https://wzmedia.dot.ca.gov/D12/NB133SORoute5.stream/playlist.m3u8",
        "update_freq_sec": "5",
        "in_service": true,
        "latitude": 33.66559,
        "longitude": -117.75312,
        "threat_score": 0,
        "category": "CCTV_FEED"
      }
    },
    {
      "type": "Feature",
      "geometry": {
        "type": "Point",
        "coordinates": [
          -117.75312999987291,
          33.67424000004561
        ]
      },
      "properties": {
        "object_id": 2836,
        "entity_name": "SR-133 : South of Marine Way Undercross",
        "nearby_place": "Irvine",
        "county": "Orange",
        "district": 12,
        "route": "SR-133",
        "direction": "North",
        "elevation_ft": 246,
        "postmile": 10.04,
        "image_url": "https://cwwp2.dot.ca.gov/data/d12/cctv/image/sr133southofmarinewayundercross/sr133southofmarinewayundercross.jpg",
        "stream_url": null,
        "update_freq_sec": "5",
        "in_service": true,
        "latitude": 33.67424,
        "longitude": -117.75313,
        "threat_score": 0,
        "category": "CCTV_FEED"
      }
    },
    {
      "type": "Feature",
      "geometry": {
        "type": "Point",
        "coordinates": [
          -117.74736999957621,
          33.68251000029667
        ]
      },
      "properties": {
        "object_id": 2837,
        "entity_name": "SR-133 : South of Trabuco Road Overcross",
        "nearby_place": "Irvine",
        "county": "Orange",
        "district": 12,
        "route": "SR-133",
        "direction": "North",
        "elevation_ft": 246,
        "postmile": 10.7,
        "image_url": "https://cwwp2.dot.ca.gov/data/d12/cctv/image/sr133southoftrabucoroadovercross/sr133southoftrabucoroadovercross.jpg",
        "stream_url": null,
        "update_freq_sec": "5",
        "in_service": true,
        "latitude": 33.68251,
        "longitude": -117.74737,
        "threat_score": 0,
        "category": "CCTV_FEED"
      }
    },
    {
      "type": "Feature",
      "geometry": {
        "type": "Point",
        "coordinates": [
          -117.74121000014473,
          33.689980000270246
        ]
      },
      "properties": {
        "object_id": 2838,
        "entity_name": "SR-133 : South of Irvine Blvd Overcross",
        "nearby_place": "Irvine",
        "county": "Orange",
        "district": 12,
        "route": "SR-133",
        "direction": "North",
        "elevation_ft": 288,
        "postmile": 11.33,
        "image_url": "https://cwwp2.dot.ca.gov/data/d12/cctv/image/sr133southofirvineblvdovercross/sr133southofirvineblvdovercross.jpg",
        "stream_url": "https://wzmedia.dot.ca.gov/D12/NB133SOIrvineBlvd.stream/playlist.m3u8",
        "update_freq_sec": "5",
        "in_service": true,
        "latitude": 33.68998,
        "longitude": -117.74121,
        "threat_score": 0,
        "category": "CCTV_FEED"
      }
    },
    {
      "type": "Feature",
      "geometry": {
        "type": "Point",
        "coordinates": [
          -117.73441999962806,
          33.697910000010296
        ]
      },
      "properties": {
        "object_id": 2839,
        "entity_name": "SR-133 : North of Irvine Boulevard Overcross",
        "nearby_place": "Irvine",
        "county": "Orange",
        "district": 12,
        "route": "SR-133",
        "direction": "North",
        "elevation_ft": 337,
        "postmile": 12,
        "image_url": "https://cwwp2.dot.ca.gov/data/d12/cctv/image/sr133northofirvineboulevardovercross/sr133northofirvineboulevardovercross.jpg",
        "stream_url": null,
        "update_freq_sec": "5",
        "in_service": true,
        "latitude": 33.69791,
        "longitude": -117.73442,
        "threat_score": 0,
        "category": "CCTV_FEED"
      }
    },
    {
      "type": "Feature",
      "geometry": {
        "type": "Point",
        "coordinates": [
          -117.72691799980709,
          33.704873999808036
        ]
      },
      "properties": {
        "object_id": 2840,
        "entity_name": "SR-133 : North of Portola",
        "nearby_place": "Irvine",
        "county": "Orange",
        "district": 12,
        "route": "SR-133",
        "direction": "North",
        "elevation_ft": 426,
        "postmile": 12.65,
        "image_url": "https://cwwp2.dot.ca.gov/data/d12/cctv/image/sr133northofportola/sr133northofportola.jpg",
        "stream_url": "https://wzmedia.dot.ca.gov/D12/NB133NOPortolaPkwy.stream/playlist.m3u8",
        "update_freq_sec": "5",
        "in_service": true,
        "latitude": 33.704874,
        "longitude": -117.726918,
        "threat_score": 0,
        "category": "CCTV_FEED"
      }
    },
    {
      "type": "Feature",
      "geometry": {
        "type": "Point",
        "coordinates": [
          -117.72397000033584,
          33.71006000026062
        ]
      },
      "properties": {
        "object_id": 2841,
        "entity_name": "SR-133 : South of Toll Plaza",
        "nearby_place": "Irvine",
        "county": "Orange",
        "district": 12,
        "route": "SR-133",
        "direction": "North",
        "elevation_ft": 511,
        "postmile": 13.06,
        "image_url": "https://cwwp2.dot.ca.gov/data/d12/cctv/image/sr133southoftollplaza/sr133southoftollplaza.jpg",
        "stream_url": "https://wzmedia.dot.ca.gov/D12/NB133SOTollRd.stream/playlist.m3u8",
        "update_freq_sec": "5",
        "in_service": true,
        "latitude": 33.71006,
        "longitude": -117.72397,
        "threat_score": 0,
        "category": "CCTV_FEED"
      }
    },
    {
      "type": "Feature",
      "geometry": {
        "type": "Point",
        "coordinates": [
          -117.7196799995768,
          33.71152000016318
        ]
      },
      "properties": {
        "object_id": 2842,
        "entity_name": "SR-241 : 750 Meters South of Bee Canyon Road",
        "nearby_place": "Foothill Ranch",
        "county": "Orange",
        "district": 12,
        "route": "SR-241",
        "direction": "North",
        "elevation_ft": 551,
        "postmile": 27.06,
        "image_url": "https://cwwp2.dot.ca.gov/data/d12/cctv/image/sr241750meterssouthofbeecanyonroad/sr241750meterssouthofbeecanyonroad.jpg",
        "stream_url": "https://wzmedia.dot.ca.gov/D12/NB241SOBeeCynRd750m.stream/playlist.m3u8",
        "update_freq_sec": "5",
        "in_service": true,
        "latitude": 33.71152,
        "longitude": -117.71968,
        "threat_score": 0,
        "category": "CCTV_FEED"
      }
    },
    {
      "type": "Feature",
      "geometry": {
        "type": "Point",
        "coordinates": [
          -117.71973999985124,
          33.71963999986965
        ]
      },
      "properties": {
        "object_id": 2843,
        "entity_name": "SR-241 : 50 Meters South of Bee Canyon Road",
        "nearby_place": "Irvine",
        "county": "Orange",
        "district": 12,
        "route": "SR-241",
        "direction": "North",
        "elevation_ft": 600,
        "postmile": 27.48,
        "image_url": "https://cwwp2.dot.ca.gov/data/d12/cctv/image/sr24150meterssouthofbeecanyonroad/sr24150meterssouthofbeecanyonroad.jpg",
        "stream_url": "https://wzmedia.dot.ca.gov/D12/NB241SOBeeCynRd50m.stream/playlist.m3u8",
        "update_freq_sec": "5",
        "in_service": true,
        "latitude": 33.71964,
        "longitude": -117.71974,
        "threat_score": 0,
        "category": "CCTV_FEED"
      }
    },
    {
      "type": "Feature",
      "geometry": {
        "type": "Point",
        "coordinates": [
          -117.7183499997812,
          33.73008000032609
        ]
      },
      "properties": {
        "object_id": 2844,
        "entity_name": "SR-241 : 800 Meters South of Haul Road",
        "nearby_place": "Irvine",
        "county": "Orange",
        "district": 12,
        "route": "SR-241",
        "direction": "North",
        "elevation_ft": 698,
        "postmile": 28.2,
        "image_url": "https://cwwp2.dot.ca.gov/data/d12/cctv/image/sr241800meterssouthofhaulroad/sr241800meterssouthofhaulroad.jpg",
        "stream_url": "https://wzmedia.dot.ca.gov/D12/NB241SOHaulRd.stream/playlist.m3u8",
        "update_freq_sec": "5",
        "in_service": true,
        "latitude": 33.73008,
        "longitude": -117.71835,
        "threat_score": 0,
        "category": "CCTV_FEED"
      }
    },
    {
      "type": "Feature",
      "geometry": {
        "type": "Point",
        "coordinates": [
          -117.7173920004296,
          33.73858399962852
        ]
      },
      "properties": {
        "object_id": 2845,
        "entity_name": "SR-241 : 180 Meters North of Haul Road",
        "nearby_place": "Irvine",
        "county": "Orange",
        "district": 12,
        "route": "SR-241",
        "direction": "North",
        "elevation_ft": 751,
        "postmile": 28.78,
        "image_url": "https://cwwp2.dot.ca.gov/data/d12/cctv/image/sr241180metersnorthofhaulroad/sr241180metersnorthofhaulroad.jpg",
        "stream_url": "https://wzmedia.dot.ca.gov/D12/NB241NOHaulRd.stream/playlist.m3u8",
        "update_freq_sec": "5",
        "in_service": false,
        "latitude": 33.738584,
        "longitude": -117.717392,
        "threat_score": 0,
        "category": "CCTV_FEED"
      }
    },
    {
      "type": "Feature",
      "geometry": {
        "type": "Point",
        "coordinates": [
          -117.72066999961373,
          33.74597999977469
        ]
      },
      "properties": {
        "object_id": 2846,
        "entity_name": "SR-241 : 500 Meters South of South Culver Drive",
        "nearby_place": "Irvine",
        "county": "Orange",
        "district": 12,
        "route": "SR-241",
        "direction": "North",
        "elevation_ft": 813,
        "postmile": 29.32,
        "image_url": "https://cwwp2.dot.ca.gov/data/d12/cctv/image/sr241500meterssouthofsouthculverdrive/sr241500meterssouthofsouthculverdrive.jpg",
        "stream_url": "https://wzmedia.dot.ca.gov/D12/NB241SOCulver.stream/playlist.m3u8",
        "update_freq_sec": "5",
        "in_service": false,
        "latitude": 33.74598,
        "longitude": -117.72067,
        "threat_score": 0,
        "category": "CCTV_FEED"
      }
    },
    {
      "type": "Feature",
      "geometry": {
        "type": "Point",
        "coordinates": [
          -117.72846000021312,
          33.75068000001342
        ]
      },
      "properties": {
        "object_id": 2847,
        "entity_name": "SR-241 : 400 Meters North of South Culver Drive",
        "nearby_place": "Irvine",
        "county": "Orange",
        "district": 12,
        "route": "SR-241",
        "direction": "North",
        "elevation_ft": 921,
        "postmile": 29.91,
        "image_url": "https://cwwp2.dot.ca.gov/data/d12/cctv/image/sr241400metersnorthofsouthculverdrive/sr241400metersnorthofsouthculverdrive.jpg",
        "stream_url": "https://wzmedia.dot.ca.gov/D12/NB241NOCulver.stream/playlist.m3u8",
        "update_freq_sec": "5",
        "in_service": false,
        "latitude": 33.75068,
        "longitude": -117.72846,
        "threat_score": 0,
        "category": "CCTV_FEED"
      }
    },
    {
      "type": "Feature",
      "geometry": {
        "type": "Point",
        "coordinates": [
          -117.73251999992007,
          33.756020000342204
        ]
      },
      "properties": {
        "object_id": 2848,
        "entity_name": "SR-241 : 600 Meters South of North Culver Drive",
        "nearby_place": "Irvine",
        "county": "Orange",
        "district": 12,
        "route": "SR-241",
        "direction": "North",
        "elevation_ft": 1030,
        "postmile": 30.37,
        "image_url": "https://cwwp2.dot.ca.gov/data/d12/cctv/image/sr241600meterssouthofnorthculverdrive/sr241600meterssouthofnorthculverdrive.jpg",
        "stream_url": "https://wzmedia.dot.ca.gov/D12/NB241SOCulverNorth.stream/playlist.m3u8",
        "update_freq_sec": "5",
        "in_service": false,
        "latitude": 33.75602,
        "longitude": -117.73252,
        "threat_score": 0,
        "category": "CCTV_FEED"
      }
    },
    {
      "type": "Feature",
      "geometry": {
        "type": "Point",
        "coordinates": [
          -117.73283299991454,
          33.76547900011526
        ]
      },
      "properties": {
        "object_id": 2849,
        "entity_name": "SR-241 : Pasture Rd 430 Meters North of North Culver Drive",
        "nearby_place": "Irvine",
        "county": "Orange",
        "district": 12,
        "route": "SR-241",
        "direction": "North",
        "elevation_ft": 977,
        "postmile": 30.99,
        "image_url": "https://cwwp2.dot.ca.gov/data/d12/cctv/image/sr241pasturerd430metersnorthofnorthculverdrive/sr241pasturerd430metersnorthofnorthculverdrive.jpg",
        "stream_url": "https://wzmedia.dot.ca.gov/D12/NB241PastureRd.stream/playlist.m3u8",
        "update_freq_sec": "5",
        "in_service": true,
        "latitude": 33.765479,
        "longitude": -117.732833,
        "threat_score": 0,
        "category": "CCTV_FEED"
      }
    },
    {
      "type": "Feature",
      "geometry": {
        "type": "Point",
        "coordinates": [
          -117.74056999991213,
          33.77151999979899
        ]
      },
      "properties": {
        "object_id": 2850,
        "entity_name": "SR-241 : SO EOC 1400 Meters North of North Culver Drive",
        "nearby_place": "Irvine",
        "county": "Orange",
        "district": 12,
        "route": "SR-241",
        "direction": "North",
        "elevation_ft": 948,
        "postmile": 31.62,
        "image_url": "https://cwwp2.dot.ca.gov/data/d12/cctv/image/sr241soeoc1400metersnorthofnorthculverdrive/sr241soeoc1400metersnorthofnorthculverdrive.jpg",
        "stream_url": "https://wzmedia.dot.ca.gov/D12/NB241SOEOC.stream/playlist.m3u8",
        "update_freq_sec": "5",
        "in_service": true,
        "latitude": 33.77152,
        "longitude": -117.74057,
        "threat_score": 0,
        "category": "CCTV_FEED"
      }
    },
    {
      "type": "Feature",
      "geometry": {
        "type": "Point",
        "coordinates": [
          -117.74739999971342,
          33.77829000010099
        ]
      },
      "properties": {
        "object_id": 2851,
        "entity_name": "SR-241 : 230 Meters South of Santiago Canyon Road Overcross",
        "nearby_place": "Irvine",
        "county": "Orange",
        "district": 12,
        "route": "SR-241",
        "direction": "North",
        "elevation_ft": 790,
        "postmile": 32.44,
        "image_url": "https://cwwp2.dot.ca.gov/data/d12/cctv/image/sr241230meterssouthofsantiagocanyonroadovercross/sr241230meterssouthofsantiagocanyonroadovercross.jpg",
        "stream_url": "https://wzmedia.dot.ca.gov/D12/NB241SOSantiagoCyn.stream/playlist.m3u8",
        "update_freq_sec": "5",
        "in_service": true,
        "latitude": 33.77829,
        "longitude": -117.7474,
        "threat_score": 0,
        "category": "CCTV_FEED"
      }
    },
    {
      "type": "Feature",
      "geometry": {
        "type": "Point",
        "coordinates": [
          -117.74371999994807,
          33.7870499997812
        ]
      },
      "properties": {
        "object_id": 2852,
        "entity_name": "SR-241 : 900 Meters North of Santiago 1 Canyon Road Overcross",
        "nearby_place": "Silverado",
        "county": "Orange",
        "district": 12,
        "route": "SR-241",
        "direction": "North",
        "elevation_ft": 764,
        "postmile": 33.01,
        "image_url": "https://cwwp2.dot.ca.gov/data/d12/cctv/image/sr241900metersnorthofsantiago1canyonroadovercross/sr241900metersnorthofsantiago1canyonroadovercross.jpg",
        "stream_url": "https://wzmedia.dot.ca.gov/D12/NB241NOSantiago1.stream/playlist.m3u8",
        "update_freq_sec": "5",
        "in_service": true,
        "latitude": 33.78705,
        "longitude": -117.74372,
        "threat_score": 0,
        "category": "CCTV_FEED"
      }
    },
    {
      "type": "Feature",
      "geometry": {
        "type": "Point",
        "coordinates": [
          -117.72882000006322,
          33.79636000021206
        ]
      },
      "properties": {
        "object_id": 2853,
        "entity_name": "SR-241 : 1700 Meters North of Santiago 2 Canyon Road Overcross",
        "nearby_place": "Silverado",
        "county": "Orange",
        "district": 12,
        "route": "SR-241",
        "direction": "North",
        "elevation_ft": 721,
        "postmile": 34.02,
        "image_url": "https://cwwp2.dot.ca.gov/data/d12/cctv/image/sr2411700metersnorthofsantiago2canyonroadovercross/sr2411700metersnorthofsantiago2canyonroadovercross.jpg",
        "stream_url": "https://wzmedia.dot.ca.gov/D12/NB241NOSantiago2.stream/playlist.m3u8",
        "update_freq_sec": "5",
        "in_service": true,
        "latitude": 33.79636,
        "longitude": -117.72882,
        "threat_score": 0,
        "category": "CCTV_FEED"
      }
    },
    {
      "type": "Feature",
      "geometry": {
        "type": "Point",
        "coordinates": [
          -117.7362399998684,
          33.7917099997068
        ]
      },
      "properties": {
        "object_id": 2854,
        "entity_name": "SR-241 : 2600 Meters North of Santiago Canyon Road Overcross",
        "nearby_place": "Silverado",
        "county": "Orange",
        "district": 12,
        "route": "SR-241",
        "direction": "North",
        "elevation_ft": 793,
        "postmile": 33.48,
        "image_url": "https://cwwp2.dot.ca.gov/data/d12/cctv/image/sr2412600metersnorthofsantiagocanyonroadovercross/sr2412600metersnorthofsantiagocanyonroadovercross.jpg",
        "stream_url": "https://wzmedia.dot.ca.gov/D12/NB241NOSantiagoCyn.stream/playlist.m3u8",
        "update_freq_sec": "5",
        "in_service": true,
        "latitude": 33.79171,
        "longitude": -117.73624,
        "threat_score": 0,
        "category": "CCTV_FEED"
      }
    },
    {
      "type": "Feature",
      "geometry": {
        "type": "Point",
        "coordinates": [
          -117.72361999963316,
          33.806970000109764
        ]
      },
      "properties": {
        "object_id": 2855,
        "entity_name": "SR-241 : Oak 2000 Meters South of Windy Ridge Toll Plaza",
        "nearby_place": "Silverado",
        "county": "Orange",
        "district": 12,
        "route": "SR-241",
        "direction": "North",
        "elevation_ft": 882,
        "postmile": 34.8,
        "image_url": "https://cwwp2.dot.ca.gov/data/d12/cctv/image/sr241oak2000meterssouthofwindyridgetollplaza/sr241oak2000meterssouthofwindyridgetollplaza.jpg",
        "stream_url": "https://wzmedia.dot.ca.gov/D12/NB241OakCynWuc.stream/playlist.m3u8",
        "update_freq_sec": "5",
        "in_service": true,
        "latitude": 33.80697,
        "longitude": -117.72362,
        "threat_score": 0,
        "category": "CCTV_FEED"
      }
    },
    {
      "type": "Feature",
      "geometry": {
        "type": "Point",
        "coordinates": [
          -117.71821000003911,
          33.816059999701636
        ]
      },
      "properties": {
        "object_id": 2856,
        "entity_name": "SR-241 : 920 Meters South of Windy Toll Plaza",
        "nearby_place": "Orange",
        "county": "Orange",
        "district": 12,
        "route": "SR-241",
        "direction": "North",
        "elevation_ft": 1128,
        "postmile": 35.5,
        "image_url": "https://cwwp2.dot.ca.gov/data/d12/cctv/image/sr241920meterssouthofwindytollplaza/sr241920meterssouthofwindytollplaza.jpg",
        "stream_url": "https://wzmedia.dot.ca.gov/D12/NB241SOWindyToll.stream/playlist.m3u8",
        "update_freq_sec": "5",
        "in_service": false,
        "latitude": 33.81606,
        "longitude": -117.71821,
        "threat_score": 0,
        "category": "CCTV_FEED"
      }
    },
    {
      "type": "Feature",
      "geometry": {
        "type": "Point",
        "coordinates": [
          -117.7165200003934,
          33.83002000006361
        ]
      },
      "properties": {
        "object_id": 2857,
        "entity_name": "SR-241 : 600 Meters North of Windy Toll Plaza",
        "nearby_place": "Orange",
        "county": "Orange",
        "district": 12,
        "route": "SR-241",
        "direction": "North",
        "elevation_ft": 1256,
        "postmile": 36.47,
        "image_url": "https://cwwp2.dot.ca.gov/data/d12/cctv/image/sr241600metersnorthofwindytollplaza/sr241600metersnorthofwindytollplaza.jpg",
        "stream_url": "https://wzmedia.dot.ca.gov/D12/NB241NOWindyToll.stream/playlist.m3u8",
        "update_freq_sec": "5",
        "in_service": true,
        "latitude": 33.83002,
        "longitude": -117.71652,
        "threat_score": 0,
        "category": "CCTV_FEED"
      }
    },
    {
      "type": "Feature",
      "geometry": {
        "type": "Point",
        "coordinates": [
          -117.71728000027662,
          33.83507000020486
        ]
      },
      "properties": {
        "object_id": 2858,
        "entity_name": "SR-241 : 1200 Meters North of Windy Ridge Wu Toll Plaza",
        "nearby_place": "Anaheim",
        "county": "Orange",
        "district": 12,
        "route": "SR-241",
        "direction": "North",
        "elevation_ft": 1118,
        "postmile": 36.81,
        "image_url": "https://cwwp2.dot.ca.gov/data/d12/cctv/image/sr2411200metersnorthofwindyridgewutollplaza/sr2411200metersnorthofwindyridgewutollplaza.jpg",
        "stream_url": "https://wzmedia.dot.ca.gov/D12/NB241WindyRidgeWu.stream/playlist.m3u8",
        "update_freq_sec": "5",
        "in_service": true,
        "latitude": 33.83507,
        "longitude": -117.71728,
        "threat_score": 0,
        "category": "CCTV_FEED"
      }
    },
    {
      "type": "Feature",
      "geometry": {
        "type": "Point",
        "coordinates": [
          -117.71683000001482,
          33.84453000000302
        ]
      },
      "properties": {
        "object_id": 2859,
        "entity_name": "SR-241 : 2300 Meters North of Windy WUC Ridge Toll Plaza",
        "nearby_place": "Anaheim",
        "county": "Orange",
        "district": 12,
        "route": "SR-241",
        "direction": "North",
        "elevation_ft": 898,
        "postmile": 37.49,
        "image_url": "https://cwwp2.dot.ca.gov/data/d12/cctv/image/sr2412300metersnorthofwindywucridgetollplaza/sr2412300metersnorthofwindywucridgetollplaza.jpg",
        "stream_url": "https://wzmedia.dot.ca.gov/D12/NBNOWindyWUC.stream/playlist.m3u8",
        "update_freq_sec": "5",
        "in_service": true,
        "latitude": 33.84453,
        "longitude": -117.71683,
        "threat_score": 0,
        "category": "CCTV_FEED"
      }
    },
    {
      "type": "Feature",
      "geometry": {
        "type": "Point",
        "coordinates": [
          -117.716680000227,
          33.855310000309274
        ]
      },
      "properties": {
        "object_id": 2860,
        "entity_name": "SR-241 : 1100 Meters South of SR-91",
        "nearby_place": "Anaheim",
        "county": "Orange",
        "district": 12,
        "route": "SR-241",
        "direction": "North",
        "elevation_ft": 679,
        "postmile": 38.23,
        "image_url": "https://cwwp2.dot.ca.gov/data/d12/cctv/image/sr2411100meterssouthofsr91/sr2411100meterssouthofsr91.jpg",
        "stream_url": "https://wzmedia.dot.ca.gov/D12/NB241SOSR91.stream/playlist.m3u8",
        "update_freq_sec": "5",
        "in_service": true,
        "latitude": 33.85531,
        "longitude": -117.71668,
        "threat_score": 0,
        "category": "CCTV_FEED"
      }
    },
    {
      "type": "Feature",
      "geometry": {
        "type": "Point",
        "coordinates": [
          -117.71530900042353,
          33.8625720000275
        ]
      },
      "properties": {
        "object_id": 2861,
        "entity_name": "SR-241 NB : EB SR-91 -241Connector",
        "nearby_place": "Yorba Linda",
        "county": "Orange",
        "district": 12,
        "route": "SR-241",
        "direction": "North",
        "elevation_ft": 538,
        "postmile": 38.73,
        "image_url": "https://cwwp2.dot.ca.gov/data/d12/cctv/image/sr241nbebsr91241connector/sr241nbebsr91241connector.jpg",
        "stream_url": "https://wzmedia.dot.ca.gov/D12/NB241ToEB91.stream/playlist.m3u8",
        "update_freq_sec": "5",
        "in_service": true,
        "latitude": 33.862572,
        "longitude": -117.715309,
        "threat_score": 0,
        "category": "CCTV_FEED"
      }
    },
    {
      "type": "Feature",
      "geometry": {
        "type": "Point",
        "coordinates": [
          -117.71784699981595,
          33.86389900031057
        ]
      },
      "properties": {
        "object_id": 2862,
        "entity_name": "SR-241 SB : SR-91 EB",
        "nearby_place": "Anaheim",
        "county": "Orange",
        "district": 12,
        "route": "SR-241",
        "direction": "North",
        "elevation_ft": 485,
        "postmile": 38.9,
        "image_url": "https://cwwp2.dot.ca.gov/data/d12/cctv/image/sr241sbsr91eb/sr241sbsr91eb.jpg",
        "stream_url": "https://wzmedia.dot.ca.gov/D12/SB241ToEBSR91.stream/playlist.m3u8",
        "update_freq_sec": "5",
        "in_service": true,
        "latitude": 33.863899,
        "longitude": -117.717847,
        "threat_score": 0,
        "category": "CCTV_FEED"
      }
    },
    {
      "type": "Feature",
      "geometry": {
        "type": "Point",
        "coordinates": [
          -117.79526000034794,
          33.71751000035748
        ]
      },
      "properties": {
        "object_id": 2863,
        "entity_name": "SR-261 : 200 Meters South of I-5",
        "nearby_place": "Irvine",
        "county": "Orange",
        "district": 12,
        "route": "SR-261",
        "direction": "South",
        "elevation_ft": 82,
        "postmile": 0.51,
        "image_url": "https://cwwp2.dot.ca.gov/data/d12/cctv/image/sr261200meterssouthofi5/sr261200meterssouthofi5.jpg",
        "stream_url": "https://wzmedia.dot.ca.gov/D12/SB261SOI-5.stream/playlist.m3u8",
        "update_freq_sec": "5",
        "in_service": true,
        "latitude": 33.71751,
        "longitude": -117.79526,
        "threat_score": 0,
        "category": "CCTV_FEED"
      }
    },
    {
      "type": "Feature",
      "geometry": {
        "type": "Point",
        "coordinates": [
          -117.78653999998606,
          33.721719999855985
        ]
      },
      "properties": {
        "object_id": 2864,
        "entity_name": "SR-261 : 100 Meters South of Bryan Avenue Overcross",
        "nearby_place": "Irvine",
        "county": "Orange",
        "district": 12,
        "route": "SR-261",
        "direction": "North",
        "elevation_ft": 101,
        "postmile": 1.09,
        "image_url": "https://cwwp2.dot.ca.gov/data/d12/cctv/image/sr261100meterssouthofbryanavenueovercross/sr261100meterssouthofbryanavenueovercross.jpg",
        "stream_url": "https://wzmedia.dot.ca.gov/D12/NB261BryanAve.stream/playlist.m3u8",
        "update_freq_sec": "5",
        "in_service": true,
        "latitude": 33.72172,
        "longitude": -117.78654,
        "threat_score": 0,
        "category": "CCTV_FEED"
      }
    },
    {
      "type": "Feature",
      "geometry": {
        "type": "Point",
        "coordinates": [
          -117.77976999956091,
          33.72536999982829
        ]
      },
      "properties": {
        "object_id": 2865,
        "entity_name": "SR-261 : 70 Meters South of Irvine Boulevard Overcross",
        "nearby_place": "Irvine",
        "county": "Orange",
        "district": 12,
        "route": "SR-261",
        "direction": "North",
        "elevation_ft": 111,
        "postmile": 1.56,
        "image_url": "https://cwwp2.dot.ca.gov/data/d12/cctv/image/sr26170meterssouthofirvineboulevardovercross/sr26170meterssouthofirvineboulevardovercross.jpg",
        "stream_url": "https://wzmedia.dot.ca.gov/D12/NB261IrvineBlvd.stream/playlist.m3u8",
        "update_freq_sec": "5",
        "in_service": true,
        "latitude": 33.72537,
        "longitude": -117.77977,
        "threat_score": 0,
        "category": "CCTV_FEED"
      }
    },
    {
      "type": "Feature",
      "geometry": {
        "type": "Point",
        "coordinates": [
          -117.77249000039612,
          33.73350000011517
        ]
      },
      "properties": {
        "object_id": 2866,
        "entity_name": "SR-261 : 370 Meters North of Irvine Boulevard Northbound Toll Plaza",
        "nearby_place": "Irvine",
        "county": "Orange",
        "district": 12,
        "route": "SR-261",
        "direction": "North",
        "elevation_ft": 157,
        "postmile": 2.25,
        "image_url": "https://cwwp2.dot.ca.gov/data/d12/cctv/image/sr261370metersnorthofirvineboulevardnorthboundtollplaza/sr261370metersnorthofirvineboulevardnorthboundtollplaza.jpg",
        "stream_url": "https://wzmedia.dot.ca.gov/D12/NB261NOIrvineBlvd.stream/playlist.m3u8",
        "update_freq_sec": "5",
        "in_service": true,
        "latitude": 33.7335,
        "longitude": -117.77249,
        "threat_score": 0,
        "category": "CCTV_FEED"
      }
    },
    {
      "type": "Feature",
      "geometry": {
        "type": "Point",
        "coordinates": [
          -117.76699000039041,
          33.74019999986735
        ]
      },
      "properties": {
        "object_id": 2867,
        "entity_name": "SR-261 : 80 Meters South of Portola Parkway (West) Overcross",
        "nearby_place": "Irvine",
        "county": "Orange",
        "district": 12,
        "route": "SR-261",
        "direction": "North",
        "elevation_ft": 239,
        "postmile": 2.81,
        "image_url": "https://cwwp2.dot.ca.gov/data/d12/cctv/image/sr26180meterssouthofportolaparkwaywestovercross/sr26180meterssouthofportolaparkwaywestovercross.jpg",
        "stream_url": "https://wzmedia.dot.ca.gov/D12/NB261SOPortolaPkwy.stream/playlist.m3u8",
        "update_freq_sec": "5",
        "in_service": true,
        "latitude": 33.7402,
        "longitude": -117.76699,
        "threat_score": 0,
        "category": "CCTV_FEED"
      }
    },
    {
      "type": "Feature",
      "geometry": {
        "type": "Point",
        "coordinates": [
          -117.76445999959725,
          33.74882000006252
        ]
      },
      "properties": {
        "object_id": 2868,
        "entity_name": "SR-261 : 940 Meters North of Portola Parkway (West) Overcross",
        "nearby_place": "Irvine",
        "county": "Orange",
        "district": 12,
        "route": "SR-261",
        "direction": "North",
        "elevation_ft": 314,
        "postmile": 3.42,
        "image_url": "https://cwwp2.dot.ca.gov/data/d12/cctv/image/sr261940metersnorthofportolaparkwaywestovercross/sr261940metersnorthofportolaparkwaywestovercross.jpg",
        "stream_url": "https://wzmedia.dot.ca.gov/D12/NB261NOPortolaPkwy1.stream/playlist.m3u8",
        "update_freq_sec": "5",
        "in_service": true,
        "latitude": 33.74882,
        "longitude": -117.76446,
        "threat_score": 0,
        "category": "CCTV_FEED"
      }
    },
    {
      "type": "Feature",
      "geometry": {
        "type": "Point",
        "coordinates": [
          -117.76207500036567,
          33.75737200033832
        ]
      },
      "properties": {
        "object_id": 2869,
        "entity_name": "SR-261 : 1900 Meters North of Portola Parkway (West) Overcross",
        "nearby_place": "Irvine",
        "county": "Orange",
        "district": 12,
        "route": "SR-261",
        "direction": "North",
        "elevation_ft": 416,
        "postmile": 4.03,
        "image_url": "https://cwwp2.dot.ca.gov/data/d12/cctv/image/sr2611900metersnorthofportolaparkwaywestovercross/sr2611900metersnorthofportolaparkwaywestovercross.jpg",
        "stream_url": "https://wzmedia.dot.ca.gov/D12/NB261NOPortolaPkwy2.stream/playlist.m3u8",
        "update_freq_sec": "5",
        "in_service": true,
        "latitude": 33.757372,
        "longitude": -117.762075,
        "threat_score": 0,
        "category": "CCTV_FEED"
      }
    },
    {
      "type": "Feature",
      "geometry": {
        "type": "Point",
        "coordinates": [
          -117.75881999984946,
          33.76313000018627
        ]
      },
      "properties": {
        "object_id": 2870,
        "entity_name": "SR-261 : 1500 Meters South of Handy Creek Road",
        "nearby_place": "Irvine",
        "county": "Orange",
        "district": 12,
        "route": "SR-261",
        "direction": "North",
        "elevation_ft": 501,
        "postmile": 4.47,
        "image_url": "https://cwwp2.dot.ca.gov/data/d12/cctv/image/sr2611500meterssouthofhandycreekroad/sr2611500meterssouthofhandycreekroad.jpg",
        "stream_url": "https://wzmedia.dot.ca.gov/D12/NB261SOHandyCk.stream/playlist.m3u8",
        "update_freq_sec": "5",
        "in_service": true,
        "latitude": 33.76313,
        "longitude": -117.75882,
        "threat_score": 0,
        "category": "CCTV_FEED"
      }
    },
    {
      "type": "Feature",
      "geometry": {
        "type": "Point",
        "coordinates": [
          -117.75851400042599,
          33.77513399988063
        ]
      },
      "properties": {
        "object_id": 2871,
        "entity_name": "SR-261 : South of Handy Creek",
        "nearby_place": "Irvine",
        "county": "Orange",
        "district": 12,
        "route": "SR-261",
        "direction": "South",
        "elevation_ft": 662,
        "postmile": 5.29,
        "image_url": "https://cwwp2.dot.ca.gov/data/d12/cctv/image/sr261southofhandycreek/sr261southofhandycreek.jpg",
        "stream_url": "https://wzmedia.dot.ca.gov/D12/SB261SOHandyCk.stream/playlist.m3u8",
        "update_freq_sec": "5",
        "in_service": true,
        "latitude": 33.775134,
        "longitude": -117.758514,
        "threat_score": 0,
        "category": "CCTV_FEED"
      }
    },
    {
      "type": "Feature",
      "geometry": {
        "type": "Point",
        "coordinates": [
          -117.75301600007012,
          33.7802899996871
        ]
      },
      "properties": {
        "object_id": 2872,
        "entity_name": "SR-261 : SO Santiago Cyn Rd",
        "nearby_place": "Irvine",
        "county": "Orange",
        "district": 12,
        "route": "SR-261",
        "direction": "North",
        "elevation_ft": 662,
        "postmile": 5.78,
        "image_url": "https://cwwp2.dot.ca.gov/data/d12/cctv/image/sr261sosantiagocynrd/sr261sosantiagocynrd.jpg",
        "stream_url": "https://wzmedia.dot.ca.gov/D12/NB261SOSantiagoCyn.stream/playlist.m3u8",
        "update_freq_sec": "5",
        "in_service": true,
        "latitude": 33.78029,
        "longitude": -117.753016,
        "threat_score": 0,
        "category": "CCTV_FEED"
      }
    },
    {
      "type": "Feature",
      "geometry": {
        "type": "Point",
        "coordinates": [
          -117.69274000031315,
          33.696030000262496
        ]
      },
      "properties": {
        "object_id": 2873,
        "entity_name": "SR-241 : 40 Meters North of Portola Parkway",
        "nearby_place": "Foothill Ranch",
        "county": "Orange",
        "district": 12,
        "route": "SR-241",
        "direction": "North",
        "elevation_ft": 698,
        "postmile": 25.01,
        "image_url": "https://cwwp2.dot.ca.gov/data/d12/cctv/image/sr24140metersnorthofportolaparkway/sr24140metersnorthofportolaparkway.jpg",
        "stream_url": "https://wzmedia.dot.ca.gov/D12/NB241NOPortolaPkwy.stream/playlist.m3u8",
        "update_freq_sec": "5",
        "in_service": true,
        "latitude": 33.69603,
        "longitude": -117.69274,
        "threat_score": 0,
        "category": "CCTV_FEED"
      }
    },
    {
      "type": "Feature",
      "geometry": {
        "type": "Point",
        "coordinates": [
          -117.70969999973954,
          33.70415999967064
        ]
      },
      "properties": {
        "object_id": 2874,
        "entity_name": "SR-241 : North of Tomato Toll",
        "nearby_place": "Foothill Ranch",
        "county": "Orange",
        "district": 12,
        "route": "SR-241",
        "direction": "North",
        "elevation_ft": 606,
        "postmile": 26.29,
        "image_url": "https://cwwp2.dot.ca.gov/data/d12/cctv/image/sr241northoftomatotoll/sr241northoftomatotoll.jpg",
        "stream_url": "https://wzmedia.dot.ca.gov/D12/NB241NOTomatoToll.stream/playlist.m3u8",
        "update_freq_sec": "5",
        "in_service": true,
        "latitude": 33.70416,
        "longitude": -117.7097,
        "threat_score": 0,
        "category": "CCTV_FEED"
      }
    },
    {
      "type": "Feature",
      "geometry": {
        "type": "Point",
        "coordinates": [
          -117.67514999980158,
          33.54883999986173
        ]
      },
      "properties": {
        "object_id": 2875,
        "entity_name": "SR-73 : North of Paseo De Colinas Undercross",
        "nearby_place": "Laguna Niguel",
        "county": "Orange",
        "district": 12,
        "route": "SR-73",
        "direction": "North",
        "elevation_ft": 259,
        "postmile": 10.8,
        "image_url": "https://cwwp2.dot.ca.gov/data/d12/cctv/image/sr73northofpaseodecolinasundercross/sr73northofpaseodecolinasundercross.jpg",
        "stream_url": "https://wzmedia.dot.ca.gov/D12/NB73PaseoDeColina.stream/playlist.m3u8",
        "update_freq_sec": "5",
        "in_service": true,
        "latitude": 33.54884,
        "longitude": -117.67515,
        "threat_score": 0,
        "category": "CCTV_FEED"
      }
    },
    {
      "type": "Feature",
      "geometry": {
        "type": "Point",
        "coordinates": [
          -117.68094000023555,
          33.55741999968943
        ]
      },
      "properties": {
        "object_id": 2876,
        "entity_name": "SR-73 : North of Crown Valley Parkway Undercross",
        "nearby_place": "Laguna Hills",
        "county": "Orange",
        "district": 12,
        "route": "SR-73",
        "direction": "North",
        "elevation_ft": 410,
        "postmile": 11.5,
        "image_url": "https://cwwp2.dot.ca.gov/data/d12/cctv/image/sr73northofcrownvalleyparkwayundercross/sr73northofcrownvalleyparkwayundercross.jpg",
        "stream_url": "https://wzmedia.dot.ca.gov/D12/NB73CrownValley.stream/playlist.m3u8",
        "update_freq_sec": "5",
        "in_service": true,
        "latitude": 33.55742,
        "longitude": -117.68094,
        "threat_score": 0,
        "category": "CCTV_FEED"
      }
    },
    {
      "type": "Feature",
      "geometry": {
        "type": "Point",
        "coordinates": [
          -117.68622000013322,
          33.55793000031492
        ]
      },
      "properties": {
        "object_id": 2877,
        "entity_name": "SR-73 : North of Greenfield Drive Undercross",
        "nearby_place": "Laguna Niguel",
        "county": "Orange",
        "district": 12,
        "route": "SR-73",
        "direction": "South",
        "elevation_ft": 426,
        "postmile": 11.81,
        "image_url": "https://cwwp2.dot.ca.gov/data/d12/cctv/image/sr73northofgreenfielddriveundercross/sr73northofgreenfielddriveundercross.jpg",
        "stream_url": "https://wzmedia.dot.ca.gov/D12/SB73Greenfield.stream/playlist.m3u8",
        "update_freq_sec": "5",
        "in_service": true,
        "latitude": 33.55793,
        "longitude": -117.68622,
        "threat_score": 0,
        "category": "CCTV_FEED"
      }
    },
    {
      "type": "Feature",
      "geometry": {
        "type": "Point",
        "coordinates": [
          -117.69434999959292,
          33.562519999933066
        ]
      },
      "properties": {
        "object_id": 2878,
        "entity_name": "SR-73 : South of Moulton Parkway Undercross",
        "nearby_place": "Laguna Niguel",
        "county": "Orange",
        "district": 12,
        "route": "SR-73",
        "direction": "South",
        "elevation_ft": 426,
        "postmile": 12.4,
        "image_url": "https://cwwp2.dot.ca.gov/data/d12/cctv/image/sr73southofmoultonparkwayundercross/sr73southofmoultonparkwayundercross.jpg",
        "stream_url": "https://wzmedia.dot.ca.gov/D12/SB73SOMoultonPkwy.stream/playlist.m3u8",
        "update_freq_sec": "5",
        "in_service": true,
        "latitude": 33.56252,
        "longitude": -117.69435,
        "threat_score": 0,
        "category": "CCTV_FEED"
      }
    },
    {
      "type": "Feature",
      "geometry": {
        "type": "Point",
        "coordinates": [
          -117.70093000004726,
          33.56887999995501
        ]
      },
      "properties": {
        "object_id": 2879,
        "entity_name": "SR-73 : North of Moulton Parkway Undercross",
        "nearby_place": "Laguna Niguel",
        "county": "Orange",
        "district": 12,
        "route": "SR-73",
        "direction": "South",
        "elevation_ft": 259,
        "postmile": 12.97,
        "image_url": "https://cwwp2.dot.ca.gov/data/d12/cctv/image/sr73northofmoultonparkwayundercross/sr73northofmoultonparkwayundercross.jpg",
        "stream_url": "https://wzmedia.dot.ca.gov/D12/SB73NOMoultonPkwy.stream/playlist.m3u8",
        "update_freq_sec": "5",
        "in_service": true,
        "latitude": 33.56888,
        "longitude": -117.70093,
        "threat_score": 0,
        "category": "CCTV_FEED"
      }
    },
    {
      "type": "Feature",
      "geometry": {
        "type": "Point",
        "coordinates": [
          -117.70690000040628,
          33.57440000006478
        ]
      },
      "properties": {
        "object_id": 2880,
        "entity_name": "SR-73 : North of La Paz Road Undercross",
        "nearby_place": "Aliso Viejo",
        "county": "Orange",
        "district": 12,
        "route": "SR-73",
        "direction": "North",
        "elevation_ft": 255,
        "postmile": 13.47,
        "image_url": "https://cwwp2.dot.ca.gov/data/d12/cctv/image/sr73northoflapazroadundercross/sr73northoflapazroadundercross.jpg",
        "stream_url": "https://wzmedia.dot.ca.gov/D12/NB73NOLaPaz.stream/playlist.m3u8",
        "update_freq_sec": "5",
        "in_service": true,
        "latitude": 33.5744,
        "longitude": -117.7069,
        "threat_score": 0,
        "category": "CCTV_FEED"
      }
    },
    {
      "type": "Feature",
      "geometry": {
        "type": "Point",
        "coordinates": [
          -117.71214000012101,
          33.57539000013376
        ]
      },
      "properties": {
        "object_id": 2881,
        "entity_name": "SR-73 : Alicia Parkway Overcross",
        "nearby_place": "Aliso Viejo",
        "county": "Orange",
        "district": 12,
        "route": "SR-73",
        "direction": "South",
        "elevation_ft": 232,
        "postmile": 13.78,
        "image_url": "https://cwwp2.dot.ca.gov/data/d12/cctv/image/sr73aliciaparkwayovercross/sr73aliciaparkwayovercross.jpg",
        "stream_url": "https://wzmedia.dot.ca.gov/D12/SB73AliciaPkwy.stream/playlist.m3u8",
        "update_freq_sec": "5",
        "in_service": true,
        "latitude": 33.57539,
        "longitude": -117.71214,
        "threat_score": 0,
        "category": "CCTV_FEED"
      }
    },
    {
      "type": "Feature",
      "geometry": {
        "type": "Point",
        "coordinates": [
          -117.72127999970913,
          33.5798500003205
        ]
      },
      "properties": {
        "object_id": 2882,
        "entity_name": "SR-73 : Aliso Creek Road",
        "nearby_place": "Aliso Viejo",
        "county": "Orange",
        "district": 12,
        "route": "SR-73",
        "direction": "South",
        "elevation_ft": 360,
        "postmile": 14.38,
        "image_url": "https://cwwp2.dot.ca.gov/data/d12/cctv/image/sr73alisocreekroad/sr73alisocreekroad.jpg",
        "stream_url": "https://wzmedia.dot.ca.gov/D12/SB73AlisoCrk.stream/playlist.m3u8",
        "update_freq_sec": "5",
        "in_service": true,
        "latitude": 33.57985,
        "longitude": -117.72128,
        "threat_score": 0,
        "category": "CCTV_FEED"
      }
    },
    {
      "type": "Feature",
      "geometry": {
        "type": "Point",
        "coordinates": [
          -117.72701999991436,
          33.584180000225295
        ]
      },
      "properties": {
        "object_id": 2883,
        "entity_name": "SR-73 : South of Laguna Hills Drive Overcross",
        "nearby_place": "Aliso Viejo",
        "county": "Orange",
        "district": 12,
        "route": "SR-73",
        "direction": "South",
        "elevation_ft": 469,
        "postmile": 14.83,
        "image_url": "https://cwwp2.dot.ca.gov/data/d12/cctv/image/sr73southoflagunahillsdriveovercross/sr73southoflagunahillsdriveovercross.jpg",
        "stream_url": "https://wzmedia.dot.ca.gov/D12/SB73LagunaHills.stream/playlist.m3u8",
        "update_freq_sec": "5",
        "in_service": true,
        "latitude": 33.58418,
        "longitude": -117.72702,
        "threat_score": 0,
        "category": "CCTV_FEED"
      }
    },
    {
      "type": "Feature",
      "geometry": {
        "type": "Point",
        "coordinates": [
          -117.72970700016802,
          33.58583300026681
        ]
      },
      "properties": {
        "object_id": 2884,
        "entity_name": "SR-73 : North of Laguna Hills Drive Overcross",
        "nearby_place": "Aliso Viejo",
        "county": "Orange",
        "district": 12,
        "route": "SR-73",
        "direction": "South",
        "elevation_ft": 534,
        "postmile": 15.02,
        "image_url": "https://cwwp2.dot.ca.gov/data/d12/cctv/image/sr73northoflagunahillsdriveovercross/sr73northoflagunahillsdriveovercross.jpg",
        "stream_url": "https://wzmedia.dot.ca.gov/D12/SB73NOLagunaHills.stream/playlist.m3u8",
        "update_freq_sec": "5",
        "in_service": true,
        "latitude": 33.585833,
        "longitude": -117.729707,
        "threat_score": 0,
        "category": "CCTV_FEED"
      }
    },
    {
      "type": "Feature",
      "geometry": {
        "type": "Point",
        "coordinates": [
          -117.73372000001935,
          33.58672000004196
        ]
      },
      "properties": {
        "object_id": 2885,
        "entity_name": "SR-73 : Pacific Park Drive Overcross",
        "nearby_place": "Aliso Viejo",
        "county": "Orange",
        "district": 12,
        "route": "SR-73",
        "direction": "South",
        "elevation_ft": 603,
        "postmile": 15.27,
        "image_url": "https://cwwp2.dot.ca.gov/data/d12/cctv/image/sr73pacificparkdriveovercross/sr73pacificparkdriveovercross.jpg",
        "stream_url": "https://wzmedia.dot.ca.gov/D12/SB73PacificParkDr.stream/playlist.m3u8",
        "update_freq_sec": "5",
        "in_service": true,
        "latitude": 33.58672,
        "longitude": -117.73372,
        "threat_score": 0,
        "category": "CCTV_FEED"
      }
    },
    {
      "type": "Feature",
      "geometry": {
        "type": "Point",
        "coordinates": [
          -117.74293999997342,
          33.58865000024783
        ]
      },
      "properties": {
        "object_id": 2886,
        "entity_name": "SR-73 : El Toro Road Offramp",
        "nearby_place": "Aliso Viejo",
        "county": "Orange",
        "district": 12,
        "route": "SR-73",
        "direction": "North",
        "elevation_ft": 511,
        "postmile": 15.84,
        "image_url": "https://cwwp2.dot.ca.gov/data/d12/cctv/image/sr73eltororoadofframp/sr73eltororoadofframp.jpg",
        "stream_url": "https://wzmedia.dot.ca.gov/D12/NB73SOElToroRd.stream/playlist.m3u8",
        "update_freq_sec": "5",
        "in_service": true,
        "latitude": 33.58865,
        "longitude": -117.74294,
        "threat_score": 0,
        "category": "CCTV_FEED"
      }
    },
    {
      "type": "Feature",
      "geometry": {
        "type": "Point",
        "coordinates": [
          -117.75267999961112,
          33.59067000033805
        ]
      },
      "properties": {
        "object_id": 2887,
        "entity_name": "SR-73 : North of El Toro Road Undercross",
        "nearby_place": "Laguna Beach",
        "county": "Orange",
        "district": 12,
        "route": "SR-73",
        "direction": "South",
        "elevation_ft": 321,
        "postmile": 16.4,
        "image_url": "https://cwwp2.dot.ca.gov/data/d12/cctv/image/sr73northofeltororoadundercross/sr73northofeltororoadundercross.jpg",
        "stream_url": "https://wzmedia.dot.ca.gov/D12/SB73NOElToroRd.stream/playlist.m3u8",
        "update_freq_sec": "5",
        "in_service": false,
        "latitude": 33.59067,
        "longitude": -117.75268,
        "threat_score": 0,
        "category": "CCTV_FEED"
      }
    },
    {
      "type": "Feature",
      "geometry": {
        "type": "Point",
        "coordinates": [
          -117.7612100000022,
          33.593960000242696
        ]
      },
      "properties": {
        "object_id": 2888,
        "entity_name": "SR-73 : North of Laguna Canyon Road Undercross A",
        "nearby_place": "Irvine",
        "county": "Orange",
        "district": 12,
        "route": "SR-73",
        "direction": "North",
        "elevation_ft": 334,
        "postmile": 16.94,
        "image_url": "https://cwwp2.dot.ca.gov/data/d12/cctv/image/sr73northoflagunacanyonroadundercrossa/sr73northoflagunacanyonroadundercrossa.jpg",
        "stream_url": "https://wzmedia.dot.ca.gov/D12/NB73LagunaCyn.stream/playlist.m3u8",
        "update_freq_sec": "5",
        "in_service": true,
        "latitude": 33.59396,
        "longitude": -117.76121,
        "threat_score": 0,
        "category": "CCTV_FEED"
      }
    },
    {
      "type": "Feature",
      "geometry": {
        "type": "Point",
        "coordinates": [
          -117.76681999961278,
          33.596699999890745
        ]
      },
      "properties": {
        "object_id": 2889,
        "entity_name": "SR-73 : North of Laguna Canyon Road Undercross B",
        "nearby_place": "Irvine",
        "county": "Orange",
        "district": 12,
        "route": "SR-73",
        "direction": "South",
        "elevation_ft": 495,
        "postmile": 17.34,
        "image_url": "https://cwwp2.dot.ca.gov/data/d12/cctv/image/sr73northoflagunacanyonroadundercrossb/sr73northoflagunacanyonroadundercrossb.jpg",
        "stream_url": "https://wzmedia.dot.ca.gov/D12/SB73NOLagunaCyn1.stream/playlist.m3u8",
        "update_freq_sec": "5",
        "in_service": true,
        "latitude": 33.5967,
        "longitude": -117.76682,
        "threat_score": 0,
        "category": "CCTV_FEED"
      }
    },
    {
      "type": "Feature",
      "geometry": {
        "type": "Point",
        "coordinates": [
          -117.77493999992501,
          33.59876000002298
        ]
      },
      "properties": {
        "object_id": 2890,
        "entity_name": "SR-73 : North of Laguna Canyon Road Undercross C",
        "nearby_place": "Irvine",
        "county": "Orange",
        "district": 12,
        "route": "SR-73",
        "direction": "South",
        "elevation_ft": 646,
        "postmile": 17.84,
        "image_url": "https://cwwp2.dot.ca.gov/data/d12/cctv/image/sr73northoflagunacanyonroadundercrossc/sr73northoflagunacanyonroadundercrossc.jpg",
        "stream_url": "https://wzmedia.dot.ca.gov/D12/SB73NOLagunaCyn2.stream/playlist.m3u8",
        "update_freq_sec": "5",
        "in_service": false,
        "latitude": 33.59876,
        "longitude": -117.77494,
        "threat_score": 0,
        "category": "CCTV_FEED"
      }
    },
    {
      "type": "Feature",
      "geometry": {
        "type": "Point",
        "coordinates": [
          -117.7841549998562,
          33.601875000296744
        ]
      },
      "properties": {
        "object_id": 2891,
        "entity_name": "SR-73 : South of Toll Plaza/ North of Wildlife",
        "nearby_place": "Irvine",
        "county": "Orange",
        "district": 12,
        "route": "SR-73",
        "direction": "South",
        "elevation_ft": 761,
        "postmile": 18.41,
        "image_url": "https://cwwp2.dot.ca.gov/data/d12/cctv/image/sr73southoftollplazanorthofwildlife/sr73southoftollplazanorthofwildlife.jpg",
        "stream_url": "https://wzmedia.dot.ca.gov/D12/SB72NOWildLife.stream/playlist.m3u8",
        "update_freq_sec": "5",
        "in_service": false,
        "latitude": 33.601875,
        "longitude": -117.784155,
        "threat_score": 0,
        "category": "CCTV_FEED"
      }
    },
    {
      "type": "Feature",
      "geometry": {
        "type": "Point",
        "coordinates": [
          -117.7932860001218,
          33.60346899975378
        ]
      },
      "properties": {
        "object_id": 2892,
        "entity_name": "SR-73 : Catalina View Toll Plaza",
        "nearby_place": "Irvine",
        "county": "Orange",
        "district": 12,
        "route": "SR-73",
        "direction": "South",
        "elevation_ft": 971,
        "postmile": 18.96,
        "image_url": "https://cwwp2.dot.ca.gov/data/d12/cctv/image/sr73catalinaviewtollplaza/sr73catalinaviewtollplaza.jpg",
        "stream_url": "https://wzmedia.dot.ca.gov/D12/SB73CatalinaToll.stream/playlist.m3u8",
        "update_freq_sec": "5",
        "in_service": false,
        "latitude": 33.603469,
        "longitude": -117.793286,
        "threat_score": 0,
        "category": "CCTV_FEED"
      }
    },
    {
      "type": "Feature",
      "geometry": {
        "type": "Point",
        "coordinates": [
          -117.80218999970839,
          33.60734499998397
        ]
      },
      "properties": {
        "object_id": 2893,
        "entity_name": "SR-73 : North of Toll Plaza A/ Bommer Canyon",
        "nearby_place": "Newport Coast",
        "county": "Orange",
        "district": 12,
        "route": "SR-73",
        "direction": "South",
        "elevation_ft": 908,
        "postmile": 19.53,
        "image_url": "https://cwwp2.dot.ca.gov/data/d12/cctv/image/sr73northoftollplazaabommercanyon/sr73northoftollplazaabommercanyon.jpg",
        "stream_url": "https://wzmedia.dot.ca.gov/D12/SB73BommerCyn.stream/playlist.m3u8",
        "update_freq_sec": "Not Reported",
        "in_service": false,
        "latitude": 33.607345,
        "longitude": -117.80219,
        "threat_score": 0,
        "category": "CCTV_FEED"
      }
    },
    {
      "type": "Feature",
      "geometry": {
        "type": "Point",
        "coordinates": [
          -117.80962999960504,
          33.609220000373504
        ]
      },
      "properties": {
        "object_id": 2894,
        "entity_name": "SR-73 : North of Toll Plaza B/ Bommer Canyon",
        "nearby_place": "Newport Coast",
        "county": "Orange",
        "district": 12,
        "route": "SR-73",
        "direction": "South",
        "elevation_ft": 948,
        "postmile": 20,
        "image_url": "https://cwwp2.dot.ca.gov/data/d12/cctv/image/sr73northoftollplazabbommercanyon/sr73northoftollplazabbommercanyon.jpg",
        "stream_url": "https://wzmedia.dot.ca.gov/D12/SB73NOBommerCyn.stream/playlist.m3u8",
        "update_freq_sec": "Not Reported",
        "in_service": false,
        "latitude": 33.60922,
        "longitude": -117.80963,
        "threat_score": 0,
        "category": "CCTV_FEED"
      }
    },
    {
      "type": "Feature",
      "geometry": {
        "type": "Point",
        "coordinates": [
          -117.8170400002628,
          33.61223999989681
        ]
      },
      "properties": {
        "object_id": 2895,
        "entity_name": "SR-73 : North of Newport Coast Drive",
        "nearby_place": "Newport Coast",
        "county": "Orange",
        "district": 12,
        "route": "SR-73",
        "direction": "South",
        "elevation_ft": 793,
        "postmile": 20.48,
        "image_url": "https://cwwp2.dot.ca.gov/data/d12/cctv/image/sr73northofnewportcoastdrive/sr73northofnewportcoastdrive.jpg",
        "stream_url": "https://wzmedia.dot.ca.gov/D12/NB57SB73NONewportCoastDr.stream/playlist.m3u8",
        "update_freq_sec": "5",
        "in_service": true,
        "latitude": 33.61224,
        "longitude": -117.81704,
        "threat_score": 0,
        "category": "CCTV_FEED"
      }
    },
    {
      "type": "Feature",
      "geometry": {
        "type": "Point",
        "coordinates": [
          -117.82074000011966,
          33.618389999677625
        ]
      },
      "properties": {
        "object_id": 2896,
        "entity_name": "SR-73 : South of Newport Coast Drive A",
        "nearby_place": "Newport Coast",
        "county": "Orange",
        "district": 12,
        "route": "SR-73",
        "direction": "South",
        "elevation_ft": 610,
        "postmile": 20.92,
        "image_url": "https://cwwp2.dot.ca.gov/data/d12/cctv/image/sr73southofnewportcoastdrivea/sr73southofnewportcoastdrivea.jpg",
        "stream_url": null,
        "update_freq_sec": "5",
        "in_service": true,
        "latitude": 33.61839,
        "longitude": -117.82074,
        "threat_score": 0,
        "category": "CCTV_FEED"
      }
    },
    {
      "type": "Feature",
      "geometry": {
        "type": "Point",
        "coordinates": [
          -117.82675999980907,
          33.62225000033062
        ]
      },
      "properties": {
        "object_id": 2897,
        "entity_name": "SR-73 : South of Newport Coast Drive B",
        "nearby_place": "Newport Coast",
        "county": "Orange",
        "district": 12,
        "route": "SR-73",
        "direction": "South",
        "elevation_ft": 479,
        "postmile": 21.39,
        "image_url": "https://cwwp2.dot.ca.gov/data/d12/cctv/image/sr73southofnewportcoastdriveb/sr73southofnewportcoastdriveb.jpg",
        "stream_url": null,
        "update_freq_sec": "5",
        "in_service": true,
        "latitude": 33.62225,
        "longitude": -117.82676,
        "threat_score": 0,
        "category": "CCTV_FEED"
      }
    },
    {
      "type": "Feature",
      "geometry": {
        "type": "Point",
        "coordinates": [
          -117.83346999995977,
          33.626959999839926
        ]
      },
      "properties": {
        "object_id": 2898,
        "entity_name": "SR-73 : North of Newport",
        "nearby_place": "Newport Beach",
        "county": "Orange",
        "district": 12,
        "route": "SR-73",
        "direction": "South",
        "elevation_ft": 337,
        "postmile": 21.89,
        "image_url": "https://cwwp2.dot.ca.gov/data/d12/cctv/image/sr73northofnewport/sr73northofnewport.jpg",
        "stream_url": null,
        "update_freq_sec": "5",
        "in_service": true,
        "latitude": 33.62696,
        "longitude": -117.83347,
        "threat_score": 0,
        "category": "CCTV_FEED"
      }
    },
    {
      "type": "Feature",
      "geometry": {
        "type": "Point",
        "coordinates": [
          -117.84240600023172,
          33.63153099982694
        ]
      },
      "properties": {
        "object_id": 2899,
        "entity_name": "SR-73 : Bonita Canyon",
        "nearby_place": "Irvine",
        "county": "Orange",
        "district": 12,
        "route": "SR-73",
        "direction": "North",
        "elevation_ft": 206,
        "postmile": 22.51,
        "image_url": "https://cwwp2.dot.ca.gov/data/d12/cctv/image/sr73bonitacanyon/sr73bonitacanyon.jpg",
        "stream_url": "https://wzmedia.dot.ca.gov/D12/NB73BonitaCyn.stream/playlist.m3u8",
        "update_freq_sec": "5",
        "in_service": true,
        "latitude": 33.631531,
        "longitude": -117.842406,
        "threat_score": 0,
        "category": "CCTV_FEED"
      }
    },
    {
      "type": "Feature",
      "geometry": {
        "type": "Point",
        "coordinates": [
          -117.85020000013071,
          33.633939999730586
        ]
      },
      "properties": {
        "object_id": 2900,
        "entity_name": "SR-73 : South of Bison Avenue",
        "nearby_place": "Irvine",
        "county": "Orange",
        "district": 12,
        "route": "SR-73",
        "direction": "North",
        "elevation_ft": 160,
        "postmile": 23,
        "image_url": "https://cwwp2.dot.ca.gov/data/d12/cctv/image/sr73southofbisonavenue/sr73southofbisonavenue.jpg",
        "stream_url": "https://wzmedia.dot.ca.gov/D12/NB73SOBison.stream/playlist.m3u8",
        "update_freq_sec": "5",
        "in_service": true,
        "latitude": 33.63394,
        "longitude": -117.8502,
        "threat_score": 0,
        "category": "CCTV_FEED"
      }
    },
    {
      "type": "Feature",
      "geometry": {
        "type": "Point",
        "coordinates": [
          -117.85689000018994,
          33.63737000034076
        ]
      },
      "properties": {
        "object_id": 2901,
        "entity_name": "SR-73 : Bison Avenue Overcross",
        "nearby_place": "Newport Beach",
        "county": "Orange",
        "district": 12,
        "route": "SR-73",
        "direction": "South",
        "elevation_ft": 72,
        "postmile": 23.44,
        "image_url": "https://cwwp2.dot.ca.gov/data/d12/cctv/image/sr73bisonavenueovercross/sr73bisonavenueovercross.jpg",
        "stream_url": "https://wzmedia.dot.ca.gov/D12/SB73Bison.stream/playlist.m3u8",
        "update_freq_sec": "5",
        "in_service": true,
        "latitude": 33.63737,
        "longitude": -117.85689,
        "threat_score": 0,
        "category": "CCTV_FEED"
      }
    },
    {
      "type": "Feature",
      "geometry": {
        "type": "Point",
        "coordinates": [
          -117.86101000017136,
          33.649399999673385
        ]
      },
      "properties": {
        "object_id": 2902,
        "entity_name": "SR-73 : South of University Drive Undercross",
        "nearby_place": "Irvine",
        "county": "Orange",
        "district": 12,
        "route": "SR-73",
        "direction": "North",
        "elevation_ft": 42,
        "postmile": 24.3,
        "image_url": "https://cwwp2.dot.ca.gov/data/d12/cctv/image/sr73southofuniversitydriveundercross/sr73southofuniversitydriveundercross.jpg",
        "stream_url": "https://wzmedia.dot.ca.gov/D12/NB73UniversityDr.stream/playlist.m3u8",
        "update_freq_sec": "5",
        "in_service": true,
        "latitude": 33.6494,
        "longitude": -117.86101,
        "threat_score": 0,
        "category": "CCTV_FEED"
      }
    },
    {
      "type": "Feature",
      "geometry": {
        "type": "Point",
        "coordinates": [
          -117.86437000026957,
          33.655669999691874
        ]
      },
      "properties": {
        "object_id": 2903,
        "entity_name": "SR-73 : Jamboree Road",
        "nearby_place": "Newport Beach",
        "county": "Orange",
        "district": 12,
        "route": "SR-73",
        "direction": "North",
        "elevation_ft": 59,
        "postmile": 24.76,
        "image_url": "https://cwwp2.dot.ca.gov/data/d12/cctv/image/sr73jamboreeroad/sr73jamboreeroad.jpg",
        "stream_url": "https://wzmedia.dot.ca.gov/D12/NB73JamboreeRd.stream/playlist.m3u8",
        "update_freq_sec": "5",
        "in_service": true,
        "latitude": 33.65567,
        "longitude": -117.86437,
        "threat_score": 0,
        "category": "CCTV_FEED"
      }
    },
    {
      "type": "Feature",
      "geometry": {
        "type": "Point",
        "coordinates": [
          -117.967919999626,
          33.91715000031756
        ]
      },
      "properties": {
        "object_id": 2904,
        "entity_name": "SR-90 : Beach Blvd NW Corner",
        "nearby_place": "La Habra",
        "county": "Orange",
        "district": 12,
        "route": "SR-90",
        "direction": "West",
        "elevation_ft": 229,
        "postmile": 0.512,
        "image_url": "https://cwwp2.dot.ca.gov/data/d12/cctv/image/sr90beachblvdnwcorner/sr90beachblvdnwcorner.jpg",
        "stream_url": "https://wzmedia.dot.ca.gov/D12/WB90BeachBlvd.stream/playlist.m3u8",
        "update_freq_sec": "5",
        "in_service": false,
        "latitude": 33.91715,
        "longitude": -117.96792,
        "threat_score": 0,
        "category": "CCTV_FEED"
      }
    },
    {
      "type": "Feature",
      "geometry": {
        "type": "Point",
        "coordinates": [
          -117.96556999965622,
          33.91747000002475
        ]
      },
      "properties": {
        "object_id": 2905,
        "entity_name": "SR-90 : Market Place NW Corner",
        "nearby_place": "La Habra",
        "county": "Orange",
        "district": 12,
        "route": "SR-90",
        "direction": "West",
        "elevation_ft": 229,
        "postmile": 0.644,
        "image_url": "https://cwwp2.dot.ca.gov/data/d12/cctv/image/sr90marketplacenwcorner/sr90marketplacenwcorner.jpg",
        "stream_url": "https://wzmedia.dot.ca.gov/D12/WB90MarketPlc.stream/playlist.m3u8",
        "update_freq_sec": "5",
        "in_service": false,
        "latitude": 33.91747,
        "longitude": -117.96557,
        "threat_score": 0,
        "category": "CCTV_FEED"
      }
    },
    {
      "type": "Feature",
      "geometry": {
        "type": "Point",
        "coordinates": [
          -117.95943000031622,
          33.91748000036896
        ]
      },
      "properties": {
        "object_id": 2906,
        "entity_name": "SR-90 : Idaho St NW Corner",
        "nearby_place": "La Habra",
        "county": "Orange",
        "district": 12,
        "route": "SR-90",
        "direction": "West",
        "elevation_ft": 242,
        "postmile": 0.997,
        "image_url": "https://cwwp2.dot.ca.gov/data/d12/cctv/image/sr90idahostnwcorner/sr90idahostnwcorner.jpg",
        "stream_url": "https://wzmedia.dot.ca.gov/D12/EB90IdahoSt.stream/playlist.m3u8",
        "update_freq_sec": "5",
        "in_service": false,
        "latitude": 33.91748,
        "longitude": -117.95943,
        "threat_score": 0,
        "category": "CCTV_FEED"
      }
    },
    {
      "type": "Feature",
      "geometry": {
        "type": "Point",
        "coordinates": [
          -117.94590000040992,
          33.91719999997829
        ]
      },
      "properties": {
        "object_id": 2907,
        "entity_name": "SR-90 : Euclid St SE Corner",
        "nearby_place": "La Habra",
        "county": "Orange",
        "district": 12,
        "route": "SR-90",
        "direction": "East",
        "elevation_ft": 269,
        "postmile": 1.772,
        "image_url": "https://cwwp2.dot.ca.gov/data/d12/cctv/image/sr90euclidstsecorner/sr90euclidstsecorner.jpg",
        "stream_url": "https://wzmedia.dot.ca.gov/D12/EB90EuclidSt.stream/playlist.m3u8",
        "update_freq_sec": "5",
        "in_service": true,
        "latitude": 33.9172,
        "longitude": -117.9459,
        "threat_score": 0,
        "category": "CCTV_FEED"
      }
    },
    {
      "type": "Feature",
      "geometry": {
        "type": "Point",
        "coordinates": [
          -117.93986999977648,
          33.91748000036896
        ]
      },
      "properties": {
        "object_id": 2908,
        "entity_name": "SR-90 : Leslie St NW Corner",
        "nearby_place": "La Habra",
        "county": "Orange",
        "district": 12,
        "route": "SR-90",
        "direction": "West",
        "elevation_ft": 288,
        "postmile": 2.113,
        "image_url": "https://cwwp2.dot.ca.gov/data/d12/cctv/image/sr90lesliestnwcorner/sr90lesliestnwcorner.jpg",
        "stream_url": null,
        "update_freq_sec": "5",
        "in_service": true,
        "latitude": 33.91748,
        "longitude": -117.93987,
        "threat_score": 0,
        "category": "CCTV_FEED"
      }
    },
    {
      "type": "Feature",
      "geometry": {
        "type": "Point",
        "coordinates": [
          -117.93499999995763,
          33.91752000024317
        ]
      },
      "properties": {
        "object_id": 2909,
        "entity_name": "SR-90 : Walmart Drwy NE Corner",
        "nearby_place": "La Habra",
        "county": "Orange",
        "district": 12,
        "route": "SR-90",
        "direction": "West",
        "elevation_ft": 291,
        "postmile": 2.396,
        "image_url": "https://cwwp2.dot.ca.gov/data/d12/cctv/image/sr90walmartdrwynecorner/sr90walmartdrwynecorner.jpg",
        "stream_url": "https://wzmedia.dot.ca.gov/D12/EB90WalmartDr.stream/playlist.m3u8",
        "update_freq_sec": "5",
        "in_service": true,
        "latitude": 33.91752,
        "longitude": -117.935,
        "threat_score": 0,
        "category": "CCTV_FEED"
      }
    },
    {
      "type": "Feature",
      "geometry": {
        "type": "Point",
        "coordinates": [
          -117.93289000018737,
          33.91763000017313
        ]
      },
      "properties": {
        "object_id": 2910,
        "entity_name": "SR-90 : Harbor Blvd NW Corner",
        "nearby_place": "Fullerton",
        "county": "Orange",
        "district": 12,
        "route": "SR-90",
        "direction": "West",
        "elevation_ft": 295,
        "postmile": 2.507,
        "image_url": "https://cwwp2.dot.ca.gov/data/d12/cctv/image/sr90harborblvdnwcorner/sr90harborblvdnwcorner.jpg",
        "stream_url": "https://wzmedia.dot.ca.gov/D12/EB90HarborBlvd.stream/playlist.m3u8",
        "update_freq_sec": "5",
        "in_service": true,
        "latitude": 33.91763,
        "longitude": -117.93289,
        "threat_score": 0,
        "category": "CCTV_FEED"
      }
    },
    {
      "type": "Feature",
      "geometry": {
        "type": "Point",
        "coordinates": [
          -117.92418999991696,
          33.917290000337324
        ]
      },
      "properties": {
        "object_id": 2911,
        "entity_name": "SR-90 : Palm St SE Corner",
        "nearby_place": "Fullerton",
        "county": "Orange",
        "district": 12,
        "route": "SR-90",
        "direction": "East",
        "elevation_ft": 308,
        "postmile": 3.009,
        "image_url": "https://cwwp2.dot.ca.gov/data/d12/cctv/image/sr90palmstsecorner/sr90palmstsecorner.jpg",
        "stream_url": "https://wzmedia.dot.ca.gov/D12/EB90PalmSt.stream/playlist.m3u8",
        "update_freq_sec": "5",
        "in_service": true,
        "latitude": 33.91729,
        "longitude": -117.92419,
        "threat_score": 0,
        "category": "CCTV_FEED"
      }
    },
    {
      "type": "Feature",
      "geometry": {
        "type": "Point",
        "coordinates": [
          -117.90669999986285,
          33.9172599999797
        ]
      },
      "properties": {
        "object_id": 2912,
        "entity_name": "SR-90 : Berry St SE Corner",
        "nearby_place": "Brea",
        "county": "Orange",
        "district": 12,
        "route": "SR-90",
        "direction": "East",
        "elevation_ft": 334,
        "postmile": 4.022,
        "image_url": "https://cwwp2.dot.ca.gov/data/d12/cctv/image/sr90berrystsecorner/sr90berrystsecorner.jpg",
        "stream_url": "https://wzmedia.dot.ca.gov/D12/EB90BerrySt.stream/playlist.m3u8",
        "update_freq_sec": "5",
        "in_service": true,
        "latitude": 33.91726,
        "longitude": -117.9067,
        "threat_score": 0,
        "category": "CCTV_FEED"
      }
    },
    {
      "type": "Feature",
      "geometry": {
        "type": "Point",
        "coordinates": [
          -117.90219999993981,
          33.9173900002106
        ]
      },
      "properties": {
        "object_id": 2913,
        "entity_name": "SR-90 : Gateway Center NE Corner",
        "nearby_place": "Brea",
        "county": "Orange",
        "district": 12,
        "route": "SR-90",
        "direction": "West",
        "elevation_ft": 370,
        "postmile": 4.27,
        "image_url": "https://cwwp2.dot.ca.gov/data/d12/cctv/image/sr90gatewaycenternecorner/sr90gatewaycenternecorner.jpg",
        "stream_url": "https://wzmedia.dot.ca.gov/D12/EB90GatewayCtr.stream/playlist.m3u8",
        "update_freq_sec": "5",
        "in_service": true,
        "latitude": 33.91739,
        "longitude": -117.9022,
        "threat_score": 0,
        "category": "CCTV_FEED"
      }
    },
    {
      "type": "Feature",
      "geometry": {
        "type": "Point",
        "coordinates": [
          -117.9005499995788,
          33.916789999955945
        ]
      },
      "properties": {
        "object_id": 2914,
        "entity_name": "SR-90 : Brea Blvd NW Corner",
        "nearby_place": "Brea",
        "county": "Orange",
        "district": 12,
        "route": "SR-90",
        "direction": "West",
        "elevation_ft": 367,
        "postmile": 4.376,
        "image_url": "https://cwwp2.dot.ca.gov/data/d12/cctv/image/sr90breablvdnwcorner/sr90breablvdnwcorner.jpg",
        "stream_url": "https://wzmedia.dot.ca.gov/D12/EB90BreaBlvd.stream/playlist.m3u8",
        "update_freq_sec": "5",
        "in_service": true,
        "latitude": 33.91679,
        "longitude": -117.90055,
        "threat_score": 0,
        "category": "CCTV_FEED"
      }
    },
    {
      "type": "Feature",
      "geometry": {
        "type": "Point",
        "coordinates": [
          -117.8896600000705,
          33.91234999991339
        ]
      },
      "properties": {
        "object_id": 2915,
        "entity_name": "SR-90 : Randolph Ave SE Corner",
        "nearby_place": "Brea",
        "county": "Orange",
        "district": 12,
        "route": "SR-90",
        "direction": "East",
        "elevation_ft": 337,
        "postmile": 5.086,
        "image_url": "https://cwwp2.dot.ca.gov/data/d12/cctv/image/sr90randolphavesecorner/sr90randolphavesecorner.jpg",
        "stream_url": "https://wzmedia.dot.ca.gov/D12/EB90Randolph.stream/playlist.m3u8",
        "update_freq_sec": "5",
        "in_service": true,
        "latitude": 33.91235,
        "longitude": -117.88966,
        "threat_score": 0,
        "category": "CCTV_FEED"
      }
    },
    {
      "type": "Feature",
      "geometry": {
        "type": "Point",
        "coordinates": [
          -117.88777999955568,
          33.91163999989164
        ]
      },
      "properties": {
        "object_id": 2916,
        "entity_name": "SR-90 : State College SE Corner",
        "nearby_place": "Fullerton",
        "county": "Orange",
        "district": 12,
        "route": "SR-90",
        "direction": "East",
        "elevation_ft": 334,
        "postmile": 5.202,
        "image_url": "https://cwwp2.dot.ca.gov/data/d12/cctv/image/sr90statecollegesecorner/sr90statecollegesecorner.jpg",
        "stream_url": "https://wzmedia.dot.ca.gov/D12/EB90StateCollege.stream/playlist.m3u8",
        "update_freq_sec": "5",
        "in_service": true,
        "latitude": 33.91164,
        "longitude": -117.88778,
        "threat_score": 0,
        "category": "CCTV_FEED"
      }
    },
    {
      "type": "Feature",
      "geometry": {
        "type": "Point",
        "coordinates": [
          -117.88540000034698,
          33.91090000030465
        ]
      },
      "properties": {
        "object_id": 2917,
        "entity_name": "SR-90 : SR-57 SB OR SE Corner",
        "nearby_place": "Fullerton",
        "county": "Orange",
        "district": 12,
        "route": "SR-90",
        "direction": "East",
        "elevation_ft": 334,
        "postmile": 5.339,
        "image_url": "https://cwwp2.dot.ca.gov/data/d12/cctv/image/sr90sr57sborsecorner/sr90sr57sborsecorner.jpg",
        "stream_url": "https://wzmedia.dot.ca.gov/D12/EB90SR57SB.stream/playlist.m3u8",
        "update_freq_sec": "5",
        "in_service": true,
        "latitude": 33.9109,
        "longitude": -117.8854,
        "threat_score": 0,
        "category": "CCTV_FEED"
      }
    },
    {
      "type": "Feature",
      "geometry": {
        "type": "Point",
        "coordinates": [
          -117.88167000035293,
          33.9106100002556
        ]
      },
      "properties": {
        "object_id": 2918,
        "entity_name": "SR-90 : SR-57 NB OR SE Corner",
        "nearby_place": "Fullerton",
        "county": "Orange",
        "district": 12,
        "route": "SR-90",
        "direction": "East",
        "elevation_ft": 331,
        "postmile": 5.556,
        "image_url": "https://cwwp2.dot.ca.gov/data/d12/cctv/image/sr90sr57nborsecorner/sr90sr57nborsecorner.jpg",
        "stream_url": "https://wzmedia.dot.ca.gov/D12/EB90SR57SB.stream/playlist.m3u8",
        "update_freq_sec": "5",
        "in_service": true,
        "latitude": 33.91061,
        "longitude": -117.88167,
        "threat_score": 0,
        "category": "CCTV_FEED"
      }
    },
    {
      "type": "Feature",
      "geometry": {
        "type": "Point",
        "coordinates": [
          -117.88031000042008,
          33.91092999991918
        ]
      },
      "properties": {
        "object_id": 2919,
        "entity_name": "SR-90 : Associated Rd NW Corner",
        "nearby_place": "Brea",
        "county": "Orange",
        "district": 12,
        "route": "SR-90",
        "direction": "West",
        "elevation_ft": 331,
        "postmile": 5.637,
        "image_url": "https://cwwp2.dot.ca.gov/data/d12/cctv/image/sr90associatedrdnwcorner/sr90associatedrdnwcorner.jpg",
        "stream_url": "https://wzmedia.dot.ca.gov/D12/EB90AssociatedRd.stream/playlist.m3u8",
        "update_freq_sec": "5",
        "in_service": true,
        "latitude": 33.91093,
        "longitude": -117.88031,
        "threat_score": 0,
        "category": "CCTV_FEED"
      }
    },
    {
      "type": "Feature",
      "geometry": {
        "type": "Point",
        "coordinates": [
          -117.87512000003578,
          33.91072000015899
        ]
      },
      "properties": {
        "object_id": 2920,
        "entity_name": "SR-90 : Placentia Ave SE Corner",
        "nearby_place": "Brea",
        "county": "Orange",
        "district": 12,
        "route": "SR-90",
        "direction": "East",
        "elevation_ft": 374,
        "postmile": 5.94,
        "image_url": "https://cwwp2.dot.ca.gov/data/d12/cctv/image/sr90placentiaavesecorner/sr90placentiaavesecorner.jpg",
        "stream_url": "https://wzmedia.dot.ca.gov/D12/EB90Placentia.stream/playlist.m3u8",
        "update_freq_sec": "5",
        "in_service": true,
        "latitude": 33.91072,
        "longitude": -117.87512,
        "threat_score": 0,
        "category": "CCTV_FEED"
      }
    },
    {
      "type": "Feature",
      "geometry": {
        "type": "Point",
        "coordinates": [
          -117.84189999989341,
          33.90397000025161
        ]
      },
      "properties": {
        "object_id": 2921,
        "entity_name": "SR-90 : Rose Dr SE Corner",
        "nearby_place": "Yorba Linda",
        "county": "Orange",
        "district": 12,
        "route": "SR-90",
        "direction": "East",
        "elevation_ft": 400,
        "postmile": 7.972,
        "image_url": "https://cwwp2.dot.ca.gov/data/d12/cctv/image/sr90rosedrsecorner/sr90rosedrsecorner.jpg",
        "stream_url": "https://wzmedia.dot.ca.gov/D12/EB90RoseDr.stream/playlist.m3u8",
        "update_freq_sec": "5",
        "in_service": true,
        "latitude": 33.90397,
        "longitude": -117.8419,
        "threat_score": 0,
        "category": "CCTV_FEED"
      }
    },
    {
      "type": "Feature",
      "geometry": {
        "type": "Point",
        "coordinates": [
          -117.85242999955157,
          33.91000000024804
        ]
      },
      "properties": {
        "object_id": 2922,
        "entity_name": "SR-90 : Valencia Ave NW Corner",
        "nearby_place": "Brea",
        "county": "Orange",
        "district": 12,
        "route": "SR-90",
        "direction": "West",
        "elevation_ft": 396,
        "postmile": 7.256,
        "image_url": "https://cwwp2.dot.ca.gov/data/d12/cctv/image/sr90valenciaavenwcorner/sr90valenciaavenwcorner.jpg",
        "stream_url": "https://wzmedia.dot.ca.gov/D12/EB90ValenciaAve.stream/playlist.m3u8",
        "update_freq_sec": "5",
        "in_service": true,
        "latitude": 33.91,
        "longitude": -117.85243,
        "threat_score": 0,
        "category": "CCTV_FEED"
      }
    },
    {
      "type": "Feature",
      "geometry": {
        "type": "Point",
        "coordinates": [
          -117.86354000006618,
          33.91090000030465
        ]
      },
      "properties": {
        "object_id": 2923,
        "entity_name": "SR-90 : Kraemer Blvd SE Corner",
        "nearby_place": "Brea",
        "county": "Orange",
        "district": 12,
        "route": "SR-90",
        "direction": "East",
        "elevation_ft": 377,
        "postmile": 6.59,
        "image_url": "https://cwwp2.dot.ca.gov/data/d12/cctv/image/sr90kraemerblvdsecorner/sr90kraemerblvdsecorner.jpg",
        "stream_url": "https://wzmedia.dot.ca.gov/D12/EB90KraemerBlvd.stream/playlist.m3u8",
        "update_freq_sec": "5",
        "in_service": true,
        "latitude": 33.9109,
        "longitude": -117.86354,
        "threat_score": 0,
        "category": "CCTV_FEED"
      }
    },
    {
      "type": "Feature",
      "geometry": {
        "type": "Point",
        "coordinates": [
          -117.86956999980136,
          33.91082999992041
        ]
      },
      "properties": {
        "object_id": 2924,
        "entity_name": "SR-90 : Shopping Ctr SE Corner",
        "nearby_place": "Brea",
        "county": "Orange",
        "district": 12,
        "route": "SR-90",
        "direction": "East",
        "elevation_ft": 354,
        "postmile": 6.242,
        "image_url": "https://cwwp2.dot.ca.gov/data/d12/cctv/image/sr90shoppingctrsecorner/sr90shoppingctrsecorner.jpg",
        "stream_url": "https://wzmedia.dot.ca.gov/D12/EB90ShoppingCtr.stream/playlist.m3u8",
        "update_freq_sec": "5",
        "in_service": true,
        "latitude": 33.91083,
        "longitude": -117.86957,
        "threat_score": 0,
        "category": "CCTV_FEED"
      }
    },
    {
      "type": "Feature",
      "geometry": {
        "type": "Point",
        "coordinates": [
          -117.86070999969739,
          33.64075299969343
        ]
      },
      "properties": {
        "object_id": 2925,
        "entity_name": "SR-73 : MacArthur Offramp / Bison Ave",
        "nearby_place": "Newport Beach",
        "county": "Orange",
        "district": 12,
        "route": "SR-73",
        "direction": "South",
        "elevation_ft": 62,
        "postmile": 23.741,
        "image_url": "https://cwwp2.dot.ca.gov/data/d12/cctv/image/sr73macarthurofframpbisonave/sr73macarthurofframpbisonave.jpg",
        "stream_url": "https://wzmedia.dot.ca.gov/D12/SB73MacArthur.stream/playlist.m3u8",
        "update_freq_sec": "5",
        "in_service": true,
        "latitude": 33.640753,
        "longitude": -117.86071,
        "threat_score": 0,
        "category": "CCTV_FEED"
      }
    },
    {
      "type": "Feature",
      "geometry": {
        "type": "Point",
        "coordinates": [
          -117.64101499996535,
          33.45072700034541
        ]
      },
      "properties": {
        "object_id": 2926,
        "entity_name": "I-5 : (60) North of Vista Hermosa",
        "nearby_place": "San Clemente",
        "county": "Orange",
        "district": 12,
        "route": "I-5",
        "direction": "South",
        "elevation_ft": 173,
        "postmile": 4.763,
        "image_url": "https://cwwp2.dot.ca.gov/data/d12/cctv/image/i560northofvistahermosa/i560northofvistahermosa.jpg",
        "stream_url": null,
        "update_freq_sec": "5",
        "in_service": true,
        "latitude": 33.450727,
        "longitude": -117.641015,
        "threat_score": 0,
        "category": "CCTV_FEED"
      }
    },
    {
      "type": "Feature",
      "geometry": {
        "type": "Point",
        "coordinates": [
          -118.0876109998727,
          33.77433299976602
        ]
      },
      "properties": {
        "object_id": 2927,
        "entity_name": "SR-22 : (9) South of 405",
        "nearby_place": "Seal Beach",
        "county": "Orange",
        "district": 12,
        "route": "SR-22",
        "direction": "East",
        "elevation_ft": 26,
        "postmile": 0.567,
        "image_url": "https://cwwp2.dot.ca.gov/data/d12/cctv/image/sr229southof405/sr229southof405.jpg",
        "stream_url": "https://wzmedia.dot.ca.gov/D12/EB22SOF4057thST.stream/playlist.m3u8",
        "update_freq_sec": "5",
        "in_service": true,
        "latitude": 33.774333,
        "longitude": -118.087611,
        "threat_score": 0,
        "category": "CCTV_FEED"
      }
    },
    {
      "type": "Feature",
      "geometry": {
        "type": "Point",
        "coordinates": [
          -117.91910800038599,
          33.68841399984262
        ]
      },
      "properties": {
        "object_id": 2928,
        "entity_name": "I-405 : Harbor Off Ramp",
        "nearby_place": "Costa Mesa",
        "county": "Orange",
        "district": 12,
        "route": "I-405",
        "direction": "South",
        "elevation_ft": 36,
        "postmile": 11.44,
        "image_url": "https://cwwp2.dot.ca.gov/data/d12/cctv/image/i405harborofframp/i405harborofframp.jpg",
        "stream_url": "https://wzmedia.dot.ca.gov/D12/SB405HARBOROFFRAMP/playlist.m3u8",
        "update_freq_sec": "5",
        "in_service": true,
        "latitude": 33.688414,
        "longitude": -117.919108,
        "threat_score": 0,
        "category": "CCTV_FEED"
      }
    },
    {
      "type": "Feature",
      "geometry": {
        "type": "Point",
        "coordinates": [
          -118.01140699966078,
          33.75032399971862
        ]
      },
      "properties": {
        "object_id": 2929,
        "entity_name": "I-405 : North of Edwards",
        "nearby_place": "Westminster",
        "county": "Orange",
        "district": 12,
        "route": "I-405",
        "direction": "South",
        "elevation_ft": 49,
        "postmile": 18.309,
        "image_url": "https://cwwp2.dot.ca.gov/data/d12/cctv/image/i405northofedwards/i405northofedwards.jpg",
        "stream_url": "https://wzmedia.dot.ca.gov/D12/SB405NOEdward.stream/playlist.m3u8",
        "update_freq_sec": "5",
        "in_service": true,
        "latitude": 33.750324,
        "longitude": -118.011407,
        "threat_score": 0,
        "category": "CCTV_FEED"
      }
    },
    {
      "type": "Feature",
      "geometry": {
        "type": "Point",
        "coordinates": [
          -118.03451899991938,
          33.76983999978639
        ]
      },
      "properties": {
        "object_id": 2930,
        "entity_name": "I-405 : South of Bolsa Chica",
        "nearby_place": "Westminster",
        "county": "Orange",
        "district": 12,
        "route": "I-405",
        "direction": "North",
        "elevation_ft": 39,
        "postmile": 20.193,
        "image_url": "https://cwwp2.dot.ca.gov/data/d12/cctv/image/i405southofbolsachica/i405southofbolsachica.jpg",
        "stream_url": "https://wzmedia.dot.ca.gov/D12/NB405BolsaChica.stream/playlist.m3u8",
        "update_freq_sec": "5",
        "in_service": true,
        "latitude": 33.76984,
        "longitude": -118.034519,
        "threat_score": 0,
        "category": "CCTV_FEED"
      }
    },
    {
      "type": "Feature",
      "geometry": {
        "type": "Point",
        "coordinates": [
          -118.01140699966078,
          33.75103240020404
        ]
      },
      "properties": {
        "object_id": 2931,
        "entity_name": "I-405 : South of Edwards",
        "nearby_place": "Westminster",
        "county": "Orange",
        "district": 12,
        "route": "I-405",
        "direction": "North",
        "elevation_ft": 49,
        "postmile": 18.362,
        "image_url": "https://cwwp2.dot.ca.gov/data/d12/cctv/image/i405southofedwards/i405southofedwards.jpg",
        "stream_url": "https://wzmedia.dot.ca.gov/D12/NB405SOEdward.stream/playlist.m3u8",
        "update_freq_sec": "5",
        "in_service": true,
        "latitude": 33.7510324,
        "longitude": -118.011407,
        "threat_score": 0,
        "category": "CCTV_FEED"
      }
    },
    {
      "type": "Feature",
      "geometry": {
        "type": "Point",
        "coordinates": [
          -117.83129400006727,
          33.789399000142076
        ]
      },
      "properties": {
        "object_id": 2932,
        "entity_name": "SR-55 : (53) NB Chapman",
        "nearby_place": "orange",
        "county": "Orange",
        "district": 12,
        "route": "SR-55",
        "direction": "South",
        "elevation_ft": 360,
        "postmile": 13.8,
        "image_url": "https://cwwp2.dot.ca.gov/data/d12/cctv/image/sr5553nbchapman/sr5553nbchapman.jpg",
        "stream_url": null,
        "update_freq_sec": "5",
        "in_service": true,
        "latitude": 33.789399,
        "longitude": -117.831294,
        "threat_score": 0,
        "category": "CCTV_FEED"
      }
    },
    {
      "type": "Feature",
      "geometry": {
        "type": "Point",
        "coordinates": [
          -117.76883300019698,
          33.691463999911896
        ]
      },
      "properties": {
        "object_id": 2933,
        "entity_name": "I-5 : (52) NOF Jeffrey Road",
        "nearby_place": "Irvine",
        "county": "Orange",
        "district": 12,
        "route": "I-5",
        "direction": "North",
        "elevation_ft": 180,
        "postmile": 25.84,
        "image_url": "https://cwwp2.dot.ca.gov/data/d12/cctv/image/i552nofjeffreyroad/i552nofjeffreyroad.jpg",
        "stream_url": null,
        "update_freq_sec": "5",
        "in_service": true,
        "latitude": 33.691464,
        "longitude": -117.768833,
        "threat_score": 0,
        "category": "CCTV_FEED"
      }
    },
    {
      "type": "Feature",
      "geometry": {
        "type": "Point",
        "coordinates": [
          -117.72245499969402,
          33.581182000278325
        ]
      },
      "properties": {
        "object_id": 2934,
        "entity_name": "SR-73 : SOF Aliso Creek Road",
        "nearby_place": null,
        "county": "Orange",
        "district": 12,
        "route": "SR-73",
        "direction": "South",
        "elevation_ft": 360,
        "postmile": 14.484,
        "image_url": "https://cwwp2.dot.ca.gov/data/d12/cctv/image/sr73sofalisocreekroad/sr73sofalisocreekroad.jpg",
        "stream_url": null,
        "update_freq_sec": "5",
        "in_service": true,
        "latitude": 33.581182,
        "longitude": -117.722455,
        "threat_score": 0,
        "category": "CCTV_FEED"
      }
    },
    {
      "type": "Feature",
      "geometry": {
        "type": "Point",
        "coordinates": [
          -117.69955699969567,
          33.6086349999364
        ]
      },
      "properties": {
        "object_id": 2935,
        "entity_name": "I-5 : (46) Los Alisos",
        "nearby_place": "Laguna Hills",
        "county": "Orange",
        "district": 12,
        "route": "I-5",
        "direction": "South",
        "elevation_ft": 396,
        "postmile": 18.069,
        "image_url": "https://cwwp2.dot.ca.gov/data/d12/cctv/image/i546losalisos/i546losalisos.jpg",
        "stream_url": null,
        "update_freq_sec": "5",
        "in_service": true,
        "latitude": 33.608635,
        "longitude": -117.699557,
        "threat_score": 0,
        "category": "CCTV_FEED"
      }
    },
    {
      "type": "Feature",
      "geometry": {
        "type": "Point",
        "coordinates": [
          -117.86740499977948,
          33.76563000031429
        ]
      },
      "properties": {
        "object_id": 2936,
        "entity_name": "I-5 : SB Main & Buffalo (521)",
        "nearby_place": "Santa Ana",
        "county": "Alameda",
        "district": 12,
        "route": "I-5",
        "direction": "South",
        "elevation_ft": 154,
        "postmile": 32.96,
        "image_url": "https://cwwp2.dot.ca.gov/data/d12/cctv/image/i5sbmainbuffalo521/i5sbmainbuffalo521.jpg",
        "stream_url": null,
        "update_freq_sec": "5",
        "in_service": true,
        "latitude": 33.76563,
        "longitude": -117.867405,
        "threat_score": 0,
        "category": "CCTV_FEED"
      }
    }
  ]
}